2025-05-21 12:34:03,095 - deteccion - INFO - Fetching market data (symbols and tickers), prioritizing Mobula...
2025-05-21 12:34:13,299 - deteccion - INFO - Obtenidos 100 símbolos desde Mobula.
2025-05-21 12:34:14,488 - deteccion - INFO - Obtenidos 2504 tickers válidos desde Binance (de 3113 totales).
2025-05-21 12:34:14,488 - deteccion - INFO - Market data fetch complete. Symbols: 100, Tickers: 2504.
2025-05-21 12:34:14,489 - deteccion - INFO - Sample symbols: ['ALGO', 'SAFU', 'FLD', 'VERSA', 'ASTRO']
2025-05-21 12:34:14,489 - deteccion - INFO - Sample tickers: {'ETHBTC': 0.02371, 'LTCBTC': 0.000896, 'BNBBTC': 0.006107, 'NEOBTC': 6.14e-05, 'QTUMETH': 0.000897}
2025-05-21 12:34:14,496 - deteccion - INFO - Datos de mercado guardados en caché: ./cache\market_data_20250521_123414.json
2025-05-21 12:34:14,497 - deteccion - INFO - Datos de mercado guardados en caché: ./cache\market_data_20250521_123414.json
2025-05-21 12:35:30,216 - deteccion - INFO - Finding triangular opportunities...
2025-05-21 12:35:30,217 - deteccion - INFO - Análisis de coincidencia de símbolos (muestra de 2 símbolos):
2025-05-21 12:35:30,218 - deteccion - INFO - - Símbolo: XDOGE, Existe en tickers: False, Precio: None, Precio válido: False
2025-05-21 12:35:30,218 - deteccion - INFO - - Símbolo: EXAWBTC, Existe en tickers: False, Precio: None, Precio válido: False
2025-05-21 12:35:30,218 - deteccion - INFO - De la muestra analizada: 0 existen en tickers, 0 tienen precio válido
2025-05-21 12:35:30,218 - deteccion - INFO - Pocas coincidencias exactas, probando con coincidencia flexible de símbolos
2025-05-21 12:35:30,219 - deteccion - INFO - Coincidencia flexible: 'EXAWBTC' → 'WBTC' (precio: 9.1e-07)
2025-05-21 12:35:30,219 - deteccion - INFO - Símbolos activos con ticker válido: 1 de 2
2025-05-21 12:35:30,219 - deteccion - INFO - Muy pocos símbolos activos (1). Extrayendo monedas directamente de tickers
2025-05-21 12:35:30,223 - deteccion - INFO - Analizando 500 tickers para extraer monedas
2025-05-21 12:35:30,223 - deteccion - INFO - Extraídas 164 monedas directamente de tickers
2025-05-21 12:35:30,224 - deteccion - INFO - Identificadas 164 monedas únicas. Símbolos parseados: 0, Fallos: 0
2025-05-21 12:35:30,224 - deteccion - INFO - Limitando a 100 monedas para combinaciones de arbitraje
2025-05-21 12:35:30,225 - deteccion - INFO - Usando todos los 2504 tickers válidos para available_pairs
2025-05-21 12:35:30,225 - deteccion - INFO - Pares disponibles para arbitraje: 2504 (con precios válidos)
2025-05-21 12:35:30,225 - deteccion - INFO - Ejemplos de monedas: ['BUSD', 'VET', 'ATOM', 'BNB', 'LTC']
2025-05-21 12:35:30,226 - deteccion - INFO - Par encontrado: VETBUSD (precio: 0.0212)
2025-05-21 12:35:30,226 - deteccion - INFO - Par encontrado: ATOMBUSD (precio: 11.219)
2025-05-21 12:35:30,227 - deteccion - INFO - Par encontrado: BNBBUSD (precio: 251.8)
2025-05-21 12:35:30,227 - deteccion - INFO - Par encontrado: LTCBUSD (precio: 72.37)
2025-05-21 12:35:30,227 - deteccion - INFO - Par encontrado: VETBUSD (precio: 0.0212)
2025-05-21 12:35:30,227 - deteccion - INFO - Par encontrado: VETBNB (precio: 4.409e-05)
2025-05-21 12:35:30,227 - deteccion - INFO - Par encontrado: ATOMBUSD (precio: 11.219)
2025-05-21 12:35:30,228 - deteccion - INFO - Par encontrado: ATOMBNB (precio: 0.00739)
2025-05-21 12:35:30,228 - deteccion - INFO - Par encontrado: BNBBUSD (precio: 251.8)
2025-05-21 12:35:30,228 - deteccion - INFO - Par encontrado: VETBNB (precio: 4.409e-05)
2025-05-21 12:35:30,228 - deteccion - INFO - Par encontrado: ATOMBNB (precio: 0.00739)
2025-05-21 12:35:30,228 - deteccion - INFO - Par encontrado: LTCBNB (precio: 0.1466)
2025-05-21 12:35:30,228 - deteccion - INFO - Par encontrado: LTCBUSD (precio: 72.37)
2025-05-21 12:35:30,229 - deteccion - INFO - Par encontrado: LTCBNB (precio: 0.1466)
2025-05-21 12:35:30,229 - deteccion - INFO - De la muestra de monedas, se encontraron 14 pares en available_pairs
2025-05-21 12:35:30,229 - deteccion - INFO - Primer triángulo encontrado: BUSD-VET-BNB
2025-05-21 12:35:30,229 - deteccion - INFO - Pares: VETBUSD, VETBNB, BNBBUSD
2025-05-21 12:35:30,229 - deteccion - INFO - Precios: 0.0212, 4.409e-05, 251.8
2025-05-21 12:35:30,230 - deteccion - INFO - Oportunidad encontrada (A->B->C->A): BUSD -> VET -> EUR -> BUSD
2025-05-21 12:35:30,230 - deteccion - INFO - Pares: VETBUSD, VETEUR, EURBUSD
2025-05-21 12:35:30,230 - deteccion - INFO - Precios: 0.0212, 0.02592, 1.0757
2025-05-21 12:35:30,230 - deteccion - INFO - Factores: 47.16981132075472, 0.02592, 1.0757
2025-05-21 12:35:30,231 - deteccion - INFO - Rentabilidad Bruta: 31.519547%
2025-05-21 12:35:30,233 - deteccion - INFO - Oportunidad encontrada (A->B->C->A): BUSD -> VET -> USDC -> BUSD
2025-05-21 12:35:30,233 - deteccion - INFO - Pares: VETBUSD, VETUSDC, USDCBUSD
2025-05-21 12:35:30,233 - deteccion - INFO - Precios: 0.0212, 0.02945, 0.9999
2025-05-21 12:35:30,234 - deteccion - INFO - Factores: 47.16981132075472, 0.02945, 0.9999
2025-05-21 12:35:30,234 - deteccion - INFO - Rentabilidad Bruta: 38.901203%
2025-05-21 12:35:30,234 - deteccion - INFO - Oportunidad encontrada (A->B->C->A): BUSD -> VET -> ETH -> BUSD
2025-05-21 12:35:30,235 - deteccion - INFO - Pares: VETBUSD, VETETH, ETHBUSD
2025-05-21 12:35:30,235 - deteccion - INFO - Precios: 0.0212, 1.136e-05, 2281.12
2025-05-21 12:35:30,235 - deteccion - INFO - Factores: 47.16981132075472, 1.136e-05, 2281.12
2025-05-21 12:35:30,235 - deteccion - INFO - Rentabilidad Bruta: 22.233600%
2025-05-21 12:35:30,235 - deteccion - INFO - Oportunidad encontrada (A->B->C->A): BUSD -> VET -> USDT -> BUSD
2025-05-21 12:35:30,236 - deteccion - INFO - Pares: VETBUSD, VETUSDT, BUSDUSDT
2025-05-21 12:35:30,236 - deteccion - INFO - Precios: 0.0212, 0.02943, 1.0003
2025-05-21 12:35:30,236 - deteccion - INFO - Factores: 47.16981132075472, 0.02943, 0.9997000899730081
2025-05-21 12:35:30,236 - deteccion - INFO - Rentabilidad Bruta: 38.779121%
2025-05-21 12:35:30,236 - deteccion - INFO - Oportunidad encontrada (A->B->C->A): BUSD -> BNB -> LTC -> BUSD
2025-05-21 12:35:30,236 - deteccion - INFO - Pares: BNBBUSD, LTCBNB, LTCBUSD
2025-05-21 12:35:30,237 - deteccion - INFO - Precios: 251.8, 0.1466, 72.37
2025-05-21 12:35:30,237 - deteccion - INFO - Factores: 0.003971405877680699, 6.821282401091405, 72.37
2025-05-21 12:35:30,237 - deteccion - INFO - Rentabilidad Bruta: 96.050916%
2025-05-21 12:35:30,237 - deteccion - INFO - Oportunidad encontrada (A->B->C->A): BUSD -> BNB -> EUR -> BUSD
2025-05-21 12:35:30,237 - deteccion - INFO - Pares: BNBBUSD, BNBEUR, EURBUSD
2025-05-21 12:35:30,237 - deteccion - INFO - Precios: 251.8, 588.82, 1.0757
2025-05-21 12:35:30,237 - deteccion - INFO - Factores: 0.003971405877680699, 588.82, 1.0757
2025-05-21 12:35:30,238 - deteccion - INFO - Rentabilidad Bruta: 151.546336%
2025-05-21 12:35:30,238 - deteccion - INFO - Oportunidad encontrada (A->B->C->A): BUSD -> BNB -> ETC -> BUSD
2025-05-21 12:35:30,238 - deteccion - INFO - Pares: BNBBUSD, ETCBNB, ETCBUSD
2025-05-21 12:35:30,238 - deteccion - INFO - Precios: 251.8, 0.02872, 19.03
2025-05-21 12:35:30,238 - deteccion - INFO - Factores: 0.003971405877680699, 34.81894150417828, 19.03
2025-05-21 12:35:30,238 - deteccion - INFO - Rentabilidad Bruta: 163.147123%
2025-05-21 12:35:30,238 - deteccion - INFO - Oportunidad encontrada (A->B->C->A): BUSD -> BNB -> SOL -> BUSD
2025-05-21 12:35:30,239 - deteccion - INFO - Pares: BNBBUSD, SOLBNB, SOLBUSD
2025-05-21 12:35:30,239 - deteccion - INFO - Precios: 251.8, 0.2596, 74.62
2025-05-21 12:35:30,239 - deteccion - INFO - Factores: 0.003971405877680699, 3.852080123266564, 74.62
2025-05-21 12:35:30,239 - deteccion - INFO - Rentabilidad Bruta: 14.154972%
2025-05-21 12:35:30,239 - deteccion - INFO - Oportunidad encontrada (A->B->C->A): BUSD -> BNB -> USDC -> BUSD
2025-05-21 12:35:30,239 - deteccion - INFO - Pares: BNBBUSD, BNBUSDC, USDCBUSD
2025-05-21 12:35:30,239 - deteccion - INFO - Precios: 251.8, 668.21, 0.9999
2025-05-21 12:35:30,240 - deteccion - INFO - Factores: 0.003971405877680699, 668.21, 0.9999
2025-05-21 12:35:30,240 - deteccion - INFO - Rentabilidad Bruta: 165.346775%
2025-05-21 12:35:30,240 - deteccion - INFO - Oportunidad encontrada (A->B->C->A): BUSD -> BNB -> GBP -> BUSD
2025-05-21 12:35:30,240 - deteccion - INFO - Pares: BNBBUSD, BNBGBP, GBPBUSD
2025-05-21 12:35:30,240 - deteccion - INFO - Precios: 251.8, 267.4, 1.239
2025-05-21 12:35:30,241 - deteccion - INFO - Factores: 0.003971405877680699, 267.4, 1.239
2025-05-21 12:35:30,241 - deteccion - INFO - Rentabilidad Bruta: 31.576092%
2025-05-21 12:35:30,241 - deteccion - INFO - Oportunidad encontrada (A->B->C->A): BUSD -> BNB -> TUSD -> BUSD
2025-05-21 12:35:30,241 - deteccion - INFO - Pares: BNBBUSD, BNBTUSD, TUSDBUSD
2025-05-21 12:35:30,241 - deteccion - INFO - Precios: 251.8, 668.41, 0.9966
2025-05-21 12:35:30,242 - deteccion - INFO - Factores: 0.003971405877680699, 668.41, 0.9966
2025-05-21 12:35:30,242 - deteccion - INFO - Rentabilidad Bruta: 164.550201%
2025-05-21 12:35:30,242 - deteccion - INFO - Oportunidad encontrada (A->B->C->A): BUSD -> BNB -> ETH -> BUSD
2025-05-21 12:35:30,242 - deteccion - INFO - Pares: BNBBUSD, BNBETH, ETHBUSD
2025-05-21 12:35:30,242 - deteccion - INFO - Precios: 251.8, 0.2575, 2281.12
2025-05-21 12:35:30,242 - deteccion - INFO - Factores: 0.003971405877680699, 0.2575, 2281.12
2025-05-21 12:35:30,242 - deteccion - INFO - Rentabilidad Bruta: 133.275774%
2025-05-21 12:35:30,243 - deteccion - INFO - Oportunidad encontrada (A->B->C->A): BUSD -> BNB -> MATIC -> BUSD
2025-05-21 12:35:30,243 - deteccion - INFO - Pares: BNBBUSD, MATICBNB, MATICBUSD
2025-05-21 12:35:30,243 - deteccion - INFO - Precios: 251.8, 0.000734, 0.8659
2025-05-21 12:35:30,243 - deteccion - INFO - Factores: 0.003971405877680699, 1362.3978201634877, 0.8659
2025-05-21 12:35:30,243 - deteccion - INFO - Rentabilidad Bruta: 368.506860%
2025-05-21 12:35:30,244 - deteccion - INFO - Oportunidad encontrada (A->B->C->A): BUSD -> BNB -> LINK -> BUSD
2025-05-21 12:35:30,244 - deteccion - INFO - Pares: BNBBUSD, LINKBNB, LINKBUSD
2025-05-21 12:35:30,244 - deteccion - INFO - Precios: 251.8, 0.02445, 14.071
2025-05-21 12:35:30,245 - deteccion - INFO - Factores: 0.003971405877680699, 40.899795501022496, 14.071
2025-05-21 12:35:30,245 - deteccion - INFO - Rentabilidad Bruta: 128.554814%
2025-05-21 12:35:30,245 - deteccion - INFO - Oportunidad encontrada (A->B->C->A): BUSD -> BNB -> ALGO -> BUSD
2025-05-21 12:35:30,245 - deteccion - INFO - Pares: BNBBUSD, ALGOBNB, ALGOBUSD
2025-05-21 12:35:30,245 - deteccion - INFO - Precios: 251.8, 0.0005825, 0.2071
2025-05-21 12:35:30,246 - deteccion - INFO - Factores: 0.003971405877680699, 1716.7381974248926, 0.2071
2025-05-21 12:35:30,246 - deteccion - INFO - Rentabilidad Bruta: 41.197967%
2025-05-21 12:35:30,246 - deteccion - INFO - Oportunidad encontrada (A->B->C->A): BUSD -> BNB -> BTC -> BUSD
2025-05-21 12:35:30,246 - deteccion - INFO - Pares: BNBBUSD, BNBBTC, BTCBUSD
2025-05-21 12:35:30,246 - deteccion - INFO - Precios: 251.8, 0.006107, 42769.4
2025-05-21 12:35:30,247 - deteccion - INFO - Factores: 0.003971405877680699, 0.006107, 42769.4
2025-05-21 12:35:30,247 - deteccion - INFO - Rentabilidad Bruta: 3.730233%
2025-05-21 12:35:30,247 - deteccion - INFO - Oportunidad encontrada (A->B->C->A): BUSD -> BNB -> AUD -> BUSD
2025-05-21 12:35:30,247 - deteccion - INFO - Pares: BNBBUSD, BNBAUD, AUDBUSD
2025-05-21 12:35:30,247 - deteccion - INFO - Precios: 251.8, 421.1, 0.7255
2025-05-21 12:35:30,247 - deteccion - INFO - Factores: 0.003971405877680699, 421.1, 0.7255
2025-05-21 12:35:30,248 - deteccion - INFO - Rentabilidad Bruta: 21.329647%
2025-05-21 12:35:30,248 - deteccion - INFO - Oportunidad encontrada (A->B->C->A): BUSD -> BNB -> ADA -> BUSD
2025-05-21 12:35:30,248 - deteccion - INFO - Pares: BNBBUSD, ADABNB, ADABUSD
2025-05-21 12:35:30,248 - deteccion - INFO - Precios: 251.8, 0.001164, 0.6374
2025-05-21 12:35:30,248 - deteccion - INFO - Factores: 0.003971405877680699, 859.106529209622, 0.6374
2025-05-21 12:35:30,248 - deteccion - INFO - Rentabilidad Bruta: 117.472002%
2025-05-21 12:35:30,248 - deteccion - INFO - Oportunidad encontrada (A->B->C->A): BUSD -> BNB -> USDT -> BUSD
2025-05-21 12:35:30,249 - deteccion - INFO - Pares: BNBBUSD, BNBUSDT, BUSDUSDT
2025-05-21 12:35:30,249 - deteccion - INFO - Precios: 251.8, 667.94, 1.0003
2025-05-21 12:35:30,250 - deteccion - INFO - Factores: 0.003971405877680699, 667.94, 0.9997000899730081
2025-05-21 12:35:30,250 - deteccion - INFO - Rentabilidad Bruta: 165.186528%
2025-05-21 12:35:30,250 - deteccion - INFO - Oportunidad encontrada (A->B->C->A): BUSD -> BNB -> TRX -> BUSD
2025-05-21 12:35:30,250 - deteccion - INFO - Pares: BNBBUSD, TRXBNB, TRXBUSD
2025-05-21 12:35:30,251 - deteccion - INFO - Precios: 251.8, 0.0004088, 0.10329
2025-05-21 12:35:30,251 - deteccion - INFO - Factores: 0.003971405877680699, 2446.183953033268, 0.10329
2025-05-21 12:35:30,251 - deteccion - INFO - Rentabilidad Bruta: 0.344059%
2025-05-21 12:35:30,251 - deteccion - INFO - Oportunidad encontrada (A->B->C->A): BUSD -> BNB -> STX -> BUSD
2025-05-21 12:35:30,252 - deteccion - INFO - Pares: BNBBUSD, STXBNB, STXBUSD
2025-05-21 12:35:30,252 - deteccion - INFO - Precios: 251.8, 0.001405, 0.6756
2025-05-21 12:35:30,252 - deteccion - INFO - Factores: 0.003971405877680699, 711.7437722419929, 0.6756
2025-05-21 12:35:30,252 - deteccion - INFO - Rentabilidad Bruta: 90.966677%
2025-05-21 12:35:30,252 - deteccion - INFO - Oportunidad encontrada (A->B->C->A): BUSD -> BNB -> FTM -> BUSD
2025-05-21 12:35:30,253 - deteccion - INFO - Pares: BNBBUSD, FTMBNB, FTMBUSD
2025-05-21 12:35:30,253 - deteccion - INFO - Precios: 251.8, 0.0010144, 0.4218
2025-05-21 12:35:30,253 - deteccion - INFO - Factores: 0.003971405877680699, 985.8044164037856, 0.4218
2025-05-21 12:35:30,253 - deteccion - INFO - Rentabilidad Bruta: 65.135942%
2025-05-21 12:35:30,253 - deteccion - INFO - Oportunidad encontrada (A->B->C->A): BUSD -> BNB -> BCH -> BUSD
2025-05-21 12:35:30,253 - deteccion - INFO - Pares: BNBBUSD, BCHBNB, BCHBUSD
2025-05-21 12:35:30,254 - deteccion - INFO - Precios: 251.8, 0.6137, 236.0
2025-05-21 12:35:30,254 - deteccion - INFO - Factores: 0.003971405877680699, 1.629460648525338, 236.0
2025-05-21 12:35:30,254 - deteccion - INFO - Rentabilidad Bruta: 52.721490%
2025-05-21 12:35:30,254 - deteccion - INFO - Oportunidad encontrada (A->B->C->A): BUSD -> BNB -> CHZ -> BUSD
2025-05-21 12:35:30,254 - deteccion - INFO - Pares: BNBBUSD, CHZBNB, CHZBUSD
2025-05-21 12:35:30,254 - deteccion - INFO - Precios: 251.8, 6.77e-05, 0.0746
2025-05-21 12:35:30,254 - deteccion - INFO - Factores: 0.003971405877680699, 14771.048744460855, 0.0746
2025-05-21 12:35:30,255 - deteccion - INFO - Rentabilidad Bruta: 337.617250%
2025-05-21 12:35:30,255 - deteccion - INFO - Oportunidad encontrada (A->B->C->A): BUSD -> BNB -> OGN -> BUSD
2025-05-21 12:35:30,255 - deteccion - INFO - Pares: BNBBUSD, OGNBNB, OGNBUSD
2025-05-21 12:35:30,255 - deteccion - INFO - Precios: 251.8, 0.000383, 0.1129
2025-05-21 12:35:30,255 - deteccion - INFO - Factores: 0.003971405877680699, 2610.9660574412533, 0.1129
2025-05-21 12:35:30,255 - deteccion - INFO - Rentabilidad Bruta: 17.068335%
2025-05-21 12:35:30,256 - deteccion - INFO - Oportunidad encontrada (A->B->C->A): BUSD -> BNB -> SXP -> BUSD
2025-05-21 12:35:30,256 - deteccion - INFO - Pares: BNBBUSD, SXPBNB, SXPBUSD
2025-05-21 12:35:30,256 - deteccion - INFO - Precios: 251.8, 0.00044, 0.3721
2025-05-21 12:35:30,256 - deteccion - INFO - Factores: 0.003971405877680699, 2272.7272727272725, 0.3721
2025-05-21 12:35:30,256 - deteccion - INFO - Rentabilidad Bruta: 235.854574%
2025-05-21 12:35:30,256 - deteccion - INFO - Oportunidad encontrada (A->B->C->A): BUSD -> BNB -> FET -> BUSD
2025-05-21 12:35:30,257 - deteccion - INFO - Pares: BNBBUSD, FETBNB, FETBUSD
2025-05-21 12:35:30,257 - deteccion - INFO - Precios: 251.8, 0.001223, 0.4915
2025-05-21 12:35:30,257 - deteccion - INFO - Factores: 0.003971405877680699, 817.6614881439085, 0.4915
2025-05-21 12:35:30,257 - deteccion - INFO - Rentabilidad Bruta: 59.603106%
2025-05-21 12:35:30,257 - deteccion - INFO - Oportunidad encontrada (A->B->C->A): BUSD -> BNB -> WAVES -> BUSD
2025-05-21 12:35:30,257 - deteccion - INFO - Pares: BNBBUSD, WAVESBNB, WAVESBUSD
2025-05-21 12:35:30,258 - deteccion - INFO - Precios: 251.8, 0.00513, 2.216
2025-05-21 12:35:30,258 - deteccion - INFO - Factores: 0.003971405877680699, 194.9317738791423, 2.216
2025-05-21 12:35:30,258 - deteccion - INFO - Rentabilidad Bruta: 71.552347%
2025-05-21 12:35:30,258 - deteccion - INFO - Oportunidad encontrada (A->B->C->A): BUSD -> BNB -> XMR -> BUSD
2025-05-21 12:35:30,258 - deteccion - INFO - Pares: BNBBUSD, XMRBNB, XMRBUSD
2025-05-21 12:35:30,258 - deteccion - INFO - Precios: 251.8, 0.3321, 170.2
2025-05-21 12:35:30,259 - deteccion - INFO - Factores: 0.003971405877680699, 3.0111412225233365, 170.2
2025-05-21 12:35:30,259 - deteccion - INFO - Rentabilidad Bruta: 103.533056%
2025-05-21 12:35:30,259 - deteccion - INFO - Oportunidad encontrada (A->B->C->A): BUSD -> BNB -> MANA -> BUSD
2025-05-21 12:35:30,259 - deteccion - INFO - Pares: BNBBUSD, MANABNB, MANABUSD
2025-05-21 12:35:30,259 - deteccion - INFO - Precios: 251.8, 0.00155, 0.4388
2025-05-21 12:35:30,259 - deteccion - INFO - Factores: 0.003971405877680699, 645.1612903225806, 0.4388
2025-05-21 12:35:30,259 - deteccion - INFO - Rentabilidad Bruta: 12.429219%
2025-05-21 12:35:30,260 - deteccion - INFO - Oportunidad encontrada (A->B->C->A): BUSD -> LTC -> EUR -> BUSD
2025-05-21 12:35:30,260 - deteccion - INFO - Pares: LTCBUSD, LTCEUR, EURBUSD
2025-05-21 12:35:30,260 - deteccion - INFO - Precios: 72.37, 86.32, 1.0757
2025-05-21 12:35:30,260 - deteccion - INFO - Factores: 0.01381788033715628, 86.32, 1.0757
2025-05-21 12:35:30,261 - deteccion - INFO - Rentabilidad Bruta: 28.305132%
2025-05-21 12:35:30,261 - deteccion - INFO - Oportunidad encontrada (A->B->C->A): BUSD -> LTC -> USDC -> BUSD
2025-05-21 12:35:30,261 - deteccion - INFO - Pares: LTCBUSD, LTCUSDC, USDCBUSD
2025-05-21 12:35:30,261 - deteccion - INFO - Precios: 72.37, 98.0, 0.9999
2025-05-21 12:35:30,262 - deteccion - INFO - Factores: 0.01381788033715628, 98.0, 0.9999
2025-05-21 12:35:30,262 - deteccion - INFO - Rentabilidad Bruta: 35.401686%
2025-05-21 12:35:30,262 - deteccion - INFO - Oportunidad encontrada (A->B->C->A): BUSD -> LTC -> GBP -> BUSD
2025-05-21 12:35:30,262 - deteccion - INFO - Pares: LTCBUSD, LTCGBP, GBPBUSD
2025-05-21 12:35:30,262 - deteccion - INFO - Precios: 72.37, 63.56, 1.239
2025-05-21 12:35:30,262 - deteccion - INFO - Factores: 0.01381788033715628, 63.56, 1.239
2025-05-21 12:35:30,262 - deteccion - INFO - Rentabilidad Bruta: 8.816968%
2025-05-21 12:35:30,263 - deteccion - INFO - Oportunidad encontrada (A->B->C->A): BUSD -> LTC -> TUSD -> BUSD
2025-05-21 12:35:30,263 - deteccion - INFO - Pares: LTCBUSD, LTCTUSD, TUSDBUSD
2025-05-21 12:35:30,263 - deteccion - INFO - Precios: 72.37, 83.07, 0.9966
2025-05-21 12:35:30,263 - deteccion - INFO - Factores: 0.01381788033715628, 83.07, 0.9966
2025-05-21 12:35:30,263 - deteccion - INFO - Rentabilidad Bruta: 14.394863%
2025-05-21 12:35:30,263 - deteccion - INFO - Oportunidad encontrada (A->B->C->A): BUSD -> LTC -> ETH -> BUSD
2025-05-21 12:35:30,263 - deteccion - INFO - Pares: LTCBUSD, LTCETH, ETHBUSD
2025-05-21 12:35:30,264 - deteccion - INFO - Precios: 72.37, 0.03776, 2281.12
2025-05-21 12:35:30,264 - deteccion - INFO - Factores: 0.01381788033715628, 0.03776, 2281.12
2025-05-21 12:35:30,264 - deteccion - INFO - Rentabilidad Bruta: 19.020438%
2025-05-21 12:35:30,264 - deteccion - INFO - Oportunidad encontrada (A->B->C->A): BUSD -> LTC -> USDT -> BUSD
2025-05-21 12:35:30,264 - deteccion - INFO - Pares: LTCBUSD, LTCUSDT, BUSDUSDT
2025-05-21 12:35:30,264 - deteccion - INFO - Precios: 72.37, 97.94, 1.0003
2025-05-21 12:35:30,264 - deteccion - INFO - Factores: 0.01381788033715628, 97.94, 0.9997000899730081
2025-05-21 12:35:30,265 - deteccion - INFO - Rentabilidad Bruta: 35.291733%
2025-05-21 12:35:30,265 - deteccion - INFO - Oportunidad encontrada (A->B->C->A): BUSD -> EUR -> USDC -> BUSD
2025-05-21 12:35:30,265 - deteccion - INFO - Pares: EURBUSD, EURUSDC, USDCBUSD
2025-05-21 12:35:30,266 - deteccion - INFO - Precios: 1.0757, 1.135, 0.9999
2025-05-21 12:35:30,266 - deteccion - INFO - Factores: 0.9296272194849864, 1.135, 0.9999
2025-05-21 12:35:30,267 - deteccion - INFO - Rentabilidad Bruta: 5.502138%
2025-05-21 12:35:30,267 - deteccion - INFO - Oportunidad encontrada (A->B->C->A): BUSD -> EUR -> MATIC -> BUSD
2025-05-21 12:35:30,267 - deteccion - INFO - Pares: EURBUSD, MATICEUR, MATICBUSD
2025-05-21 12:35:30,267 - deteccion - INFO - Precios: 1.0757, 0.3444, 0.8659
2025-05-21 12:35:30,268 - deteccion - INFO - Factores: 0.9296272194849864, 2.9036004645760745, 0.8659
2025-05-21 12:35:30,268 - deteccion - INFO - Rentabilidad Bruta: 133.729445%
2025-05-21 12:35:30,268 - deteccion - INFO - Oportunidad encontrada (A->B->C->A): BUSD -> EUR -> USDT -> BUSD
2025-05-21 12:35:30,268 - deteccion - INFO - Pares: EURBUSD, EURUSDT, BUSDUSDT
2025-05-21 12:35:30,268 - deteccion - INFO - Precios: 1.0757, 1.1343, 1.0003
2025-05-21 12:35:30,269 - deteccion - INFO - Factores: 0.9296272194849864, 1.1343, 0.9997000899730081
2025-05-21 12:35:30,269 - deteccion - INFO - Rentabilidad Bruta: 5.415991%
2025-05-21 12:35:30,269 - deteccion - INFO - Oportunidad encontrada (A->B->C->A): BUSD -> EUR -> CHZ -> BUSD
2025-05-21 12:35:30,269 - deteccion - INFO - Pares: EURBUSD, CHZEUR, CHZBUSD
2025-05-21 12:35:30,269 - deteccion - INFO - Precios: 1.0757, 0.053, 0.0746
2025-05-21 12:35:30,269 - deteccion - INFO - Factores: 0.9296272194849864, 18.867924528301888, 0.0746
2025-05-21 12:35:30,269 - deteccion - INFO - Rentabilidad Bruta: 30.849416%
2025-05-21 12:35:30,270 - deteccion - INFO - Oportunidad encontrada (A->B->C->A): BUSD -> EUR -> YFI -> BUSD
2025-05-21 12:35:30,270 - deteccion - INFO - Pares: EURBUSD, YFIEUR, YFIBUSD
2025-05-21 12:35:30,270 - deteccion - INFO - Precios: 1.0757, 4835.0, 5325.0
2025-05-21 12:35:30,270 - deteccion - INFO - Factores: 0.9296272194849864, 0.00020682523267838676, 5325.0
2025-05-21 12:35:30,270 - deteccion - INFO - Rentabilidad Bruta: 2.383970%
2025-05-21 12:35:30,270 - deteccion - INFO - Oportunidad encontrada (A->B->C->A): BUSD -> EUR -> SXP -> BUSD
2025-05-21 12:35:30,270 - deteccion - INFO - Pares: EURBUSD, SXPEUR, SXPBUSD
2025-05-21 12:35:30,271 - deteccion - INFO - Precios: 1.0757, 0.2654, 0.3721
2025-05-21 12:35:30,271 - deteccion - INFO - Factores: 0.9296272194849864, 3.767897513187641, 0.3721
2025-05-21 12:35:30,271 - deteccion - INFO - Rentabilidad Bruta: 30.336959%
2025-05-21 12:35:30,271 - deteccion - INFO - Oportunidad encontrada (A->B->C->A): BUSD -> EUR -> RUNE -> BUSD
2025-05-21 12:35:30,271 - deteccion - INFO - Pares: EURBUSD, RUNEEUR, RUNEBUSD
2025-05-21 12:35:30,271 - deteccion - INFO - Precios: 1.0757, 3.762, 5.462
2025-05-21 12:35:30,271 - deteccion - INFO - Factores: 0.9296272194849864, 0.2658160552897395, 5.462
2025-05-21 12:35:30,271 - deteccion - INFO - Rentabilidad Bruta: 34.971395%
2025-05-21 12:35:30,271 - deteccion - INFO - Oportunidad encontrada (A->B->C->A): BUSD -> EUR -> ENJ -> BUSD
2025-05-21 12:35:30,272 - deteccion - INFO - Pares: EURBUSD, ENJEUR, ENJBUSD
2025-05-21 12:35:30,272 - deteccion - INFO - Precios: 1.0757, 0.1946, 0.2607
2025-05-21 12:35:30,272 - deteccion - INFO - Factores: 0.9296272194849864, 5.138746145940391, 0.2607
2025-05-21 12:35:30,272 - deteccion - INFO - Rentabilidad Bruta: 24.539474%
2025-05-21 12:35:30,272 - deteccion - INFO - Oportunidad encontrada (A->B->C->A): BUSD -> EUR -> WAVES -> BUSD
2025-05-21 12:35:30,272 - deteccion - INFO - Pares: EURBUSD, WAVESEUR, WAVESBUSD
2025-05-21 12:35:30,272 - deteccion - INFO - Precios: 1.0757, 1.354, 2.216
2025-05-21 12:35:30,272 - deteccion - INFO - Factores: 0.9296272194849864, 0.7385524372230428, 2.216
2025-05-21 12:35:30,272 - deteccion - INFO - Rentabilidad Bruta: 52.145784%
2025-05-21 12:35:30,273 - deteccion - INFO - Oportunidad encontrada (A->B->C->A): BUSD -> ETC -> USDT -> BUSD
2025-05-21 12:35:30,273 - deteccion - INFO - Pares: ETCBUSD, ETCUSDT, BUSDUSDT
2025-05-21 12:35:30,273 - deteccion - INFO - Precios: 19.03, 19.19, 1.0003
2025-05-21 12:35:30,273 - deteccion - INFO - Factores: 0.05254860746190226, 19.19, 0.9997000899730081
2025-05-21 12:35:30,273 - deteccion - INFO - Rentabilidad Bruta: 0.810535%
2025-05-21 12:35:30,273 - deteccion - INFO - Oportunidad encontrada (A->B->C->A): BUSD -> SOL -> USDC -> BUSD
2025-05-21 12:35:30,274 - deteccion - INFO - Pares: SOLBUSD, SOLUSDC, USDCBUSD
2025-05-21 12:35:30,274 - deteccion - INFO - Precios: 74.62, 173.61, 0.9999
2025-05-21 12:35:30,274 - deteccion - INFO - Factores: 0.013401232913428035, 173.61, 0.9999
2025-05-21 12:35:30,274 - deteccion - INFO - Rentabilidad Bruta: 132.635539%
2025-05-21 12:35:30,274 - deteccion - INFO - Oportunidad encontrada (A->B->C->A): BUSD -> SOL -> GBP -> BUSD
2025-05-21 12:35:30,274 - deteccion - INFO - Pares: SOLBUSD, SOLGBP, GBPBUSD
2025-05-21 12:35:30,274 - deteccion - INFO - Precios: 74.62, 88.08, 1.239
2025-05-21 12:35:30,275 - deteccion - INFO - Factores: 0.013401232913428035, 88.08, 1.239
2025-05-21 12:35:30,275 - deteccion - INFO - Rentabilidad Bruta: 46.249156%
2025-05-21 12:35:30,275 - deteccion - INFO - Oportunidad encontrada (A->B->C->A): BUSD -> SOL -> TUSD -> BUSD
2025-05-21 12:35:30,275 - deteccion - INFO - Pares: SOLBUSD, SOLTUSD, TUSDBUSD
2025-05-21 12:35:30,275 - deteccion - INFO - Precios: 74.62, 172.99, 0.9966
2025-05-21 12:35:30,275 - deteccion - INFO - Factores: 0.013401232913428035, 172.99, 0.9966
2025-05-21 12:35:30,275 - deteccion - INFO - Rentabilidad Bruta: 131.039713%
2025-05-21 12:35:30,276 - deteccion - INFO - Oportunidad encontrada (A->B->C->A): BUSD -> SOL -> ETH -> BUSD
2025-05-21 12:35:30,276 - deteccion - INFO - Pares: SOLBUSD, SOLETH, ETHBUSD
2025-05-21 12:35:30,276 - deteccion - INFO - Precios: 74.62, 0.06687, 2281.12
2025-05-21 12:35:30,276 - deteccion - INFO - Factores: 0.013401232913428035, 0.06687, 2281.12
2025-05-21 12:35:30,276 - deteccion - INFO - Rentabilidad Bruta: 104.420389%
2025-05-21 12:35:30,276 - deteccion - INFO - Oportunidad encontrada (A->B->C->A): BUSD -> SOL -> USDT -> BUSD
2025-05-21 12:35:30,276 - deteccion - INFO - Pares: SOLBUSD, SOLUSDT, BUSDUSDT
2025-05-21 12:35:30,276 - deteccion - INFO - Precios: 74.62, 173.51, 1.0003
2025-05-21 12:35:30,277 - deteccion - INFO - Factores: 0.013401232913428035, 173.51, 0.9997000899730081
2025-05-21 12:35:30,277 - deteccion - INFO - Rentabilidad Bruta: 132.455056%
2025-05-21 12:35:30,277 - deteccion - INFO - Oportunidad encontrada (A->B->C->A): BUSD -> USDC -> MATIC -> BUSD
2025-05-21 12:35:30,277 - deteccion - INFO - Pares: USDCBUSD, MATICUSDC, MATICBUSD
2025-05-21 12:35:30,277 - deteccion - INFO - Precios: 0.9999, 0.3791, 0.8659
2025-05-21 12:35:30,277 - deteccion - INFO - Factores: 1.000100010001, 2.637826431020839, 0.8659
2025-05-21 12:35:30,278 - deteccion - INFO - Rentabilidad Bruta: 128.432234%
2025-05-21 12:35:30,278 - deteccion - INFO - Oportunidad encontrada (A->B->C->A): BUSD -> USDC -> AUD -> BUSD
2025-05-21 12:35:30,278 - deteccion - INFO - Pares: USDCBUSD, AUDUSDC, AUDBUSD
2025-05-21 12:35:30,278 - deteccion - INFO - Precios: 0.9999, 0.6477, 0.7255
2025-05-21 12:35:30,278 - deteccion - INFO - Factores: 1.000100010001, 1.543924656476764, 0.7255
2025-05-21 12:35:30,278 - deteccion - INFO - Rentabilidad Bruta: 12.022936%
2025-05-21 12:35:30,279 - deteccion - INFO - Oportunidad encontrada (A->B->C->A): BUSD -> USDC -> HIVE -> BUSD
2025-05-21 12:35:30,279 - deteccion - INFO - Pares: USDCBUSD, HIVEUSDC, HIVEBUSD
2025-05-21 12:35:30,279 - deteccion - INFO - Precios: 0.9999, 0.2664, 0.2758
2025-05-21 12:35:30,279 - deteccion - INFO - Factores: 1.000100010001, 3.7537537537537533, 0.2758
2025-05-21 12:35:30,279 - deteccion - INFO - Rentabilidad Bruta: 3.538882%
2025-05-21 12:35:30,279 - deteccion - INFO - Oportunidad encontrada (A->B->C->A): BUSD -> USDC -> CHZ -> BUSD
2025-05-21 12:35:30,280 - deteccion - INFO - Pares: USDCBUSD, CHZUSDC, CHZBUSD
2025-05-21 12:35:30,280 - deteccion - INFO - Precios: 0.9999, 0.04599, 0.0746
2025-05-21 12:35:30,280 - deteccion - INFO - Factores: 1.000100010001, 21.743857360295713, 0.0746
2025-05-21 12:35:30,280 - deteccion - INFO - Rentabilidad Bruta: 62.225398%
2025-05-21 12:35:30,280 - deteccion - INFO - Oportunidad encontrada (A->B->C->A): BUSD -> USDC -> NEO -> BUSD
2025-05-21 12:35:30,280 - deteccion - INFO - Pares: USDCBUSD, NEOUSDC, NEOBUSD
2025-05-21 12:35:30,281 - deteccion - INFO - Precios: 0.9999, 6.72, 6.73
2025-05-21 12:35:30,281 - deteccion - INFO - Factores: 1.000100010001, 0.1488095238095238, 6.73
2025-05-21 12:35:30,281 - deteccion - INFO - Rentabilidad Bruta: 0.158825%
2025-05-21 12:35:30,281 - deteccion - INFO - Oportunidad encontrada (A->B->C->A): BUSD -> USDC -> RUNE -> BUSD
2025-05-21 12:35:30,281 - deteccion - INFO - Pares: USDCBUSD, RUNEUSDC, RUNEBUSD
2025-05-21 12:35:30,281 - deteccion - INFO - Precios: 0.9999, 1.953, 5.462
2025-05-21 12:35:30,281 - deteccion - INFO - Factores: 1.000100010001, 0.5120327700972862, 5.462
2025-05-21 12:35:30,282 - deteccion - INFO - Rentabilidad Bruta: 179.700269%
2025-05-21 12:35:30,282 - deteccion - INFO - Oportunidad encontrada (A->B->C->A): BUSD -> USDC -> ENJ -> BUSD
2025-05-21 12:35:30,282 - deteccion - INFO - Pares: USDCBUSD, ENJUSDC, ENJBUSD
2025-05-21 12:35:30,282 - deteccion - INFO - Precios: 0.9999, 0.0915, 0.2607
2025-05-21 12:35:30,283 - deteccion - INFO - Factores: 1.000100010001, 10.92896174863388, 0.2607
2025-05-21 12:35:30,283 - deteccion - INFO - Rentabilidad Bruta: 184.946527%
2025-05-21 12:35:30,283 - deteccion - INFO - Oportunidad encontrada (A->B->C->A): BUSD -> USDC -> ONT -> BUSD
2025-05-21 12:35:30,283 - deteccion - INFO - Pares: USDCBUSD, ONTUSDC, ONTBUSD
2025-05-21 12:35:30,284 - deteccion - INFO - Precios: 0.9999, 0.1542, 0.1574
2025-05-21 12:35:30,284 - deteccion - INFO - Factores: 1.000100010001, 6.485084306095979, 0.1574
2025-05-21 12:35:30,284 - deteccion - INFO - Rentabilidad Bruta: 2.085436%
2025-05-21 12:35:30,285 - deteccion - INFO - Oportunidad encontrada (A->B->C->A): BUSD -> GBP -> DOGE -> BUSD
2025-05-21 12:35:30,285 - deteccion - INFO - Pares: GBPBUSD, DOGEGBP, DOGEBUSD
2025-05-21 12:35:30,285 - deteccion - INFO - Precios: 1.239, 0.07759, 0.09742
2025-05-21 12:35:30,285 - deteccion - INFO - Factores: 0.8071025020177562, 12.888258796236627, 0.09742
2025-05-21 12:35:30,286 - deteccion - INFO - Rentabilidad Bruta: 1.337706%
2025-05-21 12:35:30,286 - deteccion - INFO - Oportunidad encontrada (A->B->C->A): BUSD -> GBP -> ADA -> BUSD
2025-05-21 12:35:30,286 - deteccion - INFO - Pares: GBPBUSD, ADAGBP, ADABUSD
2025-05-21 12:35:30,286 - deteccion - INFO - Precios: 1.239, 0.513, 0.6374
2025-05-21 12:35:30,286 - deteccion - INFO - Factores: 0.8071025020177562, 1.949317738791423, 0.6374
2025-05-21 12:35:30,286 - deteccion - INFO - Rentabilidad Bruta: 0.282093%
2025-05-21 12:35:30,286 - deteccion - INFO - Oportunidad encontrada (A->B->C->A): BUSD -> GBP -> CHZ -> BUSD
2025-05-21 12:35:30,286 - deteccion - INFO - Pares: GBPBUSD, CHZGBP, CHZBUSD
2025-05-21 12:35:30,287 - deteccion - INFO - Precios: 1.239, 0.0572, 0.0746
2025-05-21 12:35:30,287 - deteccion - INFO - Factores: 0.8071025020177562, 17.482517482517483, 0.0746
2025-05-21 12:35:30,287 - deteccion - INFO - Rentabilidad Bruta: 5.261970%
2025-05-21 12:35:30,287 - deteccion - INFO - Oportunidad encontrada (A->B->C->A): BUSD -> GBP -> RUNE -> BUSD
2025-05-21 12:35:30,287 - deteccion - INFO - Pares: GBPBUSD, RUNEGBP, RUNEBUSD
2025-05-21 12:35:30,287 - deteccion - INFO - Precios: 1.239, 1.278, 5.462
2025-05-21 12:35:30,287 - deteccion - INFO - Factores: 0.8071025020177562, 0.7824726134585289, 5.462
2025-05-21 12:35:30,287 - deteccion - INFO - Rentabilidad Bruta: 244.944747%
2025-05-21 12:35:30,287 - deteccion - INFO - Oportunidad encontrada (A->B->C->A): BUSD -> TUSD -> MATIC -> BUSD
2025-05-21 12:35:30,288 - deteccion - INFO - Pares: TUSDBUSD, MATICTUSD, MATICBUSD
2025-05-21 12:35:30,288 - deteccion - INFO - Precios: 0.9966, 0.5043, 0.8659
2025-05-21 12:35:30,288 - deteccion - INFO - Factores: 1.0034115994380894, 1.98294665873488, 0.8659
2025-05-21 12:35:30,288 - deteccion - INFO - Rentabilidad Bruta: 72.289134%
2025-05-21 12:35:30,288 - deteccion - INFO - Oportunidad encontrada (A->B->C->A): BUSD -> TUSD -> ADA -> BUSD
2025-05-21 12:35:30,288 - deteccion - INFO - Pares: TUSDBUSD, ADATUSD, ADABUSD
2025-05-21 12:35:30,288 - deteccion - INFO - Precios: 0.9966, 0.3847, 0.6374
2025-05-21 12:35:30,288 - deteccion - INFO - Factores: 1.0034115994380894, 2.5994281258123215, 0.6374
2025-05-21 12:35:30,288 - deteccion - INFO - Rentabilidad Bruta: 66.252808%
2025-05-21 12:35:30,289 - deteccion - INFO - Oportunidad encontrada (A->B->C->A): BUSD -> TUSD -> USDT -> BUSD
2025-05-21 12:35:30,289 - deteccion - INFO - Pares: TUSDBUSD, TUSDUSDT, BUSDUSDT
2025-05-21 12:35:30,289 - deteccion - INFO - Precios: 0.9966, 0.9992, 1.0003
2025-05-21 12:35:30,289 - deteccion - INFO - Factores: 1.0034115994380894, 0.9992, 0.9997000899730081
2025-05-21 12:35:30,289 - deteccion - INFO - Rentabilidad Bruta: 0.230818%
2025-05-21 12:35:30,289 - deteccion - INFO - Oportunidad encontrada (A->B->C->A): BUSD -> TUSD -> TRX -> BUSD
2025-05-21 12:35:30,289 - deteccion - INFO - Pares: TUSDBUSD, TRXTUSD, TRXBUSD
2025-05-21 12:35:30,290 - deteccion - INFO - Precios: 0.9966, 0.05986, 0.10329
2025-05-21 12:35:30,290 - deteccion - INFO - Factores: 1.0034115994380894, 16.70564650851988, 0.10329
2025-05-21 12:35:30,290 - deteccion - INFO - Rentabilidad Bruta: 73.141303%
2025-05-21 12:35:30,290 - deteccion - INFO - Oportunidad encontrada (A->B->C->A): BUSD -> ETH -> MATIC -> BUSD
2025-05-21 12:35:30,291 - deteccion - INFO - Pares: ETHBUSD, MATICETH, MATICBUSD
2025-05-21 12:35:30,291 - deteccion - INFO - Precios: 2281.12, 0.0001616, 0.8659
2025-05-21 12:35:30,291 - deteccion - INFO - Factores: 0.0004383811461036684, 6188.118811881188, 0.8659
2025-05-21 12:35:30,291 - deteccion - INFO - Rentabilidad Bruta: 134.897422%
2025-05-21 12:35:30,291 - deteccion - INFO - Oportunidad encontrada (A->B->C->A): BUSD -> ETH -> ALGO -> BUSD
2025-05-21 12:35:30,291 - deteccion - INFO - Pares: ETHBUSD, ALGOETH, ALGOBUSD
2025-05-21 12:35:30,292 - deteccion - INFO - Precios: 2281.12, 4.447e-05, 0.2071
2025-05-21 12:35:30,292 - deteccion - INFO - Factores: 0.0004383811461036684, 22487.069934787498, 0.2071
2025-05-21 12:35:30,292 - deteccion - INFO - Rentabilidad Bruta: 104.157264%
2025-05-21 12:35:30,292 - deteccion - INFO - Oportunidad encontrada (A->B->C->A): BUSD -> ETH -> USDT -> BUSD
2025-05-21 12:35:30,292 - deteccion - INFO - Pares: ETHBUSD, ETHUSDT, BUSDUSDT
2025-05-21 12:35:30,292 - deteccion - INFO - Precios: 2281.12, 2594.04, 1.0003
2025-05-21 12:35:30,293 - deteccion - INFO - Factores: 0.0004383811461036684, 2594.04, 0.9997000899730081
2025-05-21 12:35:30,293 - deteccion - INFO - Rentabilidad Bruta: 13.683718%
2025-05-21 12:35:30,293 - deteccion - INFO - Oportunidad encontrada (A->B->C->A): BUSD -> ETH -> LSK -> BUSD
2025-05-21 12:35:30,293 - deteccion - INFO - Pares: ETHBUSD, LSKETH, LSKBUSD
2025-05-21 12:35:30,293 - deteccion - INFO - Precios: 2281.12, 0.0003373, 0.844
2025-05-21 12:35:30,293 - deteccion - INFO - Factores: 0.0004383811461036684, 2964.719833975689, 0.844
2025-05-21 12:35:30,294 - deteccion - INFO - Rentabilidad Bruta: 9.692762%
2025-05-21 12:35:30,294 - deteccion - INFO - Oportunidad encontrada (A->B->C->A): BUSD -> ETH -> SC -> BUSD
2025-05-21 12:35:30,294 - deteccion - INFO - Pares: ETHBUSD, SCETH, SCBUSD
2025-05-21 12:35:30,294 - deteccion - INFO - Precios: 2281.12, 1.36e-06, 0.003664
2025-05-21 12:35:30,294 - deteccion - INFO - Factores: 0.0004383811461036684, 735294.1176470589, 0.003664
2025-05-21 12:35:30,294 - deteccion - INFO - Rentabilidad Bruta: 18.105038%
2025-05-21 12:35:30,295 - deteccion - INFO - Oportunidad encontrada (A->B->C->A): BUSD -> ETH -> RUNE -> BUSD
2025-05-21 12:35:30,295 - deteccion - INFO - Pares: ETHBUSD, RUNEETH, RUNEBUSD
2025-05-21 12:35:30,295 - deteccion - INFO - Precios: 2281.12, 0.0007536, 5.462
2025-05-21 12:35:30,295 - deteccion - INFO - Factores: 0.0004383811461036684, 1326.963906581741, 5.462
2025-05-21 12:35:30,295 - deteccion - INFO - Rentabilidad Bruta: 217.733256%
2025-05-21 12:35:30,296 - deteccion - INFO - Oportunidad encontrada (A->B->C->A): BUSD -> ETH -> ENJ -> BUSD
2025-05-21 12:35:30,296 - deteccion - INFO - Pares: ETHBUSD, ENJETH, ENJBUSD
2025-05-21 12:35:30,296 - deteccion - INFO - Precios: 2281.12, 6.172e-05, 0.2607
2025-05-21 12:35:30,296 - deteccion - INFO - Factores: 0.0004383811461036684, 16202.203499675956, 0.2607
2025-05-21 12:35:30,296 - deteccion - INFO - Rentabilidad Bruta: 85.168446%
2025-05-21 12:35:30,296 - deteccion - INFO - Oportunidad encontrada (A->B->C->A): BUSD -> ETH -> WAVES -> BUSD
2025-05-21 12:35:30,296 - deteccion - INFO - Pares: ETHBUSD, WAVESETH, WAVESBUSD
2025-05-21 12:35:30,296 - deteccion - INFO - Precios: 2281.12, 0.000298, 2.216
2025-05-21 12:35:30,297 - deteccion - INFO - Factores: 0.0004383811461036684, 3355.7046979865772, 2.216
2025-05-21 12:35:30,297 - deteccion - INFO - Rentabilidad Bruta: 225.990812%
2025-05-21 12:35:30,297 - deteccion - INFO - Oportunidad encontrada (A->B->C->A): BUSD -> ETH -> SNX -> BUSD
2025-05-21 12:35:30,297 - deteccion - INFO - Pares: ETHBUSD, SNXETH, SNXBUSD
2025-05-21 12:35:30,297 - deteccion - INFO - Precios: 2281.12, 0.000768, 1.936
2025-05-21 12:35:30,297 - deteccion - INFO - Factores: 0.0004383811461036684, 1302.0833333333333, 1.936
2025-05-21 12:35:30,297 - deteccion - INFO - Rentabilidad Bruta: 10.508581%
2025-05-21 12:35:30,297 - deteccion - INFO - Oportunidad encontrada (A->B->C->A): BUSD -> ETH -> ELF -> BUSD
2025-05-21 12:35:30,297 - deteccion - INFO - Pares: ETHBUSD, ELFETH, ELFBUSD
2025-05-21 12:35:30,298 - deteccion - INFO - Precios: 2281.12, 0.0001433, 0.3403
2025-05-21 12:35:30,298 - deteccion - INFO - Factores: 0.0004383811461036684, 6978.367062107467, 0.3403
2025-05-21 12:35:30,298 - deteccion - INFO - Rentabilidad Bruta: 4.104050%
2025-05-21 12:35:30,298 - deteccion - INFO - Oportunidad encontrada (A->B->C->A): BUSD -> ETH -> XMR -> BUSD
2025-05-21 12:35:30,299 - deteccion - INFO - Pares: ETHBUSD, XMRETH, XMRBUSD
2025-05-21 12:35:30,299 - deteccion - INFO - Precios: 2281.12, 0.04032, 170.2
2025-05-21 12:35:30,299 - deteccion - INFO - Factores: 0.0004383811461036684, 24.8015873015873, 170.2
2025-05-21 12:35:30,299 - deteccion - INFO - Rentabilidad Bruta: 85.050771%
2025-05-21 12:35:30,299 - deteccion - INFO - Oportunidad encontrada (A->B->C->A): BUSD -> ETH -> MANA -> BUSD
2025-05-21 12:35:30,300 - deteccion - INFO - Pares: ETHBUSD, MANAETH, MANABUSD
2025-05-21 12:35:30,300 - deteccion - INFO - Precios: 2281.12, 0.0001252, 0.4388
2025-05-21 12:35:30,300 - deteccion - INFO - Factores: 0.0004383811461036684, 7987.220447284344, 0.4388
2025-05-21 12:35:30,300 - deteccion - INFO - Rentabilidad Bruta: 53.643488%
2025-05-21 12:35:30,300 - deteccion - INFO - Oportunidad encontrada (A->B->C->A): BUSD -> ETH -> KEY -> BUSD
2025-05-21 12:35:30,301 - deteccion - INFO - Pares: ETHBUSD, KEYETH, KEYBUSD
2025-05-21 12:35:30,301 - deteccion - INFO - Precios: 2281.12, 2.27e-06, 0.00543
2025-05-21 12:35:30,301 - deteccion - INFO - Factores: 0.0004383811461036684, 440528.6343612335, 0.00543
2025-05-21 12:35:30,301 - deteccion - INFO - Rentabilidad Bruta: 4.863860%
2025-05-21 12:35:30,302 - deteccion - INFO - Oportunidad encontrada (A->B->C->A): BUSD -> ETH -> IOTX -> BUSD
2025-05-21 12:35:30,302 - deteccion - INFO - Pares: ETHBUSD, IOTXETH, IOTXBUSD
2025-05-21 12:35:30,302 - deteccion - INFO - Precios: 2281.12, 8.26e-06, 0.02148
2025-05-21 12:35:30,302 - deteccion - INFO - Factores: 0.0004383811461036684, 121065.37530266344, 0.02148
2025-05-21 12:35:30,302 - deteccion - INFO - Rentabilidad Bruta: 14.000327%
2025-05-21 12:35:30,302 - deteccion - INFO - Oportunidad encontrada (A->B->C->A): BUSD -> MATIC -> AUD -> BUSD
2025-05-21 12:35:30,303 - deteccion - INFO - Pares: MATICBUSD, MATICAUD, AUDBUSD
2025-05-21 12:35:30,303 - deteccion - INFO - Precios: 0.8659, 1.2141, 0.7255
2025-05-21 12:35:30,303 - deteccion - INFO - Factores: 1.1548677676406052, 1.2141, 0.7255
2025-05-21 12:35:30,303 - deteccion - INFO - Rentabilidad Bruta: 1.724166%
2025-05-21 12:35:30,303 - deteccion - INFO - Oportunidad encontrada (A->B->C->A): BUSD -> LINK -> USDT -> BUSD
2025-05-21 12:35:30,303 - deteccion - INFO - Pares: LINKBUSD, LINKUSDT, BUSDUSDT
2025-05-21 12:35:30,303 - deteccion - INFO - Precios: 14.071, 16.32, 1.0003
2025-05-21 12:35:30,304 - deteccion - INFO - Factores: 0.07106815436003128, 16.32, 0.9997000899730081
2025-05-21 12:35:30,304 - deteccion - INFO - Rentabilidad Bruta: 15.948443%
2025-05-21 12:35:30,304 - deteccion - INFO - Oportunidad encontrada (A->B->C->A): BUSD -> ALGO -> USDT -> BUSD
2025-05-21 12:35:30,304 - deteccion - INFO - Pares: ALGOBUSD, ALGOUSDT, BUSDUSDT
2025-05-21 12:35:30,304 - deteccion - INFO - Precios: 0.2071, 0.2313, 1.0003
2025-05-21 12:35:30,304 - deteccion - INFO - Factores: 4.8285852245292125, 0.2313, 0.9997000899730081
2025-05-21 12:35:30,305 - deteccion - INFO - Rentabilidad Bruta: 11.651681%
2025-05-21 12:35:30,305 - deteccion - INFO - Oportunidad encontrada (A->B->C->A): BUSD -> DOGE -> USDT -> BUSD
2025-05-21 12:35:30,305 - deteccion - INFO - Pares: DOGEBUSD, DOGEUSDT, BUSDUSDT
2025-05-21 12:35:30,305 - deteccion - INFO - Precios: 0.09742, 0.2357, 1.0003
2025-05-21 12:35:30,305 - deteccion - INFO - Factores: 10.264832683227263, 0.2357, 0.9997000899730081
2025-05-21 12:35:30,305 - deteccion - INFO - Rentabilidad Bruta: 141.869545%
2025-05-21 12:35:30,306 - deteccion - INFO - Oportunidad encontrada (A->B->C->A): BUSD -> BTC -> ADA -> BUSD
2025-05-21 12:35:30,306 - deteccion - INFO - Pares: BTCBUSD, ADABTC, ADABUSD
2025-05-21 12:35:30,306 - deteccion - INFO - Precios: 42769.4, 7.1e-06, 0.6374
2025-05-21 12:35:30,306 - deteccion - INFO - Factores: 2.338120244847952e-05, 140845.0704225352, 0.6374
2025-05-21 12:35:30,306 - deteccion - INFO - Rentabilidad Bruta: 109.903922%
2025-05-21 12:35:30,306 - deteccion - INFO - Oportunidad encontrada (A->B->C->A): BUSD -> BTC -> USDT -> BUSD
2025-05-21 12:35:30,306 - deteccion - INFO - Pares: BTCBUSD, BTCUSDT, BUSDUSDT
2025-05-21 12:35:30,307 - deteccion - INFO - Precios: 42769.4, 109376.38, 1.0003
2025-05-21 12:35:30,307 - deteccion - INFO - Factores: 2.338120244847952e-05, 109376.38, 0.9997000899730081
2025-05-21 12:35:30,307 - deteccion - INFO - Rentabilidad Bruta: 155.658431%
2025-05-21 12:35:30,307 - deteccion - INFO - Oportunidad encontrada (A->B->C->A): BUSD -> BTC -> VITE -> BUSD
2025-05-21 12:35:30,307 - deteccion - INFO - Pares: BTCBUSD, VITEBTC, VITEBUSD
2025-05-21 12:35:30,307 - deteccion - INFO - Precios: 42769.4, 7e-08, 0.01726
2025-05-21 12:35:30,307 - deteccion - INFO - Factores: 2.338120244847952e-05, 14285714.285714285, 0.01726
2025-05-21 12:35:30,308 - deteccion - INFO - Rentabilidad Bruta: 476.513649%
2025-05-21 12:35:30,308 - deteccion - INFO - Oportunidad encontrada (A->B->C->A): BUSD -> BTC -> HIVE -> BUSD
2025-05-21 12:35:30,308 - deteccion - INFO - Pares: BTCBUSD, HIVEBTC, HIVEBUSD
2025-05-21 12:35:30,308 - deteccion - INFO - Precios: 42769.4, 2.43e-06, 0.2758
2025-05-21 12:35:30,308 - deteccion - INFO - Factores: 2.338120244847952e-05, 411522.63374485594, 0.2758
2025-05-21 12:35:30,308 - deteccion - INFO - Rentabilidad Bruta: 165.371837%
2025-05-21 12:35:30,309 - deteccion - INFO - Oportunidad encontrada (A->B->C->A): BUSD -> BTC -> CTXC -> BUSD
2025-05-21 12:35:30,309 - deteccion - INFO - Pares: BTCBUSD, CTXCBTC, CTXCBUSD
2025-05-21 12:35:30,309 - deteccion - INFO - Precios: 42769.4, 7.5e-07, 0.115
2025-05-21 12:35:30,309 - deteccion - INFO - Factores: 2.338120244847952e-05, 1333333.3333333333, 0.115
2025-05-21 12:35:30,309 - deteccion - INFO - Rentabilidad Bruta: 258.511771%
2025-05-21 12:35:30,309 - deteccion - INFO - Oportunidad encontrada (A->B->C->A): BUSD -> BTC -> ZEC -> BUSD
2025-05-21 12:35:30,310 - deteccion - INFO - Pares: BTCBUSD, ZECBTC, ZECBUSD
2025-05-21 12:35:30,310 - deteccion - INFO - Precios: 42769.4, 0.0003837, 25.5
2025-05-21 12:35:30,310 - deteccion - INFO - Factores: 2.338120244847952e-05, 2606.2027625749283, 25.5
2025-05-21 12:35:30,310 - deteccion - INFO - Rentabilidad Bruta: 55.387194%
2025-05-21 12:35:30,310 - deteccion - INFO - Oportunidad encontrada (A->B->C->A): BUSD -> BTC -> CTSI -> BUSD
2025-05-21 12:35:30,311 - deteccion - INFO - Pares: BTCBUSD, CTSIBTC, CTSIBUSD
2025-05-21 12:35:30,311 - deteccion - INFO - Precios: 42769.4, 6.8e-07, 0.1642
2025-05-21 12:35:30,311 - deteccion - INFO - Factores: 2.338120244847952e-05, 1470588.2352941178, 0.1642
2025-05-21 12:35:30,311 - deteccion - INFO - Rentabilidad Bruta: 464.587271%
2025-05-21 12:35:30,311 - deteccion - INFO - Oportunidad encontrada (A->B->C->A): BUSD -> BTC -> STX -> BUSD
2025-05-21 12:35:30,312 - deteccion - INFO - Pares: BTCBUSD, STXBTC, STXBUSD
2025-05-21 12:35:30,312 - deteccion - INFO - Precios: 42769.4, 8.57e-06, 0.6756
2025-05-21 12:35:30,312 - deteccion - INFO - Factores: 2.338120244847952e-05, 116686.11435239208, 0.6756
2025-05-21 12:35:30,312 - deteccion - INFO - Rentabilidad Bruta: 84.321358%
2025-05-21 12:35:30,312 - deteccion - INFO - Oportunidad encontrada (A->B->C->A): BUSD -> BTC -> FTM -> BUSD
2025-05-21 12:35:30,312 - deteccion - INFO - Pares: BTCBUSD, FTMBTC, FTMBUSD
2025-05-21 12:35:30,312 - deteccion - INFO - Precios: 42769.4, 7.43e-06, 0.4218
2025-05-21 12:35:30,313 - deteccion - INFO - Factores: 2.338120244847952e-05, 134589.50201884253, 0.4218
2025-05-21 12:35:30,313 - deteccion - INFO - Rentabilidad Bruta: 32.734740%
2025-05-21 12:35:30,313 - deteccion - INFO - Oportunidad encontrada (A->B->C->A): BUSD -> BTC -> MTL -> BUSD
2025-05-21 12:35:30,313 - deteccion - INFO - Pares: BTCBUSD, MTLBTC, MTLBUSD
2025-05-21 12:35:30,313 - deteccion - INFO - Precios: 42769.4, 7.61e-06, 1.353
2025-05-21 12:35:30,313 - deteccion - INFO - Factores: 2.338120244847952e-05, 131406.0446780552, 1.353
2025-05-21 12:35:30,313 - deteccion - INFO - Rentabilidad Bruta: 315.699959%
2025-05-21 12:35:30,314 - deteccion - INFO - Oportunidad encontrada (A->B->C->A): BUSD -> BTC -> JST -> BUSD
2025-05-21 12:35:30,314 - deteccion - INFO - Pares: BTCBUSD, JSTBTC, JSTBUSD
2025-05-21 12:35:30,314 - deteccion - INFO - Precios: 42769.4, 3.4e-07, 0.02103
2025-05-21 12:35:30,314 - deteccion - INFO - Factores: 2.338120244847952e-05, 2941176.4705882357, 0.02103
2025-05-21 12:35:30,314 - deteccion - INFO - Rentabilidad Bruta: 44.619614%
2025-05-21 12:35:30,314 - deteccion - INFO - Oportunidad encontrada (A->B->C->A): BUSD -> BTC -> BCH -> BUSD
2025-05-21 12:35:30,314 - deteccion - INFO - Pares: BTCBUSD, BCHBTC, BCHBUSD
2025-05-21 12:35:30,315 - deteccion - INFO - Precios: 42769.4, 0.003751, 236.0
2025-05-21 12:35:30,315 - deteccion - INFO - Factores: 2.338120244847952e-05, 266.5955745134631, 236.0
2025-05-21 12:35:30,315 - deteccion - INFO - Rentabilidad Bruta: 47.106472%
2025-05-21 12:35:30,315 - deteccion - INFO - Oportunidad encontrada (A->B->C->A): BUSD -> BTC -> TOMO -> BUSD
2025-05-21 12:35:30,315 - deteccion - INFO - Pares: BTCBUSD, TOMOBTC, TOMOBUSD
2025-05-21 12:35:30,316 - deteccion - INFO - Precios: 42769.4, 3.699e-05, 1.7807
2025-05-21 12:35:30,316 - deteccion - INFO - Factores: 2.338120244847952e-05, 27034.333603676667, 1.7807
2025-05-21 12:35:30,316 - deteccion - INFO - Rentabilidad Bruta: 12.557197%
2025-05-21 12:35:30,316 - deteccion - INFO - Oportunidad encontrada (A->B->C->A): BUSD -> BTC -> CHZ -> BUSD
2025-05-21 12:35:30,317 - deteccion - INFO - Pares: BTCBUSD, CHZBTC, CHZBUSD
2025-05-21 12:35:30,317 - deteccion - INFO - Precios: 42769.4, 4.2e-07, 0.0746
2025-05-21 12:35:30,317 - deteccion - INFO - Factores: 2.338120244847952e-05, 2380952.380952381, 0.0746
2025-05-21 12:35:30,317 - deteccion - INFO - Rentabilidad Bruta: 315.294691%
2025-05-21 12:35:30,318 - deteccion - INFO - Oportunidad encontrada (A->B->C->A): BUSD -> BTC -> AMB -> BUSD
2025-05-21 12:35:30,318 - deteccion - INFO - Pares: BTCBUSD, AMBBTC, AMBBUSD
2025-05-21 12:35:30,318 - deteccion - INFO - Precios: 42769.4, 1e-07, 0.00796
2025-05-21 12:35:30,318 - deteccion - INFO - Factores: 2.338120244847952e-05, 10000000.0, 0.00796
2025-05-21 12:35:30,319 - deteccion - INFO - Rentabilidad Bruta: 86.114371%
2025-05-21 12:35:30,319 - deteccion - INFO - Oportunidad encontrada (A->B->C->A): BUSD -> BTC -> KNC -> BUSD
2025-05-21 12:35:30,319 - deteccion - INFO - Pares: BTCBUSD, KNCBTC, KNCBUSD
2025-05-21 12:35:30,319 - deteccion - INFO - Precios: 42769.4, 3.43e-06, 0.637
2025-05-21 12:35:30,320 - deteccion - INFO - Factores: 2.338120244847952e-05, 291545.1895043732, 0.637
2025-05-21 12:35:30,320 - deteccion - INFO - Rentabilidad Bruta: 334.222331%
2025-05-21 12:35:30,320 - deteccion - INFO - Oportunidad encontrada (A->B->C->A): BUSD -> BTC -> LSK -> BUSD
2025-05-21 12:35:30,320 - deteccion - INFO - Pares: BTCBUSD, LSKBTC, LSKBUSD
2025-05-21 12:35:30,320 - deteccion - INFO - Precios: 42769.4, 4.86e-06, 0.844
2025-05-21 12:35:30,320 - deteccion - INFO - Factores: 2.338120244847952e-05, 205761.31687242797, 0.844
2025-05-21 12:35:30,320 - deteccion - INFO - Rentabilidad Bruta: 306.043927%
2025-05-21 12:35:30,321 - deteccion - INFO - Oportunidad encontrada (A->B->C->A): BUSD -> BTC -> YFI -> BUSD
2025-05-21 12:35:30,321 - deteccion - INFO - Pares: BTCBUSD, YFIBTC, YFIBUSD
2025-05-21 12:35:30,321 - deteccion - INFO - Precios: 42769.4, 0.0527, 5325.0
2025-05-21 12:35:30,321 - deteccion - INFO - Factores: 2.338120244847952e-05, 18.975332068311197, 5325.0
2025-05-21 12:35:30,321 - deteccion - INFO - Rentabilidad Bruta: 136.252188%
2025-05-21 12:35:30,321 - deteccion - INFO - Oportunidad encontrada (A->B->C->A): BUSD -> BTC -> NKN -> BUSD
2025-05-21 12:35:30,321 - deteccion - INFO - Pares: BTCBUSD, NKNBTC, NKNBUSD
2025-05-21 12:35:30,322 - deteccion - INFO - Precios: 42769.4, 3.4e-07, 0.0972
2025-05-21 12:35:30,322 - deteccion - INFO - Factores: 2.338120244847952e-05, 2941176.4705882357, 0.0972
2025-05-21 12:35:30,322 - deteccion - INFO - Rentabilidad Bruta: 568.427317%
2025-05-21 12:35:30,322 - deteccion - INFO - Oportunidad encontrada (A->B->C->A): BUSD -> BTC -> OGN -> BUSD
2025-05-21 12:35:30,322 - deteccion - INFO - Pares: BTCBUSD, OGNBTC, OGNBUSD
2025-05-21 12:35:30,322 - deteccion - INFO - Precios: 42769.4, 6.1e-07, 0.1129
2025-05-21 12:35:30,323 - deteccion - INFO - Factores: 2.338120244847952e-05, 1639344.262295082, 0.1129
2025-05-21 12:35:30,323 - deteccion - INFO - Rentabilidad Bruta: 332.743894%
2025-05-21 12:35:30,323 - deteccion - INFO - Oportunidad encontrada (A->B->C->A): BUSD -> BTC -> CHR -> BUSD
2025-05-21 12:35:30,323 - deteccion - INFO - Pares: BTCBUSD, CHRBTC, CHRBUSD
2025-05-21 12:35:30,323 - deteccion - INFO - Precios: 42769.4, 9.7e-07, 0.1085
2025-05-21 12:35:30,323 - deteccion - INFO - Factores: 2.338120244847952e-05, 1030927.8350515463, 0.1085
2025-05-21 12:35:30,323 - deteccion - INFO - Rentabilidad Bruta: 161.532007%
2025-05-21 12:35:30,323 - deteccion - INFO - Oportunidad encontrada (A->B->C->A): BUSD -> BTC -> MDT -> BUSD
2025-05-21 12:35:30,324 - deteccion - INFO - Pares: BTCBUSD, MDTBTC, MDTBUSD
2025-05-21 12:35:30,324 - deteccion - INFO - Precios: 42769.4, 3e-07, 0.04578
2025-05-21 12:35:30,324 - deteccion - INFO - Factores: 2.338120244847952e-05, 3333333.3333333335, 0.04578
2025-05-21 12:35:30,324 - deteccion - INFO - Rentabilidad Bruta: 256.797149%
2025-05-21 12:35:30,324 - deteccion - INFO - Oportunidad encontrada (A->B->C->A): BUSD -> BTC -> ANKR -> BUSD
2025-05-21 12:35:30,324 - deteccion - INFO - Pares: BTCBUSD, ANKRBTC, ANKRBUSD
2025-05-21 12:35:30,324 - deteccion - INFO - Precios: 42769.4, 1.7e-07, 0.01906
2025-05-21 12:35:30,325 - deteccion - INFO - Factores: 2.338120244847952e-05, 5882352.941176471, 0.01906
2025-05-21 12:35:30,325 - deteccion - INFO - Rentabilidad Bruta: 162.144540%
2025-05-21 12:35:30,325 - deteccion - INFO - Oportunidad encontrada (A->B->C->A): BUSD -> BTC -> NEO -> BUSD
2025-05-21 12:35:30,325 - deteccion - INFO - Pares: BTCBUSD, NEOBTC, NEOBUSD
2025-05-21 12:35:30,325 - deteccion - INFO - Precios: 42769.4, 6.14e-05, 6.73
2025-05-21 12:35:30,326 - deteccion - INFO - Factores: 2.338120244847952e-05, 16286.644951140064, 6.73
2025-05-21 12:35:30,326 - deteccion - INFO - Rentabilidad Bruta: 156.279304%
2025-05-21 12:35:30,326 - deteccion - INFO - Oportunidad encontrada (A->B->C->A): BUSD -> BTC -> SXP -> BUSD
2025-05-21 12:35:30,326 - deteccion - INFO - Pares: BTCBUSD, SXPBTC, SXPBUSD
2025-05-21 12:35:30,326 - deteccion - INFO - Precios: 42769.4, 1.87e-06, 0.3721
2025-05-21 12:35:30,327 - deteccion - INFO - Factores: 2.338120244847952e-05, 534759.3582887701, 0.3721
2025-05-21 12:35:30,327 - deteccion - INFO - Rentabilidad Bruta: 365.248419%
2025-05-21 12:35:30,327 - deteccion - INFO - Oportunidad encontrada (A->B->C->A): BUSD -> BTC -> RUNE -> BUSD
2025-05-21 12:35:30,327 - deteccion - INFO - Pares: BTCBUSD, RUNEBTC, RUNEBUSD
2025-05-21 12:35:30,327 - deteccion - INFO - Precios: 42769.4, 1.785e-05, 5.462
2025-05-21 12:35:30,328 - deteccion - INFO - Factores: 2.338120244847952e-05, 56022.40896358543, 5.462
2025-05-21 12:35:30,328 - deteccion - INFO - Rentabilidad Bruta: 615.451696%
2025-05-21 12:35:30,328 - deteccion - INFO - Oportunidad encontrada (A->B->C->A): BUSD -> BTC -> ENJ -> BUSD
2025-05-21 12:35:30,328 - deteccion - INFO - Pares: BTCBUSD, ENJBTC, ENJBUSD
2025-05-21 12:35:30,328 - deteccion - INFO - Precios: 42769.4, 8.3e-07, 0.2607
2025-05-21 12:35:30,328 - deteccion - INFO - Factores: 2.338120244847952e-05, 1204819.2771084337, 0.2607
2025-05-21 12:35:30,329 - deteccion - INFO - Rentabilidad Bruta: 634.395118%
2025-05-21 12:35:30,329 - deteccion - INFO - Oportunidad encontrada (A->B->C->A): BUSD -> BTC -> BAT -> BUSD
2025-05-21 12:35:30,329 - deteccion - INFO - Pares: BTCBUSD, BATBTC, BATBUSD
2025-05-21 12:35:30,329 - deteccion - INFO - Precios: 42769.4, 1.38e-06, 0.1709
2025-05-21 12:35:30,329 - deteccion - INFO - Factores: 2.338120244847952e-05, 724637.6811594203, 0.1709
2025-05-21 12:35:30,329 - deteccion - INFO - Rentabilidad Bruta: 189.554167%
2025-05-21 12:35:30,330 - deteccion - INFO - Oportunidad encontrada (A->B->C->A): BUSD -> BTC -> LOOM -> BUSD
2025-05-21 12:35:30,330 - deteccion - INFO - Pares: BTCBUSD, LOOMBTC, LOOMBUSD
2025-05-21 12:35:30,330 - deteccion - INFO - Precios: 42769.4, 7.5e-07, 0.04003
2025-05-21 12:35:30,330 - deteccion - INFO - Factores: 2.338120244847952e-05, 1333333.3333333333, 0.04003
2025-05-21 12:35:30,330 - deteccion - INFO - Rentabilidad Bruta: 24.793271%
2025-05-21 12:35:30,330 - deteccion - INFO - Oportunidad encontrada (A->B->C->A): BUSD -> BTC -> FET -> BUSD
2025-05-21 12:35:30,331 - deteccion - INFO - Pares: BTCBUSD, FETBTC, FETBUSD
2025-05-21 12:35:30,331 - deteccion - INFO - Precios: 42769.4, 7.47e-06, 0.4915
2025-05-21 12:35:30,331 - deteccion - INFO - Factores: 2.338120244847952e-05, 133868.80856760376, 0.4915
2025-05-21 12:35:30,331 - deteccion - INFO - Rentabilidad Bruta: 53.840174%
2025-05-21 12:35:30,331 - deteccion - INFO - Oportunidad encontrada (A->B->C->A): BUSD -> BTC -> WAVES -> BUSD
2025-05-21 12:35:30,332 - deteccion - INFO - Pares: BTCBUSD, WAVESBTC, WAVESBUSD
2025-05-21 12:35:30,332 - deteccion - INFO - Precios: 42769.4, 1.626e-05, 2.216
2025-05-21 12:35:30,332 - deteccion - INFO - Factores: 2.338120244847952e-05, 61500.61500615006, 2.216
2025-05-21 12:35:30,332 - deteccion - INFO - Rentabilidad Bruta: 218.651566%
2025-05-21 12:35:30,333 - deteccion - INFO - Oportunidad encontrada (A->B->C->A): BUSD -> BTC -> ONT -> BUSD
2025-05-21 12:35:30,333 - deteccion - INFO - Pares: BTCBUSD, ONTBTC, ONTBUSD
2025-05-21 12:35:30,333 - deteccion - INFO - Precios: 42769.4, 1.4e-06, 0.1574
2025-05-21 12:35:30,333 - deteccion - INFO - Factores: 2.338120244847952e-05, 714285.7142857143, 0.1574
2025-05-21 12:35:30,333 - deteccion - INFO - Rentabilidad Bruta: 162.871519%
2025-05-21 12:35:30,334 - deteccion - INFO - Oportunidad encontrada (A->B->C->A): BUSD -> BTC -> COS -> BUSD
2025-05-21 12:35:30,334 - deteccion - INFO - Pares: BTCBUSD, COSBTC, COSBUSD
2025-05-21 12:35:30,334 - deteccion - INFO - Precios: 42769.4, 8e-08, 0.00517
2025-05-21 12:35:30,334 - deteccion - INFO - Factores: 2.338120244847952e-05, 12500000.0, 0.00517
2025-05-21 12:35:30,334 - deteccion - INFO - Rentabilidad Bruta: 51.101021%
2025-05-21 12:35:30,335 - deteccion - INFO - Oportunidad encontrada (A->B->C->A): BUSD -> BTC -> DOCK -> BUSD
2025-05-21 12:35:30,335 - deteccion - INFO - Pares: BTCBUSD, DOCKBTC, DOCKBUSD
2025-05-21 12:35:30,335 - deteccion - INFO - Precios: 42769.4, 5e-08, 0.01527
2025-05-21 12:35:30,335 - deteccion - INFO - Factores: 2.338120244847952e-05, 20000000.0, 0.01527
2025-05-21 12:35:30,335 - deteccion - INFO - Rentabilidad Bruta: 614.061923%
2025-05-21 12:35:30,336 - deteccion - INFO - Oportunidad encontrada (A->B->C->A): BUSD -> BTC -> SNX -> BUSD
2025-05-21 12:35:30,336 - deteccion - INFO - Pares: BTCBUSD, SNXBTC, SNXBUSD
2025-05-21 12:35:30,336 - deteccion - INFO - Precios: 42769.4, 7.58e-06, 1.936
2025-05-21 12:35:30,336 - deteccion - INFO - Factores: 2.338120244847952e-05, 131926.12137203166, 1.936
2025-05-21 12:35:30,336 - deteccion - INFO - Rentabilidad Bruta: 497.176886%
2025-05-21 12:35:30,337 - deteccion - INFO - Oportunidad encontrada (A->B->C->A): BUSD -> BTC -> REQ -> BUSD
2025-05-21 12:35:30,337 - deteccion - INFO - Pares: BTCBUSD, REQBTC, REQBUSD
2025-05-21 12:35:30,337 - deteccion - INFO - Precios: 42769.4, 1.41e-06, 0.0633
2025-05-21 12:35:30,337 - deteccion - INFO - Factores: 2.338120244847952e-05, 709219.8581560283, 0.0633
2025-05-21 12:35:30,338 - deteccion - INFO - Rentabilidad Bruta: 4.966675%
2025-05-21 12:35:30,338 - deteccion - INFO - Oportunidad encontrada (A->B->C->A): BUSD -> BTC -> ELF -> BUSD
2025-05-21 12:35:30,338 - deteccion - INFO - Pares: BTCBUSD, ELFBTC, ELFBUSD
2025-05-21 12:35:30,338 - deteccion - INFO - Precios: 42769.4, 2.74e-06, 0.3403
2025-05-21 12:35:30,338 - deteccion - INFO - Factores: 2.338120244847952e-05, 364963.503649635, 0.3403
2025-05-21 12:35:30,338 - deteccion - INFO - Rentabilidad Bruta: 190.387708%
2025-05-21 12:35:30,339 - deteccion - INFO - Oportunidad encontrada (A->B->C->A): BUSD -> BTC -> STPT -> BUSD
2025-05-21 12:35:30,339 - deteccion - INFO - Pares: BTCBUSD, STPTBTC, STPTBUSD
2025-05-21 12:35:30,339 - deteccion - INFO - Precios: 42769.4, 6.7e-07, 0.04185
2025-05-21 12:35:30,339 - deteccion - INFO - Factores: 2.338120244847952e-05, 1492537.3134328357, 0.04185
2025-05-21 12:35:30,339 - deteccion - INFO - Rentabilidad Bruta: 46.045272%
2025-05-21 12:35:30,339 - deteccion - INFO - Oportunidad encontrada (A->B->C->A): BUSD -> BTC -> COMP -> BUSD
2025-05-21 12:35:30,340 - deteccion - INFO - Pares: BTCBUSD, COMPBTC, COMPBUSD
2025-05-21 12:35:30,340 - deteccion - INFO - Precios: 42769.4, 0.000404, 45.79
2025-05-21 12:35:30,340 - deteccion - INFO - Factores: 2.338120244847952e-05, 2475.2475247524753, 45.79
2025-05-21 12:35:30,340 - deteccion - INFO - Rentabilidad Bruta: 165.006253%
2025-05-21 12:35:30,340 - deteccion - INFO - Oportunidad encontrada (A->B->C->A): BUSD -> BTC -> XMR -> BUSD
2025-05-21 12:35:30,340 - deteccion - INFO - Pares: BTCBUSD, XMRBTC, XMRBUSD
2025-05-21 12:35:30,340 - deteccion - INFO - Precios: 42769.4, 0.002287, 170.2
2025-05-21 12:35:30,341 - deteccion - INFO - Factores: 2.338120244847952e-05, 437.25404459991256, 170.2
2025-05-21 12:35:30,341 - deteccion - INFO - Rentabilidad Bruta: 74.004401%
2025-05-21 12:35:30,341 - deteccion - INFO - Oportunidad encontrada (A->B->C->A): BUSD -> BTC -> DUSK -> BUSD
2025-05-21 12:35:30,341 - deteccion - INFO - Pares: BTCBUSD, DUSKBTC, DUSKBUSD
2025-05-21 12:35:30,341 - deteccion - INFO - Precios: 42769.4, 8.2e-07, 0.1431
2025-05-21 12:35:30,341 - deteccion - INFO - Factores: 2.338120244847952e-05, 1219512.1951219512, 0.1431
2025-05-21 12:35:30,341 - deteccion - INFO - Rentabilidad Bruta: 308.030496%
2025-05-21 12:35:30,342 - deteccion - INFO - Oportunidad encontrada (A->B->C->A): BUSD -> BTC -> PHB -> BUSD
2025-05-21 12:35:30,342 - deteccion - INFO - Pares: BTCBUSD, PHBBTC, PHBBUSD
2025-05-21 12:35:30,342 - deteccion - INFO - Precios: 42769.4, 5.72e-06, 0.6588
2025-05-21 12:35:30,342 - deteccion - INFO - Factores: 2.338120244847952e-05, 174825.17482517482, 0.6588
2025-05-21 12:35:30,342 - deteccion - INFO - Rentabilidad Bruta: 169.292590%
2025-05-21 12:35:30,342 - deteccion - INFO - Oportunidad encontrada (A->B->C->A): BUSD -> BTC -> MANA -> BUSD
2025-05-21 12:35:30,342 - deteccion - INFO - Pares: BTCBUSD, MANABTC, MANABUSD
2025-05-21 12:35:30,343 - deteccion - INFO - Precios: 42769.4, 3.01e-06, 0.4388
2025-05-21 12:35:30,343 - deteccion - INFO - Factores: 2.338120244847952e-05, 332225.9136212625, 0.4388
2025-05-21 12:35:30,343 - deteccion - INFO - Rentabilidad Bruta: 240.852878%
2025-05-21 12:35:30,343 - deteccion - INFO - Oportunidad encontrada (A->B->C->A): BUSD -> BTC -> BAND -> BUSD
2025-05-21 12:35:30,343 - deteccion - INFO - Pares: BTCBUSD, BANDBTC, BANDBUSD
2025-05-21 12:35:30,343 - deteccion - INFO - Precios: 42769.4, 7.12e-06, 1.539
2025-05-21 12:35:30,343 - deteccion - INFO - Factores: 2.338120244847952e-05, 140449.4382022472, 1.539
2025-05-21 12:35:30,344 - deteccion - INFO - Rentabilidad Bruta: 405.388632%
2025-05-21 12:35:30,344 - deteccion - INFO - Oportunidad encontrada (A->B->C->A): BUSD -> BTC -> RVN -> BUSD
2025-05-21 12:35:30,344 - deteccion - INFO - Pares: BTCBUSD, RVNBTC, RVNBUSD
2025-05-21 12:35:30,344 - deteccion - INFO - Precios: 42769.4, 1.1e-07, 0.01525
2025-05-21 12:35:30,344 - deteccion - INFO - Factores: 2.338120244847952e-05, 9090909.09090909, 0.01525
2025-05-21 12:35:30,344 - deteccion - INFO - Rentabilidad Bruta: 224.148488%
2025-05-21 12:35:30,344 - deteccion - INFO - Oportunidad encontrada (A->B->C->A): BUSD -> BTC -> POWR -> BUSD
2025-05-21 12:35:30,345 - deteccion - INFO - Pares: BTCBUSD, POWRBTC, POWRBUSD
2025-05-21 12:35:30,345 - deteccion - INFO - Precios: 42769.4, 1.7e-06, 0.1504
2025-05-21 12:35:30,345 - deteccion - INFO - Factores: 2.338120244847952e-05, 588235.2941176471, 0.1504
2025-05-21 12:35:30,345 - deteccion - INFO - Rentabilidad Bruta: 106.854873%
2025-05-21 12:35:30,345 - deteccion - INFO - Oportunidad encontrada (A->B->C->A): BUSD -> BTC -> FIO -> BUSD
2025-05-21 12:35:30,345 - deteccion - INFO - Pares: BTCBUSD, FIOBTC, FIOBUSD
2025-05-21 12:35:30,346 - deteccion - INFO - Precios: 42769.4, 1.7e-07, 0.01922
2025-05-21 12:35:30,346 - deteccion - INFO - Factores: 2.338120244847952e-05, 5882352.941176471, 0.01922
2025-05-21 12:35:30,346 - deteccion - INFO - Rentabilidad Bruta: 164.345124%
2025-05-21 12:35:30,346 - deteccion - INFO - Oportunidad encontrada (A->B->C->A): BUSD -> BTC -> IOTX -> BUSD
2025-05-21 12:35:30,346 - deteccion - INFO - Pares: BTCBUSD, IOTXBTC, IOTXBUSD
2025-05-21 12:35:30,346 - deteccion - INFO - Precios: 42769.4, 1.9e-07, 0.02148
2025-05-21 12:35:30,347 - deteccion - INFO - Factores: 2.338120244847952e-05, 5263157.894736842, 0.02148
2025-05-21 12:35:30,347 - deteccion - INFO - Rentabilidad Bruta: 164.330647%
2025-05-21 12:35:30,347 - deteccion - INFO - Oportunidad encontrada (A->B->C->A): BUSD -> BTC -> ZEN -> BUSD
2025-05-21 12:35:30,347 - deteccion - INFO - Pares: BTCBUSD, ZENBTC, ZENBUSD
2025-05-21 12:35:30,347 - deteccion - INFO - Precios: 42769.4, 9.14e-05, 7.19
2025-05-21 12:35:30,347 - deteccion - INFO - Factores: 2.338120244847952e-05, 10940.919037199124, 7.19
2025-05-21 12:35:30,348 - deteccion - INFO - Rentabilidad Bruta: 83.928715%
2025-05-21 12:35:30,348 - deteccion - INFO - Oportunidad encontrada (A->B->C->A): BUSD -> AUD -> ADA -> BUSD
2025-05-21 12:35:30,348 - deteccion - INFO - Pares: AUDBUSD, ADAAUD, ADABUSD
2025-05-21 12:35:30,348 - deteccion - INFO - Precios: 0.7255, 0.5054, 0.6374
2025-05-21 12:35:30,348 - deteccion - INFO - Factores: 1.3783597518952446, 1.9786307874950535, 0.6374
2025-05-21 12:35:30,348 - deteccion - INFO - Rentabilidad Bruta: 73.835874%
2025-05-21 12:35:30,349 - deteccion - INFO - Oportunidad encontrada (A->B->C->A): BUSD -> AUD -> XRP -> BUSD
2025-05-21 12:35:30,349 - deteccion - INFO - Pares: AUDBUSD, XRPAUD, XRPBUSD
2025-05-21 12:35:30,349 - deteccion - INFO - Precios: 0.7255, 0.7, 0.6345
2025-05-21 12:35:30,350 - deteccion - INFO - Factores: 1.3783597518952446, 1.4285714285714286, 0.6345
2025-05-21 12:35:30,350 - deteccion - INFO - Rentabilidad Bruta: 24.938466%
2025-05-21 12:35:30,350 - deteccion - INFO - Oportunidad encontrada (A->B->C->A): BUSD -> AUD -> FTM -> BUSD
2025-05-21 12:35:30,350 - deteccion - INFO - Pares: AUDBUSD, FTMAUD, FTMBUSD
2025-05-21 12:35:30,350 - deteccion - INFO - Precios: 0.7255, 0.42, 0.4218
2025-05-21 12:35:30,351 - deteccion - INFO - Factores: 1.3783597518952446, 2.380952380952381, 0.4218
2025-05-21 12:35:30,351 - deteccion - INFO - Rentabilidad Bruta: 38.426701%
2025-05-21 12:35:30,351 - deteccion - INFO - Oportunidad encontrada (A->B->C->A): BUSD -> ADA -> USDT -> BUSD
2025-05-21 12:35:30,351 - deteccion - INFO - Pares: ADABUSD, ADAUSDT, BUSDUSDT
2025-05-21 12:35:30,351 - deteccion - INFO - Precios: 0.6374, 0.7768, 1.0003
2025-05-21 12:35:30,352 - deteccion - INFO - Factores: 1.5688735487919674, 0.7768, 0.9997000899730081
2025-05-21 12:35:30,352 - deteccion - INFO - Rentabilidad Bruta: 21.833547%
2025-05-21 12:35:30,352 - deteccion - INFO - Oportunidad encontrada (A->B->C->A): BUSD -> XRP -> USDT -> BUSD
2025-05-21 12:35:30,352 - deteccion - INFO - Pares: XRPBUSD, XRPUSDT, BUSDUSDT
2025-05-21 12:35:30,352 - deteccion - INFO - Precios: 0.6345, 2.4205, 1.0003
2025-05-21 12:35:30,352 - deteccion - INFO - Factores: 1.5760441292356187, 2.4205, 0.9997000899730081
2025-05-21 12:35:30,352 - deteccion - INFO - Rentabilidad Bruta: 281.367071%
2025-05-21 12:35:30,353 - deteccion - INFO - Oportunidad encontrada (A->B->C->A): BUSD -> XRP -> TRX -> BUSD
2025-05-21 12:35:30,353 - deteccion - INFO - Pares: XRPBUSD, TRXXRP, TRXBUSD
2025-05-21 12:35:30,353 - deteccion - INFO - Precios: 0.6345, 0.1128, 0.10329
2025-05-21 12:35:30,353 - deteccion - INFO - Factores: 1.5760441292356187, 8.865248226950355, 0.10329
2025-05-21 12:35:30,353 - deteccion - INFO - Rentabilidad Bruta: 44.317020%
2025-05-21 12:35:30,353 - deteccion - INFO - Oportunidad encontrada (A->B->C->A): BUSD -> USDT -> ARK -> BUSD
2025-05-21 12:35:30,353 - deteccion - INFO - Pares: BUSDUSDT, ARKUSDT, ARKBUSD
2025-05-21 12:35:30,354 - deteccion - INFO - Precios: 1.0003, 0.426, 0.5356
2025-05-21 12:35:30,354 - deteccion - INFO - Factores: 1.0003, 2.347417840375587, 0.5356
2025-05-21 12:35:30,354 - deteccion - INFO - Rentabilidad Bruta: 25.765418%
2025-05-21 12:35:30,354 - deteccion - INFO - Oportunidad encontrada (A->B->C->A): BUSD -> USDT -> HIVE -> BUSD
2025-05-21 12:35:30,354 - deteccion - INFO - Pares: BUSDUSDT, HIVEUSDT, HIVEBUSD
2025-05-21 12:35:30,354 - deteccion - INFO - Precios: 1.0003, 0.2665, 0.2758
2025-05-21 12:35:30,355 - deteccion - INFO - Factores: 1.0003, 3.7523452157598496, 0.2758
2025-05-21 12:35:30,355 - deteccion - INFO - Rentabilidad Bruta: 3.520728%
2025-05-21 12:35:30,355 - deteccion - INFO - Oportunidad encontrada (A->B->C->A): BUSD -> USDT -> CTXC -> BUSD
2025-05-21 12:35:30,355 - deteccion - INFO - Pares: BUSDUSDT, CTXCUSDT, CTXCBUSD
2025-05-21 12:35:30,355 - deteccion - INFO - Precios: 1.0003, 0.0634, 0.115
2025-05-21 12:35:30,355 - deteccion - INFO - Factores: 1.0003, 15.772870662460567, 0.115
2025-05-21 12:35:30,355 - deteccion - INFO - Rentabilidad Bruta: 81.442429%
2025-05-21 12:35:30,356 - deteccion - INFO - Oportunidad encontrada (A->B->C->A): BUSD -> USDT -> CTSI -> BUSD
2025-05-21 12:35:30,356 - deteccion - INFO - Pares: BUSDUSDT, CTSIUSDT, CTSIBUSD
2025-05-21 12:35:30,356 - deteccion - INFO - Precios: 1.0003, 0.075, 0.1642
2025-05-21 12:35:30,356 - deteccion - INFO - Factores: 1.0003, 13.333333333333334, 0.1642
2025-05-21 12:35:30,356 - deteccion - INFO - Rentabilidad Bruta: 118.999013%
2025-05-21 12:35:30,356 - deteccion - INFO - Oportunidad encontrada (A->B->C->A): BUSD -> USDT -> MTL -> BUSD
2025-05-21 12:35:30,356 - deteccion - INFO - Pares: BUSDUSDT, MTLUSDT, MTLBUSD
2025-05-21 12:35:30,356 - deteccion - INFO - Precios: 1.0003, 0.833, 1.353
2025-05-21 12:35:30,357 - deteccion - INFO - Factores: 1.0003, 1.2004801920768309, 1.353
2025-05-21 12:35:30,357 - deteccion - INFO - Rentabilidad Bruta: 62.473697%
2025-05-21 12:35:30,357 - deteccion - INFO - Oportunidad encontrada (A->B->C->A): BUSD -> USDT -> TOMO -> BUSD
2025-05-21 12:35:30,357 - deteccion - INFO - Pares: BUSDUSDT, TOMOUSDT, TOMOBUSD
2025-05-21 12:35:30,357 - deteccion - INFO - Precios: 1.0003, 1.3819, 1.7807
2025-05-21 12:35:30,357 - deteccion - INFO - Factores: 1.0003, 0.7236413633403286, 1.7807
2025-05-21 12:35:30,358 - deteccion - INFO - Rentabilidad Bruta: 28.897475%
2025-05-21 12:35:30,358 - deteccion - INFO - Oportunidad encontrada (A->B->C->A): BUSD -> USDT -> CHZ -> BUSD
2025-05-21 12:35:30,358 - deteccion - INFO - Pares: BUSDUSDT, CHZUSDT, CHZBUSD
2025-05-21 12:35:30,358 - deteccion - INFO - Precios: 1.0003, 0.04597, 0.0746
2025-05-21 12:35:30,358 - deteccion - INFO - Factores: 1.0003, 21.75331738090059, 0.0746
2025-05-21 12:35:30,358 - deteccion - INFO - Rentabilidad Bruta: 62.328432%
2025-05-21 12:35:30,358 - deteccion - INFO - Oportunidad encontrada (A->B->C->A): BUSD -> USDT -> OMG -> BUSD
2025-05-21 12:35:30,359 - deteccion - INFO - Pares: BUSDUSDT, OMGUSDT, OMGBUSD
2025-05-21 12:35:30,359 - deteccion - INFO - Precios: 1.0003, 0.383, 0.466
2025-05-21 12:35:30,359 - deteccion - INFO - Factores: 1.0003, 2.6109660574412534, 0.466
2025-05-21 12:35:30,359 - deteccion - INFO - Rentabilidad Bruta: 21.707520%
2025-05-21 12:35:30,359 - deteccion - INFO - Oportunidad encontrada (A->B->C->A): BUSD -> USDT -> KNC -> BUSD
2025-05-21 12:35:30,359 - deteccion - INFO - Pares: BUSDUSDT, KNCUSDT, KNCBUSD
2025-05-21 12:35:30,359 - deteccion - INFO - Precios: 1.0003, 0.3764, 0.637
2025-05-21 12:35:30,360 - deteccion - INFO - Factores: 1.0003, 2.6567481402763016, 0.637
2025-05-21 12:35:30,360 - deteccion - INFO - Rentabilidad Bruta: 69.285627%
2025-05-21 12:35:30,360 - deteccion - INFO - Oportunidad encontrada (A->B->C->A): BUSD -> USDT -> LSK -> BUSD
2025-05-21 12:35:30,360 - deteccion - INFO - Pares: BUSDUSDT, LSKUSDT, LSKBUSD
2025-05-21 12:35:30,360 - deteccion - INFO - Precios: 1.0003, 0.54, 0.844
2025-05-21 12:35:30,360 - deteccion - INFO - Factores: 1.0003, 1.8518518518518516, 0.844
2025-05-21 12:35:30,360 - deteccion - INFO - Rentabilidad Bruta: 56.343185%
2025-05-21 12:35:30,361 - deteccion - INFO - Oportunidad encontrada (A->B->C->A): BUSD -> USDT -> NKN -> BUSD
2025-05-21 12:35:30,361 - deteccion - INFO - Pares: BUSDUSDT, NKNUSDT, NKNBUSD
2025-05-21 12:35:30,361 - deteccion - INFO - Precios: 1.0003, 0.0375, 0.0972
2025-05-21 12:35:30,361 - deteccion - INFO - Factores: 1.0003, 26.666666666666668, 0.0972
2025-05-21 12:35:30,361 - deteccion - INFO - Rentabilidad Bruta: 159.277760%
2025-05-21 12:35:30,361 - deteccion - INFO - Oportunidad encontrada (A->B->C->A): BUSD -> USDT -> OGN -> BUSD
2025-05-21 12:35:30,361 - deteccion - INFO - Pares: BUSDUSDT, OGNUSDT, OGNBUSD
2025-05-21 12:35:30,362 - deteccion - INFO - Precios: 1.0003, 0.0674, 0.1129
2025-05-21 12:35:30,362 - deteccion - INFO - Factores: 1.0003, 14.836795252225519, 0.1129
2025-05-21 12:35:30,362 - deteccion - INFO - Rentabilidad Bruta: 67.557671%
2025-05-21 12:35:30,362 - deteccion - INFO - Oportunidad encontrada (A->B->C->A): BUSD -> USDT -> GTO -> BUSD
2025-05-21 12:35:30,362 - deteccion - INFO - Pares: BUSDUSDT, GTOUSDT, GTOBUSD
2025-05-21 12:35:30,362 - deteccion - INFO - Precios: 1.0003, 0.01233, 0.02863
2025-05-21 12:35:30,362 - deteccion - INFO - Factores: 1.0003, 81.10300081103, 0.02863
2025-05-21 12:35:30,363 - deteccion - INFO - Rentabilidad Bruta: 132.267551%
2025-05-21 12:35:30,363 - deteccion - INFO - Oportunidad encontrada (A->B->C->A): BUSD -> USDT -> CHR -> BUSD
2025-05-21 12:35:30,363 - deteccion - INFO - Pares: BUSDUSDT, CHRUSDT, CHRBUSD
2025-05-21 12:35:30,363 - deteccion - INFO - Precios: 1.0003, 0.1069, 0.1085
2025-05-21 12:35:30,363 - deteccion - INFO - Factores: 1.0003, 9.354536950420954, 0.1085
2025-05-21 12:35:30,363 - deteccion - INFO - Rentabilidad Bruta: 1.527175%
2025-05-21 12:35:30,364 - deteccion - INFO - Oportunidad encontrada (A->B->C->A): BUSD -> USDT -> MDT -> BUSD
2025-05-21 12:35:30,364 - deteccion - INFO - Pares: BUSDUSDT, MDTUSDT, MDTBUSD
2025-05-21 12:35:30,364 - deteccion - INFO - Precios: 1.0003, 0.02993, 0.04578
2025-05-21 12:35:30,364 - deteccion - INFO - Factores: 1.0003, 33.41129301703976, 0.04578
2025-05-21 12:35:30,364 - deteccion - INFO - Rentabilidad Bruta: 53.002787%
2025-05-21 12:35:30,364 - deteccion - INFO - Oportunidad encontrada (A->B->C->A): BUSD -> USDT -> SC -> BUSD
2025-05-21 12:35:30,365 - deteccion - INFO - Pares: BUSDUSDT, SCUSDT, SCBUSD
2025-05-21 12:35:30,365 - deteccion - INFO - Precios: 1.0003, 0.003544, 0.003664
2025-05-21 12:35:30,365 - deteccion - INFO - Factores: 1.0003, 282.16704288939053, 0.003664
2025-05-21 12:35:30,365 - deteccion - INFO - Rentabilidad Bruta: 3.417020%
2025-05-21 12:35:30,366 - deteccion - INFO - Oportunidad encontrada (A->B->C->A): BUSD -> USDT -> NEO -> BUSD
2025-05-21 12:35:30,366 - deteccion - INFO - Pares: BUSDUSDT, NEOUSDT, NEOBUSD
2025-05-21 12:35:30,366 - deteccion - INFO - Precios: 1.0003, 6.72, 6.73
2025-05-21 12:35:30,366 - deteccion - INFO - Factores: 1.0003, 0.1488095238095238, 6.73
2025-05-21 12:35:30,366 - deteccion - INFO - Rentabilidad Bruta: 0.178854%
2025-05-21 12:35:30,367 - deteccion - INFO - Oportunidad encontrada (A->B->C->A): BUSD -> USDT -> SXP -> BUSD
2025-05-21 12:35:30,367 - deteccion - INFO - Pares: BUSDUSDT, SXPUSDT, SXPBUSD
2025-05-21 12:35:30,367 - deteccion - INFO - Precios: 1.0003, 0.2041, 0.3721
2025-05-21 12:35:30,367 - deteccion - INFO - Factores: 1.0003, 4.899559039686428, 0.3721
2025-05-21 12:35:30,368 - deteccion - INFO - Rentabilidad Bruta: 82.367286%
2025-05-21 12:35:30,368 - deteccion - INFO - Oportunidad encontrada (A->B->C->A): BUSD -> USDT -> RUNE -> BUSD
2025-05-21 12:35:30,368 - deteccion - INFO - Pares: BUSDUSDT, RUNEUSDT, RUNEBUSD
2025-05-21 12:35:30,368 - deteccion - INFO - Precios: 1.0003, 1.952, 5.462
2025-05-21 12:35:30,369 - deteccion - INFO - Factores: 1.0003, 0.5122950819672131, 5.462
2025-05-21 12:35:30,369 - deteccion - INFO - Rentabilidad Bruta: 179.899518%
2025-05-21 12:35:30,369 - deteccion - INFO - Oportunidad encontrada (A->B->C->A): BUSD -> USDT -> ENJ -> BUSD
2025-05-21 12:35:30,369 - deteccion - INFO - Pares: BUSDUSDT, ENJUSDT, ENJBUSD
2025-05-21 12:35:30,369 - deteccion - INFO - Precios: 1.0003, 0.0912, 0.2607
2025-05-21 12:35:30,369 - deteccion - INFO - Factores: 1.0003, 10.964912280701753, 0.2607
2025-05-21 12:35:30,370 - deteccion - INFO - Rentabilidad Bruta: 185.941020%
2025-05-21 12:35:30,370 - deteccion - INFO - Oportunidad encontrada (A->B->C->A): BUSD -> USDT -> BAT -> BUSD
2025-05-21 12:35:30,370 - deteccion - INFO - Pares: BUSDUSDT, BATUSDT, BATBUSD
2025-05-21 12:35:30,370 - deteccion - INFO - Precios: 1.0003, 0.1518, 0.1709
2025-05-21 12:35:30,370 - deteccion - INFO - Factores: 1.0003, 6.587615283267458, 0.1709
2025-05-21 12:35:30,370 - deteccion - INFO - Rentabilidad Bruta: 12.616120%
2025-05-21 12:35:30,370 - deteccion - INFO - Oportunidad encontrada (A->B->C->A): BUSD -> USDT -> WAVES -> BUSD
2025-05-21 12:35:30,371 - deteccion - INFO - Pares: BUSDUSDT, WAVESUSDT, WAVESBUSD
2025-05-21 12:35:30,371 - deteccion - INFO - Precios: 1.0003, 1.076, 2.216
2025-05-21 12:35:30,371 - deteccion - INFO - Factores: 1.0003, 0.929368029739777, 2.216
2025-05-21 12:35:30,371 - deteccion - INFO - Rentabilidad Bruta: 106.009740%
2025-05-21 12:35:30,371 - deteccion - INFO - Oportunidad encontrada (A->B->C->A): BUSD -> USDT -> ONT -> BUSD
2025-05-21 12:35:30,371 - deteccion - INFO - Pares: BUSDUSDT, ONTUSDT, ONTBUSD
2025-05-21 12:35:30,371 - deteccion - INFO - Precios: 1.0003, 0.1542, 0.1574
2025-05-21 12:35:30,371 - deteccion - INFO - Factores: 1.0003, 6.485084306095979, 0.1574
2025-05-21 12:35:30,372 - deteccion - INFO - Rentabilidad Bruta: 2.105850%
2025-05-21 12:35:30,372 - deteccion - INFO - Oportunidad encontrada (A->B->C->A): BUSD -> USDT -> COS -> BUSD
2025-05-21 12:35:30,372 - deteccion - INFO - Pares: BUSDUSDT, COSUSDT, COSBUSD
2025-05-21 12:35:30,372 - deteccion - INFO - Precios: 1.0003, 0.003862, 0.00517
2025-05-21 12:35:30,372 - deteccion - INFO - Factores: 1.0003, 258.9331952356292, 0.00517
2025-05-21 12:35:30,372 - deteccion - INFO - Rentabilidad Bruta: 33.908622%
2025-05-21 12:35:30,372 - deteccion - INFO - Oportunidad encontrada (A->B->C->A): BUSD -> USDT -> DOCK -> BUSD
2025-05-21 12:35:30,373 - deteccion - INFO - Pares: BUSDUSDT, DOCKUSDT, DOCKBUSD
2025-05-21 12:35:30,373 - deteccion - INFO - Precios: 1.0003, 0.0039, 0.01527
2025-05-21 12:35:30,373 - deteccion - INFO - Factores: 1.0003, 256.4102564102564, 0.01527
2025-05-21 12:35:30,373 - deteccion - INFO - Rentabilidad Bruta: 291.655923%
2025-05-21 12:35:30,373 - deteccion - INFO - Oportunidad encontrada (A->B->C->A): BUSD -> USDT -> SNX -> BUSD
2025-05-21 12:35:30,373 - deteccion - INFO - Pares: BUSDUSDT, SNXUSDT, SNXBUSD
2025-05-21 12:35:30,373 - deteccion - INFO - Precios: 1.0003, 0.831, 1.936
2025-05-21 12:35:30,374 - deteccion - INFO - Factores: 1.0003, 1.203369434416366, 1.936
2025-05-21 12:35:30,374 - deteccion - INFO - Rentabilidad Bruta: 133.042214%
2025-05-21 12:35:30,374 - deteccion - INFO - Oportunidad encontrada (A->B->C->A): BUSD -> USDT -> ELF -> BUSD
2025-05-21 12:35:30,374 - deteccion - INFO - Pares: BUSDUSDT, ELFUSDT, ELFBUSD
2025-05-21 12:35:30,374 - deteccion - INFO - Precios: 1.0003, 0.2272, 0.3403
2025-05-21 12:35:30,374 - deteccion - INFO - Factores: 1.0003, 4.401408450704225, 0.3403
2025-05-21 12:35:30,375 - deteccion - INFO - Rentabilidad Bruta: 49.824864%
2025-05-21 12:35:30,375 - deteccion - INFO - Oportunidad encontrada (A->B->C->A): BUSD -> USDT -> COMP -> BUSD
2025-05-21 12:35:30,375 - deteccion - INFO - Pares: BUSDUSDT, COMPUSDT, COMPBUSD
2025-05-21 12:35:30,375 - deteccion - INFO - Precios: 1.0003, 44.32, 45.79
2025-05-21 12:35:30,375 - deteccion - INFO - Factores: 1.0003, 0.02256317689530686, 45.79
2025-05-21 12:35:30,376 - deteccion - INFO - Rentabilidad Bruta: 3.347782%
2025-05-21 12:35:30,376 - deteccion - INFO - Oportunidad encontrada (A->B->C->A): BUSD -> USDT -> XMR -> BUSD
2025-05-21 12:35:30,376 - deteccion - INFO - Pares: BUSDUSDT, XMRUSDT, XMRBUSD
2025-05-21 12:35:30,376 - deteccion - INFO - Precios: 1.0003, 118.7, 170.2
2025-05-21 12:35:30,376 - deteccion - INFO - Factores: 1.0003, 0.008424599831508003, 170.2
2025-05-21 12:35:30,376 - deteccion - INFO - Rentabilidad Bruta: 43.429705%
2025-05-21 12:35:30,377 - deteccion - INFO - Oportunidad encontrada (A->B->C->A): BUSD -> USDT -> DUSK -> BUSD
2025-05-21 12:35:30,377 - deteccion - INFO - Pares: BUSDUSDT, DUSKUSDT, DUSKBUSD
2025-05-21 12:35:30,377 - deteccion - INFO - Precios: 1.0003, 0.0902, 0.1431
2025-05-21 12:35:30,377 - deteccion - INFO - Factores: 1.0003, 11.086474501108647, 0.1431
2025-05-21 12:35:30,377 - deteccion - INFO - Rentabilidad Bruta: 58.695044%
2025-05-21 12:35:30,377 - deteccion - INFO - Oportunidad encontrada (A->B->C->A): BUSD -> USDT -> DREP -> BUSD
2025-05-21 12:35:30,378 - deteccion - INFO - Pares: BUSDUSDT, DREPUSDT, DREPBUSD
2025-05-21 12:35:30,378 - deteccion - INFO - Precios: 1.0003, 0.0256, 0.2536
2025-05-21 12:35:30,378 - deteccion - INFO - Factores: 1.0003, 39.0625, 0.2536
2025-05-21 12:35:30,378 - deteccion - INFO - Rentabilidad Bruta: 890.922188%
2025-05-21 12:35:30,378 - deteccion - INFO - Oportunidad encontrada (A->B->C->A): BUSD -> USDT -> PHB -> BUSD
2025-05-21 12:35:30,378 - deteccion - INFO - Pares: BUSDUSDT, PHBUSDT, PHBBUSD
2025-05-21 12:35:30,379 - deteccion - INFO - Precios: 1.0003, 0.626, 0.6588
2025-05-21 12:35:30,379 - deteccion - INFO - Factores: 1.0003, 1.597444089456869, 0.6588
2025-05-21 12:35:30,379 - deteccion - INFO - Rentabilidad Bruta: 5.271188%
2025-05-21 12:35:30,379 - deteccion - INFO - Oportunidad encontrada (A->B->C->A): BUSD -> USDT -> MANA -> BUSD
2025-05-21 12:35:30,379 - deteccion - INFO - Pares: BUSDUSDT, MANAUSDT, MANABUSD
2025-05-21 12:35:30,380 - deteccion - INFO - Precios: 1.0003, 0.3299, 0.4388
2025-05-21 12:35:30,380 - deteccion - INFO - Factores: 1.0003, 3.0312215822976656, 0.4388
2025-05-21 12:35:30,380 - deteccion - INFO - Rentabilidad Bruta: 33.049906%
2025-05-21 12:35:30,380 - deteccion - INFO - Oportunidad encontrada (A->B->C->A): BUSD -> USDT -> BAND -> BUSD
2025-05-21 12:35:30,381 - deteccion - INFO - Pares: BUSDUSDT, BANDUSDT, BANDBUSD
2025-05-21 12:35:30,381 - deteccion - INFO - Precios: 1.0003, 0.784, 1.539
2025-05-21 12:35:30,381 - deteccion - INFO - Factores: 1.0003, 1.2755102040816326, 1.539
2025-05-21 12:35:30,381 - deteccion - INFO - Rentabilidad Bruta: 96.359911%
2025-05-21 12:35:30,381 - deteccion - INFO - Oportunidad encontrada (A->B->C->A): BUSD -> USDT -> RVN -> BUSD
2025-05-21 12:35:30,381 - deteccion - INFO - Pares: BUSDUSDT, RVNUSDT, RVNBUSD
2025-05-21 12:35:30,382 - deteccion - INFO - Precios: 1.0003, 0.01283, 0.01525
2025-05-21 12:35:30,382 - deteccion - INFO - Factores: 1.0003, 77.9423226812159, 0.01525
2025-05-21 12:35:30,382 - deteccion - INFO - Rentabilidad Bruta: 18.897701%
2025-05-21 12:35:30,382 - deteccion - INFO - Oportunidad encontrada (A->B->C->A): BUSD -> USDT -> MBL -> BUSD
2025-05-21 12:35:30,382 - deteccion - INFO - Pares: BUSDUSDT, MBLUSDT, MBLBUSD
2025-05-21 12:35:30,383 - deteccion - INFO - Precios: 1.0003, 0.002401, 0.002658
2025-05-21 12:35:30,383 - deteccion - INFO - Factores: 1.0003, 416.49312786339027, 0.002658
2025-05-21 12:35:30,383 - deteccion - INFO - Rentabilidad Bruta: 10.737085%
2025-05-21 12:35:30,383 - deteccion - INFO - Oportunidad encontrada (A->B->C->A): BUSD -> USDT -> KEY -> BUSD
2025-05-21 12:35:30,383 - deteccion - INFO - Pares: BUSDUSDT, KEYUSDT, KEYBUSD
2025-05-21 12:35:30,384 - deteccion - INFO - Precios: 1.0003, 0.001253, 0.00543
2025-05-21 12:35:30,384 - deteccion - INFO - Factores: 1.0003, 798.0845969672786, 0.00543
2025-05-21 12:35:30,384 - deteccion - INFO - Rentabilidad Bruta: 333.489944%
2025-05-21 12:35:30,384 - deteccion - INFO - Oportunidad encontrada (A->B->C->A): BUSD -> USDT -> FIO -> BUSD
2025-05-21 12:35:30,385 - deteccion - INFO - Pares: BUSDUSDT, FIOUSDT, FIOBUSD
2025-05-21 12:35:30,385 - deteccion - INFO - Precios: 1.0003, 0.0186, 0.01922
2025-05-21 12:35:30,385 - deteccion - INFO - Factores: 1.0003, 53.763440860215056, 0.01922
2025-05-21 12:35:30,385 - deteccion - INFO - Rentabilidad Bruta: 3.364333%
2025-05-21 12:35:30,385 - deteccion - INFO - Oportunidad encontrada (A->B->C->A): BUSD -> USDT -> DNT -> BUSD
2025-05-21 12:35:30,385 - deteccion - INFO - Pares: BUSDUSDT, DNTUSDT, DNTBUSD
2025-05-21 12:35:30,386 - deteccion - INFO - Precios: 1.0003, 0.036, 0.036
2025-05-21 12:35:30,386 - deteccion - INFO - Factores: 1.0003, 27.77777777777778, 0.036
2025-05-21 12:35:30,386 - deteccion - INFO - Rentabilidad Bruta: 0.030000%
2025-05-21 12:35:30,386 - deteccion - INFO - Oportunidad encontrada (A->B->C->A): BUSD -> USDT -> IOTX -> BUSD
2025-05-21 12:35:30,386 - deteccion - INFO - Pares: BUSDUSDT, IOTXUSDT, IOTXBUSD
2025-05-21 12:35:30,386 - deteccion - INFO - Precios: 1.0003, 0.02142, 0.02148
2025-05-21 12:35:30,386 - deteccion - INFO - Factores: 1.0003, 46.68534080298786, 0.02148
2025-05-21 12:35:30,386 - deteccion - INFO - Rentabilidad Bruta: 0.310196%
2025-05-21 12:35:30,387 - deteccion - INFO - Oportunidad encontrada (A->B->C->A): VET -> BNB -> EUR -> VET
2025-05-21 12:35:30,388 - deteccion - INFO - Pares: VETBNB, BNBEUR, VETEUR
2025-05-21 12:35:30,388 - deteccion - INFO - Precios: 4.409e-05, 588.82, 0.02592
2025-05-21 12:35:30,388 - deteccion - INFO - Factores: 4.409e-05, 588.82, 38.58024691358025
2025-05-21 12:35:30,388 - deteccion - INFO - Rentabilidad Bruta: 0.158464%
2025-05-21 12:35:30,388 - deteccion - INFO - Oportunidad encontrada (A->B->C->A): VET -> BNB -> USDC -> VET
2025-05-21 12:35:30,388 - deteccion - INFO - Pares: VETBNB, BNBUSDC, VETUSDC
2025-05-21 12:35:30,389 - deteccion - INFO - Precios: 4.409e-05, 668.21, 0.02945
2025-05-21 12:35:30,389 - deteccion - INFO - Factores: 4.409e-05, 668.21, 33.95585738539898
2025-05-21 12:35:30,389 - deteccion - INFO - Rentabilidad Bruta: 0.038638%
2025-05-21 12:35:30,389 - deteccion - INFO - Oportunidad encontrada (A->B->C->A): VET -> BNB -> USDT -> VET
2025-05-21 12:35:30,389 - deteccion - INFO - Pares: VETBNB, BNBUSDT, VETUSDT
2025-05-21 12:35:30,389 - deteccion - INFO - Precios: 4.409e-05, 667.94, 0.02943
2025-05-21 12:35:30,389 - deteccion - INFO - Factores: 4.409e-05, 667.94, 33.97893306150187
2025-05-21 12:35:30,389 - deteccion - INFO - Rentabilidad Bruta: 0.066173%
2025-05-21 12:35:30,390 - deteccion - INFO - Oportunidad encontrada (A->B->C->A): VET -> USDC -> USDT -> VET
2025-05-21 12:35:30,390 - deteccion - INFO - Pares: VETUSDC, USDCUSDT, VETUSDT
2025-05-21 12:35:30,390 - deteccion - INFO - Precios: 0.02945, 0.9995, 0.02943
2025-05-21 12:35:30,390 - deteccion - INFO - Factores: 0.02945, 0.9995, 33.97893306150187
2025-05-21 12:35:30,390 - deteccion - INFO - Rentabilidad Bruta: 0.017924%
2025-05-21 12:35:30,391 - deteccion - INFO - Oportunidad encontrada (A->B->C->A): VET -> GBP -> BTC -> VET
2025-05-21 12:35:30,391 - deteccion - INFO - Pares: VETGBP, BTCGBP, VETBTC
2025-05-21 12:35:30,391 - deteccion - INFO - Precios: 0.0143, 35986.75, 2.7e-07
2025-05-21 12:35:30,391 - deteccion - INFO - Factores: 0.0143, 2.7788005307509012e-05, 3703703.7037037034
2025-05-21 12:35:30,391 - deteccion - INFO - Rentabilidad Bruta: 47.173510%
2025-05-21 12:35:30,391 - deteccion - INFO - Oportunidad encontrada (A->B->C->A): VET -> ETH -> USDT -> VET
2025-05-21 12:35:30,391 - deteccion - INFO - Pares: VETETH, ETHUSDT, VETUSDT
2025-05-21 12:35:30,391 - deteccion - INFO - Precios: 1.136e-05, 2594.04, 0.02943
2025-05-21 12:35:30,391 - deteccion - INFO - Factores: 1.136e-05, 2594.04, 33.97893306150187
2025-05-21 12:35:30,392 - deteccion - INFO - Rentabilidad Bruta: 0.130120%
2025-05-21 12:35:30,392 - deteccion - INFO - Oportunidad encontrada (A->B->C->A): VET -> BTC -> USDT -> VET
2025-05-21 12:35:30,392 - deteccion - INFO - Pares: VETBTC, BTCUSDT, VETUSDT
2025-05-21 12:35:30,392 - deteccion - INFO - Precios: 2.7e-07, 109376.38, 0.02943
2025-05-21 12:35:30,392 - deteccion - INFO - Factores: 2.7e-07, 109376.38, 33.97893306150187
2025-05-21 12:35:30,392 - deteccion - INFO - Rentabilidad Bruta: 0.345303%
2025-05-21 12:35:30,393 - deteccion - INFO - Oportunidad encontrada (A->B->C->A): ATOM -> EUR -> BTC -> ATOM
2025-05-21 12:35:30,393 - deteccion - INFO - Pares: ATOMEUR, BTCEUR, ATOMBTC
2025-05-21 12:35:30,393 - deteccion - INFO - Precios: 4.439, 96430.78, 4.6e-05
2025-05-21 12:35:30,393 - deteccion - INFO - Factores: 4.439, 1.0370132855920071e-05, 21739.130434782608
2025-05-21 12:35:30,394 - deteccion - INFO - Rentabilidad Bruta: 0.071782%
2025-05-21 12:35:30,394 - deteccion - INFO - Oportunidad encontrada (A->B->C->A): ATOM -> USDC -> BTC -> ATOM
2025-05-21 12:35:30,394 - deteccion - INFO - Pares: ATOMUSDC, BTCUSDC, ATOMBTC
2025-05-21 12:35:30,394 - deteccion - INFO - Precios: 5.042, 109451.16, 4.6e-05
2025-05-21 12:35:30,394 - deteccion - INFO - Factores: 5.042, 9.136495218506592e-06, 21739.130434782608
2025-05-21 12:35:30,394 - deteccion - INFO - Rentabilidad Bruta: 0.143932%
2025-05-21 12:35:30,395 - deteccion - INFO - Oportunidad encontrada (A->B->C->A): ATOM -> USDC -> USDT -> ATOM
2025-05-21 12:35:30,395 - deteccion - INFO - Pares: ATOMUSDC, USDCUSDT, ATOMUSDT
2025-05-21 12:35:30,395 - deteccion - INFO - Precios: 5.042, 0.9995, 5.038
2025-05-21 12:35:30,395 - deteccion - INFO - Factores: 5.042, 0.9995, 0.19849146486701072
2025-05-21 12:35:30,395 - deteccion - INFO - Rentabilidad Bruta: 0.029357%
2025-05-21 12:35:30,396 - deteccion - INFO - Oportunidad encontrada (A->B->C->A): ATOM -> ETH -> BTC -> ATOM
2025-05-21 12:35:30,396 - deteccion - INFO - Pares: ATOMETH, ETHBTC, ATOMBTC
2025-05-21 12:35:30,396 - deteccion - INFO - Precios: 0.001945, 0.02371, 4.6e-05
2025-05-21 12:35:30,396 - deteccion - INFO - Factores: 0.001945, 0.02371, 21739.130434782608
2025-05-21 12:35:30,396 - deteccion - INFO - Rentabilidad Bruta: 0.252065%
2025-05-21 12:35:30,396 - deteccion - INFO - Oportunidad encontrada (A->B->C->A): ATOM -> ETH -> USDT -> ATOM
2025-05-21 12:35:30,396 - deteccion - INFO - Pares: ATOMETH, ETHUSDT, ATOMUSDT
2025-05-21 12:35:30,397 - deteccion - INFO - Precios: 0.001945, 2594.04, 5.038
2025-05-21 12:35:30,397 - deteccion - INFO - Factores: 0.001945, 2594.04, 0.19849146486701072
2025-05-21 12:35:30,397 - deteccion - INFO - Rentabilidad Bruta: 0.147039%
2025-05-21 12:35:30,398 - deteccion - INFO - Oportunidad encontrada (A->B->C->A): BNB -> LTC -> USDC -> BNB
2025-05-21 12:35:30,398 - deteccion - INFO - Pares: LTCBNB, LTCUSDC, BNBUSDC
2025-05-21 12:35:30,399 - deteccion - INFO - Precios: 0.1466, 98.0, 668.21
2025-05-21 12:35:30,399 - deteccion - INFO - Factores: 6.821282401091405, 98.0, 0.0014965355202705736
2025-05-21 12:35:30,400 - deteccion - INFO - Rentabilidad Bruta: 0.041256%
2025-05-21 12:35:30,400 - deteccion - INFO - Oportunidad encontrada (A->B->C->A): BNB -> LTC -> GBP -> BNB
2025-05-21 12:35:30,400 - deteccion - INFO - Pares: LTCBNB, LTCGBP, BNBGBP
2025-05-21 12:35:30,400 - deteccion - INFO - Precios: 0.1466, 63.56, 267.4
2025-05-21 12:35:30,401 - deteccion - INFO - Factores: 6.821282401091405, 63.56, 0.0037397157816005987
2025-05-21 12:35:30,401 - deteccion - INFO - Rentabilidad Bruta: 62.139383%
2025-05-21 12:35:30,401 - deteccion - INFO - Oportunidad encontrada (A->B->C->A): BNB -> LTC -> ETH -> BNB
2025-05-21 12:35:30,401 - deteccion - INFO - Pares: LTCBNB, LTCETH, BNBETH
2025-05-21 12:35:30,402 - deteccion - INFO - Precios: 0.1466, 0.03776, 0.2575
2025-05-21 12:35:30,402 - deteccion - INFO - Factores: 6.821282401091405, 0.03776, 3.883495145631068
2025-05-21 12:35:30,402 - deteccion - INFO - Rentabilidad Bruta: 0.027815%
2025-05-21 12:35:30,402 - deteccion - INFO - Oportunidad encontrada (A->B->C->A): BNB -> LTC -> BTC -> BNB
2025-05-21 12:35:30,402 - deteccion - INFO - Pares: LTCBNB, LTCBTC, BNBBTC
2025-05-21 12:35:30,403 - deteccion - INFO - Precios: 0.1466, 0.000896, 0.006107
2025-05-21 12:35:30,403 - deteccion - INFO - Factores: 6.821282401091405, 0.000896, 163.7465203864418
2025-05-21 12:35:30,403 - deteccion - INFO - Rentabilidad Bruta: 0.079729%
2025-05-21 12:35:30,403 - deteccion - INFO - Oportunidad encontrada (A->B->C->A): BNB -> LTC -> USDT -> BNB
2025-05-21 12:35:30,403 - deteccion - INFO - Pares: LTCBNB, LTCUSDT, BNBUSDT
2025-05-21 12:35:30,403 - deteccion - INFO - Precios: 0.1466, 97.94, 667.94
2025-05-21 12:35:30,403 - deteccion - INFO - Factores: 6.821282401091405, 97.94, 0.0014971404617181183
2025-05-21 12:35:30,403 - deteccion - INFO - Rentabilidad Bruta: 0.020421%
2025-05-21 12:35:30,403 - deteccion - INFO - Oportunidad encontrada (A->B->C->A): BNB -> EUR -> USDC -> BNB
2025-05-21 12:35:30,404 - deteccion - INFO - Pares: BNBEUR, EURUSDC, BNBUSDC
2025-05-21 12:35:30,404 - deteccion - INFO - Precios: 588.82, 1.135, 668.21
2025-05-21 12:35:30,404 - deteccion - INFO - Factores: 588.82, 1.135, 0.0014965355202705736
2025-05-21 12:35:30,404 - deteccion - INFO - Rentabilidad Bruta: 0.015070%
2025-05-21 12:35:30,404 - deteccion - INFO - Oportunidad encontrada (A->B->C->A): BNB -> EUR -> MATIC -> BNB
2025-05-21 12:35:30,404 - deteccion - INFO - Pares: BNBEUR, MATICEUR, MATICBNB
2025-05-21 12:35:30,404 - deteccion - INFO - Precios: 588.82, 0.3444, 0.000734
2025-05-21 12:35:30,404 - deteccion - INFO - Factores: 588.82, 2.9036004645760745, 0.000734
2025-05-21 12:35:30,405 - deteccion - INFO - Rentabilidad Bruta: 25.491835%
2025-05-21 12:35:30,405 - deteccion - INFO - Oportunidad encontrada (A->B->C->A): BNB -> EUR -> LINK -> BNB
2025-05-21 12:35:30,405 - deteccion - INFO - Pares: BNBEUR, LINKEUR, LINKBNB
2025-05-21 12:35:30,405 - deteccion - INFO - Precios: 588.82, 14.38, 0.02445
2025-05-21 12:35:30,405 - deteccion - INFO - Factores: 588.82, 0.06954102920723226, 0.02445
2025-05-21 12:35:30,406 - deteccion - INFO - Rentabilidad Bruta: 0.115779%
2025-05-21 12:35:30,406 - deteccion - INFO - Oportunidad encontrada (A->B->C->A): BNB -> EUR -> ADA -> BNB
2025-05-21 12:35:30,407 - deteccion - INFO - Pares: BNBEUR, ADAEUR, ADABNB
2025-05-21 12:35:30,407 - deteccion - INFO - Precios: 588.82, 0.6848, 0.001164
2025-05-21 12:35:30,407 - deteccion - INFO - Factores: 588.82, 1.4602803738317758, 0.001164
2025-05-21 12:35:30,408 - deteccion - INFO - Rentabilidad Bruta: 0.085643%
2025-05-21 12:35:30,408 - deteccion - INFO - Oportunidad encontrada (A->B->C->A): BNB -> EUR -> XRP -> BNB
2025-05-21 12:35:30,408 - deteccion - INFO - Pares: BNBEUR, XRPEUR, XRPBNB
2025-05-21 12:35:30,408 - deteccion - INFO - Precios: 588.82, 2.1336, 0.0036282
2025-05-21 12:35:30,409 - deteccion - INFO - Factores: 588.82, 0.46869141357330335, 0.0036282
2025-05-21 12:35:30,409 - deteccion - INFO - Rentabilidad Bruta: 0.129205%
2025-05-21 12:35:30,409 - deteccion - INFO - Oportunidad encontrada (A->B->C->A): BNB -> EUR -> TRX -> BNB
2025-05-21 12:35:30,410 - deteccion - INFO - Pares: BNBEUR, TRXEUR, TRXBNB
2025-05-21 12:35:30,410 - deteccion - INFO - Precios: 588.82, 0.2403, 0.0004088
2025-05-21 12:35:30,411 - deteccion - INFO - Factores: 588.82, 4.161464835622139, 0.0004088
2025-05-21 12:35:30,411 - deteccion - INFO - Rentabilidad Bruta: 0.170460%
2025-05-21 12:35:30,411 - deteccion - INFO - Oportunidad encontrada (A->B->C->A): BNB -> EUR -> BCH -> BNB
2025-05-21 12:35:30,411 - deteccion - INFO - Pares: BNBEUR, BCHEUR, BCHBNB
2025-05-21 12:35:30,412 - deteccion - INFO - Precios: 588.82, 360.2, 0.6137
2025-05-21 12:35:30,412 - deteccion - INFO - Factores: 588.82, 0.00277623542476402, 0.6137
2025-05-21 12:35:30,412 - deteccion - INFO - Rentabilidad Bruta: 0.321720%
2025-05-21 12:35:30,412 - deteccion - INFO - Oportunidad encontrada (A->B->C->A): BNB -> EUR -> ENJ -> BNB
2025-05-21 12:35:30,413 - deteccion - INFO - Pares: BNBEUR, ENJEUR, ENJBNB
2025-05-21 12:35:30,413 - deteccion - INFO - Precios: 588.82, 0.1946, 0.001368
2025-05-21 12:35:30,413 - deteccion - INFO - Factores: 588.82, 5.138746145940391, 0.001368
2025-05-21 12:35:30,413 - deteccion - INFO - Rentabilidad Bruta: 313.928962%
2025-05-21 12:35:30,413 - deteccion - INFO - Oportunidad encontrada (A->B->C->A): BNB -> EUR -> WAVES -> BNB
2025-05-21 12:35:30,413 - deteccion - INFO - Pares: BNBEUR, WAVESEUR, WAVESBNB
2025-05-21 12:35:30,413 - deteccion - INFO - Precios: 588.82, 1.354, 0.00513
2025-05-21 12:35:30,414 - deteccion - INFO - Factores: 588.82, 0.7385524372230428, 0.00513
2025-05-21 12:35:30,414 - deteccion - INFO - Rentabilidad Bruta: 123.090591%
2025-05-21 12:35:30,415 - deteccion - INFO - Oportunidad encontrada (A->B->C->A): BNB -> ETC -> ETH -> BNB
2025-05-21 12:35:30,415 - deteccion - INFO - Pares: ETCBNB, ETCETH, BNBETH
2025-05-21 12:35:30,415 - deteccion - INFO - Precios: 0.02872, 0.0074, 0.2575
2025-05-21 12:35:30,416 - deteccion - INFO - Factores: 34.81894150417828, 0.0074, 3.883495145631068
2025-05-21 12:35:30,416 - deteccion - INFO - Rentabilidad Bruta: 0.062201%
2025-05-21 12:35:30,417 - deteccion - INFO - Oportunidad encontrada (A->B->C->A): BNB -> ETC -> BTC -> BNB
2025-05-21 12:35:30,417 - deteccion - INFO - Pares: ETCBNB, ETCBTC, BNBBTC
2025-05-21 12:35:30,417 - deteccion - INFO - Precios: 0.02872, 0.0001754, 0.006107
2025-05-21 12:35:30,417 - deteccion - INFO - Factores: 34.81894150417828, 0.0001754, 163.7465203864418
2025-05-21 12:35:30,418 - deteccion - INFO - Rentabilidad Bruta: 0.003968%
2025-05-21 12:35:30,418 - deteccion - INFO - Oportunidad encontrada (A->B->C->A): BNB -> ETC -> USDT -> BNB
2025-05-21 12:35:30,418 - deteccion - INFO - Pares: ETCBNB, ETCUSDT, BNBUSDT
2025-05-21 12:35:30,418 - deteccion - INFO - Precios: 0.02872, 19.19, 667.94
2025-05-21 12:35:30,419 - deteccion - INFO - Factores: 34.81894150417828, 19.19, 0.0014971404617181183
2025-05-21 12:35:30,419 - deteccion - INFO - Rentabilidad Bruta: 0.035256%
2025-05-21 12:35:30,419 - deteccion - INFO - Oportunidad encontrada (A->B->C->A): BNB -> SOL -> USDC -> BNB
2025-05-21 12:35:30,419 - deteccion - INFO - Pares: SOLBNB, SOLUSDC, BNBUSDC
2025-05-21 12:35:30,420 - deteccion - INFO - Precios: 0.2596, 173.61, 668.21
2025-05-21 12:35:30,420 - deteccion - INFO - Factores: 3.852080123266564, 173.61, 0.0014965355202705736
2025-05-21 12:35:30,420 - deteccion - INFO - Rentabilidad Bruta: 0.082254%
2025-05-21 12:35:30,421 - deteccion - INFO - Oportunidad encontrada (A->B->C->A): BNB -> SOL -> GBP -> BNB
2025-05-21 12:35:30,421 - deteccion - INFO - Pares: SOLBNB, SOLGBP, BNBGBP
2025-05-21 12:35:30,421 - deteccion - INFO - Precios: 0.2596, 88.08, 267.4
2025-05-21 12:35:30,421 - deteccion - INFO - Factores: 3.852080123266564, 88.08, 0.0037397157816005987
2025-05-21 12:35:30,421 - deteccion - INFO - Rentabilidad Bruta: 26.885272%
2025-05-21 12:35:30,421 - deteccion - INFO - Oportunidad encontrada (A->B->C->A): BNB -> SOL -> ETH -> BNB
2025-05-21 12:35:30,422 - deteccion - INFO - Pares: SOLBNB, SOLETH, BNBETH
2025-05-21 12:35:30,422 - deteccion - INFO - Precios: 0.2596, 0.06687, 0.2575
2025-05-21 12:35:30,422 - deteccion - INFO - Factores: 3.852080123266564, 0.06687, 3.883495145631068
2025-05-21 12:35:30,422 - deteccion - INFO - Rentabilidad Bruta: 0.034407%
2025-05-21 12:35:30,423 - deteccion - INFO - Oportunidad encontrada (A->B->C->A): BNB -> SOL -> BTC -> BNB
2025-05-21 12:35:30,423 - deteccion - INFO - Pares: SOLBNB, SOLBTC, BNBBTC
2025-05-21 12:35:30,423 - deteccion - INFO - Precios: 0.2596, 0.0015863, 0.006107
2025-05-21 12:35:30,424 - deteccion - INFO - Factores: 3.852080123266564, 0.0015863, 163.7465203864418
2025-05-21 12:35:30,424 - deteccion - INFO - Rentabilidad Bruta: 0.058207%
2025-05-21 12:35:30,424 - deteccion - INFO - Oportunidad encontrada (A->B->C->A): BNB -> SOL -> USDT -> BNB
2025-05-21 12:35:30,425 - deteccion - INFO - Pares: SOLBNB, SOLUSDT, BNBUSDT
2025-05-21 12:35:30,425 - deteccion - INFO - Precios: 0.2596, 173.51, 667.94
2025-05-21 12:35:30,425 - deteccion - INFO - Factores: 3.852080123266564, 173.51, 0.0014971404617181183
2025-05-21 12:35:30,426 - deteccion - INFO - Rentabilidad Bruta: 0.065039%
2025-05-21 12:35:30,426 - deteccion - INFO - Oportunidad encontrada (A->B->C->A): BNB -> USDC -> MATIC -> BNB
2025-05-21 12:35:30,426 - deteccion - INFO - Pares: BNBUSDC, MATICUSDC, MATICBNB
2025-05-21 12:35:30,427 - deteccion - INFO - Precios: 668.21, 0.3791, 0.000734
2025-05-21 12:35:30,427 - deteccion - INFO - Factores: 668.21, 2.637826431020839, 0.000734
2025-05-21 12:35:30,427 - deteccion - INFO - Rentabilidad Bruta: 29.376455%
2025-05-21 12:35:30,428 - deteccion - INFO - Oportunidad encontrada (A->B->C->A): BNB -> USDC -> LINK -> BNB
2025-05-21 12:35:30,428 - deteccion - INFO - Pares: BNBUSDC, LINKUSDC, LINKBNB
2025-05-21 12:35:30,428 - deteccion - INFO - Precios: 668.21, 16.33, 0.02445
2025-05-21 12:35:30,429 - deteccion - INFO - Factores: 668.21, 0.06123698714023271, 0.02445
2025-05-21 12:35:30,429 - deteccion - INFO - Rentabilidad Bruta: 0.047364%
2025-05-21 12:35:30,429 - deteccion - INFO - Oportunidad encontrada (A->B->C->A): BNB -> USDC -> ALGO -> BNB
2025-05-21 12:35:30,429 - deteccion - INFO - Pares: BNBUSDC, ALGOUSDC, ALGOBNB
2025-05-21 12:35:30,430 - deteccion - INFO - Precios: 668.21, 0.2314, 0.0005825
2025-05-21 12:35:30,430 - deteccion - INFO - Factores: 668.21, 4.32152117545376, 0.0005825
2025-05-21 12:35:30,430 - deteccion - INFO - Rentabilidad Bruta: 68.207573%
2025-05-21 12:35:30,430 - deteccion - INFO - Oportunidad encontrada (A->B->C->A): BNB -> USDC -> AUD -> BNB
2025-05-21 12:35:30,431 - deteccion - INFO - Pares: BNBUSDC, AUDUSDC, BNBAUD
2025-05-21 12:35:30,431 - deteccion - INFO - Precios: 668.21, 0.6477, 421.1
2025-05-21 12:35:30,431 - deteccion - INFO - Factores: 668.21, 1.543924656476764, 0.0023747328425552123
2025-05-21 12:35:30,431 - deteccion - INFO - Rentabilidad Bruta: 144.993088%
2025-05-21 12:35:30,432 - deteccion - INFO - Oportunidad encontrada (A->B->C->A): BNB -> USDC -> ADA -> BNB
2025-05-21 12:35:30,432 - deteccion - INFO - Pares: BNBUSDC, ADAUSDC, ADABNB
2025-05-21 12:35:30,433 - deteccion - INFO - Precios: 668.21, 0.7771, 0.001164
2025-05-21 12:35:30,433 - deteccion - INFO - Factores: 668.21, 1.2868356710848023, 0.001164
2025-05-21 12:35:30,433 - deteccion - INFO - Rentabilidad Bruta: 0.089620%
2025-05-21 12:35:30,434 - deteccion - INFO - Oportunidad encontrada (A->B->C->A): BNB -> USDC -> XRP -> BNB
2025-05-21 12:35:30,434 - deteccion - INFO - Pares: BNBUSDC, XRPUSDC, XRPBNB
2025-05-21 12:35:30,434 - deteccion - INFO - Precios: 668.21, 2.4217, 0.0036282
2025-05-21 12:35:30,434 - deteccion - INFO - Factores: 668.21, 0.4129330635503985, 0.0036282
2025-05-21 12:35:30,435 - deteccion - INFO - Rentabilidad Bruta: 0.111472%
2025-05-21 12:35:30,435 - deteccion - INFO - Oportunidad encontrada (A->B->C->A): BNB -> USDC -> TRX -> BNB
2025-05-21 12:35:30,435 - deteccion - INFO - Pares: BNBUSDC, TRXUSDC, TRXBNB
2025-05-21 12:35:30,435 - deteccion - INFO - Precios: 668.21, 0.2731, 0.0004088
2025-05-21 12:35:30,436 - deteccion - INFO - Factores: 668.21, 3.6616623947272062, 0.0004088
2025-05-21 12:35:30,436 - deteccion - INFO - Rentabilidad Bruta: 0.023525%
2025-05-21 12:35:30,436 - deteccion - INFO - Oportunidad encontrada (A->B->C->A): BNB -> USDC -> ZEC -> BNB
2025-05-21 12:35:30,437 - deteccion - INFO - Pares: BNBUSDC, ZECUSDC, ZECBNB
2025-05-21 12:35:30,437 - deteccion - INFO - Precios: 668.21, 55.8, 0.1026
2025-05-21 12:35:30,437 - deteccion - INFO - Factores: 668.21, 0.01792114695340502, 0.1026
2025-05-21 12:35:30,437 - deteccion - INFO - Rentabilidad Bruta: 22.864419%
2025-05-21 12:35:30,438 - deteccion - INFO - Oportunidad encontrada (A->B->C->A): BNB -> USDC -> STX -> BNB
2025-05-21 12:35:30,438 - deteccion - INFO - Pares: BNBUSDC, STXUSDC, STXBNB
2025-05-21 12:35:30,438 - deteccion - INFO - Precios: 668.21, 0.938, 0.001405
2025-05-21 12:35:30,438 - deteccion - INFO - Factores: 668.21, 1.0660980810234542, 0.001405
2025-05-21 12:35:30,439 - deteccion - INFO - Rentabilidad Bruta: 0.089025%
2025-05-21 12:35:30,439 - deteccion - INFO - Oportunidad encontrada (A->B->C->A): BNB -> USDC -> HBAR -> BNB
2025-05-21 12:35:30,439 - deteccion - INFO - Pares: BNBUSDC, HBARUSDC, HBARBNB
2025-05-21 12:35:30,440 - deteccion - INFO - Precios: 668.21, 0.20098, 0.00030081
2025-05-21 12:35:30,440 - deteccion - INFO - Factores: 668.21, 4.975619464623346, 0.00030081
2025-05-21 12:35:30,440 - deteccion - INFO - Rentabilidad Bruta: 0.012066%
2025-05-21 12:35:30,441 - deteccion - INFO - Oportunidad encontrada (A->B->C->A): BNB -> USDC -> NEO -> BNB
2025-05-21 12:35:30,441 - deteccion - INFO - Pares: BNBUSDC, NEOUSDC, NEOBNB
2025-05-21 12:35:30,441 - deteccion - INFO - Precios: 668.21, 6.72, 0.03836
2025-05-21 12:35:30,441 - deteccion - INFO - Factores: 668.21, 0.1488095238095238, 0.03836
2025-05-21 12:35:30,441 - deteccion - INFO - Rentabilidad Bruta: 281.436542%
2025-05-21 12:35:30,442 - deteccion - INFO - Oportunidad encontrada (A->B->C->A): BNB -> USDC -> ENJ -> BNB
2025-05-21 12:35:30,442 - deteccion - INFO - Pares: BNBUSDC, ENJUSDC, ENJBNB
2025-05-21 12:35:30,442 - deteccion - INFO - Precios: 668.21, 0.0915, 0.001368
2025-05-21 12:35:30,442 - deteccion - INFO - Factores: 668.21, 10.92896174863388, 0.001368
2025-05-21 12:35:30,443 - deteccion - INFO - Rentabilidad Bruta: 899.028721%
2025-05-21 12:35:30,443 - deteccion - INFO - Oportunidad encontrada (A->B->C->A): BNB -> USDC -> ZEN -> BNB
2025-05-21 12:35:30,443 - deteccion - INFO - Pares: BNBUSDC, ZENUSDC, ZENBNB
2025-05-21 12:35:30,443 - deteccion - INFO - Precios: 668.21, 9.99, 0.0329
2025-05-21 12:35:30,444 - deteccion - INFO - Factores: 668.21, 0.10010010010010009, 0.0329
2025-05-21 12:35:30,444 - deteccion - INFO - Rentabilidad Bruta: 120.061151%
2025-05-21 12:35:30,444 - deteccion - INFO - Oportunidad encontrada (A->B->C->A): BNB -> GBP -> BTC -> BNB
2025-05-21 12:35:30,444 - deteccion - INFO - Pares: BNBGBP, BTCGBP, BNBBTC
2025-05-21 12:35:30,445 - deteccion - INFO - Precios: 267.4, 35986.75, 0.006107
2025-05-21 12:35:30,445 - deteccion - INFO - Factores: 267.4, 2.7788005307509012e-05, 163.7465203864418
2025-05-21 12:35:30,445 - deteccion - INFO - Rentabilidad Bruta: 21.672059%
2025-05-21 12:35:30,446 - deteccion - INFO - Oportunidad encontrada (A->B->C->A): BNB -> GBP -> XRP -> BNB
2025-05-21 12:35:30,446 - deteccion - INFO - Pares: BNBGBP, XRPGBP, XRPBNB
2025-05-21 12:35:30,446 - deteccion - INFO - Precios: 267.4, 0.5257, 0.0036282
2025-05-21 12:35:30,446 - deteccion - INFO - Factores: 267.4, 1.9022256039566294, 0.0036282
2025-05-21 12:35:30,446 - deteccion - INFO - Rentabilidad Bruta: 84.550253%
2025-05-21 12:35:30,447 - deteccion - INFO - Oportunidad encontrada (A->B->C->A): BNB -> TUSD -> ETH -> BNB
2025-05-21 12:35:30,447 - deteccion - INFO - Pares: BNBTUSD, ETHTUSD, BNBETH
2025-05-21 12:35:30,447 - deteccion - INFO - Precios: 668.41, 2592.55, 0.2575
2025-05-21 12:35:30,447 - deteccion - INFO - Factores: 668.41, 0.00038572062255308475, 3.883495145631068
2025-05-21 12:35:30,448 - deteccion - INFO - Rentabilidad Bruta: 0.124086%
2025-05-21 12:35:30,448 - deteccion - INFO - Oportunidad encontrada (A->B->C->A): BNB -> TUSD -> LINK -> BNB
2025-05-21 12:35:30,448 - deteccion - INFO - Pares: BNBTUSD, LINKTUSD, LINKBNB
2025-05-21 12:35:30,449 - deteccion - INFO - Precios: 668.41, 14.423, 0.02445
2025-05-21 12:35:30,449 - deteccion - INFO - Factores: 668.41, 0.06933370311308328, 0.02445
2025-05-21 12:35:30,449 - deteccion - INFO - Rentabilidad Bruta: 13.309468%
2025-05-21 12:35:30,450 - deteccion - INFO - Oportunidad encontrada (A->B->C->A): BNB -> TUSD -> BTC -> BNB
2025-05-21 12:35:30,450 - deteccion - INFO - Pares: BNBTUSD, BTCTUSD, BNBBTC
2025-05-21 12:35:30,450 - deteccion - INFO - Precios: 668.41, 109436.04, 0.006107
2025-05-21 12:35:30,450 - deteccion - INFO - Factores: 668.41, 9.137757543127475e-06, 163.7465203864418
2025-05-21 12:35:30,451 - deteccion - INFO - Rentabilidad Bruta: 0.012584%
2025-05-21 12:35:30,451 - deteccion - INFO - Oportunidad encontrada (A->B->C->A): BNB -> TUSD -> ADA -> BNB
2025-05-21 12:35:30,451 - deteccion - INFO - Pares: BNBTUSD, ADATUSD, ADABNB
2025-05-21 12:35:30,452 - deteccion - INFO - Precios: 668.41, 0.3847, 0.001164
2025-05-21 12:35:30,452 - deteccion - INFO - Factores: 668.41, 2.5994281258123215, 0.001164
2025-05-21 12:35:30,452 - deteccion - INFO - Rentabilidad Bruta: 102.243109%
2025-05-21 12:35:30,452 - deteccion - INFO - Oportunidad encontrada (A->B->C->A): BNB -> TUSD -> XRP -> BNB
2025-05-21 12:35:30,453 - deteccion - INFO - Pares: BNBTUSD, XRPTUSD, XRPBNB
2025-05-21 12:35:30,453 - deteccion - INFO - Precios: 668.41, 2.4163, 0.0036282
2025-05-21 12:35:30,453 - deteccion - INFO - Factores: 668.41, 0.4138558953772296, 0.0036282
2025-05-21 12:35:30,453 - deteccion - INFO - Rentabilidad Bruta: 0.365235%
2025-05-21 12:35:30,454 - deteccion - INFO - Oportunidad encontrada (A->B->C->A): BNB -> TUSD -> TRX -> BNB
2025-05-21 12:35:30,454 - deteccion - INFO - Pares: BNBTUSD, TRXTUSD, TRXBNB
2025-05-21 12:35:30,454 - deteccion - INFO - Precios: 668.41, 0.05986, 0.0004088
2025-05-21 12:35:30,454 - deteccion - INFO - Factores: 668.41, 16.70564650851988, 0.0004088
2025-05-21 12:35:30,454 - deteccion - INFO - Rentabilidad Bruta: 356.475122%
2025-05-21 12:35:30,454 - deteccion - INFO - Oportunidad encontrada (A->B->C->A): BNB -> TUSD -> BCH -> BNB
2025-05-21 12:35:30,455 - deteccion - INFO - Pares: BNBTUSD, BCHTUSD, BCHBNB
2025-05-21 12:35:30,455 - deteccion - INFO - Precios: 668.41, 322.0, 0.6137
2025-05-21 12:35:30,455 - deteccion - INFO - Factores: 668.41, 0.003105590062111801, 0.6137
2025-05-21 12:35:30,455 - deteccion - INFO - Rentabilidad Bruta: 27.392303%
2025-05-21 12:35:30,456 - deteccion - INFO - Oportunidad encontrada (A->B->C->A): BNB -> ETH -> MATIC -> BNB
2025-05-21 12:35:30,456 - deteccion - INFO - Pares: BNBETH, MATICETH, MATICBNB
2025-05-21 12:35:30,456 - deteccion - INFO - Precios: 0.2575, 0.0001616, 0.000734
2025-05-21 12:35:30,456 - deteccion - INFO - Factores: 0.2575, 6188.118811881188, 0.000734
2025-05-21 12:35:30,456 - deteccion - INFO - Rentabilidad Bruta: 16.958540%
2025-05-21 12:35:30,457 - deteccion - INFO - Oportunidad encontrada (A->B->C->A): BNB -> ETH -> LINK -> BNB
2025-05-21 12:35:30,457 - deteccion - INFO - Pares: BNBETH, LINKETH, LINKBNB
2025-05-21 12:35:30,457 - deteccion - INFO - Precios: 0.2575, 0.006295, 0.02445
2025-05-21 12:35:30,457 - deteccion - INFO - Factores: 0.2575, 158.85623510722795, 0.02445
2025-05-21 12:35:30,457 - deteccion - INFO - Rentabilidad Bruta: 0.013900%
2025-05-21 12:35:30,458 - deteccion - INFO - Oportunidad encontrada (A->B->C->A): BNB -> ETH -> ALGO -> BNB
2025-05-21 12:35:30,458 - deteccion - INFO - Pares: BNBETH, ALGOETH, ALGOBNB
2025-05-21 12:35:30,458 - deteccion - INFO - Precios: 0.2575, 4.447e-05, 0.0005825
2025-05-21 12:35:30,458 - deteccion - INFO - Factores: 0.2575, 22487.069934787498, 0.0005825
2025-05-21 12:35:30,459 - deteccion - INFO - Rentabilidad Bruta: 237.291995%
2025-05-21 12:35:30,459 - deteccion - INFO - Oportunidad encontrada (A->B->C->A): BNB -> ETH -> AUD -> BNB
2025-05-21 12:35:30,459 - deteccion - INFO - Pares: BNBETH, ETHAUD, BNBAUD
2025-05-21 12:35:30,459 - deteccion - INFO - Precios: 0.2575, 2565.09, 421.1
2025-05-21 12:35:30,459 - deteccion - INFO - Factores: 0.2575, 2565.09, 0.0023747328425552123
2025-05-21 12:35:30,460 - deteccion - INFO - Rentabilidad Bruta: 56.853639%
2025-05-21 12:35:30,460 - deteccion - INFO - Oportunidad encontrada (A->B->C->A): BNB -> ETH -> ADA -> BNB
2025-05-21 12:35:30,460 - deteccion - INFO - Pares: BNBETH, ADAETH, ADABNB
2025-05-21 12:35:30,460 - deteccion - INFO - Precios: 0.2575, 0.0002993, 0.001164
2025-05-21 12:35:30,460 - deteccion - INFO - Factores: 0.2575, 3341.1293017039757, 0.001164
2025-05-21 12:35:30,460 - deteccion - INFO - Rentabilidad Bruta: 0.143669%
2025-05-21 12:35:30,461 - deteccion - INFO - Oportunidad encontrada (A->B->C->A): BNB -> ETH -> XRP -> BNB
2025-05-21 12:35:30,461 - deteccion - INFO - Pares: BNBETH, XRPETH, XRPBNB
2025-05-21 12:35:30,461 - deteccion - INFO - Precios: 0.2575, 0.0009328, 0.0036282
2025-05-21 12:35:30,461 - deteccion - INFO - Factores: 0.2575, 1072.041166380789, 0.0036282
2025-05-21 12:35:30,462 - deteccion - INFO - Rentabilidad Bruta: 0.156679%
2025-05-21 12:35:30,462 - deteccion - INFO - Oportunidad encontrada (A->B->C->A): BNB -> ETH -> USDT -> BNB
2025-05-21 12:35:30,462 - deteccion - INFO - Pares: BNBETH, ETHUSDT, BNBUSDT
2025-05-21 12:35:30,462 - deteccion - INFO - Precios: 0.2575, 2594.04, 667.94
2025-05-21 12:35:30,462 - deteccion - INFO - Factores: 0.2575, 2594.04, 0.0014971404617181183
2025-05-21 12:35:30,463 - deteccion - INFO - Rentabilidad Bruta: 0.003788%
2025-05-21 12:35:30,463 - deteccion - INFO - Oportunidad encontrada (A->B->C->A): BNB -> ETH -> ZEC -> BNB
2025-05-21 12:35:30,463 - deteccion - INFO - Pares: BNBETH, ZECETH, ZECBNB
2025-05-21 12:35:30,463 - deteccion - INFO - Precios: 0.2575, 0.01622, 0.1026
2025-05-21 12:35:30,463 - deteccion - INFO - Factores: 0.2575, 61.65228113440198, 0.1026
2025-05-21 12:35:30,463 - deteccion - INFO - Rentabilidad Bruta: 62.882244%
2025-05-21 12:35:30,463 - deteccion - INFO - Oportunidad encontrada (A->B->C->A): BNB -> ETH -> FTT -> BNB
2025-05-21 12:35:30,464 - deteccion - INFO - Pares: BNBETH, FTTETH, FTTBNB
2025-05-21 12:35:30,464 - deteccion - INFO - Precios: 0.2575, 0.001141, 0.00513
2025-05-21 12:35:30,464 - deteccion - INFO - Factores: 0.2575, 876.4241893076248, 0.00513
2025-05-21 12:35:30,464 - deteccion - INFO - Rentabilidad Bruta: 15.773444%
2025-05-21 12:35:30,465 - deteccion - INFO - Oportunidad encontrada (A->B->C->A): BNB -> ETH -> FTM -> BNB
2025-05-21 12:35:30,465 - deteccion - INFO - Pares: BNBETH, FTMETH, FTMBNB
2025-05-21 12:35:30,465 - deteccion - INFO - Precios: 0.2575, 0.0002148, 0.0010144
2025-05-21 12:35:30,465 - deteccion - INFO - Factores: 0.2575, 4655.493482309125, 0.0010144
2025-05-21 12:35:30,466 - deteccion - INFO - Rentabilidad Bruta: 21.605214%
2025-05-21 12:35:30,466 - deteccion - INFO - Oportunidad encontrada (A->B->C->A): BNB -> ETH -> KNC -> BNB
2025-05-21 12:35:30,466 - deteccion - INFO - Pares: BNBETH, KNCETH, KNCBNB
2025-05-21 12:35:30,467 - deteccion - INFO - Precios: 0.2575, 0.0003941, 0.00255
2025-05-21 12:35:30,467 - deteccion - INFO - Factores: 0.2575, 2537.427048972342, 0.00255
2025-05-21 12:35:30,467 - deteccion - INFO - Rentabilidad Bruta: 66.613804%
2025-05-21 12:35:30,467 - deteccion - INFO - Oportunidad encontrada (A->B->C->A): BNB -> ETH -> CHR -> BNB
2025-05-21 12:35:30,468 - deteccion - INFO - Pares: BNBETH, CHRETH, CHRBNB
2025-05-21 12:35:30,468 - deteccion - INFO - Precios: 0.2575, 7.08e-05, 0.0004377
2025-05-21 12:35:30,468 - deteccion - INFO - Factores: 0.2575, 14124.293785310734, 0.0004377
2025-05-21 12:35:30,468 - deteccion - INFO - Rentabilidad Bruta: 59.191737%
2025-05-21 12:35:30,469 - deteccion - INFO - Oportunidad encontrada (A->B->C->A): BNB -> ETH -> NEO -> BNB
2025-05-21 12:35:30,469 - deteccion - INFO - Pares: BNBETH, NEOETH, NEOBNB
2025-05-21 12:35:30,469 - deteccion - INFO - Precios: 0.2575, 0.004775, 0.03836
2025-05-21 12:35:30,470 - deteccion - INFO - Factores: 0.2575, 209.4240837696335, 0.03836
2025-05-21 12:35:30,470 - deteccion - INFO - Rentabilidad Bruta: 106.862827%
2025-05-21 12:35:30,470 - deteccion - INFO - Oportunidad encontrada (A->B->C->A): BNB -> ETH -> ENJ -> BNB
2025-05-21 12:35:30,470 - deteccion - INFO - Pares: BNBETH, ENJETH, ENJBNB
2025-05-21 12:35:30,470 - deteccion - INFO - Precios: 0.2575, 6.172e-05, 0.001368
2025-05-21 12:35:30,471 - deteccion - INFO - Factores: 0.2575, 16202.203499675956, 0.001368
2025-05-21 12:35:30,471 - deteccion - INFO - Rentabilidad Bruta: 470.738820%
2025-05-21 12:35:30,471 - deteccion - INFO - Oportunidad encontrada (A->B->C->A): BNB -> ETH -> WAVES -> BNB
2025-05-21 12:35:30,472 - deteccion - INFO - Pares: BNBETH, WAVESETH, WAVESBNB
2025-05-21 12:35:30,472 - deteccion - INFO - Precios: 0.2575, 0.000298, 0.00513
2025-05-21 12:35:30,472 - deteccion - INFO - Factores: 0.2575, 3355.7046979865772, 0.00513
2025-05-21 12:35:30,472 - deteccion - INFO - Rentabilidad Bruta: 343.280201%
2025-05-21 12:35:30,472 - deteccion - INFO - Oportunidad encontrada (A->B->C->A): BNB -> ETH -> SNX -> BNB
2025-05-21 12:35:30,473 - deteccion - INFO - Pares: BNBETH, SNXETH, SNXBNB
2025-05-21 12:35:30,473 - deteccion - INFO - Precios: 0.2575, 0.000768, 0.01057
2025-05-21 12:35:30,473 - deteccion - INFO - Factores: 0.2575, 1302.0833333333333, 0.01057
2025-05-21 12:35:30,473 - deteccion - INFO - Rentabilidad Bruta: 254.397786%
2025-05-21 12:35:30,474 - deteccion - INFO - Oportunidad encontrada (A->B->C->A): BNB -> ETH -> FUN -> BNB
2025-05-21 12:35:30,474 - deteccion - INFO - Pares: BNBETH, FUNETH, FUNBNB
2025-05-21 12:35:30,474 - deteccion - INFO - Precios: 0.2575, 1.46e-06, 1.888e-05
2025-05-21 12:35:30,474 - deteccion - INFO - Factores: 0.2575, 684931.506849315, 1.888e-05
2025-05-21 12:35:30,474 - deteccion - INFO - Rentabilidad Bruta: 232.986301%
2025-05-21 12:35:30,475 - deteccion - INFO - Oportunidad encontrada (A->B->C->A): BNB -> ETH -> XMR -> BNB
2025-05-21 12:35:30,475 - deteccion - INFO - Pares: BNBETH, XMRETH, XMRBNB
2025-05-21 12:35:30,475 - deteccion - INFO - Precios: 0.2575, 0.04032, 0.3321
2025-05-21 12:35:30,475 - deteccion - INFO - Factores: 0.2575, 24.8015873015873, 0.3321
2025-05-21 12:35:30,476 - deteccion - INFO - Rentabilidad Bruta: 112.092634%
2025-05-21 12:35:30,476 - deteccion - INFO - Oportunidad encontrada (A->B->C->A): BNB -> ETH -> MANA -> BNB
2025-05-21 12:35:30,476 - deteccion - INFO - Pares: BNBETH, MANAETH, MANABNB
2025-05-21 12:35:30,476 - deteccion - INFO - Precios: 0.2575, 0.0001252, 0.00155
2025-05-21 12:35:30,476 - deteccion - INFO - Factores: 0.2575, 7987.220447284344, 0.00155
2025-05-21 12:35:30,477 - deteccion - INFO - Rentabilidad Bruta: 218.789936%
2025-05-21 12:35:30,477 - deteccion - INFO - Oportunidad encontrada (A->B->C->A): BNB -> ETH -> ZEN -> BNB
2025-05-21 12:35:30,477 - deteccion - INFO - Pares: BNBETH, ZENETH, ZENBNB
2025-05-21 12:35:30,477 - deteccion - INFO - Precios: 0.2575, 0.003991, 0.0329
2025-05-21 12:35:30,477 - deteccion - INFO - Factores: 0.2575, 250.56376847907794, 0.0329
2025-05-21 12:35:30,478 - deteccion - INFO - Rentabilidad Bruta: 112.271361%
2025-05-21 12:35:30,478 - deteccion - INFO - Oportunidad encontrada (A->B->C->A): BNB -> MATIC -> BTC -> BNB
2025-05-21 12:35:30,478 - deteccion - INFO - Pares: MATICBNB, MATICBTC, BNBBTC
2025-05-21 12:35:30,478 - deteccion - INFO - Precios: 0.000734, 6.67e-06, 0.006107
2025-05-21 12:35:30,479 - deteccion - INFO - Factores: 1362.3978201634877, 6.67e-06, 163.7465203864418
2025-05-21 12:35:30,479 - deteccion - INFO - Rentabilidad Bruta: 48.799631%
2025-05-21 12:35:30,479 - deteccion - INFO - Oportunidad encontrada (A->B->C->A): BNB -> MATIC -> AUD -> BNB
2025-05-21 12:35:30,479 - deteccion - INFO - Pares: MATICBNB, MATICAUD, BNBAUD
2025-05-21 12:35:30,479 - deteccion - INFO - Precios: 0.000734, 1.2141, 421.1
2025-05-21 12:35:30,479 - deteccion - INFO - Factores: 1362.3978201634877, 1.2141, 0.0023747328425552123
2025-05-21 12:35:30,480 - deteccion - INFO - Rentabilidad Bruta: 292.801518%
2025-05-21 12:35:30,481 - deteccion - INFO - Oportunidad encontrada (A->B->C->A): BNB -> BTC -> ADA -> BNB
2025-05-21 12:35:30,481 - deteccion - INFO - Pares: BNBBTC, ADABTC, ADABNB
2025-05-21 12:35:30,481 - deteccion - INFO - Precios: 0.006107, 7.1e-06, 0.001164
2025-05-21 12:35:30,481 - deteccion - INFO - Factores: 0.006107, 140845.0704225352, 0.001164
2025-05-21 12:35:30,481 - deteccion - INFO - Rentabilidad Bruta: 0.120394%
2025-05-21 12:35:30,482 - deteccion - INFO - Oportunidad encontrada (A->B->C->A): BNB -> BTC -> XRP -> BNB
2025-05-21 12:35:30,482 - deteccion - INFO - Pares: BNBBTC, XRPBTC, XRPBNB
2025-05-21 12:35:30,482 - deteccion - INFO - Precios: 0.006107, 2.213e-05, 0.0036282
2025-05-21 12:35:30,483 - deteccion - INFO - Factores: 0.006107, 45187.52824220515, 0.0036282
2025-05-21 12:35:30,483 - deteccion - INFO - Rentabilidad Bruta: 0.123892%
2025-05-21 12:35:30,483 - deteccion - INFO - Oportunidad encontrada (A->B->C->A): BNB -> BTC -> USDT -> BNB
2025-05-21 12:35:30,484 - deteccion - INFO - Pares: BNBBTC, BTCUSDT, BNBUSDT
2025-05-21 12:35:30,484 - deteccion - INFO - Precios: 0.006107, 109376.38, 667.94
2025-05-21 12:35:30,484 - deteccion - INFO - Factores: 0.006107, 109376.38, 0.0014971404617181183
2025-05-21 12:35:30,484 - deteccion - INFO - Rentabilidad Bruta: 0.003227%
2025-05-21 12:35:30,485 - deteccion - INFO - Oportunidad encontrada (A->B->C->A): BNB -> BTC -> TRX -> BNB
2025-05-21 12:35:30,485 - deteccion - INFO - Pares: BNBBTC, TRXBTC, TRXBNB
2025-05-21 12:35:30,485 - deteccion - INFO - Precios: 0.006107, 2.49e-06, 0.0004088
2025-05-21 12:35:30,486 - deteccion - INFO - Factores: 0.006107, 401606.4257028113, 0.0004088
2025-05-21 12:35:30,486 - deteccion - INFO - Rentabilidad Bruta: 0.262715%
2025-05-21 12:35:30,486 - deteccion - INFO - Oportunidad encontrada (A->B->C->A): BNB -> BTC -> ZEC -> BNB
2025-05-21 12:35:30,486 - deteccion - INFO - Pares: BNBBTC, ZECBTC, ZECBNB
2025-05-21 12:35:30,487 - deteccion - INFO - Precios: 0.006107, 0.0003837, 0.1026
2025-05-21 12:35:30,487 - deteccion - INFO - Factores: 0.006107, 2606.2027625749283, 0.1026
2025-05-21 12:35:30,487 - deteccion - INFO - Rentabilidad Bruta: 63.298984%
2025-05-21 12:35:30,487 - deteccion - INFO - Oportunidad encontrada (A->B->C->A): BNB -> BTC -> CTSI -> BNB
2025-05-21 12:35:30,488 - deteccion - INFO - Pares: BNBBTC, CTSIBTC, CTSIBNB
2025-05-21 12:35:30,488 - deteccion - INFO - Precios: 0.006107, 6.8e-07, 0.0007983
2025-05-21 12:35:30,488 - deteccion - INFO - Factores: 0.006107, 1470588.2352941178, 0.0007983
2025-05-21 12:35:30,489 - deteccion - INFO - Rentabilidad Bruta: 616.943838%
2025-05-21 12:35:30,489 - deteccion - INFO - Oportunidad encontrada (A->B->C->A): BNB -> BTC -> STX -> BNB
2025-05-21 12:35:30,489 - deteccion - INFO - Pares: BNBBTC, STXBTC, STXBNB
2025-05-21 12:35:30,489 - deteccion - INFO - Precios: 0.006107, 8.57e-06, 0.001405
2025-05-21 12:35:30,490 - deteccion - INFO - Factores: 0.006107, 116686.11435239208, 0.001405
2025-05-21 12:35:30,490 - deteccion - INFO - Rentabilidad Bruta: 0.120595%
2025-05-21 12:35:30,490 - deteccion - INFO - Oportunidad encontrada (A->B->C->A): BNB -> BTC -> KNC -> BNB
2025-05-21 12:35:30,490 - deteccion - INFO - Pares: BNBBTC, KNCBTC, KNCBNB
2025-05-21 12:35:30,491 - deteccion - INFO - Precios: 0.006107, 3.43e-06, 0.00255
2025-05-21 12:35:30,491 - deteccion - INFO - Factores: 0.006107, 291545.1895043732, 0.00255
2025-05-21 12:35:30,491 - deteccion - INFO - Rentabilidad Bruta: 354.018950%
2025-05-21 12:35:30,491 - deteccion - INFO - Oportunidad encontrada (A->B->C->A): BNB -> BTC -> OGN -> BNB
2025-05-21 12:35:30,492 - deteccion - INFO - Pares: BNBBTC, OGNBTC, OGNBNB
2025-05-21 12:35:30,492 - deteccion - INFO - Precios: 0.006107, 6.1e-07, 0.000383
2025-05-21 12:35:30,492 - deteccion - INFO - Factores: 0.006107, 1639344.262295082, 0.000383
2025-05-21 12:35:30,492 - deteccion - INFO - Rentabilidad Bruta: 283.439508%
2025-05-21 12:35:30,493 - deteccion - INFO - Oportunidad encontrada (A->B->C->A): BNB -> BTC -> CHR -> BNB
2025-05-21 12:35:30,493 - deteccion - INFO - Pares: BNBBTC, CHRBTC, CHRBNB
2025-05-21 12:35:30,493 - deteccion - INFO - Precios: 0.006107, 9.7e-07, 0.0004377
2025-05-21 12:35:30,493 - deteccion - INFO - Factores: 0.006107, 1030927.8350515463, 0.0004377
2025-05-21 12:35:30,493 - deteccion - INFO - Rentabilidad Bruta: 175.570505%
2025-05-21 12:35:30,494 - deteccion - INFO - Oportunidad encontrada (A->B->C->A): BNB -> BTC -> HBAR -> BNB
2025-05-21 12:35:30,494 - deteccion - INFO - Pares: BNBBTC, HBARBTC, HBARBNB
2025-05-21 12:35:30,494 - deteccion - INFO - Precios: 0.006107, 1.83e-06, 0.00030081
2025-05-21 12:35:30,494 - deteccion - INFO - Factores: 0.006107, 546448.0874316939, 0.00030081
2025-05-21 12:35:30,495 - deteccion - INFO - Rentabilidad Bruta: 0.385064%
2025-05-21 12:35:30,495 - deteccion - INFO - Oportunidad encontrada (A->B->C->A): BNB -> BTC -> ANKR -> BNB
2025-05-21 12:35:30,495 - deteccion - INFO - Pares: BNBBTC, ANKRBTC, ANKRBNB
2025-05-21 12:35:30,495 - deteccion - INFO - Precios: 0.006107, 1.7e-07, 8.56e-05
2025-05-21 12:35:30,496 - deteccion - INFO - Factores: 0.006107, 5882352.941176471, 8.56e-05
2025-05-21 12:35:30,496 - deteccion - INFO - Rentabilidad Bruta: 207.505412%
2025-05-21 12:35:30,496 - deteccion - INFO - Oportunidad encontrada (A->B->C->A): BNB -> BTC -> NEO -> BNB
2025-05-21 12:35:30,496 - deteccion - INFO - Pares: BNBBTC, NEOBTC, NEOBNB
2025-05-21 12:35:30,497 - deteccion - INFO - Precios: 0.006107, 6.14e-05, 0.03836
2025-05-21 12:35:30,497 - deteccion - INFO - Factores: 0.006107, 16286.644951140064, 0.03836
2025-05-21 12:35:30,497 - deteccion - INFO - Rentabilidad Bruta: 281.538306%
2025-05-21 12:35:30,497 - deteccion - INFO - Oportunidad encontrada (A->B->C->A): BNB -> BTC -> SXP -> BNB
2025-05-21 12:35:30,498 - deteccion - INFO - Pares: BNBBTC, SXPBTC, SXPBNB
2025-05-21 12:35:30,498 - deteccion - INFO - Precios: 0.006107, 1.87e-06, 0.00044
2025-05-21 12:35:30,498 - deteccion - INFO - Factores: 0.006107, 534759.3582887701, 0.00044
2025-05-21 12:35:30,498 - deteccion - INFO - Rentabilidad Bruta: 43.694118%
2025-05-21 12:35:30,498 - deteccion - INFO - Oportunidad encontrada (A->B->C->A): BNB -> BTC -> ENJ -> BNB
2025-05-21 12:35:30,499 - deteccion - INFO - Pares: BNBBTC, ENJBTC, ENJBNB
2025-05-21 12:35:30,499 - deteccion - INFO - Precios: 0.006107, 8.3e-07, 0.001368
2025-05-21 12:35:30,499 - deteccion - INFO - Factores: 0.006107, 1204819.2771084337, 0.001368
2025-05-21 12:35:30,500 - deteccion - INFO - Rentabilidad Bruta: 906.551325%
2025-05-21 12:35:30,500 - deteccion - INFO - Oportunidad encontrada (A->B->C->A): BNB -> BTC -> WAVES -> BNB
2025-05-21 12:35:30,500 - deteccion - INFO - Pares: BNBBTC, WAVESBTC, WAVESBNB
2025-05-21 12:35:30,500 - deteccion - INFO - Precios: 0.006107, 1.626e-05, 0.00513
2025-05-21 12:35:30,501 - deteccion - INFO - Factores: 0.006107, 61500.61500615006, 0.00513
2025-05-21 12:35:30,501 - deteccion - INFO - Rentabilidad Bruta: 92.674723%
2025-05-21 12:35:30,501 - deteccion - INFO - Oportunidad encontrada (A->B->C->A): BNB -> BTC -> COS -> BNB
2025-05-21 12:35:30,502 - deteccion - INFO - Pares: BNBBTC, COSBTC, COSBNB
2025-05-21 12:35:30,502 - deteccion - INFO - Precios: 0.006107, 8e-08, 2.678e-05
2025-05-21 12:35:30,502 - deteccion - INFO - Factores: 0.006107, 12500000.0, 2.678e-05
2025-05-21 12:35:30,502 - deteccion - INFO - Rentabilidad Bruta: 104.431825%
2025-05-21 12:35:30,503 - deteccion - INFO - Oportunidad encontrada (A->B->C->A): BNB -> BTC -> SNX -> BNB
2025-05-21 12:35:30,503 - deteccion - INFO - Pares: BNBBTC, SNXBTC, SNXBNB
2025-05-21 12:35:30,503 - deteccion - INFO - Precios: 0.006107, 7.58e-06, 0.01057
2025-05-21 12:35:30,503 - deteccion - INFO - Factores: 0.006107, 131926.12137203166, 0.01057
2025-05-21 12:35:30,503 - deteccion - INFO - Rentabilidad Bruta: 751.596174%
2025-05-21 12:35:30,504 - deteccion - INFO - Oportunidad encontrada (A->B->C->A): BNB -> BTC -> MANA -> BNB
2025-05-21 12:35:30,504 - deteccion - INFO - Pares: BNBBTC, MANABTC, MANABNB
2025-05-21 12:35:30,504 - deteccion - INFO - Precios: 0.006107, 3.01e-06, 0.00155
2025-05-21 12:35:30,505 - deteccion - INFO - Factores: 0.006107, 332225.9136212625, 0.00155
2025-05-21 12:35:30,505 - deteccion - INFO - Rentabilidad Bruta: 214.480066%
2025-05-21 12:35:30,505 - deteccion - INFO - Oportunidad encontrada (A->B->C->A): BNB -> BTC -> ZEN -> BNB
2025-05-21 12:35:30,505 - deteccion - INFO - Pares: BNBBTC, ZENBTC, ZENBNB
2025-05-21 12:35:30,506 - deteccion - INFO - Precios: 0.006107, 9.14e-05, 0.0329
2025-05-21 12:35:30,506 - deteccion - INFO - Factores: 0.006107, 10940.919037199124, 0.0329
2025-05-21 12:35:30,506 - deteccion - INFO - Rentabilidad Bruta: 119.825274%
2025-05-21 12:35:30,506 - deteccion - INFO - Oportunidad encontrada (A->B->C->A): BNB -> AUD -> XRP -> BNB
2025-05-21 12:35:30,507 - deteccion - INFO - Pares: BNBAUD, XRPAUD, XRPBNB
2025-05-21 12:35:30,507 - deteccion - INFO - Precios: 421.1, 0.7, 0.0036282
2025-05-21 12:35:30,507 - deteccion - INFO - Factores: 421.1, 1.4285714285714286, 0.0036282
2025-05-21 12:35:30,507 - deteccion - INFO - Rentabilidad Bruta: 118.262146%
2025-05-21 12:35:30,508 - deteccion - INFO - Oportunidad encontrada (A->B->C->A): BNB -> AUD -> FTM -> BNB
2025-05-21 12:35:30,508 - deteccion - INFO - Pares: BNBAUD, FTMAUD, FTMBNB
2025-05-21 12:35:30,508 - deteccion - INFO - Precios: 421.1, 0.42, 0.0010144
2025-05-21 12:35:30,508 - deteccion - INFO - Factores: 421.1, 2.380952380952381, 0.0010144
2025-05-21 12:35:30,509 - deteccion - INFO - Rentabilidad Bruta: 1.705676%
2025-05-21 12:35:30,509 - deteccion - INFO - Oportunidad encontrada (A->B->C->A): BNB -> USDT -> TRX -> BNB
2025-05-21 12:35:30,509 - deteccion - INFO - Pares: BNBUSDT, TRXUSDT, TRXBNB
2025-05-21 12:35:30,510 - deteccion - INFO - Precios: 667.94, 0.2729, 0.0004088
2025-05-21 12:35:30,510 - deteccion - INFO - Factores: 667.94, 3.664345914254306, 0.0004088
2025-05-21 12:35:30,510 - deteccion - INFO - Rentabilidad Bruta: 0.056384%
2025-05-21 12:35:30,510 - deteccion - INFO - Oportunidad encontrada (A->B->C->A): BNB -> USDT -> ZEC -> BNB
2025-05-21 12:35:30,511 - deteccion - INFO - Pares: BNBUSDT, ZECUSDT, ZECBNB
2025-05-21 12:35:30,511 - deteccion - INFO - Precios: 667.94, 42.0, 0.1026
2025-05-21 12:35:30,511 - deteccion - INFO - Factores: 667.94, 0.023809523809523808, 0.1026
2025-05-21 12:35:30,511 - deteccion - INFO - Rentabilidad Bruta: 63.168200%
2025-05-21 12:35:30,512 - deteccion - INFO - Oportunidad encontrada (A->B->C->A): BNB -> USDT -> CTSI -> BNB
2025-05-21 12:35:30,512 - deteccion - INFO - Pares: BNBUSDT, CTSIUSDT, CTSIBNB
2025-05-21 12:35:30,512 - deteccion - INFO - Precios: 667.94, 0.075, 0.0007983
2025-05-21 12:35:30,512 - deteccion - INFO - Factores: 667.94, 13.333333333333334, 0.0007983
2025-05-21 12:35:30,513 - deteccion - INFO - Rentabilidad Bruta: 610.955336%
2025-05-21 12:35:30,513 - deteccion - INFO - Oportunidad encontrada (A->B->C->A): BNB -> USDT -> SRM -> BNB
2025-05-21 12:35:30,513 - deteccion - INFO - Pares: BNBUSDT, SRMUSDT, SRMBNB
2025-05-21 12:35:30,513 - deteccion - INFO - Precios: 667.94, 0.24442, 0.00084
2025-05-21 12:35:30,514 - deteccion - INFO - Factores: 667.94, 4.091318222731364, 0.00084
2025-05-21 12:35:30,514 - deteccion - INFO - Rentabilidad Bruta: 129.551428%
2025-05-21 12:35:30,514 - deteccion - INFO - Oportunidad encontrada (A->B->C->A): BNB -> USDT -> STX -> BNB
2025-05-21 12:35:30,514 - deteccion - INFO - Pares: BNBUSDT, STXUSDT, STXBNB
2025-05-21 12:35:30,515 - deteccion - INFO - Precios: 667.94, 0.938, 0.001405
2025-05-21 12:35:30,515 - deteccion - INFO - Factores: 667.94, 1.0660980810234542, 0.001405
2025-05-21 12:35:30,515 - deteccion - INFO - Rentabilidad Bruta: 0.048582%
2025-05-21 12:35:30,516 - deteccion - INFO - Oportunidad encontrada (A->B->C->A): BNB -> USDT -> FTT -> BNB
2025-05-21 12:35:30,516 - deteccion - INFO - Pares: BNBUSDT, FTTUSDT, FTTBNB
2025-05-21 12:35:30,516 - deteccion - INFO - Precios: 667.94, 1.2533, 0.00513
2025-05-21 12:35:30,517 - deteccion - INFO - Factores: 667.94, 0.7978935609989627, 0.00513
2025-05-21 12:35:30,517 - deteccion - INFO - Rentabilidad Bruta: 173.400798%
2025-05-21 12:35:30,517 - deteccion - INFO - Oportunidad encontrada (A->B->C->A): BNB -> USDT -> KNC -> BNB
2025-05-21 12:35:30,518 - deteccion - INFO - Pares: BNBUSDT, KNCUSDT, KNCBNB
2025-05-21 12:35:30,518 - deteccion - INFO - Precios: 667.94, 0.3764, 0.00255
2025-05-21 12:35:30,518 - deteccion - INFO - Factores: 667.94, 2.6567481402763016, 0.00255
2025-05-21 12:35:30,518 - deteccion - INFO - Rentabilidad Bruta: 352.509830%
2025-05-21 12:35:30,519 - deteccion - INFO - Oportunidad encontrada (A->B->C->A): BNB -> USDT -> OGN -> BNB
2025-05-21 12:35:30,519 - deteccion - INFO - Pares: BNBUSDT, OGNUSDT, OGNBNB
2025-05-21 12:35:30,519 - deteccion - INFO - Precios: 667.94, 0.0674, 0.000383
2025-05-21 12:35:30,519 - deteccion - INFO - Factores: 667.94, 14.836795252225519, 0.000383
2025-05-21 12:35:30,519 - deteccion - INFO - Rentabilidad Bruta: 279.556409%
2025-05-21 12:35:30,520 - deteccion - INFO - Oportunidad encontrada (A->B->C->A): BNB -> USDT -> CHR -> BNB
2025-05-21 12:35:30,520 - deteccion - INFO - Pares: BNBUSDT, CHRUSDT, CHRBNB
2025-05-21 12:35:30,520 - deteccion - INFO - Precios: 667.94, 0.1069, 0.0004377
2025-05-21 12:35:30,520 - deteccion - INFO - Factores: 667.94, 9.354536950420954, 0.0004377
2025-05-21 12:35:30,521 - deteccion - INFO - Rentabilidad Bruta: 173.486752%
2025-05-21 12:35:30,521 - deteccion - INFO - Oportunidad encontrada (A->B->C->A): BNB -> USDT -> HBAR -> BNB
2025-05-21 12:35:30,521 - deteccion - INFO - Pares: BNBUSDT, HBARUSDT, HBARBNB
2025-05-21 12:35:30,521 - deteccion - INFO - Precios: 667.94, 0.2009, 0.00030081
2025-05-21 12:35:30,521 - deteccion - INFO - Factores: 667.94, 4.9776007964161275, 0.00030081
2025-05-21 12:35:30,521 - deteccion - INFO - Rentabilidad Bruta: 0.011464%
2025-05-21 12:35:30,522 - deteccion - INFO - Oportunidad encontrada (A->B->C->A): BNB -> USDT -> ANKR -> BNB
2025-05-21 12:35:30,522 - deteccion - INFO - Pares: BNBUSDT, ANKRUSDT, ANKRBNB
2025-05-21 12:35:30,522 - deteccion - INFO - Precios: 667.94, 0.0191, 8.56e-05
2025-05-21 12:35:30,522 - deteccion - INFO - Factores: 667.94, 52.35602094240838, 8.56e-05
2025-05-21 12:35:30,522 - deteccion - INFO - Rentabilidad Bruta: 199.349026%
2025-05-21 12:35:30,523 - deteccion - INFO - Oportunidad encontrada (A->B->C->A): BNB -> USDT -> NEO -> BNB
2025-05-21 12:35:30,523 - deteccion - INFO - Pares: BNBUSDT, NEOUSDT, NEOBNB
2025-05-21 12:35:30,523 - deteccion - INFO - Precios: 667.94, 6.72, 0.03836
2025-05-21 12:35:30,523 - deteccion - INFO - Factores: 667.94, 0.1488095238095238, 0.03836
2025-05-21 12:35:30,523 - deteccion - INFO - Rentabilidad Bruta: 281.282417%
2025-05-21 12:35:30,524 - deteccion - INFO - Oportunidad encontrada (A->B->C->A): BNB -> USDT -> SXP -> BNB
2025-05-21 12:35:30,524 - deteccion - INFO - Pares: BNBUSDT, SXPUSDT, SXPBNB
2025-05-21 12:35:30,524 - deteccion - INFO - Precios: 667.94, 0.2041, 0.00044
2025-05-21 12:35:30,524 - deteccion - INFO - Factores: 667.94, 4.899559039686428, 0.00044
2025-05-21 12:35:30,524 - deteccion - INFO - Rentabilidad Bruta: 43.994904%
2025-05-21 12:35:30,525 - deteccion - INFO - Oportunidad encontrada (A->B->C->A): BNB -> USDT -> ENJ -> BNB
2025-05-21 12:35:30,525 - deteccion - INFO - Pares: BNBUSDT, ENJUSDT, ENJBNB
2025-05-21 12:35:30,525 - deteccion - INFO - Precios: 667.94, 0.0912, 0.001368
2025-05-21 12:35:30,525 - deteccion - INFO - Factores: 667.94, 10.964912280701753, 0.001368
2025-05-21 12:35:30,526 - deteccion - INFO - Rentabilidad Bruta: 901.910000%
2025-05-21 12:35:30,526 - deteccion - INFO - Oportunidad encontrada (A->B->C->A): BNB -> USDT -> WAVES -> BNB
2025-05-21 12:35:30,526 - deteccion - INFO - Pares: BNBUSDT, WAVESUSDT, WAVESBNB
2025-05-21 12:35:30,526 - deteccion - INFO - Precios: 667.94, 1.076, 0.00513
2025-05-21 12:35:30,526 - deteccion - INFO - Factores: 667.94, 0.929368029739777, 0.00513
2025-05-21 12:35:30,527 - deteccion - INFO - Rentabilidad Bruta: 218.450948%
2025-05-21 12:35:30,527 - deteccion - INFO - Oportunidad encontrada (A->B->C->A): BNB -> USDT -> COS -> BNB
2025-05-21 12:35:30,527 - deteccion - INFO - Pares: BNBUSDT, COSUSDT, COSBNB
2025-05-21 12:35:30,527 - deteccion - INFO - Precios: 667.94, 0.003862, 2.678e-05
2025-05-21 12:35:30,527 - deteccion - INFO - Factores: 667.94, 258.9331952356292, 2.678e-05
2025-05-21 12:35:30,528 - deteccion - INFO - Rentabilidad Bruta: 363.165023%
2025-05-21 12:35:30,528 - deteccion - INFO - Oportunidad encontrada (A->B->C->A): BNB -> USDT -> SNX -> BNB
2025-05-21 12:35:30,528 - deteccion - INFO - Pares: BNBUSDT, SNXUSDT, SNXBNB
2025-05-21 12:35:30,528 - deteccion - INFO - Precios: 667.94, 0.831, 0.01057
2025-05-21 12:35:30,529 - deteccion - INFO - Factores: 667.94, 1.203369434416366, 0.01057
2025-05-21 12:35:30,529 - deteccion - INFO - Rentabilidad Bruta: 749.593959%
2025-05-21 12:35:30,529 - deteccion - INFO - Oportunidad encontrada (A->B->C->A): BNB -> USDT -> FUN -> BNB
2025-05-21 12:35:30,529 - deteccion - INFO - Pares: BNBUSDT, FUNUSDT, FUNBNB
2025-05-21 12:35:30,529 - deteccion - INFO - Precios: 667.94, 0.004635, 1.888e-05
2025-05-21 12:35:30,530 - deteccion - INFO - Factores: 667.94, 215.7497303128371, 1.888e-05
2025-05-21 12:35:30,530 - deteccion - INFO - Rentabilidad Bruta: 172.075668%
2025-05-21 12:35:30,530 - deteccion - INFO - Oportunidad encontrada (A->B->C->A): BNB -> USDT -> XMR -> BNB
2025-05-21 12:35:30,530 - deteccion - INFO - Pares: BNBUSDT, XMRUSDT, XMRBNB
2025-05-21 12:35:30,530 - deteccion - INFO - Precios: 667.94, 118.7, 0.3321
2025-05-21 12:35:30,531 - deteccion - INFO - Factores: 667.94, 0.008424599831508003, 0.3321
2025-05-21 12:35:30,531 - deteccion - INFO - Rentabilidad Bruta: 86.876895%
2025-05-21 12:35:30,531 - deteccion - INFO - Oportunidad encontrada (A->B->C->A): BNB -> USDT -> MANA -> BNB
2025-05-21 12:35:30,531 - deteccion - INFO - Pares: BNBUSDT, MANAUSDT, MANABNB
2025-05-21 12:35:30,531 - deteccion - INFO - Precios: 667.94, 0.3299, 0.00155
2025-05-21 12:35:30,532 - deteccion - INFO - Factores: 667.94, 3.0312215822976656, 0.00155
2025-05-21 12:35:30,532 - deteccion - INFO - Rentabilidad Bruta: 213.824492%
2025-05-21 12:35:30,532 - deteccion - INFO - Oportunidad encontrada (A->B->C->A): BNB -> USDT -> ZEN -> BNB
2025-05-21 12:35:30,532 - deteccion - INFO - Pares: BNBUSDT, ZENUSDT, ZENBNB
2025-05-21 12:35:30,533 - deteccion - INFO - Precios: 667.94, 10.0, 0.0329
2025-05-21 12:35:30,533 - deteccion - INFO - Factores: 667.94, 0.1, 0.0329
2025-05-21 12:35:30,533 - deteccion - INFO - Rentabilidad Bruta: 119.752260%
2025-05-21 12:35:30,534 - deteccion - INFO - Oportunidad encontrada (A->B->C->A): LTC -> USDC -> USDT -> LTC
2025-05-21 12:35:30,535 - deteccion - INFO - Pares: LTCUSDC, USDCUSDT, LTCUSDT
2025-05-21 12:35:30,535 - deteccion - INFO - Precios: 98.0, 0.9995, 97.94
2025-05-21 12:35:30,535 - deteccion - INFO - Factores: 98.0, 0.9995, 0.010210332856851134
2025-05-21 12:35:30,535 - deteccion - INFO - Rentabilidad Bruta: 0.011231%
2025-05-21 12:35:30,536 - deteccion - INFO - Oportunidad encontrada (A->B->C->A): LTC -> GBP -> BTC -> LTC
2025-05-21 12:35:30,536 - deteccion - INFO - Pares: LTCGBP, BTCGBP, LTCBTC
2025-05-21 12:35:30,536 - deteccion - INFO - Precios: 63.56, 35986.75, 0.000896
2025-05-21 12:35:30,536 - deteccion - INFO - Factores: 63.56, 2.7788005307509012e-05, 1116.0714285714287
2025-05-21 12:35:30,537 - deteccion - INFO - Rentabilidad Bruta: 97.121163%
2025-05-21 12:35:30,537 - deteccion - INFO - Oportunidad encontrada (A->B->C->A): LTC -> ETH -> USDT -> LTC
2025-05-21 12:35:30,537 - deteccion - INFO - Pares: LTCETH, ETHUSDT, LTCUSDT
2025-05-21 12:35:30,537 - deteccion - INFO - Precios: 0.03776, 2594.04, 97.94
2025-05-21 12:35:30,537 - deteccion - INFO - Factores: 0.03776, 2594.04, 0.010210332856851134
2025-05-21 12:35:30,538 - deteccion - INFO - Rentabilidad Bruta: 0.011181%
2025-05-21 12:35:30,538 - deteccion - INFO - Oportunidad encontrada (A->B->C->A): LTC -> BTC -> USDT -> LTC
2025-05-21 12:35:30,538 - deteccion - INFO - Pares: LTCBTC, BTCUSDT, LTCUSDT
2025-05-21 12:35:30,538 - deteccion - INFO - Precios: 0.000896, 109376.38, 97.94
2025-05-21 12:35:30,539 - deteccion - INFO - Factores: 0.000896, 109376.38, 0.010210332856851134
2025-05-21 12:35:30,539 - deteccion - INFO - Rentabilidad Bruta: 0.062524%
2025-05-21 12:35:30,540 - deteccion - INFO - Oportunidad encontrada (A->B->C->A): EUR -> SOL -> USDC -> EUR
2025-05-21 12:35:30,540 - deteccion - INFO - Pares: SOLEUR, SOLUSDC, EURUSDC
2025-05-21 12:35:30,540 - deteccion - INFO - Precios: 152.95, 173.61, 1.135
2025-05-21 12:35:30,540 - deteccion - INFO - Factores: 0.0065380843412880035, 173.61, 0.8810572687224669
2025-05-21 12:35:30,540 - deteccion - INFO - Rentabilidad Bruta: 0.006769%
2025-05-21 12:35:30,541 - deteccion - INFO - Oportunidad encontrada (A->B->C->A): EUR -> SOL -> BTC -> EUR
2025-05-21 12:35:30,541 - deteccion - INFO - Pares: SOLEUR, SOLBTC, BTCEUR
2025-05-21 12:35:30,541 - deteccion - INFO - Precios: 152.95, 0.0015863, 96430.78
2025-05-21 12:35:30,541 - deteccion - INFO - Factores: 0.0065380843412880035, 0.0015863, 96430.78
2025-05-21 12:35:30,542 - deteccion - INFO - Rentabilidad Bruta: 0.011864%
2025-05-21 12:35:30,542 - deteccion - INFO - Oportunidad encontrada (A->B->C->A): EUR -> SOL -> USDT -> EUR
2025-05-21 12:35:30,542 - deteccion - INFO - Pares: SOLEUR, SOLUSDT, EURUSDT
2025-05-21 12:35:30,542 - deteccion - INFO - Precios: 152.95, 173.51, 1.1343
2025-05-21 12:35:30,543 - deteccion - INFO - Factores: 0.0065380843412880035, 173.51, 0.8816009873931058
2025-05-21 12:35:30,543 - deteccion - INFO - Rentabilidad Bruta: 0.010845%
2025-05-21 12:35:30,543 - deteccion - INFO - Oportunidad encontrada (A->B->C->A): EUR -> USDC -> ETH -> EUR
2025-05-21 12:35:30,543 - deteccion - INFO - Pares: EURUSDC, ETHUSDC, ETHEUR
2025-05-21 12:35:30,543 - deteccion - INFO - Precios: 1.135, 2595.67, 2287.08
2025-05-21 12:35:30,544 - deteccion - INFO - Factores: 1.135, 0.0003852569856722927, 2287.08
2025-05-21 12:35:30,544 - deteccion - INFO - Rentabilidad Bruta: 0.006388%
2025-05-21 12:35:30,544 - deteccion - INFO - Oportunidad encontrada (A->B->C->A): EUR -> USDC -> MATIC -> EUR
2025-05-21 12:35:30,544 - deteccion - INFO - Pares: EURUSDC, MATICUSDC, MATICEUR
2025-05-21 12:35:30,544 - deteccion - INFO - Precios: 1.135, 0.3791, 0.3444
2025-05-21 12:35:30,545 - deteccion - INFO - Factores: 1.135, 2.637826431020839, 0.3444
2025-05-21 12:35:30,545 - deteccion - INFO - Rentabilidad Bruta: 3.111052%
2025-05-21 12:35:30,545 - deteccion - INFO - Oportunidad encontrada (A->B->C->A): EUR -> USDC -> ADA -> EUR
2025-05-21 12:35:30,545 - deteccion - INFO - Pares: EURUSDC, ADAUSDC, ADAEUR
2025-05-21 12:35:30,545 - deteccion - INFO - Precios: 1.135, 0.7771, 0.6848
2025-05-21 12:35:30,546 - deteccion - INFO - Factores: 1.135, 1.2868356710848023, 0.6848
2025-05-21 12:35:30,546 - deteccion - INFO - Rentabilidad Bruta: 0.019045%
2025-05-21 12:35:30,546 - deteccion - INFO - Oportunidad encontrada (A->B->C->A): EUR -> USDC -> USDT -> EUR
2025-05-21 12:35:30,546 - deteccion - INFO - Pares: EURUSDC, USDCUSDT, EURUSDT
2025-05-21 12:35:30,547 - deteccion - INFO - Precios: 1.135, 0.9995, 1.1343
2025-05-21 12:35:30,547 - deteccion - INFO - Factores: 1.135, 0.9995, 0.8816009873931058
2025-05-21 12:35:30,547 - deteccion - INFO - Rentabilidad Bruta: 0.011681%
2025-05-21 12:35:30,547 - deteccion - INFO - Oportunidad encontrada (A->B->C->A): EUR -> USDC -> FTM -> EUR
2025-05-21 12:35:30,547 - deteccion - INFO - Pares: EURUSDC, FTMUSDC, FTMEUR
2025-05-21 12:35:30,548 - deteccion - INFO - Precios: 1.135, 0.6986, 0.6809
2025-05-21 12:35:30,548 - deteccion - INFO - Factores: 1.135, 1.43143429716576, 0.6809
2025-05-21 12:35:30,548 - deteccion - INFO - Rentabilidad Bruta: 10.624320%
2025-05-21 12:35:30,548 - deteccion - INFO - Oportunidad encontrada (A->B->C->A): EUR -> USDC -> CHZ -> EUR
2025-05-21 12:35:30,548 - deteccion - INFO - Pares: EURUSDC, CHZUSDC, CHZEUR
2025-05-21 12:35:30,549 - deteccion - INFO - Precios: 1.135, 0.04599, 0.053
2025-05-21 12:35:30,549 - deteccion - INFO - Factores: 1.135, 21.743857360295713, 0.053
2025-05-21 12:35:30,549 - deteccion - INFO - Rentabilidad Bruta: 30.800174%
2025-05-21 12:35:30,550 - deteccion - INFO - Oportunidad encontrada (A->B->C->A): EUR -> USDC -> RUNE -> EUR
2025-05-21 12:35:30,550 - deteccion - INFO - Pares: EURUSDC, RUNEUSDC, RUNEEUR
2025-05-21 12:35:30,550 - deteccion - INFO - Precios: 1.135, 1.953, 3.762
2025-05-21 12:35:30,550 - deteccion - INFO - Factores: 1.135, 0.5120327700972862, 3.762
2025-05-21 12:35:30,551 - deteccion - INFO - Rentabilidad Bruta: 118.631336%
2025-05-21 12:35:30,551 - deteccion - INFO - Oportunidad encontrada (A->B->C->A): EUR -> USDC -> ENJ -> EUR
2025-05-21 12:35:30,551 - deteccion - INFO - Pares: EURUSDC, ENJUSDC, ENJEUR
2025-05-21 12:35:30,552 - deteccion - INFO - Precios: 1.135, 0.0915, 0.1946
2025-05-21 12:35:30,552 - deteccion - INFO - Factores: 1.135, 10.92896174863388, 0.1946
2025-05-21 12:35:30,552 - deteccion - INFO - Rentabilidad Bruta: 141.389071%
2025-05-21 12:35:30,552 - deteccion - INFO - Oportunidad encontrada (A->B->C->A): EUR -> ETH -> ADA -> EUR
2025-05-21 12:35:30,552 - deteccion - INFO - Pares: ETHEUR, ADAETH, ADAEUR
2025-05-21 12:35:30,553 - deteccion - INFO - Precios: 2287.08, 0.0002993, 0.6848
2025-05-21 12:35:30,553 - deteccion - INFO - Factores: 0.0004372387498469665, 3341.1293017039757, 0.6848
2025-05-21 12:35:30,553 - deteccion - INFO - Rentabilidad Bruta: 0.040460%
2025-05-21 12:35:30,553 - deteccion - INFO - Oportunidad encontrada (A->B->C->A): EUR -> ETH -> XRP -> EUR
2025-05-21 12:35:30,553 - deteccion - INFO - Pares: ETHEUR, XRPETH, XRPEUR
2025-05-21 12:35:30,553 - deteccion - INFO - Precios: 2287.08, 0.0009328, 2.1336
2025-05-21 12:35:30,554 - deteccion - INFO - Factores: 0.0004372387498469665, 1072.041166380789, 2.1336
2025-05-21 12:35:30,554 - deteccion - INFO - Rentabilidad Bruta: 0.009927%
2025-05-21 12:35:30,554 - deteccion - INFO - Oportunidad encontrada (A->B->C->A): EUR -> ETH -> FTM -> EUR
2025-05-21 12:35:30,554 - deteccion - INFO - Pares: ETHEUR, FTMETH, FTMEUR
2025-05-21 12:35:30,554 - deteccion - INFO - Precios: 2287.08, 0.0002148, 0.6809
2025-05-21 12:35:30,554 - deteccion - INFO - Factores: 0.0004372387498469665, 4655.493482309125, 0.6809
2025-05-21 12:35:30,554 - deteccion - INFO - Rentabilidad Bruta: 38.601427%
2025-05-21 12:35:30,555 - deteccion - INFO - Oportunidad encontrada (A->B->C->A): EUR -> ETH -> RUNE -> EUR
2025-05-21 12:35:30,555 - deteccion - INFO - Pares: ETHEUR, RUNEETH, RUNEEUR
2025-05-21 12:35:30,555 - deteccion - INFO - Precios: 2287.08, 0.0007536, 3.762
2025-05-21 12:35:30,555 - deteccion - INFO - Factores: 0.0004372387498469665, 1326.963906581741, 3.762
2025-05-21 12:35:30,555 - deteccion - INFO - Rentabilidad Bruta: 118.271255%
2025-05-21 12:35:30,556 - deteccion - INFO - Oportunidad encontrada (A->B->C->A): EUR -> ETH -> ENJ -> EUR
2025-05-21 12:35:30,556 - deteccion - INFO - Pares: ETHEUR, ENJETH, ENJEUR
2025-05-21 12:35:30,556 - deteccion - INFO - Precios: 2287.08, 6.172e-05, 0.1946
2025-05-21 12:35:30,556 - deteccion - INFO - Factores: 0.0004372387498469665, 16202.203499675956, 0.1946
2025-05-21 12:35:30,556 - deteccion - INFO - Rentabilidad Bruta: 37.859139%
2025-05-21 12:35:30,556 - deteccion - INFO - Oportunidad encontrada (A->B->C->A): EUR -> ETH -> WAVES -> EUR
2025-05-21 12:35:30,557 - deteccion - INFO - Pares: ETHEUR, WAVESETH, WAVESEUR
2025-05-21 12:35:30,557 - deteccion - INFO - Precios: 2287.08, 0.000298, 1.354
2025-05-21 12:35:30,557 - deteccion - INFO - Factores: 0.0004372387498469665, 3355.7046979865772, 1.354
2025-05-21 12:35:30,557 - deteccion - INFO - Rentabilidad Bruta: 98.664855%
2025-05-21 12:35:30,558 - deteccion - INFO - Oportunidad encontrada (A->B->C->A): EUR -> MATIC -> BTC -> EUR
2025-05-21 12:35:30,558 - deteccion - INFO - Pares: MATICEUR, MATICBTC, BTCEUR
2025-05-21 12:35:30,558 - deteccion - INFO - Precios: 0.3444, 6.67e-06, 96430.78
2025-05-21 12:35:30,558 - deteccion - INFO - Factores: 2.9036004645760745, 6.67e-06, 96430.78
2025-05-21 12:35:30,558 - deteccion - INFO - Rentabilidad Bruta: 86.757637%
2025-05-21 12:35:30,559 - deteccion - INFO - Oportunidad encontrada (A->B->C->A): EUR -> LINK -> BTC -> EUR
2025-05-21 12:35:30,559 - deteccion - INFO - Pares: LINKEUR, LINKBTC, BTCEUR
2025-05-21 12:35:30,559 - deteccion - INFO - Precios: 14.38, 0.0001492, 96430.78
2025-05-21 12:35:30,559 - deteccion - INFO - Factores: 0.06954102920723226, 0.0001492, 96430.78
2025-05-21 12:35:30,559 - deteccion - INFO - Rentabilidad Bruta: 0.051964%
2025-05-21 12:35:30,560 - deteccion - INFO - Oportunidad encontrada (A->B->C->A): EUR -> LINK -> USDT -> EUR
2025-05-21 12:35:30,560 - deteccion - INFO - Pares: LINKEUR, LINKUSDT, EURUSDT
2025-05-21 12:35:30,560 - deteccion - INFO - Precios: 14.38, 16.32, 1.1343
2025-05-21 12:35:30,560 - deteccion - INFO - Factores: 0.06954102920723226, 16.32, 0.8816009873931058
2025-05-21 12:35:30,560 - deteccion - INFO - Rentabilidad Bruta: 0.053742%
2025-05-21 12:35:30,561 - deteccion - INFO - Oportunidad encontrada (A->B->C->A): EUR -> DOGE -> USDT -> EUR
2025-05-21 12:35:30,561 - deteccion - INFO - Pares: DOGEEUR, DOGEUSDT, EURUSDT
2025-05-21 12:35:30,561 - deteccion - INFO - Precios: 0.20775, 0.2357, 1.1343
2025-05-21 12:35:30,561 - deteccion - INFO - Factores: 4.813477737665464, 0.2357, 0.8816009873931058
2025-05-21 12:35:30,561 - deteccion - INFO - Rentabilidad Bruta: 0.020868%
2025-05-21 12:35:30,562 - deteccion - INFO - Oportunidad encontrada (A->B->C->A): EUR -> BTC -> ADA -> EUR
2025-05-21 12:35:30,562 - deteccion - INFO - Pares: BTCEUR, ADABTC, ADAEUR
2025-05-21 12:35:30,562 - deteccion - INFO - Precios: 96430.78, 7.1e-06, 0.6848
2025-05-21 12:35:30,562 - deteccion - INFO - Factores: 1.0370132855920071e-05, 140845.0704225352, 0.6848
2025-05-21 12:35:30,562 - deteccion - INFO - Rentabilidad Bruta: 0.020662%
2025-05-21 12:35:30,563 - deteccion - INFO - Oportunidad encontrada (A->B->C->A): EUR -> BTC -> TRX -> EUR
2025-05-21 12:35:30,563 - deteccion - INFO - Pares: BTCEUR, TRXBTC, TRXEUR
2025-05-21 12:35:30,563 - deteccion - INFO - Precios: 96430.78, 2.49e-06, 0.2403
2025-05-21 12:35:30,563 - deteccion - INFO - Factores: 1.0370132855920071e-05, 401606.4257028113, 0.2403
2025-05-21 12:35:30,563 - deteccion - INFO - Rentabilidad Bruta: 0.078029%
2025-05-21 12:35:30,563 - deteccion - INFO - Oportunidad encontrada (A->B->C->A): EUR -> BTC -> CHZ -> EUR
2025-05-21 12:35:30,564 - deteccion - INFO - Pares: BTCEUR, CHZBTC, CHZEUR
2025-05-21 12:35:30,564 - deteccion - INFO - Precios: 96430.78, 4.2e-07, 0.053
2025-05-21 12:35:30,564 - deteccion - INFO - Factores: 1.0370132855920071e-05, 2380952.380952381, 0.053
2025-05-21 12:35:30,564 - deteccion - INFO - Rentabilidad Bruta: 30.861200%
2025-05-21 12:35:30,564 - deteccion - INFO - Oportunidad encontrada (A->B->C->A): EUR -> BTC -> SXP -> EUR
2025-05-21 12:35:30,564 - deteccion - INFO - Pares: BTCEUR, SXPBTC, SXPEUR
2025-05-21 12:35:30,565 - deteccion - INFO - Precios: 96430.78, 1.87e-06, 0.2654
2025-05-21 12:35:30,565 - deteccion - INFO - Factores: 1.0370132855920071e-05, 534759.3582887701, 0.2654
2025-05-21 12:35:30,565 - deteccion - INFO - Rentabilidad Bruta: 47.178249%
2025-05-21 12:35:30,565 - deteccion - INFO - Oportunidad encontrada (A->B->C->A): EUR -> BTC -> RUNE -> EUR
2025-05-21 12:35:30,565 - deteccion - INFO - Pares: BTCEUR, RUNEBTC, RUNEEUR
2025-05-21 12:35:30,566 - deteccion - INFO - Precios: 96430.78, 1.785e-05, 3.762
2025-05-21 12:35:30,566 - deteccion - INFO - Factores: 1.0370132855920071e-05, 56022.40896358543, 3.762
2025-05-21 12:35:30,566 - deteccion - INFO - Rentabilidad Bruta: 118.557086%
2025-05-21 12:35:30,566 - deteccion - INFO - Oportunidad encontrada (A->B->C->A): EUR -> BTC -> ENJ -> EUR
2025-05-21 12:35:30,567 - deteccion - INFO - Pares: BTCEUR, ENJBTC, ENJEUR
2025-05-21 12:35:30,567 - deteccion - INFO - Precios: 96430.78, 8.3e-07, 0.1946
2025-05-21 12:35:30,567 - deteccion - INFO - Factores: 1.0370132855920071e-05, 1204819.2771084337, 0.1946
2025-05-21 12:35:30,567 - deteccion - INFO - Rentabilidad Bruta: 143.135886%
2025-05-21 12:35:30,568 - deteccion - INFO - Oportunidad encontrada (A->B->C->A): EUR -> ADA -> USDT -> EUR
2025-05-21 12:35:30,568 - deteccion - INFO - Pares: ADAEUR, ADAUSDT, EURUSDT
2025-05-21 12:35:30,568 - deteccion - INFO - Precios: 0.6848, 0.7768, 1.1343
2025-05-21 12:35:30,568 - deteccion - INFO - Factores: 1.4602803738317758, 0.7768, 0.8816009873931058
2025-05-21 12:35:30,568 - deteccion - INFO - Rentabilidad Bruta: 0.004037%
2025-05-21 12:35:30,569 - deteccion - INFO - Oportunidad encontrada (A->B->C->A): EUR -> XRP -> USDT -> EUR
2025-05-21 12:35:30,569 - deteccion - INFO - Pares: XRPEUR, XRPUSDT, EURUSDT
2025-05-21 12:35:30,569 - deteccion - INFO - Precios: 2.1336, 2.4205, 1.1343
2025-05-21 12:35:30,569 - deteccion - INFO - Factores: 0.46869141357330335, 2.4205, 0.8816009873931058
2025-05-21 12:35:30,569 - deteccion - INFO - Rentabilidad Bruta: 0.014773%
2025-05-21 12:35:30,570 - deteccion - INFO - Oportunidad encontrada (A->B->C->A): EUR -> USDT -> FTM -> EUR
2025-05-21 12:35:30,570 - deteccion - INFO - Pares: EURUSDT, FTMUSDT, FTMEUR
2025-05-21 12:35:30,570 - deteccion - INFO - Precios: 1.1343, 0.6994, 0.6809
2025-05-21 12:35:30,570 - deteccion - INFO - Factores: 1.1343, 1.429796968830426, 0.6809
2025-05-21 12:35:30,570 - deteccion - INFO - Rentabilidad Bruta: 10.429635%
2025-05-21 12:35:30,571 - deteccion - INFO - Oportunidad encontrada (A->B->C->A): EUR -> USDT -> CHZ -> EUR
2025-05-21 12:35:30,571 - deteccion - INFO - Pares: EURUSDT, CHZUSDT, CHZEUR
2025-05-21 12:35:30,571 - deteccion - INFO - Precios: 1.1343, 0.04597, 0.053
2025-05-21 12:35:30,571 - deteccion - INFO - Factores: 1.1343, 21.75331738090059, 0.053
2025-05-21 12:35:30,571 - deteccion - INFO - Rentabilidad Bruta: 30.776376%
2025-05-21 12:35:30,571 - deteccion - INFO - Oportunidad encontrada (A->B->C->A): EUR -> USDT -> SXP -> EUR
2025-05-21 12:35:30,571 - deteccion - INFO - Pares: EURUSDT, SXPUSDT, SXPEUR
2025-05-21 12:35:30,572 - deteccion - INFO - Precios: 1.1343, 0.2041, 0.2654
2025-05-21 12:35:30,572 - deteccion - INFO - Factores: 1.1343, 4.899559039686428, 0.2654
2025-05-21 12:35:30,572 - deteccion - INFO - Rentabilidad Bruta: 47.497903%
2025-05-21 12:35:30,572 - deteccion - INFO - Oportunidad encontrada (A->B->C->A): EUR -> USDT -> RUNE -> EUR
2025-05-21 12:35:30,572 - deteccion - INFO - Pares: EURUSDT, RUNEUSDT, RUNEEUR
2025-05-21 12:35:30,572 - deteccion - INFO - Precios: 1.1343, 1.952, 3.762
2025-05-21 12:35:30,572 - deteccion - INFO - Factores: 1.1343, 0.5122950819672131, 3.762
2025-05-21 12:35:30,572 - deteccion - INFO - Rentabilidad Bruta: 118.608432%
2025-05-21 12:35:30,573 - deteccion - INFO - Oportunidad encontrada (A->B->C->A): EUR -> USDT -> ENJ -> EUR
2025-05-21 12:35:30,573 - deteccion - INFO - Pares: EURUSDT, ENJUSDT, ENJEUR
2025-05-21 12:35:30,573 - deteccion - INFO - Precios: 1.1343, 0.0912, 0.1946
2025-05-21 12:35:30,573 - deteccion - INFO - Factores: 1.1343, 10.964912280701753, 0.1946
2025-05-21 12:35:30,573 - deteccion - INFO - Rentabilidad Bruta: 142.033750%
2025-05-21 12:35:30,573 - deteccion - INFO - Oportunidad encontrada (A->B->C->A): EUR -> USDT -> WAVES -> EUR
2025-05-21 12:35:30,573 - deteccion - INFO - Pares: EURUSDT, WAVESUSDT, WAVESEUR
2025-05-21 12:35:30,574 - deteccion - INFO - Precios: 1.1343, 1.076, 1.354
2025-05-21 12:35:30,574 - deteccion - INFO - Factores: 1.1343, 0.929368029739777, 1.354
2025-05-21 12:35:30,574 - deteccion - INFO - Rentabilidad Bruta: 42.736264%
2025-05-21 12:35:30,575 - deteccion - INFO - Oportunidad encontrada (A->B->C->A): ETC -> ETH -> BTC -> ETC
2025-05-21 12:35:30,575 - deteccion - INFO - Pares: ETCETH, ETHBTC, ETCBTC
2025-05-21 12:35:30,575 - deteccion - INFO - Precios: 0.0074, 0.02371, 0.0001754
2025-05-21 12:35:30,575 - deteccion - INFO - Factores: 0.0074, 0.02371, 5701.254275940707
2025-05-21 12:35:30,575 - deteccion - INFO - Rentabilidad Bruta: 0.030787%
2025-05-21 12:35:30,576 - deteccion - INFO - Oportunidad encontrada (A->B->C->A): ETC -> ETH -> USDT -> ETC
2025-05-21 12:35:30,576 - deteccion - INFO - Pares: ETCETH, ETHUSDT, ETCUSDT
2025-05-21 12:35:30,576 - deteccion - INFO - Precios: 0.0074, 2594.04, 19.19
2025-05-21 12:35:30,576 - deteccion - INFO - Factores: 0.0074, 2594.04, 0.05211047420531526
2025-05-21 12:35:30,576 - deteccion - INFO - Rentabilidad Bruta: 0.030724%
2025-05-21 12:35:30,578 - deteccion - INFO - Oportunidad encontrada (A->B->C->A): SOL -> USDC -> ETH -> SOL
2025-05-21 12:35:30,578 - deteccion - INFO - Pares: SOLUSDC, ETHUSDC, SOLETH
2025-05-21 12:35:30,578 - deteccion - INFO - Precios: 173.61, 2595.67, 0.06687
2025-05-21 12:35:30,578 - deteccion - INFO - Factores: 173.61, 0.0003852569856722927, 14.954389113204726
2025-05-21 12:35:30,579 - deteccion - INFO - Rentabilidad Bruta: 0.021632%
2025-05-21 12:35:30,579 - deteccion - INFO - Oportunidad encontrada (A->B->C->A): SOL -> USDC -> AUD -> SOL
2025-05-21 12:35:30,579 - deteccion - INFO - Pares: SOLUSDC, AUDUSDC, SOLAUD
2025-05-21 12:35:30,579 - deteccion - INFO - Precios: 173.61, 0.6477, 28.48
2025-05-21 12:35:30,579 - deteccion - INFO - Factores: 173.61, 1.543924656476764, 0.0351123595505618
2025-05-21 12:35:30,579 - deteccion - INFO - Rentabilidad Bruta: 841.154353%
2025-05-21 12:35:30,580 - deteccion - INFO - Oportunidad encontrada (A->B->C->A): SOL -> USDC -> USDT -> SOL
2025-05-21 12:35:30,580 - deteccion - INFO - Pares: SOLUSDC, USDCUSDT, SOLUSDT
2025-05-21 12:35:30,580 - deteccion - INFO - Precios: 173.61, 0.9995, 173.51
2025-05-21 12:35:30,580 - deteccion - INFO - Factores: 173.61, 0.9995, 0.005763356578871535
2025-05-21 12:35:30,580 - deteccion - INFO - Rentabilidad Bruta: 0.007605%
2025-05-21 12:35:30,581 - deteccion - INFO - Oportunidad encontrada (A->B->C->A): SOL -> GBP -> BTC -> SOL
2025-05-21 12:35:30,581 - deteccion - INFO - Pares: SOLGBP, BTCGBP, SOLBTC
2025-05-21 12:35:30,581 - deteccion - INFO - Precios: 88.08, 35986.75, 0.0015863
2025-05-21 12:35:30,581 - deteccion - INFO - Factores: 88.08, 2.7788005307509012e-05, 630.397780999811
2025-05-21 12:35:30,581 - deteccion - INFO - Rentabilidad Bruta: 54.294113%
2025-05-21 12:35:30,582 - deteccion - INFO - Oportunidad encontrada (A->B->C->A): SOL -> ETH -> AUD -> SOL
2025-05-21 12:35:30,582 - deteccion - INFO - Pares: SOLETH, ETHAUD, SOLAUD
2025-05-21 12:35:30,582 - deteccion - INFO - Precios: 0.06687, 2565.09, 28.48
2025-05-21 12:35:30,582 - deteccion - INFO - Factores: 0.06687, 2565.09, 0.0351123595505618
2025-05-21 12:35:30,583 - deteccion - INFO - Rentabilidad Bruta: 502.273765%
2025-05-21 12:35:30,583 - deteccion - INFO - Oportunidad encontrada (A->B->C->A): SOL -> BTC -> AUD -> SOL
2025-05-21 12:35:30,583 - deteccion - INFO - Pares: SOLBTC, BTCAUD, SOLAUD
2025-05-21 12:35:30,583 - deteccion - INFO - Precios: 0.0015863, 37210.08, 28.48
2025-05-21 12:35:30,584 - deteccion - INFO - Factores: 0.0015863, 37210.08, 0.0351123595505618
2025-05-21 12:35:30,584 - deteccion - INFO - Rentabilidad Bruta: 107.255442%
2025-05-21 12:35:30,585 - deteccion - INFO - Oportunidad encontrada (A->B->C->A): USDC -> ETH -> ALGO -> USDC
2025-05-21 12:35:30,586 - deteccion - INFO - Pares: ETHUSDC, ALGOETH, ALGOUSDC
2025-05-21 12:35:30,586 - deteccion - INFO - Precios: 2595.67, 4.447e-05, 0.2314
2025-05-21 12:35:30,586 - deteccion - INFO - Factores: 0.0003852569856722927, 22487.069934787498, 0.2314
2025-05-21 12:35:30,586 - deteccion - INFO - Rentabilidad Bruta: 100.468780%
2025-05-21 12:35:30,586 - deteccion - INFO - Oportunidad encontrada (A->B->C->A): USDC -> ETH -> ADA -> USDC
2025-05-21 12:35:30,587 - deteccion - INFO - Pares: ETHUSDC, ADAETH, ADAUSDC
2025-05-21 12:35:30,587 - deteccion - INFO - Precios: 2595.67, 0.0002993, 0.7771
2025-05-21 12:35:30,587 - deteccion - INFO - Factores: 0.0003852569856722927, 3341.1293017039757, 0.7771
2025-05-21 12:35:30,587 - deteccion - INFO - Rentabilidad Bruta: 0.027799%
2025-05-21 12:35:30,587 - deteccion - INFO - Oportunidad encontrada (A->B->C->A): USDC -> ETH -> XRP -> USDC
2025-05-21 12:35:30,587 - deteccion - INFO - Pares: ETHUSDC, XRPETH, XRPUSDC
2025-05-21 12:35:30,588 - deteccion - INFO - Precios: 2595.67, 0.0009328, 2.4217
2025-05-21 12:35:30,588 - deteccion - INFO - Factores: 0.0003852569856722927, 1072.041166380789, 2.4217
2025-05-21 12:35:30,588 - deteccion - INFO - Rentabilidad Bruta: 0.018958%
2025-05-21 12:35:30,588 - deteccion - INFO - Oportunidad encontrada (A->B->C->A): USDC -> ETH -> ZEC -> USDC
2025-05-21 12:35:30,588 - deteccion - INFO - Pares: ETHUSDC, ZECETH, ZECUSDC
2025-05-21 12:35:30,589 - deteccion - INFO - Precios: 2595.67, 0.01622, 55.8
2025-05-21 12:35:30,589 - deteccion - INFO - Factores: 0.0003852569856722927, 61.65228113440198, 55.8
2025-05-21 12:35:30,589 - deteccion - INFO - Rentabilidad Bruta: 32.536004%
2025-05-21 12:35:30,589 - deteccion - INFO - Oportunidad encontrada (A->B->C->A): USDC -> ETH -> FTM -> USDC
2025-05-21 12:35:30,589 - deteccion - INFO - Pares: ETHUSDC, FTMETH, FTMUSDC
2025-05-21 12:35:30,590 - deteccion - INFO - Precios: 2595.67, 0.0002148, 0.6986
2025-05-21 12:35:30,590 - deteccion - INFO - Factores: 0.0003852569856722927, 4655.493482309125, 0.6986
2025-05-21 12:35:30,590 - deteccion - INFO - Rentabilidad Bruta: 25.298198%
2025-05-21 12:35:30,590 - deteccion - INFO - Oportunidad encontrada (A->B->C->A): USDC -> MATIC -> BTC -> USDC
2025-05-21 12:35:30,590 - deteccion - INFO - Pares: MATICUSDC, MATICBTC, BTCUSDC
2025-05-21 12:35:30,591 - deteccion - INFO - Precios: 0.3791, 6.67e-06, 109451.16
2025-05-21 12:35:30,591 - deteccion - INFO - Factores: 2.637826431020839, 6.67e-06, 109451.16
2025-05-21 12:35:30,591 - deteccion - INFO - Rentabilidad Bruta: 92.571680%
2025-05-21 12:35:30,591 - deteccion - INFO - Oportunidad encontrada (A->B->C->A): USDC -> MATIC -> AUD -> USDC
2025-05-21 12:35:30,591 - deteccion - INFO - Pares: MATICUSDC, MATICAUD, AUDUSDC
2025-05-21 12:35:30,592 - deteccion - INFO - Precios: 0.3791, 1.2141, 0.6477
2025-05-21 12:35:30,592 - deteccion - INFO - Factores: 2.637826431020839, 1.2141, 0.6477
2025-05-21 12:35:30,592 - deteccion - INFO - Rentabilidad Bruta: 107.431435%
2025-05-21 12:35:30,592 - deteccion - INFO - Oportunidad encontrada (A->B->C->A): USDC -> MATIC -> USDT -> USDC
2025-05-21 12:35:30,592 - deteccion - INFO - Pares: MATICUSDC, MATICUSDT, USDCUSDT
2025-05-21 12:35:30,593 - deteccion - INFO - Precios: 0.3791, 0.3794, 0.9995
2025-05-21 12:35:30,593 - deteccion - INFO - Factores: 2.637826431020839, 0.3794, 1.0005002501250624
2025-05-21 12:35:30,593 - deteccion - INFO - Rentabilidad Bruta: 0.129199%
2025-05-21 12:35:30,593 - deteccion - INFO - Oportunidad encontrada (A->B->C->A): USDC -> LINK -> BTC -> USDC
2025-05-21 12:35:30,593 - deteccion - INFO - Pares: LINKUSDC, LINKBTC, BTCUSDC
2025-05-21 12:35:30,594 - deteccion - INFO - Precios: 16.33, 0.0001492, 109451.16
2025-05-21 12:35:30,594 - deteccion - INFO - Factores: 0.06123698714023271, 0.0001492, 109451.16
2025-05-21 12:35:30,594 - deteccion - INFO - Rentabilidad Bruta: 0.000692%
2025-05-21 12:35:30,594 - deteccion - INFO - Oportunidad encontrada (A->B->C->A): USDC -> ALGO -> USDT -> USDC
2025-05-21 12:35:30,595 - deteccion - INFO - Pares: ALGOUSDC, ALGOUSDT, USDCUSDT
2025-05-21 12:35:30,595 - deteccion - INFO - Precios: 0.2314, 0.2313, 0.9995
2025-05-21 12:35:30,595 - deteccion - INFO - Factores: 4.32152117545376, 0.2313, 1.0005002501250624
2025-05-21 12:35:30,595 - deteccion - INFO - Rentabilidad Bruta: 0.006788%
2025-05-21 12:35:30,595 - deteccion - INFO - Oportunidad encontrada (A->B->C->A): USDC -> BTC -> TRX -> USDC
2025-05-21 12:35:30,596 - deteccion - INFO - Pares: BTCUSDC, TRXBTC, TRXUSDC
2025-05-21 12:35:30,596 - deteccion - INFO - Precios: 109451.16, 2.49e-06, 0.2731
2025-05-21 12:35:30,596 - deteccion - INFO - Factores: 9.136495218506592e-06, 401606.4257028113, 0.2731
2025-05-21 12:35:30,596 - deteccion - INFO - Rentabilidad Bruta: 0.207905%
2025-05-21 12:35:30,596 - deteccion - INFO - Oportunidad encontrada (A->B->C->A): USDC -> BTC -> HIVE -> USDC
2025-05-21 12:35:30,597 - deteccion - INFO - Pares: BTCUSDC, HIVEBTC, HIVEUSDC
2025-05-21 12:35:30,597 - deteccion - INFO - Precios: 109451.16, 2.43e-06, 0.2664
2025-05-21 12:35:30,597 - deteccion - INFO - Factores: 9.136495218506592e-06, 411522.63374485594, 0.2664
2025-05-21 12:35:30,597 - deteccion - INFO - Rentabilidad Bruta: 0.163059%
2025-05-21 12:35:30,597 - deteccion - INFO - Oportunidad encontrada (A->B->C->A): USDC -> BTC -> ZEC -> USDC
2025-05-21 12:35:30,598 - deteccion - INFO - Pares: BTCUSDC, ZECBTC, ZECUSDC
2025-05-21 12:35:30,598 - deteccion - INFO - Precios: 109451.16, 0.0003837, 55.8
2025-05-21 12:35:30,598 - deteccion - INFO - Factores: 9.136495218506592e-06, 2606.2027625749283, 55.8
2025-05-21 12:35:30,598 - deteccion - INFO - Rentabilidad Bruta: 32.868500%
2025-05-21 12:35:30,598 - deteccion - INFO - Oportunidad encontrada (A->B->C->A): USDC -> BTC -> STX -> USDC
2025-05-21 12:35:30,599 - deteccion - INFO - Pares: BTCUSDC, STXBTC, STXUSDC
2025-05-21 12:35:30,599 - deteccion - INFO - Precios: 109451.16, 8.57e-06, 0.938
2025-05-21 12:35:30,599 - deteccion - INFO - Factores: 9.136495218506592e-06, 116686.11435239208, 0.938
2025-05-21 12:35:30,599 - deteccion - INFO - Rentabilidad Bruta: 0.000379%
2025-05-21 12:35:30,600 - deteccion - INFO - Oportunidad encontrada (A->B->C->A): USDC -> BTC -> CHZ -> USDC
2025-05-21 12:35:30,600 - deteccion - INFO - Pares: BTCUSDC, CHZBTC, CHZUSDC
2025-05-21 12:35:30,600 - deteccion - INFO - Precios: 109451.16, 4.2e-07, 0.04599
2025-05-21 12:35:30,600 - deteccion - INFO - Factores: 9.136495218506592e-06, 2380952.380952381, 0.04599
2025-05-21 12:35:30,601 - deteccion - INFO - Rentabilidad Bruta: 0.044623%
2025-05-21 12:35:30,601 - deteccion - INFO - Oportunidad encontrada (A->B->C->A): USDC -> BTC -> HBAR -> USDC
2025-05-21 12:35:30,601 - deteccion - INFO - Pares: BTCUSDC, HBARBTC, HBARUSDC
2025-05-21 12:35:30,601 - deteccion - INFO - Precios: 109451.16, 1.83e-06, 0.20098
2025-05-21 12:35:30,601 - deteccion - INFO - Factores: 9.136495218506592e-06, 546448.0874316939, 0.20098
2025-05-21 12:35:30,602 - deteccion - INFO - Rentabilidad Bruta: 0.341684%
2025-05-21 12:35:30,602 - deteccion - INFO - Oportunidad encontrada (A->B->C->A): USDC -> BTC -> ENJ -> USDC
2025-05-21 12:35:30,602 - deteccion - INFO - Pares: BTCUSDC, ENJBTC, ENJUSDC
2025-05-21 12:35:30,602 - deteccion - INFO - Precios: 109451.16, 8.3e-07, 0.0915
2025-05-21 12:35:30,602 - deteccion - INFO - Factores: 9.136495218506592e-06, 1204819.2771084337, 0.0915
2025-05-21 12:35:30,602 - deteccion - INFO - Rentabilidad Bruta: 0.721604%
2025-05-21 12:35:30,603 - deteccion - INFO - Oportunidad encontrada (A->B->C->A): USDC -> BTC -> FET -> USDC
2025-05-21 12:35:30,603 - deteccion - INFO - Pares: BTCUSDC, FETBTC, FETUSDC
2025-05-21 12:35:30,603 - deteccion - INFO - Precios: 109451.16, 7.47e-06, 0.819
2025-05-21 12:35:30,603 - deteccion - INFO - Factores: 9.136495218506592e-06, 133868.80856760376, 0.819
2025-05-21 12:35:30,603 - deteccion - INFO - Rentabilidad Bruta: 0.171213%
2025-05-21 12:35:30,603 - deteccion - INFO - Oportunidad encontrada (A->B->C->A): USDC -> BTC -> ONT -> USDC
2025-05-21 12:35:30,604 - deteccion - INFO - Pares: BTCUSDC, ONTBTC, ONTUSDC
2025-05-21 12:35:30,604 - deteccion - INFO - Precios: 109451.16, 1.4e-06, 0.1542
2025-05-21 12:35:30,604 - deteccion - INFO - Factores: 9.136495218506592e-06, 714285.7142857143, 0.1542
2025-05-21 12:35:30,604 - deteccion - INFO - Rentabilidad Bruta: 0.631969%
2025-05-21 12:35:30,604 - deteccion - INFO - Oportunidad encontrada (A->B->C->A): USDC -> AUD -> ADA -> USDC
2025-05-21 12:35:30,605 - deteccion - INFO - Pares: AUDUSDC, ADAAUD, ADAUSDC
2025-05-21 12:35:30,605 - deteccion - INFO - Precios: 0.6477, 0.5054, 0.7771
2025-05-21 12:35:30,605 - deteccion - INFO - Factores: 1.543924656476764, 1.9786307874950535, 0.7771
2025-05-21 12:35:30,605 - deteccion - INFO - Rentabilidad Bruta: 137.392927%
2025-05-21 12:35:30,605 - deteccion - INFO - Oportunidad encontrada (A->B->C->A): USDC -> AUD -> XRP -> USDC
2025-05-21 12:35:30,606 - deteccion - INFO - Pares: AUDUSDC, XRPAUD, XRPUSDC
2025-05-21 12:35:30,606 - deteccion - INFO - Precios: 0.6477, 0.7, 2.4217
2025-05-21 12:35:30,606 - deteccion - INFO - Factores: 1.543924656476764, 1.4285714285714286, 2.4217
2025-05-21 12:35:30,606 - deteccion - INFO - Rentabilidad Bruta: 434.131763%
2025-05-21 12:35:30,606 - deteccion - INFO - Oportunidad encontrada (A->B->C->A): USDC -> AUD -> USDT -> USDC
2025-05-21 12:35:30,606 - deteccion - INFO - Pares: AUDUSDC, AUDUSDT, USDCUSDT
2025-05-21 12:35:30,607 - deteccion - INFO - Precios: 0.6477, 0.7252, 0.9995
2025-05-21 12:35:30,607 - deteccion - INFO - Factores: 1.543924656476764, 0.7252, 1.0005002501250624
2025-05-21 12:35:30,607 - deteccion - INFO - Rentabilidad Bruta: 12.021427%
2025-05-21 12:35:30,607 - deteccion - INFO - Oportunidad encontrada (A->B->C->A): USDC -> AUD -> FTM -> USDC
2025-05-21 12:35:30,607 - deteccion - INFO - Pares: AUDUSDC, FTMAUD, FTMUSDC
2025-05-21 12:35:30,607 - deteccion - INFO - Precios: 0.6477, 0.42, 0.6986
2025-05-21 12:35:30,608 - deteccion - INFO - Factores: 1.543924656476764, 2.380952380952381, 0.6986
2025-05-21 12:35:30,608 - deteccion - INFO - Rentabilidad Bruta: 156.806135%
2025-05-21 12:35:30,608 - deteccion - INFO - Oportunidad encontrada (A->B->C->A): USDC -> ADA -> USDT -> USDC
2025-05-21 12:35:30,608 - deteccion - INFO - Pares: ADAUSDC, ADAUSDT, USDCUSDT
2025-05-21 12:35:30,609 - deteccion - INFO - Precios: 0.7771, 0.7768, 0.9995
2025-05-21 12:35:30,609 - deteccion - INFO - Factores: 1.2868356710848023, 0.7768, 1.0005002501250624
2025-05-21 12:35:30,609 - deteccion - INFO - Rentabilidad Bruta: 0.011401%
2025-05-21 12:35:30,609 - deteccion - INFO - Oportunidad encontrada (A->B->C->A): USDC -> XRP -> USDT -> USDC
2025-05-21 12:35:30,609 - deteccion - INFO - Pares: XRPUSDC, XRPUSDT, USDCUSDT
2025-05-21 12:35:30,609 - deteccion - INFO - Precios: 2.4217, 2.4205, 0.9995
2025-05-21 12:35:30,610 - deteccion - INFO - Factores: 0.4129330635503985, 2.4205, 1.0005002501250624
2025-05-21 12:35:30,610 - deteccion - INFO - Rentabilidad Bruta: 0.000448%
2025-05-21 12:35:30,610 - deteccion - INFO - Oportunidad encontrada (A->B->C->A): USDC -> USDT -> TRX -> USDC
2025-05-21 12:35:30,610 - deteccion - INFO - Pares: USDCUSDT, TRXUSDT, TRXUSDC
2025-05-21 12:35:30,611 - deteccion - INFO - Precios: 0.9995, 0.2729, 0.2731
2025-05-21 12:35:30,611 - deteccion - INFO - Factores: 0.9995, 3.664345914254306, 0.2731
2025-05-21 12:35:30,611 - deteccion - INFO - Rentabilidad Bruta: 0.023250%
2025-05-21 12:35:30,611 - deteccion - INFO - Oportunidad encontrada (A->B->C->A): USDC -> USDT -> ZEC -> USDC
2025-05-21 12:35:30,611 - deteccion - INFO - Pares: USDCUSDT, ZECUSDT, ZECUSDC
2025-05-21 12:35:30,612 - deteccion - INFO - Precios: 0.9995, 42.0, 55.8
2025-05-21 12:35:30,612 - deteccion - INFO - Factores: 0.9995, 0.023809523809523808, 55.8
2025-05-21 12:35:30,612 - deteccion - INFO - Rentabilidad Bruta: 32.790714%
2025-05-21 12:35:30,612 - deteccion - INFO - Oportunidad encontrada (A->B->C->A): USDC -> USDT -> RUNE -> USDC
2025-05-21 12:35:30,612 - deteccion - INFO - Pares: USDCUSDT, RUNEUSDT, RUNEUSDC
2025-05-21 12:35:30,612 - deteccion - INFO - Precios: 0.9995, 1.952, 1.953
2025-05-21 12:35:30,613 - deteccion - INFO - Factores: 0.9995, 0.5122950819672131, 1.953
2025-05-21 12:35:30,613 - deteccion - INFO - Rentabilidad Bruta: 0.001204%
2025-05-21 12:35:30,613 - deteccion - INFO - Oportunidad encontrada (A->B->C->A): USDC -> USDT -> ENJ -> USDC
2025-05-21 12:35:30,613 - deteccion - INFO - Pares: USDCUSDT, ENJUSDT, ENJUSDC
2025-05-21 12:35:30,613 - deteccion - INFO - Precios: 0.9995, 0.0912, 0.0915
2025-05-21 12:35:30,613 - deteccion - INFO - Factores: 0.9995, 10.964912280701753, 0.0915
2025-05-21 12:35:30,614 - deteccion - INFO - Rentabilidad Bruta: 0.278783%
2025-05-21 12:35:30,614 - deteccion - INFO - Oportunidad encontrada (A->B->C->A): USDC -> USDT -> FET -> USDC
2025-05-21 12:35:30,614 - deteccion - INFO - Pares: USDCUSDT, FETUSDT, FETUSDC
2025-05-21 12:35:30,614 - deteccion - INFO - Precios: 0.9995, 0.818, 0.819
2025-05-21 12:35:30,614 - deteccion - INFO - Factores: 0.9995, 1.2224938875305624, 0.819
2025-05-21 12:35:30,615 - deteccion - INFO - Rentabilidad Bruta: 0.072188%
2025-05-21 12:35:30,616 - deteccion - INFO - Oportunidad encontrada (A->B->C->A): GBP -> ETH -> MATIC -> GBP
2025-05-21 12:35:30,616 - deteccion - INFO - Pares: ETHGBP, MATICETH, MATICGBP
2025-05-21 12:35:30,617 - deteccion - INFO - Precios: 1974.32, 0.0001616, 0.819
2025-05-21 12:35:30,617 - deteccion - INFO - Factores: 0.0005065035050042546, 6188.118811881188, 0.819
2025-05-21 12:35:30,617 - deteccion - INFO - Rentabilidad Bruta: 156.699487%
2025-05-21 12:35:30,617 - deteccion - INFO - Oportunidad encontrada (A->B->C->A): GBP -> ETH -> LINK -> GBP
2025-05-21 12:35:30,618 - deteccion - INFO - Pares: ETHGBP, LINKETH, LINKGBP
2025-05-21 12:35:30,618 - deteccion - INFO - Precios: 1974.32, 0.006295, 13.173
2025-05-21 12:35:30,618 - deteccion - INFO - Factores: 0.0005065035050042546, 158.85623510722795, 13.173
2025-05-21 12:35:30,618 - deteccion - INFO - Rentabilidad Bruta: 5.991591%
2025-05-21 12:35:30,619 - deteccion - INFO - Oportunidad encontrada (A->B->C->A): GBP -> ETH -> USDT -> GBP
2025-05-21 12:35:30,619 - deteccion - INFO - Pares: ETHGBP, ETHUSDT, GBPUSDT
2025-05-21 12:35:30,619 - deteccion - INFO - Precios: 1974.32, 2594.04, 1.18
2025-05-21 12:35:30,619 - deteccion - INFO - Factores: 0.0005065035050042546, 2594.04, 0.8474576271186441
2025-05-21 12:35:30,620 - deteccion - INFO - Rentabilidad Bruta: 11.346640%
2025-05-21 12:35:30,620 - deteccion - INFO - Oportunidad encontrada (A->B->C->A): GBP -> ETH -> ENJ -> GBP
2025-05-21 12:35:30,620 - deteccion - INFO - Pares: ETHGBP, ENJETH, ENJGBP
2025-05-21 12:35:30,620 - deteccion - INFO - Precios: 1974.32, 6.172e-05, 0.3676
2025-05-21 12:35:30,620 - deteccion - INFO - Factores: 0.0005065035050042546, 16202.203499675956, 0.3676
2025-05-21 12:35:30,621 - deteccion - INFO - Rentabilidad Bruta: 201.669942%
2025-05-21 12:35:30,621 - deteccion - INFO - Oportunidad encontrada (A->B->C->A): GBP -> LINK -> USDT -> GBP
2025-05-21 12:35:30,621 - deteccion - INFO - Pares: LINKGBP, LINKUSDT, GBPUSDT
2025-05-21 12:35:30,621 - deteccion - INFO - Precios: 13.173, 16.32, 1.18
2025-05-21 12:35:30,622 - deteccion - INFO - Factores: 0.07591285204585137, 16.32, 0.8474576271186441
2025-05-21 12:35:30,622 - deteccion - INFO - Rentabilidad Bruta: 4.991334%
2025-05-21 12:35:30,622 - deteccion - INFO - Oportunidad encontrada (A->B->C->A): GBP -> DOGE -> USDT -> GBP
2025-05-21 12:35:30,622 - deteccion - INFO - Pares: DOGEGBP, DOGEUSDT, GBPUSDT
2025-05-21 12:35:30,623 - deteccion - INFO - Precios: 0.07759, 0.2357, 1.18
2025-05-21 12:35:30,623 - deteccion - INFO - Factores: 12.888258796236627, 0.2357, 0.8474576271186441
2025-05-21 12:35:30,623 - deteccion - INFO - Rentabilidad Bruta: 157.437508%
2025-05-21 12:35:30,623 - deteccion - INFO - Oportunidad encontrada (A->B->C->A): GBP -> BTC -> ADA -> GBP
2025-05-21 12:35:30,623 - deteccion - INFO - Pares: BTCGBP, ADABTC, ADAGBP
2025-05-21 12:35:30,624 - deteccion - INFO - Precios: 35986.75, 7.1e-06, 0.513
2025-05-21 12:35:30,624 - deteccion - INFO - Factores: 2.7788005307509012e-05, 140845.0704225352, 0.513
2025-05-21 12:35:30,624 - deteccion - INFO - Rentabilidad Bruta: 100.778123%
2025-05-21 12:35:30,624 - deteccion - INFO - Oportunidad encontrada (A->B->C->A): GBP -> BTC -> USDT -> GBP
2025-05-21 12:35:30,624 - deteccion - INFO - Pares: BTCGBP, BTCUSDT, GBPUSDT
2025-05-21 12:35:30,625 - deteccion - INFO - Precios: 35986.75, 109376.38, 1.18
2025-05-21 12:35:30,625 - deteccion - INFO - Factores: 2.7788005307509012e-05, 109376.38, 0.8474576271186441
2025-05-21 12:35:30,625 - deteccion - INFO - Rentabilidad Bruta: 157.572155%
2025-05-21 12:35:30,625 - deteccion - INFO - Oportunidad encontrada (A->B->C->A): GBP -> BTC -> CHZ -> GBP
2025-05-21 12:35:30,625 - deteccion - INFO - Pares: BTCGBP, CHZBTC, CHZGBP
2025-05-21 12:35:30,626 - deteccion - INFO - Precios: 35986.75, 4.2e-07, 0.0572
2025-05-21 12:35:30,626 - deteccion - INFO - Factores: 2.7788005307509012e-05, 2380952.380952381, 0.0572
2025-05-21 12:35:30,626 - deteccion - INFO - Rentabilidad Bruta: 278.446168%
2025-05-21 12:35:30,626 - deteccion - INFO - Oportunidad encontrada (A->B->C->A): GBP -> BTC -> RUNE -> GBP
2025-05-21 12:35:30,626 - deteccion - INFO - Pares: BTCGBP, RUNEBTC, RUNEGBP
2025-05-21 12:35:30,627 - deteccion - INFO - Precios: 35986.75, 1.785e-05, 1.278
2025-05-21 12:35:30,627 - deteccion - INFO - Factores: 2.7788005307509012e-05, 56022.40896358543, 1.278
2025-05-21 12:35:30,627 - deteccion - INFO - Rentabilidad Bruta: 98.952777%
2025-05-21 12:35:30,627 - deteccion - INFO - Oportunidad encontrada (A->B->C->A): GBP -> ADA -> USDT -> GBP
2025-05-21 12:35:30,627 - deteccion - INFO - Pares: ADAGBP, ADAUSDT, GBPUSDT
2025-05-21 12:35:30,628 - deteccion - INFO - Precios: 0.513, 0.7768, 1.18
2025-05-21 12:35:30,628 - deteccion - INFO - Factores: 1.949317738791423, 0.7768, 0.8474576271186441
2025-05-21 12:35:30,628 - deteccion - INFO - Rentabilidad Bruta: 28.324578%
2025-05-21 12:35:30,628 - deteccion - INFO - Oportunidad encontrada (A->B->C->A): GBP -> XRP -> USDT -> GBP
2025-05-21 12:35:30,628 - deteccion - INFO - Pares: XRPGBP, XRPUSDT, GBPUSDT
2025-05-21 12:35:30,628 - deteccion - INFO - Precios: 0.5257, 2.4205, 1.18
2025-05-21 12:35:30,629 - deteccion - INFO - Factores: 1.9022256039566294, 2.4205, 0.8474576271186441
2025-05-21 12:35:30,629 - deteccion - INFO - Rentabilidad Bruta: 290.198057%
2025-05-21 12:35:30,629 - deteccion - INFO - Oportunidad encontrada (A->B->C->A): GBP -> USDT -> CHZ -> GBP
2025-05-21 12:35:30,629 - deteccion - INFO - Pares: GBPUSDT, CHZUSDT, CHZGBP
2025-05-21 12:35:30,629 - deteccion - INFO - Precios: 1.18, 0.04597, 0.0572
2025-05-21 12:35:30,629 - deteccion - INFO - Factores: 1.18, 21.75331738090059, 0.0572
2025-05-21 12:35:30,630 - deteccion - INFO - Rentabilidad Bruta: 46.826191%
2025-05-21 12:35:30,630 - deteccion - INFO - Oportunidad encontrada (A->B->C->A): GBP -> USDT -> ENJ -> GBP
2025-05-21 12:35:30,630 - deteccion - INFO - Pares: GBPUSDT, ENJUSDT, ENJGBP
2025-05-21 12:35:30,630 - deteccion - INFO - Precios: 1.18, 0.0912, 0.3676
2025-05-21 12:35:30,631 - deteccion - INFO - Factores: 1.18, 10.964912280701753, 0.3676
2025-05-21 12:35:30,631 - deteccion - INFO - Rentabilidad Bruta: 375.622807%
2025-05-21 12:35:30,632 - deteccion - INFO - Oportunidad encontrada (A->B->C->A): TUSD -> ETH -> MATIC -> TUSD
2025-05-21 12:35:30,632 - deteccion - INFO - Pares: ETHTUSD, MATICETH, MATICTUSD
2025-05-21 12:35:30,632 - deteccion - INFO - Precios: 2592.55, 0.0001616, 0.5043
2025-05-21 12:35:30,633 - deteccion - INFO - Factores: 0.00038572062255308475, 6188.118811881188, 0.5043
2025-05-21 12:35:30,633 - deteccion - INFO - Rentabilidad Bruta: 20.370613%
2025-05-21 12:35:30,633 - deteccion - INFO - Oportunidad encontrada (A->B->C->A): TUSD -> ETH -> BTC -> TUSD
2025-05-21 12:35:30,634 - deteccion - INFO - Pares: ETHTUSD, ETHBTC, BTCTUSD
2025-05-21 12:35:30,634 - deteccion - INFO - Precios: 2592.55, 0.02371, 109436.04
2025-05-21 12:35:30,634 - deteccion - INFO - Factores: 0.00038572062255308475, 0.02371, 109436.04
2025-05-21 12:35:30,634 - deteccion - INFO - Rentabilidad Bruta: 0.084030%
2025-05-21 12:35:30,634 - deteccion - INFO - Oportunidad encontrada (A->B->C->A): TUSD -> ETH -> USDT -> TUSD
2025-05-21 12:35:30,635 - deteccion - INFO - Pares: ETHTUSD, ETHUSDT, TUSDUSDT
2025-05-21 12:35:30,635 - deteccion - INFO - Precios: 2592.55, 2594.04, 0.9992
2025-05-21 12:35:30,635 - deteccion - INFO - Factores: 0.00038572062255308475, 2594.04, 1.00080064051241
2025-05-21 12:35:30,635 - deteccion - INFO - Rentabilidad Bruta: 0.137582%
2025-05-21 12:35:30,636 - deteccion - INFO - Oportunidad encontrada (A->B->C->A): TUSD -> ETH -> RUNE -> TUSD
2025-05-21 12:35:30,636 - deteccion - INFO - Pares: ETHTUSD, RUNEETH, RUNETUSD
2025-05-21 12:35:30,636 - deteccion - INFO - Precios: 2592.55, 0.0007536, 5.501
2025-05-21 12:35:30,636 - deteccion - INFO - Factores: 0.00038572062255308475, 1326.963906581741, 5.501
2025-05-21 12:35:30,637 - deteccion - INFO - Rentabilidad Bruta: 181.561723%
2025-05-21 12:35:30,637 - deteccion - INFO - Oportunidad encontrada (A->B->C->A): TUSD -> MATIC -> BTC -> TUSD
2025-05-21 12:35:30,637 - deteccion - INFO - Pares: MATICTUSD, MATICBTC, BTCTUSD
2025-05-21 12:35:30,637 - deteccion - INFO - Precios: 0.5043, 6.67e-06, 109436.04
2025-05-21 12:35:30,637 - deteccion - INFO - Factores: 1.98294665873488, 6.67e-06, 109436.04
2025-05-21 12:35:30,638 - deteccion - INFO - Rentabilidad Bruta: 44.742889%
2025-05-21 12:35:30,638 - deteccion - INFO - Oportunidad encontrada (A->B->C->A): TUSD -> LINK -> BTC -> TUSD
2025-05-21 12:35:30,638 - deteccion - INFO - Pares: LINKTUSD, LINKBTC, BTCTUSD
2025-05-21 12:35:30,638 - deteccion - INFO - Precios: 14.423, 0.0001492, 109436.04
2025-05-21 12:35:30,638 - deteccion - INFO - Factores: 0.06933370311308328, 0.0001492, 109436.04
2025-05-21 12:35:30,639 - deteccion - INFO - Rentabilidad Bruta: 13.207080%
2025-05-21 12:35:30,639 - deteccion - INFO - Oportunidad encontrada (A->B->C->A): TUSD -> LINK -> USDT -> TUSD
2025-05-21 12:35:30,639 - deteccion - INFO - Pares: LINKTUSD, LINKUSDT, TUSDUSDT
2025-05-21 12:35:30,639 - deteccion - INFO - Precios: 14.423, 16.32, 0.9992
2025-05-21 12:35:30,639 - deteccion - INFO - Factores: 0.06933370311308328, 16.32, 1.00080064051241
2025-05-21 12:35:30,640 - deteccion - INFO - Rentabilidad Bruta: 13.243198%
2025-05-21 12:35:30,640 - deteccion - INFO - Oportunidad encontrada (A->B->C->A): TUSD -> DOGE -> BTC -> TUSD
2025-05-21 12:35:30,640 - deteccion - INFO - Pares: DOGETUSD, DOGEBTC, BTCTUSD
2025-05-21 12:35:30,640 - deteccion - INFO - Precios: 0.23182, 2.15e-06, 109436.04
2025-05-21 12:35:30,640 - deteccion - INFO - Factores: 4.3136916573203345, 2.15e-06, 109436.04
2025-05-21 12:35:30,641 - deteccion - INFO - Rentabilidad Bruta: 1.495767%
2025-05-21 12:35:30,641 - deteccion - INFO - Oportunidad encontrada (A->B->C->A): TUSD -> DOGE -> USDT -> TUSD
2025-05-21 12:35:30,641 - deteccion - INFO - Pares: DOGETUSD, DOGEUSDT, TUSDUSDT
2025-05-21 12:35:30,641 - deteccion - INFO - Precios: 0.23182, 0.2357, 0.9992
2025-05-21 12:35:30,642 - deteccion - INFO - Factores: 4.3136916573203345, 0.2357, 1.00080064051241
2025-05-21 12:35:30,642 - deteccion - INFO - Rentabilidad Bruta: 1.755116%
2025-05-21 12:35:30,642 - deteccion - INFO - Oportunidad encontrada (A->B->C->A): TUSD -> BTC -> USDT -> TUSD
2025-05-21 12:35:30,642 - deteccion - INFO - Pares: BTCTUSD, BTCUSDT, TUSDUSDT
2025-05-21 12:35:30,642 - deteccion - INFO - Precios: 109436.04, 109376.38, 0.9992
2025-05-21 12:35:30,643 - deteccion - INFO - Factores: 9.137757543127475e-06, 109376.38, 1.00080064051241
2025-05-21 12:35:30,643 - deteccion - INFO - Rentabilidad Bruta: 0.025505%
2025-05-21 12:35:30,643 - deteccion - INFO - Oportunidad encontrada (A->B->C->A): TUSD -> BTC -> RUNE -> TUSD
2025-05-21 12:35:30,643 - deteccion - INFO - Pares: BTCTUSD, RUNEBTC, RUNETUSD
2025-05-21 12:35:30,643 - deteccion - INFO - Precios: 109436.04, 1.785e-05, 5.501
2025-05-21 12:35:30,643 - deteccion - INFO - Factores: 9.137757543127475e-06, 56022.40896358543, 5.501
2025-05-21 12:35:30,643 - deteccion - INFO - Rentabilidad Bruta: 181.606746%
2025-05-21 12:35:30,644 - deteccion - INFO - Oportunidad encontrada (A->B->C->A): TUSD -> BTC -> COMP -> TUSD
2025-05-21 12:35:30,644 - deteccion - INFO - Pares: BTCTUSD, COMPBTC, COMPTUSD
2025-05-21 12:35:30,644 - deteccion - INFO - Precios: 109436.04, 0.000404, 84.22
2025-05-21 12:35:30,644 - deteccion - INFO - Factores: 9.137757543127475e-06, 2475.2475247524753, 84.22
2025-05-21 12:35:30,644 - deteccion - INFO - Rentabilidad Bruta: 90.490579%
2025-05-21 12:35:30,645 - deteccion - INFO - Oportunidad encontrada (A->B->C->A): TUSD -> ADA -> USDT -> TUSD
2025-05-21 12:35:30,645 - deteccion - INFO - Pares: ADATUSD, ADAUSDT, TUSDUSDT
2025-05-21 12:35:30,645 - deteccion - INFO - Precios: 0.3847, 0.7768, 0.9992
2025-05-21 12:35:30,645 - deteccion - INFO - Factores: 2.5994281258123215, 0.7768, 1.00080064051241
2025-05-21 12:35:30,646 - deteccion - INFO - Rentabilidad Bruta: 102.085245%
2025-05-21 12:35:30,646 - deteccion - INFO - Oportunidad encontrada (A->B->C->A): TUSD -> XRP -> USDT -> TUSD
2025-05-21 12:35:30,646 - deteccion - INFO - Pares: XRPTUSD, XRPUSDT, TUSDUSDT
2025-05-21 12:35:30,646 - deteccion - INFO - Precios: 2.4163, 2.4205, 0.9992
2025-05-21 12:35:30,646 - deteccion - INFO - Factores: 0.4138558953772296, 2.4205, 1.00080064051241
2025-05-21 12:35:30,646 - deteccion - INFO - Rentabilidad Bruta: 0.254023%
2025-05-21 12:35:30,647 - deteccion - INFO - Oportunidad encontrada (A->B->C->A): TUSD -> USDT -> RUNE -> TUSD
2025-05-21 12:35:30,647 - deteccion - INFO - Pares: TUSDUSDT, RUNEUSDT, RUNETUSD
2025-05-21 12:35:30,647 - deteccion - INFO - Precios: 0.9992, 1.952, 5.501
2025-05-21 12:35:30,647 - deteccion - INFO - Factores: 0.9992, 0.5122950819672131, 5.501
2025-05-21 12:35:30,647 - deteccion - INFO - Rentabilidad Bruta: 181.588074%
2025-05-21 12:35:30,647 - deteccion - INFO - Oportunidad encontrada (A->B->C->A): TUSD -> USDT -> COMP -> TUSD
2025-05-21 12:35:30,648 - deteccion - INFO - Pares: TUSDUSDT, COMPUSDT, COMPTUSD
2025-05-21 12:35:30,648 - deteccion - INFO - Precios: 0.9992, 44.32, 84.22
2025-05-21 12:35:30,648 - deteccion - INFO - Factores: 0.9992, 0.02256317689530686, 84.22
2025-05-21 12:35:30,648 - deteccion - INFO - Rentabilidad Bruta: 89.875054%
2025-05-21 12:35:30,649 - deteccion - INFO - Oportunidad encontrada (A->B->C->A): ETH -> MATIC -> BTC -> ETH
2025-05-21 12:35:30,649 - deteccion - INFO - Pares: MATICETH, MATICBTC, ETHBTC
2025-05-21 12:35:30,650 - deteccion - INFO - Precios: 0.0001616, 6.67e-06, 0.02371
2025-05-21 12:35:30,650 - deteccion - INFO - Factores: 6188.118811881188, 6.67e-06, 42.17629692113033
2025-05-21 12:35:30,650 - deteccion - INFO - Rentabilidad Bruta: 74.081622%
2025-05-21 12:35:30,650 - deteccion - INFO - Oportunidad encontrada (A->B->C->A): ETH -> MATIC -> AUD -> ETH
2025-05-21 12:35:30,650 - deteccion - INFO - Pares: MATICETH, MATICAUD, ETHAUD
2025-05-21 12:35:30,651 - deteccion - INFO - Precios: 0.0001616, 1.2141, 2565.09
2025-05-21 12:35:30,651 - deteccion - INFO - Factores: 6188.118811881188, 1.2141, 0.0003898498688155191
2025-05-21 12:35:30,651 - deteccion - INFO - Rentabilidad Bruta: 192.894013%
2025-05-21 12:35:30,652 - deteccion - INFO - Oportunidad encontrada (A->B->C->A): ETH -> ALGO -> BTC -> ETH
2025-05-21 12:35:30,652 - deteccion - INFO - Pares: ALGOETH, ALGOBTC, ETHBTC
2025-05-21 12:35:30,652 - deteccion - INFO - Precios: 4.447e-05, 2.11e-06, 0.02371
2025-05-21 12:35:30,652 - deteccion - INFO - Factores: 22487.069934787498, 2.11e-06, 42.17629692113033
2025-05-21 12:35:30,653 - deteccion - INFO - Rentabilidad Bruta: 100.116902%
2025-05-21 12:35:30,653 - deteccion - INFO - Oportunidad encontrada (A->B->C->A): ETH -> ALGO -> USDT -> ETH
2025-05-21 12:35:30,653 - deteccion - INFO - Pares: ALGOETH, ALGOUSDT, ETHUSDT
2025-05-21 12:35:30,653 - deteccion - INFO - Precios: 4.447e-05, 0.2313, 2594.04
2025-05-21 12:35:30,653 - deteccion - INFO - Factores: 22487.069934787498, 0.2313, 0.0003854990670922576
2025-05-21 12:35:30,653 - deteccion - INFO - Rentabilidad Bruta: 100.508060%
2025-05-21 12:35:30,654 - deteccion - INFO - Oportunidad encontrada (A->B->C->A): ETH -> BTC -> TRX -> ETH
2025-05-21 12:35:30,654 - deteccion - INFO - Pares: ETHBTC, TRXBTC, TRXETH
2025-05-21 12:35:30,654 - deteccion - INFO - Precios: 0.02371, 2.49e-06, 0.00010536
2025-05-21 12:35:30,654 - deteccion - INFO - Factores: 0.02371, 401606.4257028113, 0.00010536
2025-05-21 12:35:30,654 - deteccion - INFO - Rentabilidad Bruta: 0.324723%
2025-05-21 12:35:30,654 - deteccion - INFO - Oportunidad encontrada (A->B->C->A): ETH -> BTC -> ZEC -> ETH
2025-05-21 12:35:30,654 - deteccion - INFO - Pares: ETHBTC, ZECBTC, ZECETH
2025-05-21 12:35:30,654 - deteccion - INFO - Precios: 0.02371, 0.0003837, 0.01622
2025-05-21 12:35:30,655 - deteccion - INFO - Factores: 0.02371, 2606.2027625749283, 0.01622
2025-05-21 12:35:30,655 - deteccion - INFO - Rentabilidad Bruta: 0.228355%
2025-05-21 12:35:30,655 - deteccion - INFO - Oportunidad encontrada (A->B->C->A): ETH -> BTC -> MTL -> ETH
2025-05-21 12:35:30,655 - deteccion - INFO - Pares: ETHBTC, MTLBTC, MTLETH
2025-05-21 12:35:30,655 - deteccion - INFO - Precios: 0.02371, 7.61e-06, 0.0006834
2025-05-21 12:35:30,655 - deteccion - INFO - Factores: 0.02371, 131406.0446780552, 0.0006834
2025-05-21 12:35:30,655 - deteccion - INFO - Rentabilidad Bruta: 112.922654%
2025-05-21 12:35:30,656 - deteccion - INFO - Oportunidad encontrada (A->B->C->A): ETH -> BTC -> KNC -> ETH
2025-05-21 12:35:30,656 - deteccion - INFO - Pares: ETHBTC, KNCBTC, KNCETH
2025-05-21 12:35:30,656 - deteccion - INFO - Precios: 0.02371, 3.43e-06, 0.0003941
2025-05-21 12:35:30,656 - deteccion - INFO - Factores: 0.02371, 291545.1895043732, 0.0003941
2025-05-21 12:35:30,656 - deteccion - INFO - Rentabilidad Bruta: 172.423061%
2025-05-21 12:35:30,656 - deteccion - INFO - Oportunidad encontrada (A->B->C->A): ETH -> BTC -> LSK -> ETH
2025-05-21 12:35:30,657 - deteccion - INFO - Pares: ETHBTC, LSKBTC, LSKETH
2025-05-21 12:35:30,657 - deteccion - INFO - Precios: 0.02371, 4.86e-06, 0.0003373
2025-05-21 12:35:30,657 - deteccion - INFO - Factores: 0.02371, 205761.31687242797, 0.0003373
2025-05-21 12:35:30,657 - deteccion - INFO - Rentabilidad Bruta: 64.555206%
2025-05-21 12:35:30,657 - deteccion - INFO - Oportunidad encontrada (A->B->C->A): ETH -> BTC -> CHR -> ETH
2025-05-21 12:35:30,657 - deteccion - INFO - Pares: ETHBTC, CHRBTC, CHRETH
2025-05-21 12:35:30,658 - deteccion - INFO - Precios: 0.02371, 9.7e-07, 7.08e-05
2025-05-21 12:35:30,658 - deteccion - INFO - Factores: 0.02371, 1030927.8350515463, 7.08e-05
2025-05-21 12:35:30,658 - deteccion - INFO - Rentabilidad Bruta: 73.058557%
2025-05-21 12:35:30,658 - deteccion - INFO - Oportunidad encontrada (A->B->C->A): ETH -> BTC -> NEO -> ETH
2025-05-21 12:35:30,658 - deteccion - INFO - Pares: ETHBTC, NEOBTC, NEOETH
2025-05-21 12:35:30,658 - deteccion - INFO - Precios: 0.02371, 6.14e-05, 0.004775
2025-05-21 12:35:30,658 - deteccion - INFO - Factores: 0.02371, 16286.644951140064, 0.004775
2025-05-21 12:35:30,658 - deteccion - INFO - Rentabilidad Bruta: 84.389658%
2025-05-21 12:35:30,659 - deteccion - INFO - Oportunidad encontrada (A->B->C->A): ETH -> BTC -> RUNE -> ETH
2025-05-21 12:35:30,659 - deteccion - INFO - Pares: ETHBTC, RUNEBTC, RUNEETH
2025-05-21 12:35:30,659 - deteccion - INFO - Precios: 0.02371, 1.785e-05, 0.0007536
2025-05-21 12:35:30,659 - deteccion - INFO - Factores: 0.02371, 56022.40896358543, 0.0007536
2025-05-21 12:35:30,659 - deteccion - INFO - Rentabilidad Bruta: 0.100034%
2025-05-21 12:35:30,660 - deteccion - INFO - Oportunidad encontrada (A->B->C->A): ETH -> BTC -> ENJ -> ETH
2025-05-21 12:35:30,660 - deteccion - INFO - Pares: ETHBTC, ENJBTC, ENJETH
2025-05-21 12:35:30,660 - deteccion - INFO - Precios: 0.02371, 8.3e-07, 6.172e-05
2025-05-21 12:35:30,660 - deteccion - INFO - Factores: 0.02371, 1204819.2771084337, 6.172e-05
2025-05-21 12:35:30,660 - deteccion - INFO - Rentabilidad Bruta: 76.310988%
2025-05-21 12:35:30,660 - deteccion - INFO - Oportunidad encontrada (A->B->C->A): ETH -> BTC -> BAT -> ETH
2025-05-21 12:35:30,660 - deteccion - INFO - Pares: ETHBTC, BATBTC, BATETH
2025-05-21 12:35:30,661 - deteccion - INFO - Precios: 0.02371, 1.38e-06, 0.0001063
2025-05-21 12:35:30,661 - deteccion - INFO - Factores: 0.02371, 724637.6811594203, 0.0001063
2025-05-21 12:35:30,661 - deteccion - INFO - Rentabilidad Bruta: 82.635725%
2025-05-21 12:35:30,661 - deteccion - INFO - Oportunidad encontrada (A->B->C->A): ETH -> BTC -> LOOM -> ETH
2025-05-21 12:35:30,661 - deteccion - INFO - Pares: ETHBTC, LOOMBTC, LOOMETH
2025-05-21 12:35:30,662 - deteccion - INFO - Precios: 0.02371, 7.5e-07, 3.231e-05
2025-05-21 12:35:30,662 - deteccion - INFO - Factores: 0.02371, 1333333.3333333333, 3.231e-05
2025-05-21 12:35:30,662 - deteccion - INFO - Rentabilidad Bruta: 2.142680%
2025-05-21 12:35:30,663 - deteccion - INFO - Oportunidad encontrada (A->B->C->A): ETH -> BTC -> ONT -> ETH
2025-05-21 12:35:30,663 - deteccion - INFO - Pares: ETHBTC, ONTBTC, ONTETH
2025-05-21 12:35:30,663 - deteccion - INFO - Precios: 0.02371, 1.4e-06, 0.0001253
2025-05-21 12:35:30,663 - deteccion - INFO - Factores: 0.02371, 714285.7142857143, 0.0001253
2025-05-21 12:35:30,663 - deteccion - INFO - Rentabilidad Bruta: 112.204500%
2025-05-21 12:35:30,663 - deteccion - INFO - Oportunidad encontrada (A->B->C->A): ETH -> BTC -> SNX -> ETH
2025-05-21 12:35:30,663 - deteccion - INFO - Pares: ETHBTC, SNXBTC, SNXETH
2025-05-21 12:35:30,664 - deteccion - INFO - Precios: 0.02371, 7.58e-06, 0.000768
2025-05-21 12:35:30,664 - deteccion - INFO - Factores: 0.02371, 131926.12137203166, 0.000768
2025-05-21 12:35:30,664 - deteccion - INFO - Rentabilidad Bruta: 140.227968%
2025-05-21 12:35:30,664 - deteccion - INFO - Oportunidad encontrada (A->B->C->A): ETH -> BTC -> WAN -> ETH
2025-05-21 12:35:30,664 - deteccion - INFO - Pares: ETHBTC, WANBTC, WANETH
2025-05-21 12:35:30,664 - deteccion - INFO - Precios: 0.02371, 1.16e-06, 9.27e-05
2025-05-21 12:35:30,665 - deteccion - INFO - Factores: 0.02371, 862068.9655172415, 9.27e-05
2025-05-21 12:35:30,665 - deteccion - INFO - Rentabilidad Bruta: 89.475603%
2025-05-21 12:35:30,665 - deteccion - INFO - Oportunidad encontrada (A->B->C->A): ETH -> BTC -> ELF -> ETH
2025-05-21 12:35:30,665 - deteccion - INFO - Pares: ETHBTC, ELFBTC, ELFETH
2025-05-21 12:35:30,665 - deteccion - INFO - Precios: 0.02371, 2.74e-06, 0.0001433
2025-05-21 12:35:30,666 - deteccion - INFO - Factores: 0.02371, 364963.503649635, 0.0001433
2025-05-21 12:35:30,666 - deteccion - INFO - Rentabilidad Bruta: 24.001569%
2025-05-21 12:35:30,666 - deteccion - INFO - Oportunidad encontrada (A->B->C->A): ETH -> BTC -> POWR -> ETH
2025-05-21 12:35:30,666 - deteccion - INFO - Pares: ETHBTC, POWRBTC, POWRETH
2025-05-21 12:35:30,667 - deteccion - INFO - Precios: 0.02371, 1.7e-06, 7.2e-05
2025-05-21 12:35:30,667 - deteccion - INFO - Factores: 0.02371, 588235.2941176471, 7.2e-05
2025-05-21 12:35:30,667 - deteccion - INFO - Rentabilidad Bruta: 0.418824%
2025-05-21 12:35:30,667 - deteccion - INFO - Oportunidad encontrada (A->B->C->A): ETH -> BTC -> IOTX -> ETH
2025-05-21 12:35:30,668 - deteccion - INFO - Pares: ETHBTC, IOTXBTC, IOTXETH
2025-05-21 12:35:30,668 - deteccion - INFO - Precios: 0.02371, 1.9e-07, 8.26e-06
2025-05-21 12:35:30,668 - deteccion - INFO - Factores: 0.02371, 5263157.894736842, 8.26e-06
2025-05-21 12:35:30,668 - deteccion - INFO - Rentabilidad Bruta: 3.076105%
2025-05-21 12:35:30,669 - deteccion - INFO - Oportunidad encontrada (A->B->C->A): ETH -> BTC -> ZEN -> ETH
2025-05-21 12:35:30,669 - deteccion - INFO - Pares: ETHBTC, ZENBTC, ZENETH
2025-05-21 12:35:30,669 - deteccion - INFO - Precios: 0.02371, 9.14e-05, 0.003991
2025-05-21 12:35:30,669 - deteccion - INFO - Factores: 0.02371, 10940.919037199124, 0.003991
2025-05-21 12:35:30,669 - deteccion - INFO - Rentabilidad Bruta: 3.530208%
2025-05-21 12:35:30,670 - deteccion - INFO - Oportunidad encontrada (A->B->C->A): ETH -> AUD -> ADA -> ETH
2025-05-21 12:35:30,670 - deteccion - INFO - Pares: ETHAUD, ADAAUD, ADAETH
2025-05-21 12:35:30,670 - deteccion - INFO - Precios: 2565.09, 0.5054, 0.0002993
2025-05-21 12:35:30,670 - deteccion - INFO - Factores: 2565.09, 1.9786307874950535, 0.0002993
2025-05-21 12:35:30,670 - deteccion - INFO - Rentabilidad Bruta: 51.905706%
2025-05-21 12:35:30,671 - deteccion - INFO - Oportunidad encontrada (A->B->C->A): ETH -> AUD -> XRP -> ETH
2025-05-21 12:35:30,671 - deteccion - INFO - Pares: ETHAUD, XRPAUD, XRPETH
2025-05-21 12:35:30,671 - deteccion - INFO - Precios: 2565.09, 0.7, 0.0009328
2025-05-21 12:35:30,671 - deteccion - INFO - Factores: 2565.09, 1.4285714285714286, 0.0009328
2025-05-21 12:35:30,671 - deteccion - INFO - Rentabilidad Bruta: 241.816565%
2025-05-21 12:35:30,671 - deteccion - INFO - Oportunidad encontrada (A->B->C->A): ETH -> AUD -> FTM -> ETH
2025-05-21 12:35:30,672 - deteccion - INFO - Pares: ETHAUD, FTMAUD, FTMETH
2025-05-21 12:35:30,672 - deteccion - INFO - Precios: 2565.09, 0.42, 0.0002148
2025-05-21 12:35:30,672 - deteccion - INFO - Factores: 2565.09, 2.380952380952381, 0.0002148
2025-05-21 12:35:30,672 - deteccion - INFO - Rentabilidad Bruta: 31.186031%
2025-05-21 12:35:30,672 - deteccion - INFO - Oportunidad encontrada (A->B->C->A): ETH -> ADA -> USDT -> ETH
2025-05-21 12:35:30,673 - deteccion - INFO - Pares: ADAETH, ADAUSDT, ETHUSDT
2025-05-21 12:35:30,673 - deteccion - INFO - Precios: 0.0002993, 0.7768, 2594.04
2025-05-21 12:35:30,673 - deteccion - INFO - Factores: 3341.1293017039757, 0.7768, 0.0003854990670922576
2025-05-21 12:35:30,673 - deteccion - INFO - Rentabilidad Bruta: 0.052013%
2025-05-21 12:35:30,673 - deteccion - INFO - Oportunidad encontrada (A->B->C->A): ETH -> XRP -> USDT -> ETH
2025-05-21 12:35:30,673 - deteccion - INFO - Pares: XRPETH, XRPUSDT, ETHUSDT
2025-05-21 12:35:30,674 - deteccion - INFO - Precios: 0.0009328, 2.4205, 2594.04
2025-05-21 12:35:30,674 - deteccion - INFO - Factores: 1072.041166380789, 2.4205, 0.0003854990670922576
2025-05-21 12:35:30,674 - deteccion - INFO - Rentabilidad Bruta: 0.032214%
2025-05-21 12:35:30,674 - deteccion - INFO - Oportunidad encontrada (A->B->C->A): ETH -> XRP -> TRX -> ETH
2025-05-21 12:35:30,674 - deteccion - INFO - Pares: XRPETH, TRXXRP, TRXETH
2025-05-21 12:35:30,674 - deteccion - INFO - Precios: 0.0009328, 0.1128, 0.00010536
2025-05-21 12:35:30,674 - deteccion - INFO - Factores: 1072.041166380789, 8.865248226950355, 0.00010536
2025-05-21 12:35:30,675 - deteccion - INFO - Rentabilidad Bruta: 0.133207%
2025-05-21 12:35:30,675 - deteccion - INFO - Oportunidad encontrada (A->B->C->A): ETH -> USDT -> TRX -> ETH
2025-05-21 12:35:30,675 - deteccion - INFO - Pares: ETHUSDT, TRXUSDT, TRXETH
2025-05-21 12:35:30,675 - deteccion - INFO - Precios: 2594.04, 0.2729, 0.00010536
2025-05-21 12:35:30,675 - deteccion - INFO - Factores: 2594.04, 3.664345914254306, 0.00010536
2025-05-21 12:35:30,675 - deteccion - INFO - Rentabilidad Bruta: 0.149525%
2025-05-21 12:35:30,675 - deteccion - INFO - Oportunidad encontrada (A->B->C->A): ETH -> USDT -> ZEC -> ETH
2025-05-21 12:35:30,676 - deteccion - INFO - Pares: ETHUSDT, ZECUSDT, ZECETH
2025-05-21 12:35:30,676 - deteccion - INFO - Precios: 2594.04, 42.0, 0.01622
2025-05-21 12:35:30,676 - deteccion - INFO - Factores: 2594.04, 0.023809523809523808, 0.01622
2025-05-21 12:35:30,676 - deteccion - INFO - Rentabilidad Bruta: 0.179354%
2025-05-21 12:35:30,676 - deteccion - INFO - Oportunidad encontrada (A->B->C->A): ETH -> USDT -> FTT -> ETH
2025-05-21 12:35:30,676 - deteccion - INFO - Pares: ETHUSDT, FTTUSDT, FTTETH
2025-05-21 12:35:30,676 - deteccion - INFO - Precios: 2594.04, 1.2533, 0.001141
2025-05-21 12:35:30,677 - deteccion - INFO - Factores: 2594.04, 0.7978935609989627, 0.001141
2025-05-21 12:35:30,677 - deteccion - INFO - Rentabilidad Bruta: 136.160507%
2025-05-21 12:35:30,677 - deteccion - INFO - Oportunidad encontrada (A->B->C->A): ETH -> USDT -> MTL -> ETH
2025-05-21 12:35:30,677 - deteccion - INFO - Pares: ETHUSDT, MTLUSDT, MTLETH
2025-05-21 12:35:30,677 - deteccion - INFO - Precios: 2594.04, 0.833, 0.0006834
2025-05-21 12:35:30,677 - deteccion - INFO - Factores: 2594.04, 1.2004801920768309, 0.0006834
2025-05-21 12:35:30,678 - deteccion - INFO - Rentabilidad Bruta: 112.817159%
2025-05-21 12:35:30,678 - deteccion - INFO - Oportunidad encontrada (A->B->C->A): ETH -> USDT -> OMG -> ETH
2025-05-21 12:35:30,678 - deteccion - INFO - Pares: ETHUSDT, OMGUSDT, OMGETH
2025-05-21 12:35:30,678 - deteccion - INFO - Precios: 2594.04, 0.383, 0.000791
2025-05-21 12:35:30,678 - deteccion - INFO - Factores: 2594.04, 2.6109660574412534, 0.000791
2025-05-21 12:35:30,678 - deteccion - INFO - Rentabilidad Bruta: 435.740376%
2025-05-21 12:35:30,679 - deteccion - INFO - Oportunidad encontrada (A->B->C->A): ETH -> USDT -> KNC -> ETH
2025-05-21 12:35:30,679 - deteccion - INFO - Pares: ETHUSDT, KNCUSDT, KNCETH
2025-05-21 12:35:30,679 - deteccion - INFO - Precios: 2594.04, 0.3764, 0.0003941
2025-05-21 12:35:30,679 - deteccion - INFO - Factores: 2594.04, 2.6567481402763016, 0.0003941
2025-05-21 12:35:30,679 - deteccion - INFO - Rentabilidad Bruta: 171.602328%
2025-05-21 12:35:30,679 - deteccion - INFO - Oportunidad encontrada (A->B->C->A): ETH -> USDT -> LSK -> ETH
2025-05-21 12:35:30,679 - deteccion - INFO - Pares: ETHUSDT, LSKUSDT, LSKETH
2025-05-21 12:35:30,679 - deteccion - INFO - Precios: 2594.04, 0.54, 0.0003373
2025-05-21 12:35:30,679 - deteccion - INFO - Factores: 2594.04, 1.8518518518518516, 0.0003373
2025-05-21 12:35:30,680 - deteccion - INFO - Rentabilidad Bruta: 62.031424%
2025-05-21 12:35:30,680 - deteccion - INFO - Oportunidad encontrada (A->B->C->A): ETH -> USDT -> MFT -> ETH
2025-05-21 12:35:30,680 - deteccion - INFO - Pares: ETHUSDT, MFTUSDT, MFTETH
2025-05-21 12:35:30,680 - deteccion - INFO - Precios: 2594.04, 0.005254, 4.33e-06
2025-05-21 12:35:30,680 - deteccion - INFO - Factores: 2594.04, 190.3311762466692, 4.33e-06
2025-05-21 12:35:30,680 - deteccion - INFO - Rentabilidad Bruta: 113.783654%
2025-05-21 12:35:30,680 - deteccion - INFO - Oportunidad encontrada (A->B->C->A): ETH -> USDT -> CHR -> ETH
2025-05-21 12:35:30,681 - deteccion - INFO - Pares: ETHUSDT, CHRUSDT, CHRETH
2025-05-21 12:35:30,681 - deteccion - INFO - Precios: 2594.04, 0.1069, 7.08e-05
2025-05-21 12:35:30,681 - deteccion - INFO - Factores: 2594.04, 9.354536950420954, 7.08e-05
2025-05-21 12:35:30,681 - deteccion - INFO - Rentabilidad Bruta: 71.803585%
2025-05-21 12:35:30,681 - deteccion - INFO - Oportunidad encontrada (A->B->C->A): ETH -> USDT -> NEO -> ETH
2025-05-21 12:35:30,682 - deteccion - INFO - Pares: ETHUSDT, NEOUSDT, NEOETH
2025-05-21 12:35:30,682 - deteccion - INFO - Precios: 2594.04, 6.72, 0.004775
2025-05-21 12:35:30,682 - deteccion - INFO - Factores: 2594.04, 0.1488095238095238, 0.004775
2025-05-21 12:35:30,683 - deteccion - INFO - Rentabilidad Bruta: 84.323527%
2025-05-21 12:35:30,683 - deteccion - INFO - Oportunidad encontrada (A->B->C->A): ETH -> USDT -> RUNE -> ETH
2025-05-21 12:35:30,683 - deteccion - INFO - Pares: ETHUSDT, RUNEUSDT, RUNEETH
2025-05-21 12:35:30,683 - deteccion - INFO - Precios: 2594.04, 1.952, 0.0007536
2025-05-21 12:35:30,684 - deteccion - INFO - Factores: 2594.04, 0.5122950819672131, 0.0007536
2025-05-21 12:35:30,684 - deteccion - INFO - Rentabilidad Bruta: 0.146954%
2025-05-21 12:35:30,684 - deteccion - INFO - Oportunidad encontrada (A->B->C->A): ETH -> USDT -> ENJ -> ETH
2025-05-21 12:35:30,684 - deteccion - INFO - Pares: ETHUSDT, ENJUSDT, ENJETH
2025-05-21 12:35:30,684 - deteccion - INFO - Precios: 2594.04, 0.0912, 6.172e-05
2025-05-21 12:35:30,685 - deteccion - INFO - Factores: 2594.04, 10.964912280701753, 6.172e-05
2025-05-21 12:35:30,685 - deteccion - INFO - Rentabilidad Bruta: 75.552795%
2025-05-21 12:35:30,685 - deteccion - INFO - Oportunidad encontrada (A->B->C->A): ETH -> USDT -> BAT -> ETH
2025-05-21 12:35:30,685 - deteccion - INFO - Pares: ETHUSDT, BATUSDT, BATETH
2025-05-21 12:35:30,685 - deteccion - INFO - Precios: 2594.04, 0.1518, 0.0001063
2025-05-21 12:35:30,686 - deteccion - INFO - Factores: 2594.04, 6.587615283267458, 0.0001063
2025-05-21 12:35:30,686 - deteccion - INFO - Rentabilidad Bruta: 81.651154%
2025-05-21 12:35:30,686 - deteccion - INFO - Oportunidad encontrada (A->B->C->A): ETH -> USDT -> LOOM -> ETH
2025-05-21 12:35:30,686 - deteccion - INFO - Pares: ETHUSDT, LOOMUSDT, LOOMETH
2025-05-21 12:35:30,686 - deteccion - INFO - Precios: 2594.04, 0.04831, 3.231e-05
2025-05-21 12:35:30,687 - deteccion - INFO - Factores: 2594.04, 20.6996481059822, 3.231e-05
2025-05-21 12:35:30,687 - deteccion - INFO - Rentabilidad Bruta: 73.490856%
2025-05-21 12:35:30,687 - deteccion - INFO - Oportunidad encontrada (A->B->C->A): ETH -> USDT -> ONT -> ETH
2025-05-21 12:35:30,687 - deteccion - INFO - Pares: ETHUSDT, ONTUSDT, ONTETH
2025-05-21 12:35:30,687 - deteccion - INFO - Precios: 2594.04, 0.1542, 0.0001253
2025-05-21 12:35:30,687 - deteccion - INFO - Factores: 2594.04, 6.485084306095979, 0.0001253
2025-05-21 12:35:30,688 - deteccion - INFO - Rentabilidad Bruta: 110.786778%
2025-05-21 12:35:30,688 - deteccion - INFO - Oportunidad encontrada (A->B->C->A): ETH -> USDT -> SNX -> ETH
2025-05-21 12:35:30,688 - deteccion - INFO - Pares: ETHUSDT, SNXUSDT, SNXETH
2025-05-21 12:35:30,688 - deteccion - INFO - Precios: 2594.04, 0.831, 0.000768
2025-05-21 12:35:30,688 - deteccion - INFO - Factores: 2594.04, 1.203369434416366, 0.000768
2025-05-21 12:35:30,688 - deteccion - INFO - Rentabilidad Bruta: 139.737993%
2025-05-21 12:35:30,689 - deteccion - INFO - Oportunidad encontrada (A->B->C->A): ETH -> USDT -> WAN -> ETH
2025-05-21 12:35:30,689 - deteccion - INFO - Pares: ETHUSDT, WANUSDT, WANETH
2025-05-21 12:35:30,689 - deteccion - INFO - Precios: 2594.04, 0.1272, 9.27e-05
2025-05-21 12:35:30,689 - deteccion - INFO - Factores: 2594.04, 7.861635220125786, 9.27e-05
2025-05-21 12:35:30,689 - deteccion - INFO - Rentabilidad Bruta: 89.046783%
2025-05-21 12:35:30,689 - deteccion - INFO - Oportunidad encontrada (A->B->C->A): ETH -> USDT -> ELF -> ETH
2025-05-21 12:35:30,689 - deteccion - INFO - Pares: ETHUSDT, ELFUSDT, ELFETH
2025-05-21 12:35:30,690 - deteccion - INFO - Precios: 2594.04, 0.2272, 0.0001433
2025-05-21 12:35:30,690 - deteccion - INFO - Factores: 2594.04, 4.401408450704225, 0.0001433
2025-05-21 12:35:30,690 - deteccion - INFO - Rentabilidad Bruta: 63.611766%
2025-05-21 12:35:30,690 - deteccion - INFO - Oportunidad encontrada (A->B->C->A): ETH -> USDT -> POWR -> ETH
2025-05-21 12:35:30,690 - deteccion - INFO - Pares: ETHUSDT, POWRUSDT, POWRETH
2025-05-21 12:35:30,690 - deteccion - INFO - Precios: 2594.04, 0.1867, 7.2e-05
2025-05-21 12:35:30,691 - deteccion - INFO - Factores: 2594.04, 5.356186395286556, 7.2e-05
2025-05-21 12:35:30,691 - deteccion - INFO - Rentabilidad Bruta: 0.037965%
2025-05-21 12:35:30,691 - deteccion - INFO - Oportunidad encontrada (A->B->C->A): ETH -> USDT -> KEY -> ETH
2025-05-21 12:35:30,691 - deteccion - INFO - Pares: ETHUSDT, KEYUSDT, KEYETH
2025-05-21 12:35:30,691 - deteccion - INFO - Precios: 2594.04, 0.001253, 2.27e-06
2025-05-21 12:35:30,692 - deteccion - INFO - Factores: 2594.04, 798.0845969672786, 2.27e-06
2025-05-21 12:35:30,692 - deteccion - INFO - Rentabilidad Bruta: 369.949785%
2025-05-21 12:35:30,692 - deteccion - INFO - Oportunidad encontrada (A->B->C->A): ETH -> USDT -> IOTX -> ETH
2025-05-21 12:35:30,692 - deteccion - INFO - Pares: ETHUSDT, IOTXUSDT, IOTXETH
2025-05-21 12:35:30,692 - deteccion - INFO - Precios: 2594.04, 0.02142, 8.26e-06
2025-05-21 12:35:30,693 - deteccion - INFO - Factores: 2594.04, 46.68534080298786, 8.26e-06
2025-05-21 12:35:30,693 - deteccion - INFO - Rentabilidad Bruta: 0.031608%
2025-05-21 12:35:30,693 - deteccion - INFO - Oportunidad encontrada (A->B->C->A): ETH -> USDT -> ZEN -> ETH
2025-05-21 12:35:30,693 - deteccion - INFO - Pares: ETHUSDT, ZENUSDT, ZENETH
2025-05-21 12:35:30,693 - deteccion - INFO - Precios: 2594.04, 10.0, 0.003991
2025-05-21 12:35:30,693 - deteccion - INFO - Factores: 2594.04, 0.1, 0.003991
2025-05-21 12:35:30,694 - deteccion - INFO - Rentabilidad Bruta: 3.528136%
2025-05-21 12:35:30,695 - deteccion - INFO - Oportunidad encontrada (A->B->C->A): MATIC -> BTC -> USDT -> MATIC
2025-05-21 12:35:30,695 - deteccion - INFO - Pares: MATICBTC, BTCUSDT, MATICUSDT
2025-05-21 12:35:30,696 - deteccion - INFO - Precios: 6.67e-06, 109376.38, 0.3794
2025-05-21 12:35:30,696 - deteccion - INFO - Factores: 6.67e-06, 109376.38, 2.635740643120717
2025-05-21 12:35:30,696 - deteccion - INFO - Rentabilidad Bruta: 92.287943%
2025-05-21 12:35:30,696 - deteccion - INFO - Oportunidad encontrada (A->B->C->A): MATIC -> AUD -> USDT -> MATIC
2025-05-21 12:35:30,696 - deteccion - INFO - Pares: MATICAUD, AUDUSDT, MATICUSDT
2025-05-21 12:35:30,696 - deteccion - INFO - Precios: 1.2141, 0.7252, 0.3794
2025-05-21 12:35:30,697 - deteccion - INFO - Factores: 1.2141, 0.7252, 2.635740643120717
2025-05-21 12:35:30,697 - deteccion - INFO - Rentabilidad Bruta: 132.067823%
2025-05-21 12:35:30,699 - deteccion - INFO - Oportunidad encontrada (A->B->C->A): BTC -> AUD -> XRP -> BTC
2025-05-21 12:35:30,700 - deteccion - INFO - Pares: BTCAUD, XRPAUD, XRPBTC
2025-05-21 12:35:30,700 - deteccion - INFO - Precios: 37210.08, 0.7, 2.213e-05
2025-05-21 12:35:30,700 - deteccion - INFO - Factores: 37210.08, 1.4285714285714286, 2.213e-05
2025-05-21 12:35:30,700 - deteccion - INFO - Rentabilidad Bruta: 17.637010%
2025-05-21 12:35:30,701 - deteccion - INFO - Oportunidad encontrada (A->B->C->A): BTC -> ADA -> USDT -> BTC
2025-05-21 12:35:30,701 - deteccion - INFO - Pares: ADABTC, ADAUSDT, BTCUSDT
2025-05-21 12:35:30,701 - deteccion - INFO - Precios: 7.1e-06, 0.7768, 109376.38
2025-05-21 12:35:30,701 - deteccion - INFO - Factores: 140845.0704225352, 0.7768, 9.142741787577902e-06
2025-05-21 12:35:30,701 - deteccion - INFO - Rentabilidad Bruta: 0.029321%
2025-05-21 12:35:30,702 - deteccion - INFO - Oportunidad encontrada (A->B->C->A): BTC -> XRP -> USDT -> BTC
2025-05-21 12:35:30,702 - deteccion - INFO - Pares: XRPBTC, XRPUSDT, BTCUSDT
2025-05-21 12:35:30,702 - deteccion - INFO - Precios: 2.213e-05, 2.4205, 109376.38
2025-05-21 12:35:30,702 - deteccion - INFO - Factores: 45187.52824220515, 2.4205, 9.142741787577902e-06
2025-05-21 12:35:30,702 - deteccion - INFO - Rentabilidad Bruta: 0.000029%
2025-05-21 12:35:30,703 - deteccion - INFO - Oportunidad encontrada (A->B->C->A): BTC -> USDT -> VITE -> BTC
2025-05-21 12:35:30,703 - deteccion - INFO - Pares: BTCUSDT, VITEUSDT, VITEBTC
2025-05-21 12:35:30,703 - deteccion - INFO - Precios: 109376.38, 0.00086, 7e-08
2025-05-21 12:35:30,703 - deteccion - INFO - Factores: 109376.38, 1162.7906976744187, 7e-08
2025-05-21 12:35:30,703 - deteccion - INFO - Rentabilidad Bruta: 790.272860%
2025-05-21 12:35:30,703 - deteccion - INFO - Oportunidad encontrada (A->B->C->A): BTC -> USDT -> ARK -> BTC
2025-05-21 12:35:30,704 - deteccion - INFO - Pares: BTCUSDT, ARKUSDT, ARKBTC
2025-05-21 12:35:30,704 - deteccion - INFO - Precios: 109376.38, 0.426, 1.679e-05
2025-05-21 12:35:30,704 - deteccion - INFO - Factores: 109376.38, 2.347417840375587, 1.679e-05
2025-05-21 12:35:30,704 - deteccion - INFO - Rentabilidad Bruta: 331.086718%
2025-05-21 12:35:30,704 - deteccion - INFO - Oportunidad encontrada (A->B->C->A): BTC -> USDT -> CTXC -> BTC
2025-05-21 12:35:30,704 - deteccion - INFO - Pares: BTCUSDT, CTXCUSDT, CTXCBTC
2025-05-21 12:35:30,704 - deteccion - INFO - Precios: 109376.38, 0.0634, 7.5e-07
2025-05-21 12:35:30,705 - deteccion - INFO - Factores: 109376.38, 15.772870662460567, 7.5e-07
2025-05-21 12:35:30,705 - deteccion - INFO - Rentabilidad Bruta: 29.388462%
2025-05-21 12:35:30,705 - deteccion - INFO - Oportunidad encontrada (A->B->C->A): BTC -> USDT -> SRM -> BTC
2025-05-21 12:35:30,705 - deteccion - INFO - Pares: BTCUSDT, SRMUSDT, SRMBTC
2025-05-21 12:35:30,705 - deteccion - INFO - Precios: 109376.38, 0.24442, 1.523e-05
2025-05-21 12:35:30,705 - deteccion - INFO - Factores: 109376.38, 4.091318222731364, 1.523e-05
2025-05-21 12:35:30,705 - deteccion - INFO - Rentabilidad Bruta: 581.532717%
2025-05-21 12:35:30,706 - deteccion - INFO - Oportunidad encontrada (A->B->C->A): BTC -> USDT -> FTT -> BTC
2025-05-21 12:35:30,706 - deteccion - INFO - Pares: BTCUSDT, FTTUSDT, FTTBTC
2025-05-21 12:35:30,706 - deteccion - INFO - Precios: 109376.38, 1.2533, 8.56e-05
2025-05-21 12:35:30,706 - deteccion - INFO - Factores: 109376.38, 0.7978935609989627, 8.56e-05
2025-05-21 12:35:30,706 - deteccion - INFO - Rentabilidad Bruta: 647.037272%
2025-05-21 12:35:30,706 - deteccion - INFO - Oportunidad encontrada (A->B->C->A): BTC -> USDT -> FTM -> BTC
2025-05-21 12:35:30,706 - deteccion - INFO - Pares: BTCUSDT, FTMUSDT, FTMBTC
2025-05-21 12:35:30,707 - deteccion - INFO - Precios: 109376.38, 0.6994, 7.43e-06
2025-05-21 12:35:30,707 - deteccion - INFO - Factores: 109376.38, 1.429796968830426, 7.43e-06
2025-05-21 12:35:30,707 - deteccion - INFO - Rentabilidad Bruta: 16.194810%
2025-05-21 12:35:30,707 - deteccion - INFO - Oportunidad encontrada (A->B->C->A): BTC -> USDT -> OAX -> BTC
2025-05-21 12:35:30,707 - deteccion - INFO - Pares: BTCUSDT, OAXUSDT, OAXBTC
2025-05-21 12:35:30,708 - deteccion - INFO - Precios: 109376.38, 0.0358, 3.8e-07
2025-05-21 12:35:30,708 - deteccion - INFO - Factores: 109376.38, 27.932960893854748, 3.8e-07
2025-05-21 12:35:30,708 - deteccion - INFO - Rentabilidad Bruta: 16.097834%
2025-05-21 12:35:30,708 - deteccion - INFO - Oportunidad encontrada (A->B->C->A): BTC -> USDT -> TOMO -> BTC
2025-05-21 12:35:30,708 - deteccion - INFO - Pares: BTCUSDT, TOMOUSDT, TOMOBTC
2025-05-21 12:35:30,709 - deteccion - INFO - Precios: 109376.38, 1.3819, 3.699e-05
2025-05-21 12:35:30,709 - deteccion - INFO - Factores: 109376.38, 0.7236413633403286, 3.699e-05
2025-05-21 12:35:30,709 - deteccion - INFO - Rentabilidad Bruta: 192.773160%
2025-05-21 12:35:30,709 - deteccion - INFO - Oportunidad encontrada (A->B->C->A): BTC -> USDT -> TCT -> BTC
2025-05-21 12:35:30,709 - deteccion - INFO - Pares: BTCUSDT, TCTUSDT, TCTBTC
2025-05-21 12:35:30,709 - deteccion - INFO - Precios: 109376.38, 0.00312, 1.6e-07
2025-05-21 12:35:30,710 - deteccion - INFO - Factores: 109376.38, 320.5128205128205, 1.6e-07
2025-05-21 12:35:30,710 - deteccion - INFO - Rentabilidad Bruta: 460.904513%
2025-05-21 12:35:30,710 - deteccion - INFO - Oportunidad encontrada (A->B->C->A): BTC -> USDT -> OMG -> BTC
2025-05-21 12:35:30,710 - deteccion - INFO - Pares: BTCUSDT, OMGUSDT, OMGBTC
2025-05-21 12:35:30,710 - deteccion - INFO - Precios: 109376.38, 0.383, 3.08e-05
2025-05-21 12:35:30,710 - deteccion - INFO - Factores: 109376.38, 2.6109660574412534, 3.08e-05
2025-05-21 12:35:30,711 - deteccion - INFO - Rentabilidad Bruta: 779.580288%
2025-05-21 12:35:30,711 - deteccion - INFO - Oportunidad encontrada (A->B->C->A): BTC -> USDT -> GTO -> BTC
2025-05-21 12:35:30,711 - deteccion - INFO - Pares: BTCUSDT, GTOUSDT, GTOBTC
2025-05-21 12:35:30,711 - deteccion - INFO - Precios: 109376.38, 0.01233, 7.7e-07
2025-05-21 12:35:30,711 - deteccion - INFO - Factores: 109376.38, 81.10300081103, 7.7e-07
2025-05-21 12:35:30,712 - deteccion - INFO - Rentabilidad Bruta: 583.047953%
2025-05-21 12:35:30,712 - deteccion - INFO - Oportunidad encontrada (A->B->C->A): BTC -> USDT -> MDT -> BTC
2025-05-21 12:35:30,712 - deteccion - INFO - Pares: BTCUSDT, MDTUSDT, MDTBTC
2025-05-21 12:35:30,712 - deteccion - INFO - Precios: 109376.38, 0.02993, 3e-07
2025-05-21 12:35:30,712 - deteccion - INFO - Factores: 109376.38, 33.41129301703976, 3e-07
2025-05-21 12:35:30,713 - deteccion - INFO - Rentabilidad Bruta: 9.632188%
2025-05-21 12:35:30,713 - deteccion - INFO - Oportunidad encontrada (A->B->C->A): BTC -> USDT -> CVC -> BTC
2025-05-21 12:35:30,713 - deteccion - INFO - Pares: BTCUSDT, CVCUSDT, CVCBTC
2025-05-21 12:35:30,713 - deteccion - INFO - Precios: 109376.38, 0.1479, 5.66e-06
2025-05-21 12:35:30,713 - deteccion - INFO - Factores: 109376.38, 6.761325219743069, 5.66e-06
2025-05-21 12:35:30,713 - deteccion - INFO - Rentabilidad Bruta: 318.573571%
2025-05-21 12:35:30,714 - deteccion - INFO - Oportunidad encontrada (A->B->C->A): BTC -> USDT -> SXP -> BTC
2025-05-21 12:35:30,714 - deteccion - INFO - Pares: BTCUSDT, SXPUSDT, SXPBTC
2025-05-21 12:35:30,714 - deteccion - INFO - Precios: 109376.38, 0.2041, 1.87e-06
2025-05-21 12:35:30,714 - deteccion - INFO - Factores: 109376.38, 4.899559039686428, 1.87e-06
2025-05-21 12:35:30,714 - deteccion - INFO - Rentabilidad Bruta: 0.212558%
2025-05-21 12:35:30,715 - deteccion - INFO - Oportunidad encontrada (A->B->C->A): BTC -> USDT -> RUNE -> BTC
2025-05-21 12:35:30,715 - deteccion - INFO - Pares: BTCUSDT, RUNEUSDT, RUNEBTC
2025-05-21 12:35:30,715 - deteccion - INFO - Precios: 109376.38, 1.952, 1.785e-05
2025-05-21 12:35:30,715 - deteccion - INFO - Factores: 109376.38, 0.5122950819672131, 1.785e-05
2025-05-21 12:35:30,715 - deteccion - INFO - Rentabilidad Bruta: 0.018872%
2025-05-21 12:35:30,716 - deteccion - INFO - Oportunidad encontrada (A->B->C->A): BTC -> USDT -> LOOM -> BTC
2025-05-21 12:35:30,716 - deteccion - INFO - Pares: BTCUSDT, LOOMUSDT, LOOMBTC
2025-05-21 12:35:30,716 - deteccion - INFO - Precios: 109376.38, 0.04831, 7.5e-07
2025-05-21 12:35:30,716 - deteccion - INFO - Factores: 109376.38, 20.6996481059822, 7.5e-07
2025-05-21 12:35:30,717 - deteccion - INFO - Rentabilidad Bruta: 69.803943%
2025-05-21 12:35:30,717 - deteccion - INFO - Oportunidad encontrada (A->B->C->A): BTC -> USDT -> WAVES -> BTC
2025-05-21 12:35:30,717 - deteccion - INFO - Pares: BTCUSDT, WAVESUSDT, WAVESBTC
2025-05-21 12:35:30,717 - deteccion - INFO - Precios: 109376.38, 1.076, 1.626e-05
2025-05-21 12:35:30,717 - deteccion - INFO - Factores: 109376.38, 0.929368029739777, 1.626e-05
2025-05-21 12:35:30,718 - deteccion - INFO - Rentabilidad Bruta: 65.284381%
2025-05-21 12:35:30,718 - deteccion - INFO - Oportunidad encontrada (A->B->C->A): BTC -> USDT -> COS -> BTC
2025-05-21 12:35:30,719 - deteccion - INFO - Pares: BTCUSDT, COSUSDT, COSBTC
2025-05-21 12:35:30,719 - deteccion - INFO - Precios: 109376.38, 0.003862, 8e-08
2025-05-21 12:35:30,719 - deteccion - INFO - Factores: 109376.38, 258.9331952356292, 8e-08
2025-05-21 12:35:30,719 - deteccion - INFO - Rentabilidad Bruta: 126.569404%
2025-05-21 12:35:30,720 - deteccion - INFO - Oportunidad encontrada (A->B->C->A): BTC -> USDT -> BTS -> BTC
2025-05-21 12:35:30,720 - deteccion - INFO - Pares: BTCUSDT, BTSUSDT, BTSBTC
2025-05-21 12:35:30,720 - deteccion - INFO - Precios: 109376.38, 0.0054, 4.3e-07
2025-05-21 12:35:30,720 - deteccion - INFO - Factores: 109376.38, 185.18518518518516, 4.3e-07
2025-05-21 12:35:30,720 - deteccion - INFO - Rentabilidad Bruta: 770.960063%
2025-05-21 12:35:30,721 - deteccion - INFO - Oportunidad encontrada (A->B->C->A): BTC -> USDT -> IRIS -> BTC
2025-05-21 12:35:30,721 - deteccion - INFO - Pares: BTCUSDT, IRISUSDT, IRISBTC
2025-05-21 12:35:30,721 - deteccion - INFO - Precios: 109376.38, 0.00521, 1.4e-07
2025-05-21 12:35:30,721 - deteccion - INFO - Factores: 109376.38, 191.93857965451056, 1.4e-07
2025-05-21 12:35:30,721 - deteccion - INFO - Rentabilidad Bruta: 193.909658%
2025-05-21 12:35:30,721 - deteccion - INFO - Oportunidad encontrada (A->B->C->A): BTC -> USDT -> DOCK -> BTC
2025-05-21 12:35:30,721 - deteccion - INFO - Pares: BTCUSDT, DOCKUSDT, DOCKBTC
2025-05-21 12:35:30,722 - deteccion - INFO - Precios: 109376.38, 0.0039, 5e-08
2025-05-21 12:35:30,722 - deteccion - INFO - Factores: 109376.38, 256.4102564102564, 5e-08
2025-05-21 12:35:30,722 - deteccion - INFO - Rentabilidad Bruta: 40.226128%
2025-05-21 12:35:30,722 - deteccion - INFO - Oportunidad encontrada (A->B->C->A): BTC -> USDT -> REQ -> BTC
2025-05-21 12:35:30,722 - deteccion - INFO - Pares: BTCUSDT, REQUSDT, REQBTC
2025-05-21 12:35:30,722 - deteccion - INFO - Precios: 109376.38, 0.1539, 1.41e-06
2025-05-21 12:35:30,722 - deteccion - INFO - Factores: 109376.38, 6.49772579597141, 1.41e-06
2025-05-21 12:35:30,723 - deteccion - INFO - Rentabilidad Bruta: 0.208379%
2025-05-21 12:35:30,723 - deteccion - INFO - Oportunidad encontrada (A->B->C->A): BTC -> USDT -> ELF -> BTC
2025-05-21 12:35:30,723 - deteccion - INFO - Pares: BTCUSDT, ELFUSDT, ELFBTC
2025-05-21 12:35:30,723 - deteccion - INFO - Precios: 109376.38, 0.2272, 2.74e-06
2025-05-21 12:35:30,723 - deteccion - INFO - Factores: 109376.38, 4.401408450704225, 2.74e-06
2025-05-21 12:35:30,723 - deteccion - INFO - Rentabilidad Bruta: 31.906374%
2025-05-21 12:35:30,724 - deteccion - INFO - Oportunidad encontrada (A->B->C->A): BTC -> USDT -> STPT -> BTC
2025-05-21 12:35:30,724 - deteccion - INFO - Pares: BTCUSDT, STPTUSDT, STPTBTC
2025-05-21 12:35:30,724 - deteccion - INFO - Precios: 109376.38, 0.07042, 6.7e-07
2025-05-21 12:35:30,724 - deteccion - INFO - Factores: 109376.38, 14.200511218403863, 6.7e-07
2025-05-21 12:35:30,724 - deteccion - INFO - Rentabilidad Bruta: 4.064434%
2025-05-21 12:35:30,724 - deteccion - INFO - Oportunidad encontrada (A->B->C->A): BTC -> USDT -> XMR -> BTC
2025-05-21 12:35:30,725 - deteccion - INFO - Pares: BTCUSDT, XMRUSDT, XMRBTC
2025-05-21 12:35:30,725 - deteccion - INFO - Precios: 109376.38, 118.7, 0.002287
2025-05-21 12:35:30,725 - deteccion - INFO - Factores: 109376.38, 0.008424599831508003, 0.002287
2025-05-21 12:35:30,725 - deteccion - INFO - Rentabilidad Bruta: 110.736126%
2025-05-21 12:35:30,725 - deteccion - INFO - Oportunidad encontrada (A->B->C->A): BTC -> USDT -> DREP -> BTC
2025-05-21 12:35:30,725 - deteccion - INFO - Pares: BTCUSDT, DREPUSDT, DREPBTC
2025-05-21 12:35:30,726 - deteccion - INFO - Precios: 109376.38, 0.0256, 3.9e-07
2025-05-21 12:35:30,726 - deteccion - INFO - Factores: 109376.38, 39.0625, 3.9e-07
2025-05-21 12:35:30,726 - deteccion - INFO - Rentabilidad Bruta: 66.628079%
2025-05-21 12:35:30,726 - deteccion - INFO - Oportunidad encontrada (A->B->C->A): BTC -> USDT -> BTG -> BTC
2025-05-21 12:35:30,726 - deteccion - INFO - Pares: BTCUSDT, BTGUSDT, BTGBTC
2025-05-21 12:35:30,726 - deteccion - INFO - Precios: 109376.38, 17.65, 0.000913
2025-05-21 12:35:30,727 - deteccion - INFO - Factores: 109376.38, 0.056657223796034, 0.000913
2025-05-21 12:35:30,727 - deteccion - INFO - Rentabilidad Bruta: 465.782634%
2025-05-21 12:35:30,727 - deteccion - INFO - Oportunidad encontrada (A->B->C->A): BTC -> USDT -> DNT -> BTC
2025-05-21 12:35:30,727 - deteccion - INFO - Pares: BTCUSDT, DNTUSDT, DNTBTC
2025-05-21 12:35:30,728 - deteccion - INFO - Precios: 109376.38, 0.036, 1.86e-06
2025-05-21 12:35:30,728 - deteccion - INFO - Factores: 109376.38, 27.77777777777778, 1.86e-06
2025-05-21 12:35:30,728 - deteccion - INFO - Rentabilidad Bruta: 465.111297%
2025-05-21 12:35:30,728 - deteccion - INFO - Oportunidad encontrada (A->B->C->A): BTC -> USDT -> KMD -> BTC
2025-05-21 12:35:30,728 - deteccion - INFO - Pares: BTCUSDT, KMDUSDT, KMDBTC
2025-05-21 12:35:30,729 - deteccion - INFO - Precios: 109376.38, 0.1425, 1.31e-06
2025-05-21 12:35:30,729 - deteccion - INFO - Factores: 109376.38, 7.017543859649123, 1.31e-06
2025-05-21 12:35:30,729 - deteccion - INFO - Rentabilidad Bruta: 0.549514%
2025-05-21 12:35:30,731 - deteccion - INFO - Oportunidad encontrada (A->B->C->A): AUD -> ADA -> USDT -> AUD
2025-05-21 12:35:30,731 - deteccion - INFO - Pares: ADAAUD, ADAUSDT, AUDUSDT
2025-05-21 12:35:30,731 - deteccion - INFO - Precios: 0.5054, 0.7768, 0.7252
2025-05-21 12:35:30,732 - deteccion - INFO - Factores: 1.9786307874950535, 0.7768, 1.378929950358522
2025-05-21 12:35:30,732 - deteccion - INFO - Rentabilidad Bruta: 111.941588%
2025-05-21 12:35:30,732 - deteccion - INFO - Oportunidad encontrada (A->B->C->A): AUD -> XRP -> USDT -> AUD
2025-05-21 12:35:30,732 - deteccion - INFO - Pares: XRPAUD, XRPUSDT, AUDUSDT
2025-05-21 12:35:30,733 - deteccion - INFO - Precios: 0.7, 2.4205, 0.7252
2025-05-21 12:35:30,733 - deteccion - INFO - Factores: 1.4285714285714286, 2.4205, 1.378929950358522
2025-05-21 12:35:30,733 - deteccion - INFO - Rentabilidad Bruta: 376.814278%
2025-05-21 12:35:30,734 - deteccion - INFO - Oportunidad encontrada (A->B->C->A): XRP -> USDT -> TRX -> XRP
2025-05-21 12:35:30,735 - deteccion - INFO - Pares: XRPUSDT, TRXUSDT, TRXXRP
2025-05-21 12:35:30,735 - deteccion - INFO - Precios: 2.4205, 0.2729, 0.1128
2025-05-21 12:35:30,735 - deteccion - INFO - Factores: 2.4205, 3.664345914254306, 0.1128
2025-05-21 12:35:30,736 - deteccion - INFO - Rentabilidad Bruta: 0.048516%
2025-05-21 12:35:30,754 - deteccion - INFO - Se filtraron 186 oportunidades con rentabilidad negativa o cero.
2025-05-21 12:36:31,312 - deteccion - INFO - Attempting to send 10 opportunities to webhook: https://c1ac-177-222-98-63.ngrok-free.app/webhook-test/arbitraje-oportunidad
2025-05-21 12:36:31,829 - deteccion - ERROR - Failed to send opportunity 1747845330-187 to webhook: 404 Client Error: Not Found for url: https://c1ac-177-222-98-63.ngrok-free.app/webhook-test/arbitraje-oportunidad
2025-05-21 12:36:32,130 - deteccion - ERROR - Failed to send opportunity 1747845330-459 to webhook: 404 Client Error: Not Found for url: https://c1ac-177-222-98-63.ngrok-free.app/webhook-test/arbitraje-oportunidad
2025-05-21 12:36:32,771 - deteccion - ERROR - Failed to send opportunity 1747845330-403 to webhook: 404 Client Error: Not Found for url: https://c1ac-177-222-98-63.ngrok-free.app/webhook-test/arbitraje-oportunidad
2025-05-21 12:36:33,104 - deteccion - ERROR - Failed to send opportunity 1747845330-404 to webhook: 404 Client Error: Not Found for url: https://c1ac-177-222-98-63.ngrok-free.app/webhook-test/arbitraje-oportunidad
2025-05-21 12:36:33,345 - deteccion - ERROR - Failed to send opportunity 1747845330-332 to webhook: 404 Client Error: Not Found for url: https://c1ac-177-222-98-63.ngrok-free.app/webhook-test/arbitraje-oportunidad
2025-05-21 12:36:33,566 - deteccion - ERROR - Failed to send opportunity 1747845330-331 to webhook: 404 Client Error: Not Found for url: https://c1ac-177-222-98-63.ngrok-free.app/webhook-test/arbitraje-oportunidad
2025-05-21 12:36:33,780 - deteccion - ERROR - Failed to send opportunity 1747845330-361 to webhook: 404 Client Error: Not Found for url: https://c1ac-177-222-98-63.ngrok-free.app/webhook-test/arbitraje-oportunidad
2025-05-21 12:36:34,030 - deteccion - ERROR - Failed to send opportunity 1747845330-330 to webhook: 404 Client Error: Not Found for url: https://c1ac-177-222-98-63.ngrok-free.app/webhook-test/arbitraje-oportunidad
2025-05-21 12:36:34,261 - deteccion - ERROR - Failed to send opportunity 1747845330-112 to webhook: 404 Client Error: Not Found for url: https://c1ac-177-222-98-63.ngrok-free.app/webhook-test/arbitraje-oportunidad
2025-05-21 12:36:34,499 - deteccion - ERROR - Failed to send opportunity 1747845330-111 to webhook: 404 Client Error: Not Found for url: https://c1ac-177-222-98-63.ngrok-free.app/webhook-test/arbitraje-oportunidad
2025-05-21 12:40:14,386 - deteccion - INFO - Attempting to send 10 opportunities to webhook: https://c1ac-177-222-98-63.ngrok-free.app/webhook-test/arbitraje-oportunidad
2025-05-21 12:40:14,746 - deteccion - ERROR - Failed to send opportunity 1747845330-187 to webhook: 404 Client Error: Not Found for url: https://c1ac-177-222-98-63.ngrok-free.app/webhook-test/arbitraje-oportunidad
2025-05-21 12:40:15,027 - deteccion - ERROR - Failed to send opportunity 1747845330-459 to webhook: 404 Client Error: Not Found for url: https://c1ac-177-222-98-63.ngrok-free.app/webhook-test/arbitraje-oportunidad
2025-05-21 12:40:15,330 - deteccion - ERROR - Failed to send opportunity 1747845330-403 to webhook: 404 Client Error: Not Found for url: https://c1ac-177-222-98-63.ngrok-free.app/webhook-test/arbitraje-oportunidad
2025-05-21 12:40:15,605 - deteccion - ERROR - Failed to send opportunity 1747845330-404 to webhook: 404 Client Error: Not Found for url: https://c1ac-177-222-98-63.ngrok-free.app/webhook-test/arbitraje-oportunidad
2025-05-21 12:40:15,978 - deteccion - ERROR - Failed to send opportunity 1747845330-332 to webhook: 404 Client Error: Not Found for url: https://c1ac-177-222-98-63.ngrok-free.app/webhook-test/arbitraje-oportunidad
2025-05-21 12:40:16,283 - deteccion - ERROR - Failed to send opportunity 1747845330-331 to webhook: 404 Client Error: Not Found for url: https://c1ac-177-222-98-63.ngrok-free.app/webhook-test/arbitraje-oportunidad
2025-05-21 12:40:16,661 - deteccion - ERROR - Failed to send opportunity 1747845330-361 to webhook: 404 Client Error: Not Found for url: https://c1ac-177-222-98-63.ngrok-free.app/webhook-test/arbitraje-oportunidad
2025-05-21 12:40:17,007 - deteccion - ERROR - Failed to send opportunity 1747845330-330 to webhook: 404 Client Error: Not Found for url: https://c1ac-177-222-98-63.ngrok-free.app/webhook-test/arbitraje-oportunidad
2025-05-21 12:40:17,310 - deteccion - ERROR - Failed to send opportunity 1747845330-112 to webhook: 404 Client Error: Not Found for url: https://c1ac-177-222-98-63.ngrok-free.app/webhook-test/arbitraje-oportunidad
2025-05-21 12:40:17,542 - deteccion - ERROR - Failed to send opportunity 1747845330-111 to webhook: 404 Client Error: Not Found for url: https://c1ac-177-222-98-63.ngrok-free.app/webhook-test/arbitraje-oportunidad
2025-05-21 12:50:04,253 - deteccion - INFO - Fetching market data (symbols and tickers), prioritizing Mobula...
2025-05-21 12:50:06,827 - deteccion - INFO - Obtenidos 100 símbolos desde Mobula.
2025-05-21 12:50:07,406 - deteccion - INFO - Obtenidos 2504 tickers válidos desde Binance (de 3113 totales).
2025-05-21 12:50:07,406 - deteccion - INFO - Market data fetch complete. Symbols: 100, Tickers: 2504.
2025-05-21 12:50:07,407 - deteccion - INFO - Sample symbols: ['ALGO', 'SAFU', 'FLD', 'VERSA', 'ASTRO']
2025-05-21 12:50:07,407 - deteccion - INFO - Sample tickers: {'ETHBTC': 0.0238, 'LTCBTC': 0.000895, 'BNBBTC': 0.006115, 'NEOBTC': 6.17e-05, 'QTUMETH': 0.000897}
2025-05-21 12:50:07,411 - deteccion - INFO - Datos de mercado guardados en caché: ./cache\market_data_20250521_125007.json
2025-05-21 12:50:07,412 - deteccion - INFO - Datos de mercado guardados en caché: ./cache\market_data_20250521_125007.json
2025-05-21 12:50:34,973 - deteccion - INFO - Finding triangular opportunities...
2025-05-21 12:50:34,973 - deteccion - INFO - Análisis de coincidencia de símbolos (muestra de 0 símbolos):
2025-05-21 12:50:34,973 - deteccion - INFO - De la muestra analizada: 0 existen en tickers, 0 tienen precio válido
2025-05-21 12:50:34,973 - deteccion - INFO - Pocas coincidencias exactas, probando con coincidencia flexible de símbolos
2025-05-21 12:50:34,974 - deteccion - INFO - Símbolos activos con ticker válido: 0 de 0
2025-05-21 12:50:34,974 - deteccion - INFO - Muy pocos símbolos activos (0). Extrayendo monedas directamente de tickers
2025-05-21 12:50:34,978 - deteccion - INFO - Analizando 500 tickers para extraer monedas
2025-05-21 12:50:34,979 - deteccion - INFO - Extraídas 164 monedas directamente de tickers
2025-05-21 12:50:34,979 - deteccion - INFO - Identificadas 164 monedas únicas. Símbolos parseados: 0, Fallos: 0
2025-05-21 12:50:34,979 - deteccion - INFO - Limitando a 100 monedas para combinaciones de arbitraje
2025-05-21 12:50:34,981 - deteccion - INFO - Usando todos los 2504 tickers válidos para available_pairs
2025-05-21 12:50:34,981 - deteccion - INFO - Pares disponibles para arbitraje: 2504 (con precios válidos)
2025-05-21 12:50:34,982 - deteccion - INFO - Ejemplos de monedas: ['BUSD', 'VET', 'ATOM', 'BNB', 'LTC']
2025-05-21 12:50:34,983 - deteccion - INFO - Par encontrado: VETBUSD (precio: 0.0212)
2025-05-21 12:50:34,983 - deteccion - INFO - Par encontrado: ATOMBUSD (precio: 11.219)
2025-05-21 12:50:34,983 - deteccion - INFO - Par encontrado: BNBBUSD (precio: 251.8)
2025-05-21 12:50:34,983 - deteccion - INFO - Par encontrado: LTCBUSD (precio: 72.37)
2025-05-21 12:50:34,984 - deteccion - INFO - Par encontrado: VETBUSD (precio: 0.0212)
2025-05-21 12:50:34,984 - deteccion - INFO - Par encontrado: VETBNB (precio: 4.423e-05)
2025-05-21 12:50:34,985 - deteccion - INFO - Par encontrado: ATOMBUSD (precio: 11.219)
2025-05-21 12:50:34,985 - deteccion - INFO - Par encontrado: ATOMBNB (precio: 0.00739)
2025-05-21 12:50:34,985 - deteccion - INFO - Par encontrado: BNBBUSD (precio: 251.8)
2025-05-21 12:50:34,985 - deteccion - INFO - Par encontrado: VETBNB (precio: 4.423e-05)
2025-05-21 12:50:34,986 - deteccion - INFO - Par encontrado: ATOMBNB (precio: 0.00739)
2025-05-21 12:50:34,986 - deteccion - INFO - Par encontrado: LTCBNB (precio: 0.1465)
2025-05-21 12:50:34,987 - deteccion - INFO - Par encontrado: LTCBUSD (precio: 72.37)
2025-05-21 12:50:34,987 - deteccion - INFO - Par encontrado: LTCBNB (precio: 0.1465)
2025-05-21 12:50:34,987 - deteccion - INFO - De la muestra de monedas, se encontraron 14 pares en available_pairs
2025-05-21 12:50:34,987 - deteccion - INFO - Primer triángulo encontrado: BUSD-VET-BNB
2025-05-21 12:50:34,988 - deteccion - INFO - Pares: VETBUSD, VETBNB, BNBBUSD
2025-05-21 12:50:34,988 - deteccion - INFO - Precios: 0.0212, 4.423e-05, 251.8
2025-05-21 12:50:34,988 - deteccion - INFO - Oportunidad encontrada (A->B->C->A): BUSD -> VET -> EUR -> BUSD
2025-05-21 12:50:34,988 - deteccion - INFO - Pares: VETBUSD, VETEUR, EURBUSD
2025-05-21 12:50:34,989 - deteccion - INFO - Precios: 0.0212, 0.02611, 1.0757
2025-05-21 12:50:34,989 - deteccion - INFO - Factores: 47.16981132075472, 0.02611, 1.0757
2025-05-21 12:50:34,989 - deteccion - INFO - Rentabilidad Bruta: 32.483618%
2025-05-21 12:50:34,990 - deteccion - INFO - Oportunidad encontrada (A->B->C->A): BUSD -> VET -> USDC -> BUSD
2025-05-21 12:50:34,990 - deteccion - INFO - Pares: VETBUSD, VETUSDC, USDCBUSD
2025-05-21 12:50:34,990 - deteccion - INFO - Precios: 0.0212, 0.02965, 0.9999
2025-05-21 12:50:34,990 - deteccion - INFO - Factores: 47.16981132075472, 0.02965, 0.9999
2025-05-21 12:50:34,990 - deteccion - INFO - Rentabilidad Bruta: 39.844505%
2025-05-21 12:50:34,991 - deteccion - INFO - Oportunidad encontrada (A->B->C->A): BUSD -> VET -> ETH -> BUSD
2025-05-21 12:50:34,991 - deteccion - INFO - Pares: VETBUSD, VETETH, ETHBUSD
2025-05-21 12:50:34,991 - deteccion - INFO - Precios: 0.0212, 1.133e-05, 2281.12
2025-05-21 12:50:34,991 - deteccion - INFO - Factores: 47.16981132075472, 1.133e-05, 2281.12
2025-05-21 12:50:34,991 - deteccion - INFO - Rentabilidad Bruta: 21.910800%
2025-05-21 12:50:34,992 - deteccion - INFO - Oportunidad encontrada (A->B->C->A): BUSD -> VET -> USDT -> BUSD
2025-05-21 12:50:34,992 - deteccion - INFO - Pares: VETBUSD, VETUSDT, BUSDUSDT
2025-05-21 12:50:34,992 - deteccion - INFO - Precios: 0.0212, 0.02963, 1.0003
2025-05-21 12:50:34,992 - deteccion - INFO - Factores: 47.16981132075472, 0.02963, 0.9997000899730081
2025-05-21 12:50:34,993 - deteccion - INFO - Rentabilidad Bruta: 39.722234%
2025-05-21 12:50:34,993 - deteccion - INFO - Oportunidad encontrada (A->B->C->A): BUSD -> BNB -> LTC -> BUSD
2025-05-21 12:50:34,993 - deteccion - INFO - Pares: BNBBUSD, LTCBNB, LTCBUSD
2025-05-21 12:50:34,994 - deteccion - INFO - Precios: 251.8, 0.1465, 72.37
2025-05-21 12:50:34,994 - deteccion - INFO - Factores: 0.003971405877680699, 6.825938566552901, 72.37
2025-05-21 12:50:34,995 - deteccion - INFO - Rentabilidad Bruta: 96.184740%
2025-05-21 12:50:34,995 - deteccion - INFO - Oportunidad encontrada (A->B->C->A): BUSD -> BNB -> EUR -> BUSD
2025-05-21 12:50:34,995 - deteccion - INFO - Pares: BNBBUSD, BNBEUR, EURBUSD
2025-05-21 12:50:34,995 - deteccion - INFO - Precios: 251.8, 591.12, 1.0757
2025-05-21 12:50:34,995 - deteccion - INFO - Factores: 0.003971405877680699, 591.12, 1.0757
2025-05-21 12:50:34,995 - deteccion - INFO - Rentabilidad Bruta: 152.528905%
2025-05-21 12:50:34,996 - deteccion - INFO - Oportunidad encontrada (A->B->C->A): BUSD -> BNB -> ETC -> BUSD
2025-05-21 12:50:34,996 - deteccion - INFO - Pares: BNBBUSD, ETCBNB, ETCBUSD
2025-05-21 12:50:34,996 - deteccion - INFO - Precios: 251.8, 0.02871, 19.03
2025-05-21 12:50:34,996 - deteccion - INFO - Factores: 0.003971405877680699, 34.83106931382793, 19.03
2025-05-21 12:50:34,996 - deteccion - INFO - Rentabilidad Bruta: 163.238780%
2025-05-21 12:50:34,996 - deteccion - INFO - Oportunidad encontrada (A->B->C->A): BUSD -> BNB -> SOL -> BUSD
2025-05-21 12:50:34,997 - deteccion - INFO - Pares: BNBBUSD, SOLBNB, SOLBUSD
2025-05-21 12:50:34,997 - deteccion - INFO - Precios: 251.8, 0.2599, 74.62
2025-05-21 12:50:34,997 - deteccion - INFO - Factores: 0.003971405877680699, 3.847633705271258, 74.62
2025-05-21 12:50:34,997 - deteccion - INFO - Rentabilidad Bruta: 14.023204%
2025-05-21 12:50:34,998 - deteccion - INFO - Oportunidad encontrada (A->B->C->A): BUSD -> BNB -> USDC -> BUSD
2025-05-21 12:50:34,998 - deteccion - INFO - Pares: BNBBUSD, BNBUSDC, USDCBUSD
2025-05-21 12:50:34,998 - deteccion - INFO - Precios: 251.8, 671.16, 0.9999
2025-05-21 12:50:34,999 - deteccion - INFO - Factores: 0.003971405877680699, 671.16, 0.9999
2025-05-21 12:50:34,999 - deteccion - INFO - Rentabilidad Bruta: 166.518222%
2025-05-21 12:50:34,999 - deteccion - INFO - Oportunidad encontrada (A->B->C->A): BUSD -> BNB -> GBP -> BUSD
2025-05-21 12:50:34,999 - deteccion - INFO - Pares: BNBBUSD, BNBGBP, GBPBUSD
2025-05-21 12:50:35,000 - deteccion - INFO - Precios: 251.8, 267.4, 1.239
2025-05-21 12:50:35,000 - deteccion - INFO - Factores: 0.003971405877680699, 267.4, 1.239
2025-05-21 12:50:35,000 - deteccion - INFO - Rentabilidad Bruta: 31.576092%
2025-05-21 12:50:35,001 - deteccion - INFO - Oportunidad encontrada (A->B->C->A): BUSD -> BNB -> TUSD -> BUSD
2025-05-21 12:50:35,001 - deteccion - INFO - Pares: BNBBUSD, BNBTUSD, TUSDBUSD
2025-05-21 12:50:35,001 - deteccion - INFO - Precios: 251.8, 670.77, 0.9966
2025-05-21 12:50:35,002 - deteccion - INFO - Factores: 0.003971405877680699, 670.77, 0.9966
2025-05-21 12:50:35,002 - deteccion - INFO - Rentabilidad Bruta: 165.484266%
2025-05-21 12:50:35,002 - deteccion - INFO - Oportunidad encontrada (A->B->C->A): BUSD -> BNB -> ETH -> BUSD
2025-05-21 12:50:35,002 - deteccion - INFO - Pares: BNBBUSD, BNBETH, ETHBUSD
2025-05-21 12:50:35,003 - deteccion - INFO - Precios: 251.8, 0.257, 2281.12
2025-05-21 12:50:35,003 - deteccion - INFO - Factores: 0.003971405877680699, 0.257, 2281.12
2025-05-21 12:50:35,003 - deteccion - INFO - Rentabilidad Bruta: 132.822812%
2025-05-21 12:50:35,003 - deteccion - INFO - Oportunidad encontrada (A->B->C->A): BUSD -> BNB -> MATIC -> BUSD
2025-05-21 12:50:35,003 - deteccion - INFO - Pares: BNBBUSD, MATICBNB, MATICBUSD
2025-05-21 12:50:35,004 - deteccion - INFO - Precios: 251.8, 0.000734, 0.8659
2025-05-21 12:50:35,004 - deteccion - INFO - Factores: 0.003971405877680699, 1362.3978201634877, 0.8659
2025-05-21 12:50:35,004 - deteccion - INFO - Rentabilidad Bruta: 368.506860%
2025-05-21 12:50:35,004 - deteccion - INFO - Oportunidad encontrada (A->B->C->A): BUSD -> BNB -> LINK -> BUSD
2025-05-21 12:50:35,004 - deteccion - INFO - Pares: BNBBUSD, LINKBNB, LINKBUSD
2025-05-21 12:50:35,005 - deteccion - INFO - Precios: 251.8, 0.02453, 14.071
2025-05-21 12:50:35,005 - deteccion - INFO - Factores: 0.003971405877680699, 40.766408479412966, 14.071
2025-05-21 12:50:35,005 - deteccion - INFO - Rentabilidad Bruta: 127.809426%
2025-05-21 12:50:35,005 - deteccion - INFO - Oportunidad encontrada (A->B->C->A): BUSD -> BNB -> ALGO -> BUSD
2025-05-21 12:50:35,005 - deteccion - INFO - Pares: BNBBUSD, ALGOBNB, ALGOBUSD
2025-05-21 12:50:35,005 - deteccion - INFO - Precios: 251.8, 0.0005825, 0.2071
2025-05-21 12:50:35,006 - deteccion - INFO - Factores: 0.003971405877680699, 1716.7381974248926, 0.2071
2025-05-21 12:50:35,006 - deteccion - INFO - Rentabilidad Bruta: 41.197967%
2025-05-21 12:50:35,006 - deteccion - INFO - Oportunidad encontrada (A->B->C->A): BUSD -> BNB -> BTC -> BUSD
2025-05-21 12:50:35,006 - deteccion - INFO - Pares: BNBBUSD, BNBBTC, BTCBUSD
2025-05-21 12:50:35,007 - deteccion - INFO - Precios: 251.8, 0.006115, 42769.4
2025-05-21 12:50:35,007 - deteccion - INFO - Factores: 0.003971405877680699, 0.006115, 42769.4
2025-05-21 12:50:35,007 - deteccion - INFO - Rentabilidad Bruta: 3.866116%
2025-05-21 12:50:35,007 - deteccion - INFO - Oportunidad encontrada (A->B->C->A): BUSD -> BNB -> AUD -> BUSD
2025-05-21 12:50:35,008 - deteccion - INFO - Pares: BNBBUSD, BNBAUD, AUDBUSD
2025-05-21 12:50:35,008 - deteccion - INFO - Precios: 251.8, 421.1, 0.7255
2025-05-21 12:50:35,008 - deteccion - INFO - Factores: 0.003971405877680699, 421.1, 0.7255
2025-05-21 12:50:35,008 - deteccion - INFO - Rentabilidad Bruta: 21.329647%
2025-05-21 12:50:35,008 - deteccion - INFO - Oportunidad encontrada (A->B->C->A): BUSD -> BNB -> ADA -> BUSD
2025-05-21 12:50:35,009 - deteccion - INFO - Pares: BNBBUSD, ADABNB, ADABUSD
2025-05-21 12:50:35,009 - deteccion - INFO - Precios: 251.8, 0.001165, 0.6374
2025-05-21 12:50:35,009 - deteccion - INFO - Factores: 0.003971405877680699, 858.3690987124463, 0.6374
2025-05-21 12:50:35,010 - deteccion - INFO - Rentabilidad Bruta: 117.285331%
2025-05-21 12:50:35,010 - deteccion - INFO - Oportunidad encontrada (A->B->C->A): BUSD -> BNB -> USDT -> BUSD
2025-05-21 12:50:35,010 - deteccion - INFO - Pares: BNBBUSD, BNBUSDT, BUSDUSDT
2025-05-21 12:50:35,010 - deteccion - INFO - Precios: 251.8, 670.84, 1.0003
2025-05-21 12:50:35,011 - deteccion - INFO - Factores: 0.003971405877680699, 670.84, 0.9997000899730081
2025-05-21 12:50:35,011 - deteccion - INFO - Rentabilidad Bruta: 166.337891%
2025-05-21 12:50:35,011 - deteccion - INFO - Oportunidad encontrada (A->B->C->A): BUSD -> BNB -> TRX -> BUSD
2025-05-21 12:50:35,011 - deteccion - INFO - Pares: BNBBUSD, TRXBNB, TRXBUSD
2025-05-21 12:50:35,011 - deteccion - INFO - Precios: 251.8, 0.0004086, 0.10329
2025-05-21 12:50:35,011 - deteccion - INFO - Factores: 0.003971405877680699, 2447.381302006853, 0.10329
2025-05-21 12:50:35,012 - deteccion - INFO - Rentabilidad Bruta: 0.393175%
2025-05-21 12:50:35,012 - deteccion - INFO - Oportunidad encontrada (A->B->C->A): BUSD -> BNB -> STX -> BUSD
2025-05-21 12:50:35,012 - deteccion - INFO - Pares: BNBBUSD, STXBNB, STXBUSD
2025-05-21 12:50:35,012 - deteccion - INFO - Precios: 251.8, 0.001416, 0.6756
2025-05-21 12:50:35,012 - deteccion - INFO - Factores: 0.003971405877680699, 706.2146892655368, 0.6756
2025-05-21 12:50:35,012 - deteccion - INFO - Rentabilidad Bruta: 89.483179%
2025-05-21 12:50:35,013 - deteccion - INFO - Oportunidad encontrada (A->B->C->A): BUSD -> BNB -> FTM -> BUSD
2025-05-21 12:50:35,013 - deteccion - INFO - Pares: BNBBUSD, FTMBNB, FTMBUSD
2025-05-21 12:50:35,013 - deteccion - INFO - Precios: 251.8, 0.0010144, 0.4218
2025-05-21 12:50:35,013 - deteccion - INFO - Factores: 0.003971405877680699, 985.8044164037856, 0.4218
2025-05-21 12:50:35,013 - deteccion - INFO - Rentabilidad Bruta: 65.135942%
2025-05-21 12:50:35,014 - deteccion - INFO - Oportunidad encontrada (A->B->C->A): BUSD -> BNB -> BCH -> BUSD
2025-05-21 12:50:35,014 - deteccion - INFO - Pares: BNBBUSD, BCHBNB, BCHBUSD
2025-05-21 12:50:35,014 - deteccion - INFO - Precios: 251.8, 0.6133, 236.0
2025-05-21 12:50:35,014 - deteccion - INFO - Factores: 0.003971405877680699, 1.6305233980107616, 236.0
2025-05-21 12:50:35,014 - deteccion - INFO - Rentabilidad Bruta: 52.821097%
2025-05-21 12:50:35,014 - deteccion - INFO - Oportunidad encontrada (A->B->C->A): BUSD -> BNB -> CHZ -> BUSD
2025-05-21 12:50:35,015 - deteccion - INFO - Pares: BNBBUSD, CHZBNB, CHZBUSD
2025-05-21 12:50:35,015 - deteccion - INFO - Precios: 251.8, 6.77e-05, 0.0746
2025-05-21 12:50:35,015 - deteccion - INFO - Factores: 0.003971405877680699, 14771.048744460855, 0.0746
2025-05-21 12:50:35,015 - deteccion - INFO - Rentabilidad Bruta: 337.617250%
2025-05-21 12:50:35,016 - deteccion - INFO - Oportunidad encontrada (A->B->C->A): BUSD -> BNB -> OGN -> BUSD
2025-05-21 12:50:35,016 - deteccion - INFO - Pares: BNBBUSD, OGNBNB, OGNBUSD
2025-05-21 12:50:35,016 - deteccion - INFO - Precios: 251.8, 0.000383, 0.1129
2025-05-21 12:50:35,017 - deteccion - INFO - Factores: 0.003971405877680699, 2610.9660574412533, 0.1129
2025-05-21 12:50:35,017 - deteccion - INFO - Rentabilidad Bruta: 17.068335%
2025-05-21 12:50:35,018 - deteccion - INFO - Oportunidad encontrada (A->B->C->A): BUSD -> BNB -> SXP -> BUSD
2025-05-21 12:50:35,018 - deteccion - INFO - Pares: BNBBUSD, SXPBNB, SXPBUSD
2025-05-21 12:50:35,019 - deteccion - INFO - Precios: 251.8, 0.00044, 0.3721
2025-05-21 12:50:35,019 - deteccion - INFO - Factores: 0.003971405877680699, 2272.7272727272725, 0.3721
2025-05-21 12:50:35,019 - deteccion - INFO - Rentabilidad Bruta: 235.854574%
2025-05-21 12:50:35,019 - deteccion - INFO - Oportunidad encontrada (A->B->C->A): BUSD -> BNB -> FET -> BUSD
2025-05-21 12:50:35,020 - deteccion - INFO - Pares: BNBBUSD, FETBNB, FETBUSD
2025-05-21 12:50:35,020 - deteccion - INFO - Precios: 251.8, 0.001237, 0.4915
2025-05-21 12:50:35,020 - deteccion - INFO - Factores: 0.003971405877680699, 808.4074373484236, 0.4915
2025-05-21 12:50:35,020 - deteccion - INFO - Rentabilidad Bruta: 57.796765%
2025-05-21 12:50:35,020 - deteccion - INFO - Oportunidad encontrada (A->B->C->A): BUSD -> BNB -> WAVES -> BUSD
2025-05-21 12:50:35,021 - deteccion - INFO - Pares: BNBBUSD, WAVESBNB, WAVESBUSD
2025-05-21 12:50:35,021 - deteccion - INFO - Precios: 251.8, 0.00513, 2.216
2025-05-21 12:50:35,021 - deteccion - INFO - Factores: 0.003971405877680699, 194.9317738791423, 2.216
2025-05-21 12:50:35,021 - deteccion - INFO - Rentabilidad Bruta: 71.552347%
2025-05-21 12:50:35,021 - deteccion - INFO - Oportunidad encontrada (A->B->C->A): BUSD -> BNB -> XMR -> BUSD
2025-05-21 12:50:35,022 - deteccion - INFO - Pares: BNBBUSD, XMRBNB, XMRBUSD
2025-05-21 12:50:35,022 - deteccion - INFO - Precios: 251.8, 0.3321, 170.2
2025-05-21 12:50:35,022 - deteccion - INFO - Factores: 0.003971405877680699, 3.0111412225233365, 170.2
2025-05-21 12:50:35,022 - deteccion - INFO - Rentabilidad Bruta: 103.533056%
2025-05-21 12:50:35,023 - deteccion - INFO - Oportunidad encontrada (A->B->C->A): BUSD -> BNB -> MANA -> BUSD
2025-05-21 12:50:35,023 - deteccion - INFO - Pares: BNBBUSD, MANABNB, MANABUSD
2025-05-21 12:50:35,023 - deteccion - INFO - Precios: 251.8, 0.00155, 0.4388
2025-05-21 12:50:35,023 - deteccion - INFO - Factores: 0.003971405877680699, 645.1612903225806, 0.4388
2025-05-21 12:50:35,023 - deteccion - INFO - Rentabilidad Bruta: 12.429219%
2025-05-21 12:50:35,024 - deteccion - INFO - Oportunidad encontrada (A->B->C->A): BUSD -> LTC -> EUR -> BUSD
2025-05-21 12:50:35,024 - deteccion - INFO - Pares: LTCBUSD, LTCEUR, EURBUSD
2025-05-21 12:50:35,024 - deteccion - INFO - Precios: 72.37, 86.57, 1.0757
2025-05-21 12:50:35,024 - deteccion - INFO - Factores: 0.01381788033715628, 86.57, 1.0757
2025-05-21 12:50:35,025 - deteccion - INFO - Rentabilidad Bruta: 28.676729%
2025-05-21 12:50:35,025 - deteccion - INFO - Oportunidad encontrada (A->B->C->A): BUSD -> LTC -> USDC -> BUSD
2025-05-21 12:50:35,025 - deteccion - INFO - Pares: LTCBUSD, LTCUSDC, USDCBUSD
2025-05-21 12:50:35,026 - deteccion - INFO - Precios: 72.37, 98.35, 0.9999
2025-05-21 12:50:35,026 - deteccion - INFO - Factores: 0.01381788033715628, 98.35, 0.9999
2025-05-21 12:50:35,026 - deteccion - INFO - Rentabilidad Bruta: 35.885263%
2025-05-21 12:50:35,026 - deteccion - INFO - Oportunidad encontrada (A->B->C->A): BUSD -> LTC -> GBP -> BUSD
2025-05-21 12:50:35,026 - deteccion - INFO - Pares: LTCBUSD, LTCGBP, GBPBUSD
2025-05-21 12:50:35,027 - deteccion - INFO - Precios: 72.37, 63.56, 1.239
2025-05-21 12:50:35,027 - deteccion - INFO - Factores: 0.01381788033715628, 63.56, 1.239
2025-05-21 12:50:35,027 - deteccion - INFO - Rentabilidad Bruta: 8.816968%
2025-05-21 12:50:35,027 - deteccion - INFO - Oportunidad encontrada (A->B->C->A): BUSD -> LTC -> TUSD -> BUSD
2025-05-21 12:50:35,027 - deteccion - INFO - Pares: LTCBUSD, LTCTUSD, TUSDBUSD
2025-05-21 12:50:35,028 - deteccion - INFO - Precios: 72.37, 83.07, 0.9966
2025-05-21 12:50:35,028 - deteccion - INFO - Factores: 0.01381788033715628, 83.07, 0.9966
2025-05-21 12:50:35,028 - deteccion - INFO - Rentabilidad Bruta: 14.394863%
2025-05-21 12:50:35,028 - deteccion - INFO - Oportunidad encontrada (A->B->C->A): BUSD -> LTC -> ETH -> BUSD
2025-05-21 12:50:35,028 - deteccion - INFO - Pares: LTCBUSD, LTCETH, ETHBUSD
2025-05-21 12:50:35,029 - deteccion - INFO - Precios: 72.37, 0.03762, 2281.12
2025-05-21 12:50:35,029 - deteccion - INFO - Factores: 0.01381788033715628, 0.03762, 2281.12
2025-05-21 12:50:35,029 - deteccion - INFO - Rentabilidad Bruta: 18.579155%
2025-05-21 12:50:35,029 - deteccion - INFO - Oportunidad encontrada (A->B->C->A): BUSD -> LTC -> USDT -> BUSD
2025-05-21 12:50:35,029 - deteccion - INFO - Pares: LTCBUSD, LTCUSDT, BUSDUSDT
2025-05-21 12:50:35,030 - deteccion - INFO - Precios: 72.37, 98.29, 1.0003
2025-05-21 12:50:35,030 - deteccion - INFO - Factores: 0.01381788033715628, 98.29, 0.9997000899730081
2025-05-21 12:50:35,030 - deteccion - INFO - Rentabilidad Bruta: 35.775213%
2025-05-21 12:50:35,030 - deteccion - INFO - Oportunidad encontrada (A->B->C->A): BUSD -> EUR -> USDC -> BUSD
2025-05-21 12:50:35,030 - deteccion - INFO - Pares: EURBUSD, EURUSDC, USDCBUSD
2025-05-21 12:50:35,031 - deteccion - INFO - Precios: 1.0757, 1.1352, 0.9999
2025-05-21 12:50:35,031 - deteccion - INFO - Factores: 0.9296272194849864, 1.1352, 0.9999
2025-05-21 12:50:35,031 - deteccion - INFO - Rentabilidad Bruta: 5.520729%
2025-05-21 12:50:35,031 - deteccion - INFO - Oportunidad encontrada (A->B->C->A): BUSD -> EUR -> MATIC -> BUSD
2025-05-21 12:50:35,031 - deteccion - INFO - Pares: EURBUSD, MATICEUR, MATICBUSD
2025-05-21 12:50:35,031 - deteccion - INFO - Precios: 1.0757, 0.3444, 0.8659
2025-05-21 12:50:35,032 - deteccion - INFO - Factores: 0.9296272194849864, 2.9036004645760745, 0.8659
2025-05-21 12:50:35,032 - deteccion - INFO - Rentabilidad Bruta: 133.729445%
2025-05-21 12:50:35,032 - deteccion - INFO - Oportunidad encontrada (A->B->C->A): BUSD -> EUR -> USDT -> BUSD
2025-05-21 12:50:35,033 - deteccion - INFO - Pares: EURBUSD, EURUSDT, BUSDUSDT
2025-05-21 12:50:35,033 - deteccion - INFO - Precios: 1.0757, 1.1345, 1.0003
2025-05-21 12:50:35,033 - deteccion - INFO - Factores: 0.9296272194849864, 1.1345, 0.9997000899730081
2025-05-21 12:50:35,033 - deteccion - INFO - Rentabilidad Bruta: 5.434578%
2025-05-21 12:50:35,034 - deteccion - INFO - Oportunidad encontrada (A->B->C->A): BUSD -> EUR -> CHZ -> BUSD
2025-05-21 12:50:35,034 - deteccion - INFO - Pares: EURBUSD, CHZEUR, CHZBUSD
2025-05-21 12:50:35,034 - deteccion - INFO - Precios: 1.0757, 0.053, 0.0746
2025-05-21 12:50:35,034 - deteccion - INFO - Factores: 0.9296272194849864, 18.867924528301888, 0.0746
2025-05-21 12:50:35,034 - deteccion - INFO - Rentabilidad Bruta: 30.849416%
2025-05-21 12:50:35,035 - deteccion - INFO - Oportunidad encontrada (A->B->C->A): BUSD -> EUR -> YFI -> BUSD
2025-05-21 12:50:35,035 - deteccion - INFO - Pares: EURBUSD, YFIEUR, YFIBUSD
2025-05-21 12:50:35,035 - deteccion - INFO - Precios: 1.0757, 4835.0, 5325.0
2025-05-21 12:50:35,035 - deteccion - INFO - Factores: 0.9296272194849864, 0.00020682523267838676, 5325.0
2025-05-21 12:50:35,036 - deteccion - INFO - Rentabilidad Bruta: 2.383970%
2025-05-21 12:50:35,036 - deteccion - INFO - Oportunidad encontrada (A->B->C->A): BUSD -> EUR -> SXP -> BUSD
2025-05-21 12:50:35,036 - deteccion - INFO - Pares: EURBUSD, SXPEUR, SXPBUSD
2025-05-21 12:50:35,036 - deteccion - INFO - Precios: 1.0757, 0.2654, 0.3721
2025-05-21 12:50:35,037 - deteccion - INFO - Factores: 0.9296272194849864, 3.767897513187641, 0.3721
2025-05-21 12:50:35,037 - deteccion - INFO - Rentabilidad Bruta: 30.336959%
2025-05-21 12:50:35,037 - deteccion - INFO - Oportunidad encontrada (A->B->C->A): BUSD -> EUR -> RUNE -> BUSD
2025-05-21 12:50:35,037 - deteccion - INFO - Pares: EURBUSD, RUNEEUR, RUNEBUSD
2025-05-21 12:50:35,038 - deteccion - INFO - Precios: 1.0757, 3.762, 5.462
2025-05-21 12:50:35,038 - deteccion - INFO - Factores: 0.9296272194849864, 0.2658160552897395, 5.462
2025-05-21 12:50:35,038 - deteccion - INFO - Rentabilidad Bruta: 34.971395%
2025-05-21 12:50:35,038 - deteccion - INFO - Oportunidad encontrada (A->B->C->A): BUSD -> EUR -> ENJ -> BUSD
2025-05-21 12:50:35,038 - deteccion - INFO - Pares: EURBUSD, ENJEUR, ENJBUSD
2025-05-21 12:50:35,039 - deteccion - INFO - Precios: 1.0757, 0.1946, 0.2607
2025-05-21 12:50:35,039 - deteccion - INFO - Factores: 0.9296272194849864, 5.138746145940391, 0.2607
2025-05-21 12:50:35,039 - deteccion - INFO - Rentabilidad Bruta: 24.539474%
2025-05-21 12:50:35,039 - deteccion - INFO - Oportunidad encontrada (A->B->C->A): BUSD -> EUR -> WAVES -> BUSD
2025-05-21 12:50:35,039 - deteccion - INFO - Pares: EURBUSD, WAVESEUR, WAVESBUSD
2025-05-21 12:50:35,039 - deteccion - INFO - Precios: 1.0757, 1.354, 2.216
2025-05-21 12:50:35,040 - deteccion - INFO - Factores: 0.9296272194849864, 0.7385524372230428, 2.216
2025-05-21 12:50:35,040 - deteccion - INFO - Rentabilidad Bruta: 52.145784%
2025-05-21 12:50:35,040 - deteccion - INFO - Oportunidad encontrada (A->B->C->A): BUSD -> ETC -> USDT -> BUSD
2025-05-21 12:50:35,041 - deteccion - INFO - Pares: ETCBUSD, ETCUSDT, BUSDUSDT
2025-05-21 12:50:35,041 - deteccion - INFO - Precios: 19.03, 19.25, 1.0003
2025-05-21 12:50:35,041 - deteccion - INFO - Factores: 0.05254860746190226, 19.25, 0.9997000899730081
2025-05-21 12:50:35,041 - deteccion - INFO - Rentabilidad Bruta: 1.125732%
2025-05-21 12:50:35,042 - deteccion - INFO - Oportunidad encontrada (A->B->C->A): BUSD -> SOL -> USDC -> BUSD
2025-05-21 12:50:35,042 - deteccion - INFO - Pares: SOLBUSD, SOLUSDC, USDCBUSD
2025-05-21 12:50:35,042 - deteccion - INFO - Precios: 74.62, 174.64, 0.9999
2025-05-21 12:50:35,042 - deteccion - INFO - Factores: 0.013401232913428035, 174.64, 0.9999
2025-05-21 12:50:35,043 - deteccion - INFO - Rentabilidad Bruta: 134.015728%
2025-05-21 12:50:35,043 - deteccion - INFO - Oportunidad encontrada (A->B->C->A): BUSD -> SOL -> GBP -> BUSD
2025-05-21 12:50:35,043 - deteccion - INFO - Pares: SOLBUSD, SOLGBP, GBPBUSD
2025-05-21 12:50:35,043 - deteccion - INFO - Precios: 74.62, 88.08, 1.239
2025-05-21 12:50:35,044 - deteccion - INFO - Factores: 0.013401232913428035, 88.08, 1.239
2025-05-21 12:50:35,044 - deteccion - INFO - Rentabilidad Bruta: 46.249156%
2025-05-21 12:50:35,044 - deteccion - INFO - Oportunidad encontrada (A->B->C->A): BUSD -> SOL -> TUSD -> BUSD
2025-05-21 12:50:35,045 - deteccion - INFO - Pares: SOLBUSD, SOLTUSD, TUSDBUSD
2025-05-21 12:50:35,045 - deteccion - INFO - Precios: 74.62, 175.0, 0.9966
2025-05-21 12:50:35,045 - deteccion - INFO - Factores: 0.013401232913428035, 175.0, 0.9966
2025-05-21 12:50:35,045 - deteccion - INFO - Rentabilidad Bruta: 133.724203%
2025-05-21 12:50:35,045 - deteccion - INFO - Oportunidad encontrada (A->B->C->A): BUSD -> SOL -> ETH -> BUSD
2025-05-21 12:50:35,046 - deteccion - INFO - Pares: SOLBUSD, SOLETH, ETHBUSD
2025-05-21 12:50:35,046 - deteccion - INFO - Precios: 74.62, 0.06685, 2281.12
2025-05-21 12:50:35,046 - deteccion - INFO - Factores: 0.013401232913428035, 0.06685, 2281.12
2025-05-21 12:50:35,046 - deteccion - INFO - Rentabilidad Bruta: 104.359250%
2025-05-21 12:50:35,047 - deteccion - INFO - Oportunidad encontrada (A->B->C->A): BUSD -> SOL -> USDT -> BUSD
2025-05-21 12:50:35,047 - deteccion - INFO - Pares: SOLBUSD, SOLUSDT, BUSDUSDT
2025-05-21 12:50:35,047 - deteccion - INFO - Precios: 74.62, 174.53, 1.0003
2025-05-21 12:50:35,047 - deteccion - INFO - Factores: 0.013401232913428035, 174.53, 0.9997000899730081
2025-05-21 12:50:35,048 - deteccion - INFO - Rentabilidad Bruta: 133.821572%
2025-05-21 12:50:35,048 - deteccion - INFO - Oportunidad encontrada (A->B->C->A): BUSD -> USDC -> MATIC -> BUSD
2025-05-21 12:50:35,048 - deteccion - INFO - Pares: USDCBUSD, MATICUSDC, MATICBUSD
2025-05-21 12:50:35,049 - deteccion - INFO - Precios: 0.9999, 0.3791, 0.8659
2025-05-21 12:50:35,049 - deteccion - INFO - Factores: 1.000100010001, 2.637826431020839, 0.8659
2025-05-21 12:50:35,049 - deteccion - INFO - Rentabilidad Bruta: 128.432234%
2025-05-21 12:50:35,050 - deteccion - INFO - Oportunidad encontrada (A->B->C->A): BUSD -> USDC -> AUD -> BUSD
2025-05-21 12:50:35,050 - deteccion - INFO - Pares: USDCBUSD, AUDUSDC, AUDBUSD
2025-05-21 12:50:35,050 - deteccion - INFO - Precios: 0.9999, 0.6477, 0.7255
2025-05-21 12:50:35,050 - deteccion - INFO - Factores: 1.000100010001, 1.543924656476764, 0.7255
2025-05-21 12:50:35,051 - deteccion - INFO - Rentabilidad Bruta: 12.022936%
2025-05-21 12:50:35,051 - deteccion - INFO - Oportunidad encontrada (A->B->C->A): BUSD -> USDC -> HIVE -> BUSD
2025-05-21 12:50:35,051 - deteccion - INFO - Pares: USDCBUSD, HIVEUSDC, HIVEBUSD
2025-05-21 12:50:35,051 - deteccion - INFO - Precios: 0.9999, 0.2664, 0.2758
2025-05-21 12:50:35,052 - deteccion - INFO - Factores: 1.000100010001, 3.7537537537537533, 0.2758
2025-05-21 12:50:35,052 - deteccion - INFO - Rentabilidad Bruta: 3.538882%
2025-05-21 12:50:35,052 - deteccion - INFO - Oportunidad encontrada (A->B->C->A): BUSD -> USDC -> CHZ -> BUSD
2025-05-21 12:50:35,052 - deteccion - INFO - Pares: USDCBUSD, CHZUSDC, CHZBUSD
2025-05-21 12:50:35,053 - deteccion - INFO - Precios: 0.9999, 0.04621, 0.0746
2025-05-21 12:50:35,053 - deteccion - INFO - Factores: 1.000100010001, 21.64033758926639, 0.0746
2025-05-21 12:50:35,053 - deteccion - INFO - Rentabilidad Bruta: 61.453064%
2025-05-21 12:50:35,053 - deteccion - INFO - Oportunidad encontrada (A->B->C->A): BUSD -> USDC -> RUNE -> BUSD
2025-05-21 12:50:35,053 - deteccion - INFO - Pares: USDCBUSD, RUNEUSDC, RUNEBUSD
2025-05-21 12:50:35,054 - deteccion - INFO - Precios: 0.9999, 1.961, 5.462
2025-05-21 12:50:35,054 - deteccion - INFO - Factores: 1.000100010001, 0.5099439061703213, 5.462
2025-05-21 12:50:35,054 - deteccion - INFO - Rentabilidad Bruta: 178.559217%
2025-05-21 12:50:35,054 - deteccion - INFO - Oportunidad encontrada (A->B->C->A): BUSD -> USDC -> ENJ -> BUSD
2025-05-21 12:50:35,054 - deteccion - INFO - Pares: USDCBUSD, ENJUSDC, ENJBUSD
2025-05-21 12:50:35,055 - deteccion - INFO - Precios: 0.9999, 0.0919, 0.2607
2025-05-21 12:50:35,055 - deteccion - INFO - Factores: 1.000100010001, 10.881392818280741, 0.2607
2025-05-21 12:50:35,055 - deteccion - INFO - Rentabilidad Bruta: 183.706281%
2025-05-21 12:50:35,055 - deteccion - INFO - Oportunidad encontrada (A->B->C->A): BUSD -> USDC -> ONT -> BUSD
2025-05-21 12:50:35,055 - deteccion - INFO - Pares: USDCBUSD, ONTUSDC, ONTBUSD
2025-05-21 12:50:35,055 - deteccion - INFO - Precios: 0.9999, 0.1547, 0.1574
2025-05-21 12:50:35,056 - deteccion - INFO - Factores: 1.000100010001, 6.464124111182935, 0.1574
2025-05-21 12:50:35,056 - deteccion - INFO - Rentabilidad Bruta: 1.755489%
2025-05-21 12:50:35,056 - deteccion - INFO - Oportunidad encontrada (A->B->C->A): BUSD -> GBP -> DOGE -> BUSD
2025-05-21 12:50:35,056 - deteccion - INFO - Pares: GBPBUSD, DOGEGBP, DOGEBUSD
2025-05-21 12:50:35,056 - deteccion - INFO - Precios: 1.239, 0.07759, 0.09742
2025-05-21 12:50:35,056 - deteccion - INFO - Factores: 0.8071025020177562, 12.888258796236627, 0.09742
2025-05-21 12:50:35,056 - deteccion - INFO - Rentabilidad Bruta: 1.337706%
2025-05-21 12:50:35,057 - deteccion - INFO - Oportunidad encontrada (A->B->C->A): BUSD -> GBP -> ADA -> BUSD
2025-05-21 12:50:35,057 - deteccion - INFO - Pares: GBPBUSD, ADAGBP, ADABUSD
2025-05-21 12:50:35,057 - deteccion - INFO - Precios: 1.239, 0.513, 0.6374
2025-05-21 12:50:35,057 - deteccion - INFO - Factores: 0.8071025020177562, 1.949317738791423, 0.6374
2025-05-21 12:50:35,058 - deteccion - INFO - Rentabilidad Bruta: 0.282093%
2025-05-21 12:50:35,058 - deteccion - INFO - Oportunidad encontrada (A->B->C->A): BUSD -> GBP -> CHZ -> BUSD
2025-05-21 12:50:35,058 - deteccion - INFO - Pares: GBPBUSD, CHZGBP, CHZBUSD
2025-05-21 12:50:35,058 - deteccion - INFO - Precios: 1.239, 0.0572, 0.0746
2025-05-21 12:50:35,059 - deteccion - INFO - Factores: 0.8071025020177562, 17.482517482517483, 0.0746
2025-05-21 12:50:35,059 - deteccion - INFO - Rentabilidad Bruta: 5.261970%
2025-05-21 12:50:35,059 - deteccion - INFO - Oportunidad encontrada (A->B->C->A): BUSD -> GBP -> RUNE -> BUSD
2025-05-21 12:50:35,059 - deteccion - INFO - Pares: GBPBUSD, RUNEGBP, RUNEBUSD
2025-05-21 12:50:35,060 - deteccion - INFO - Precios: 1.239, 1.278, 5.462
2025-05-21 12:50:35,060 - deteccion - INFO - Factores: 0.8071025020177562, 0.7824726134585289, 5.462
2025-05-21 12:50:35,060 - deteccion - INFO - Rentabilidad Bruta: 244.944747%
2025-05-21 12:50:35,061 - deteccion - INFO - Oportunidad encontrada (A->B->C->A): BUSD -> TUSD -> MATIC -> BUSD
2025-05-21 12:50:35,061 - deteccion - INFO - Pares: TUSDBUSD, MATICTUSD, MATICBUSD
2025-05-21 12:50:35,061 - deteccion - INFO - Precios: 0.9966, 0.5043, 0.8659
2025-05-21 12:50:35,061 - deteccion - INFO - Factores: 1.0034115994380894, 1.98294665873488, 0.8659
2025-05-21 12:50:35,061 - deteccion - INFO - Rentabilidad Bruta: 72.289134%
2025-05-21 12:50:35,062 - deteccion - INFO - Oportunidad encontrada (A->B->C->A): BUSD -> TUSD -> ADA -> BUSD
2025-05-21 12:50:35,062 - deteccion - INFO - Pares: TUSDBUSD, ADATUSD, ADABUSD
2025-05-21 12:50:35,062 - deteccion - INFO - Precios: 0.9966, 0.3847, 0.6374
2025-05-21 12:50:35,062 - deteccion - INFO - Factores: 1.0034115994380894, 2.5994281258123215, 0.6374
2025-05-21 12:50:35,062 - deteccion - INFO - Rentabilidad Bruta: 66.252808%
2025-05-21 12:50:35,063 - deteccion - INFO - Oportunidad encontrada (A->B->C->A): BUSD -> TUSD -> USDT -> BUSD
2025-05-21 12:50:35,063 - deteccion - INFO - Pares: TUSDBUSD, TUSDUSDT, BUSDUSDT
2025-05-21 12:50:35,063 - deteccion - INFO - Precios: 0.9966, 0.9992, 1.0003
2025-05-21 12:50:35,063 - deteccion - INFO - Factores: 1.0034115994380894, 0.9992, 0.9997000899730081
2025-05-21 12:50:35,064 - deteccion - INFO - Rentabilidad Bruta: 0.230818%
2025-05-21 12:50:35,064 - deteccion - INFO - Oportunidad encontrada (A->B->C->A): BUSD -> TUSD -> TRX -> BUSD
2025-05-21 12:50:35,064 - deteccion - INFO - Pares: TUSDBUSD, TRXTUSD, TRXBUSD
2025-05-21 12:50:35,064 - deteccion - INFO - Precios: 0.9966, 0.05986, 0.10329
2025-05-21 12:50:35,065 - deteccion - INFO - Factores: 1.0034115994380894, 16.70564650851988, 0.10329
2025-05-21 12:50:35,065 - deteccion - INFO - Rentabilidad Bruta: 73.141303%
2025-05-21 12:50:35,065 - deteccion - INFO - Oportunidad encontrada (A->B->C->A): BUSD -> ETH -> MATIC -> BUSD
2025-05-21 12:50:35,065 - deteccion - INFO - Pares: ETHBUSD, MATICETH, MATICBUSD
2025-05-21 12:50:35,066 - deteccion - INFO - Precios: 2281.12, 0.0001616, 0.8659
2025-05-21 12:50:35,066 - deteccion - INFO - Factores: 0.0004383811461036684, 6188.118811881188, 0.8659
2025-05-21 12:50:35,066 - deteccion - INFO - Rentabilidad Bruta: 134.897422%
2025-05-21 12:50:35,066 - deteccion - INFO - Oportunidad encontrada (A->B->C->A): BUSD -> ETH -> ALGO -> BUSD
2025-05-21 12:50:35,067 - deteccion - INFO - Pares: ETHBUSD, ALGOETH, ALGOBUSD
2025-05-21 12:50:35,067 - deteccion - INFO - Precios: 2281.12, 4.447e-05, 0.2071
2025-05-21 12:50:35,067 - deteccion - INFO - Factores: 0.0004383811461036684, 22487.069934787498, 0.2071
2025-05-21 12:50:35,067 - deteccion - INFO - Rentabilidad Bruta: 104.157264%
2025-05-21 12:50:35,068 - deteccion - INFO - Oportunidad encontrada (A->B->C->A): BUSD -> ETH -> USDT -> BUSD
2025-05-21 12:50:35,068 - deteccion - INFO - Pares: ETHBUSD, ETHUSDT, BUSDUSDT
2025-05-21 12:50:35,068 - deteccion - INFO - Precios: 2281.12, 2610.25, 1.0003
2025-05-21 12:50:35,068 - deteccion - INFO - Factores: 0.0004383811461036684, 2610.25, 0.9997000899730081
2025-05-21 12:50:35,069 - deteccion - INFO - Rentabilidad Bruta: 14.394120%
2025-05-21 12:50:35,069 - deteccion - INFO - Oportunidad encontrada (A->B->C->A): BUSD -> ETH -> LSK -> BUSD
2025-05-21 12:50:35,069 - deteccion - INFO - Pares: ETHBUSD, LSKETH, LSKBUSD
2025-05-21 12:50:35,069 - deteccion - INFO - Precios: 2281.12, 0.0003373, 0.844
2025-05-21 12:50:35,070 - deteccion - INFO - Factores: 0.0004383811461036684, 2964.719833975689, 0.844
2025-05-21 12:50:35,070 - deteccion - INFO - Rentabilidad Bruta: 9.692762%
2025-05-21 12:50:35,070 - deteccion - INFO - Oportunidad encontrada (A->B->C->A): BUSD -> ETH -> SC -> BUSD
2025-05-21 12:50:35,070 - deteccion - INFO - Pares: ETHBUSD, SCETH, SCBUSD
2025-05-21 12:50:35,070 - deteccion - INFO - Precios: 2281.12, 1.35e-06, 0.003664
2025-05-21 12:50:35,071 - deteccion - INFO - Factores: 0.0004383811461036684, 740740.7407407408, 0.003664
2025-05-21 12:50:35,071 - deteccion - INFO - Rentabilidad Bruta: 18.979890%
2025-05-21 12:50:35,071 - deteccion - INFO - Oportunidad encontrada (A->B->C->A): BUSD -> ETH -> RUNE -> BUSD
2025-05-21 12:50:35,071 - deteccion - INFO - Pares: ETHBUSD, RUNEETH, RUNEBUSD
2025-05-21 12:50:35,071 - deteccion - INFO - Precios: 2281.12, 0.0007545, 5.462
2025-05-21 12:50:35,072 - deteccion - INFO - Factores: 0.0004383811461036684, 1325.3810470510273, 5.462
2025-05-21 12:50:35,072 - deteccion - INFO - Rentabilidad Bruta: 217.354250%
2025-05-21 12:50:35,072 - deteccion - INFO - Oportunidad encontrada (A->B->C->A): BUSD -> ETH -> ENJ -> BUSD
2025-05-21 12:50:35,072 - deteccion - INFO - Pares: ETHBUSD, ENJETH, ENJBUSD
2025-05-21 12:50:35,073 - deteccion - INFO - Precios: 2281.12, 6.172e-05, 0.2607
2025-05-21 12:50:35,073 - deteccion - INFO - Factores: 0.0004383811461036684, 16202.203499675956, 0.2607
2025-05-21 12:50:35,073 - deteccion - INFO - Rentabilidad Bruta: 85.168446%
2025-05-21 12:50:35,074 - deteccion - INFO - Oportunidad encontrada (A->B->C->A): BUSD -> ETH -> WAVES -> BUSD
2025-05-21 12:50:35,074 - deteccion - INFO - Pares: ETHBUSD, WAVESETH, WAVESBUSD
2025-05-21 12:50:35,074 - deteccion - INFO - Precios: 2281.12, 0.000298, 2.216
2025-05-21 12:50:35,074 - deteccion - INFO - Factores: 0.0004383811461036684, 3355.7046979865772, 2.216
2025-05-21 12:50:35,074 - deteccion - INFO - Rentabilidad Bruta: 225.990812%
2025-05-21 12:50:35,075 - deteccion - INFO - Oportunidad encontrada (A->B->C->A): BUSD -> ETH -> SNX -> BUSD
2025-05-21 12:50:35,075 - deteccion - INFO - Pares: ETHBUSD, SNXETH, SNXBUSD
2025-05-21 12:50:35,075 - deteccion - INFO - Precios: 2281.12, 0.000768, 1.936
2025-05-21 12:50:35,075 - deteccion - INFO - Factores: 0.0004383811461036684, 1302.0833333333333, 1.936
2025-05-21 12:50:35,075 - deteccion - INFO - Rentabilidad Bruta: 10.508581%
2025-05-21 12:50:35,075 - deteccion - INFO - Oportunidad encontrada (A->B->C->A): BUSD -> ETH -> ELF -> BUSD
2025-05-21 12:50:35,076 - deteccion - INFO - Pares: ETHBUSD, ELFETH, ELFBUSD
2025-05-21 12:50:35,076 - deteccion - INFO - Precios: 2281.12, 0.0001433, 0.3403
2025-05-21 12:50:35,076 - deteccion - INFO - Factores: 0.0004383811461036684, 6978.367062107467, 0.3403
2025-05-21 12:50:35,076 - deteccion - INFO - Rentabilidad Bruta: 4.104050%
2025-05-21 12:50:35,076 - deteccion - INFO - Oportunidad encontrada (A->B->C->A): BUSD -> ETH -> XMR -> BUSD
2025-05-21 12:50:35,076 - deteccion - INFO - Pares: ETHBUSD, XMRETH, XMRBUSD
2025-05-21 12:50:35,076 - deteccion - INFO - Precios: 2281.12, 0.04032, 170.2
2025-05-21 12:50:35,077 - deteccion - INFO - Factores: 0.0004383811461036684, 24.8015873015873, 170.2
2025-05-21 12:50:35,077 - deteccion - INFO - Rentabilidad Bruta: 85.050771%
2025-05-21 12:50:35,077 - deteccion - INFO - Oportunidad encontrada (A->B->C->A): BUSD -> ETH -> MANA -> BUSD
2025-05-21 12:50:35,077 - deteccion - INFO - Pares: ETHBUSD, MANAETH, MANABUSD
2025-05-21 12:50:35,077 - deteccion - INFO - Precios: 2281.12, 0.0001262, 0.4388
2025-05-21 12:50:35,077 - deteccion - INFO - Factores: 0.0004383811461036684, 7923.930269413629, 0.4388
2025-05-21 12:50:35,077 - deteccion - INFO - Rentabilidad Bruta: 52.426028%
2025-05-21 12:50:35,077 - deteccion - INFO - Oportunidad encontrada (A->B->C->A): BUSD -> ETH -> KEY -> BUSD
2025-05-21 12:50:35,078 - deteccion - INFO - Pares: ETHBUSD, KEYETH, KEYBUSD
2025-05-21 12:50:35,078 - deteccion - INFO - Precios: 2281.12, 2.27e-06, 0.00543
2025-05-21 12:50:35,078 - deteccion - INFO - Factores: 0.0004383811461036684, 440528.6343612335, 0.00543
2025-05-21 12:50:35,078 - deteccion - INFO - Rentabilidad Bruta: 4.863860%
2025-05-21 12:50:35,078 - deteccion - INFO - Oportunidad encontrada (A->B->C->A): BUSD -> ETH -> IOTX -> BUSD
2025-05-21 12:50:35,079 - deteccion - INFO - Pares: ETHBUSD, IOTXETH, IOTXBUSD
2025-05-21 12:50:35,079 - deteccion - INFO - Precios: 2281.12, 8.21e-06, 0.02148
2025-05-21 12:50:35,079 - deteccion - INFO - Factores: 0.0004383811461036684, 121802.6796589525, 0.02148
2025-05-21 12:50:35,079 - deteccion - INFO - Rentabilidad Bruta: 14.694604%
2025-05-21 12:50:35,079 - deteccion - INFO - Oportunidad encontrada (A->B->C->A): BUSD -> MATIC -> AUD -> BUSD
2025-05-21 12:50:35,079 - deteccion - INFO - Pares: MATICBUSD, MATICAUD, AUDBUSD
2025-05-21 12:50:35,079 - deteccion - INFO - Precios: 0.8659, 1.2141, 0.7255
2025-05-21 12:50:35,080 - deteccion - INFO - Factores: 1.1548677676406052, 1.2141, 0.7255
2025-05-21 12:50:35,080 - deteccion - INFO - Rentabilidad Bruta: 1.724166%
2025-05-21 12:50:35,080 - deteccion - INFO - Oportunidad encontrada (A->B->C->A): BUSD -> LINK -> USDT -> BUSD
2025-05-21 12:50:35,080 - deteccion - INFO - Pares: LINKBUSD, LINKUSDT, BUSDUSDT
2025-05-21 12:50:35,080 - deteccion - INFO - Precios: 14.071, 16.45, 1.0003
2025-05-21 12:50:35,080 - deteccion - INFO - Factores: 0.07106815436003128, 16.45, 0.9997000899730081
2025-05-21 12:50:35,081 - deteccion - INFO - Rentabilidad Bruta: 16.872052%
2025-05-21 12:50:35,081 - deteccion - INFO - Oportunidad encontrada (A->B->C->A): BUSD -> ALGO -> USDT -> BUSD
2025-05-21 12:50:35,081 - deteccion - INFO - Pares: ALGOBUSD, ALGOUSDT, BUSDUSDT
2025-05-21 12:50:35,081 - deteccion - INFO - Precios: 0.2071, 0.2327, 1.0003
2025-05-21 12:50:35,081 - deteccion - INFO - Factores: 4.8285852245292125, 0.2327, 0.9997000899730081
2025-05-21 12:50:35,081 - deteccion - INFO - Rentabilidad Bruta: 12.327480%
2025-05-21 12:50:35,082 - deteccion - INFO - Oportunidad encontrada (A->B->C->A): BUSD -> DOGE -> USDT -> BUSD
2025-05-21 12:50:35,082 - deteccion - INFO - Pares: DOGEBUSD, DOGEUSDT, BUSDUSDT
2025-05-21 12:50:35,082 - deteccion - INFO - Precios: 0.09742, 0.23735, 1.0003
2025-05-21 12:50:35,082 - deteccion - INFO - Factores: 10.264832683227263, 0.23735, 0.9997000899730081
2025-05-21 12:50:35,083 - deteccion - INFO - Rentabilidad Bruta: 143.562735%
2025-05-21 12:50:35,083 - deteccion - INFO - Oportunidad encontrada (A->B->C->A): BUSD -> BTC -> ADA -> BUSD
2025-05-21 12:50:35,083 - deteccion - INFO - Pares: BTCBUSD, ADABTC, ADABUSD
2025-05-21 12:50:35,084 - deteccion - INFO - Precios: 42769.4, 7.12e-06, 0.6374
2025-05-21 12:50:35,084 - deteccion - INFO - Factores: 2.338120244847952e-05, 140449.4382022472, 0.6374
2025-05-21 12:50:35,084 - deteccion - INFO - Rentabilidad Bruta: 109.314304%
2025-05-21 12:50:35,085 - deteccion - INFO - Oportunidad encontrada (A->B->C->A): BUSD -> BTC -> USDT -> BUSD
2025-05-21 12:50:35,085 - deteccion - INFO - Pares: BTCBUSD, BTCUSDT, BUSDUSDT
2025-05-21 12:50:35,085 - deteccion - INFO - Precios: 42769.4, 109693.0, 1.0003
2025-05-21 12:50:35,086 - deteccion - INFO - Factores: 2.338120244847952e-05, 109693.0, 0.9997000899730081
2025-05-21 12:50:35,086 - deteccion - INFO - Rentabilidad Bruta: 156.398504%
2025-05-21 12:50:35,087 - deteccion - INFO - Oportunidad encontrada (A->B->C->A): BUSD -> BTC -> VITE -> BUSD
2025-05-21 12:50:35,087 - deteccion - INFO - Pares: BTCBUSD, VITEBTC, VITEBUSD
2025-05-21 12:50:35,087 - deteccion - INFO - Precios: 42769.4, 7e-08, 0.01726
2025-05-21 12:50:35,088 - deteccion - INFO - Factores: 2.338120244847952e-05, 14285714.285714285, 0.01726
2025-05-21 12:50:35,088 - deteccion - INFO - Rentabilidad Bruta: 476.513649%
2025-05-21 12:50:35,088 - deteccion - INFO - Oportunidad encontrada (A->B->C->A): BUSD -> BTC -> HIVE -> BUSD
2025-05-21 12:50:35,089 - deteccion - INFO - Pares: BTCBUSD, HIVEBTC, HIVEBUSD
2025-05-21 12:50:35,089 - deteccion - INFO - Precios: 42769.4, 2.43e-06, 0.2758
2025-05-21 12:50:35,089 - deteccion - INFO - Factores: 2.338120244847952e-05, 411522.63374485594, 0.2758
2025-05-21 12:50:35,089 - deteccion - INFO - Rentabilidad Bruta: 165.371837%
2025-05-21 12:50:35,090 - deteccion - INFO - Oportunidad encontrada (A->B->C->A): BUSD -> BTC -> CTXC -> BUSD
2025-05-21 12:50:35,090 - deteccion - INFO - Pares: BTCBUSD, CTXCBTC, CTXCBUSD
2025-05-21 12:50:35,090 - deteccion - INFO - Precios: 42769.4, 7.5e-07, 0.115
2025-05-21 12:50:35,090 - deteccion - INFO - Factores: 2.338120244847952e-05, 1333333.3333333333, 0.115
2025-05-21 12:50:35,090 - deteccion - INFO - Rentabilidad Bruta: 258.511771%
2025-05-21 12:50:35,090 - deteccion - INFO - Oportunidad encontrada (A->B->C->A): BUSD -> BTC -> ZEC -> BUSD
2025-05-21 12:50:35,091 - deteccion - INFO - Pares: BTCBUSD, ZECBTC, ZECBUSD
2025-05-21 12:50:35,091 - deteccion - INFO - Precios: 42769.4, 0.0003833, 25.5
2025-05-21 12:50:35,091 - deteccion - INFO - Factores: 2.338120244847952e-05, 2608.9225150013044, 25.5
2025-05-21 12:50:35,091 - deteccion - INFO - Rentabilidad Bruta: 55.549351%
2025-05-21 12:50:35,092 - deteccion - INFO - Oportunidad encontrada (A->B->C->A): BUSD -> BTC -> CTSI -> BUSD
2025-05-21 12:50:35,092 - deteccion - INFO - Pares: BTCBUSD, CTSIBTC, CTSIBUSD
2025-05-21 12:50:35,092 - deteccion - INFO - Precios: 42769.4, 6.8e-07, 0.1642
2025-05-21 12:50:35,092 - deteccion - INFO - Factores: 2.338120244847952e-05, 1470588.2352941178, 0.1642
2025-05-21 12:50:35,093 - deteccion - INFO - Rentabilidad Bruta: 464.587271%
2025-05-21 12:50:35,093 - deteccion - INFO - Oportunidad encontrada (A->B->C->A): BUSD -> BTC -> STX -> BUSD
2025-05-21 12:50:35,093 - deteccion - INFO - Pares: BTCBUSD, STXBTC, STXBUSD
2025-05-21 12:50:35,094 - deteccion - INFO - Precios: 42769.4, 8.62e-06, 0.6756
2025-05-21 12:50:35,094 - deteccion - INFO - Factores: 2.338120244847952e-05, 116009.28074245939, 0.6756
2025-05-21 12:50:35,094 - deteccion - INFO - Rentabilidad Bruta: 83.252209%
2025-05-21 12:50:35,094 - deteccion - INFO - Oportunidad encontrada (A->B->C->A): BUSD -> BTC -> FTM -> BUSD
2025-05-21 12:50:35,095 - deteccion - INFO - Pares: BTCBUSD, FTMBTC, FTMBUSD
2025-05-21 12:50:35,095 - deteccion - INFO - Precios: 42769.4, 7.43e-06, 0.4218
2025-05-21 12:50:35,095 - deteccion - INFO - Factores: 2.338120244847952e-05, 134589.50201884253, 0.4218
2025-05-21 12:50:35,095 - deteccion - INFO - Rentabilidad Bruta: 32.734740%
2025-05-21 12:50:35,096 - deteccion - INFO - Oportunidad encontrada (A->B->C->A): BUSD -> BTC -> MTL -> BUSD
2025-05-21 12:50:35,096 - deteccion - INFO - Pares: BTCBUSD, MTLBTC, MTLBUSD
2025-05-21 12:50:35,096 - deteccion - INFO - Precios: 42769.4, 7.61e-06, 1.353
2025-05-21 12:50:35,097 - deteccion - INFO - Factores: 2.338120244847952e-05, 131406.0446780552, 1.353
2025-05-21 12:50:35,097 - deteccion - INFO - Rentabilidad Bruta: 315.699959%
2025-05-21 12:50:35,097 - deteccion - INFO - Oportunidad encontrada (A->B->C->A): BUSD -> BTC -> JST -> BUSD
2025-05-21 12:50:35,097 - deteccion - INFO - Pares: BTCBUSD, JSTBTC, JSTBUSD
2025-05-21 12:50:35,098 - deteccion - INFO - Precios: 42769.4, 3.4e-07, 0.02103
2025-05-21 12:50:35,098 - deteccion - INFO - Factores: 2.338120244847952e-05, 2941176.4705882357, 0.02103
2025-05-21 12:50:35,098 - deteccion - INFO - Rentabilidad Bruta: 44.619614%
2025-05-21 12:50:35,099 - deteccion - INFO - Oportunidad encontrada (A->B->C->A): BUSD -> BTC -> BCH -> BUSD
2025-05-21 12:50:35,099 - deteccion - INFO - Pares: BTCBUSD, BCHBTC, BCHBUSD
2025-05-21 12:50:35,099 - deteccion - INFO - Precios: 42769.4, 0.00375, 236.0
2025-05-21 12:50:35,099 - deteccion - INFO - Factores: 2.338120244847952e-05, 266.6666666666667, 236.0
2025-05-21 12:50:35,100 - deteccion - INFO - Rentabilidad Bruta: 47.145701%
2025-05-21 12:50:35,100 - deteccion - INFO - Oportunidad encontrada (A->B->C->A): BUSD -> BTC -> TOMO -> BUSD
2025-05-21 12:50:35,100 - deteccion - INFO - Pares: BTCBUSD, TOMOBTC, TOMOBUSD
2025-05-21 12:50:35,101 - deteccion - INFO - Precios: 42769.4, 3.699e-05, 1.7807
2025-05-21 12:50:35,101 - deteccion - INFO - Factores: 2.338120244847952e-05, 27034.333603676667, 1.7807
2025-05-21 12:50:35,101 - deteccion - INFO - Rentabilidad Bruta: 12.557197%
2025-05-21 12:50:35,101 - deteccion - INFO - Oportunidad encontrada (A->B->C->A): BUSD -> BTC -> CHZ -> BUSD
2025-05-21 12:50:35,101 - deteccion - INFO - Pares: BTCBUSD, CHZBTC, CHZBUSD
2025-05-21 12:50:35,102 - deteccion - INFO - Precios: 42769.4, 4.2e-07, 0.0746
2025-05-21 12:50:35,102 - deteccion - INFO - Factores: 2.338120244847952e-05, 2380952.380952381, 0.0746
2025-05-21 12:50:35,102 - deteccion - INFO - Rentabilidad Bruta: 315.294691%
2025-05-21 12:50:35,102 - deteccion - INFO - Oportunidad encontrada (A->B->C->A): BUSD -> BTC -> AMB -> BUSD
2025-05-21 12:50:35,103 - deteccion - INFO - Pares: BTCBUSD, AMBBTC, AMBBUSD
2025-05-21 12:50:35,103 - deteccion - INFO - Precios: 42769.4, 1e-07, 0.00796
2025-05-21 12:50:35,103 - deteccion - INFO - Factores: 2.338120244847952e-05, 10000000.0, 0.00796
2025-05-21 12:50:35,104 - deteccion - INFO - Rentabilidad Bruta: 86.114371%
2025-05-21 12:50:35,104 - deteccion - INFO - Oportunidad encontrada (A->B->C->A): BUSD -> BTC -> KNC -> BUSD
2025-05-21 12:50:35,104 - deteccion - INFO - Pares: BTCBUSD, KNCBTC, KNCBUSD
2025-05-21 12:50:35,104 - deteccion - INFO - Precios: 42769.4, 3.43e-06, 0.637
2025-05-21 12:50:35,105 - deteccion - INFO - Factores: 2.338120244847952e-05, 291545.1895043732, 0.637
2025-05-21 12:50:35,105 - deteccion - INFO - Rentabilidad Bruta: 334.222331%
2025-05-21 12:50:35,105 - deteccion - INFO - Oportunidad encontrada (A->B->C->A): BUSD -> BTC -> LSK -> BUSD
2025-05-21 12:50:35,105 - deteccion - INFO - Pares: BTCBUSD, LSKBTC, LSKBUSD
2025-05-21 12:50:35,106 - deteccion - INFO - Precios: 42769.4, 4.92e-06, 0.844
2025-05-21 12:50:35,106 - deteccion - INFO - Factores: 2.338120244847952e-05, 203252.03252032519, 0.844
2025-05-21 12:50:35,106 - deteccion - INFO - Rentabilidad Bruta: 301.092172%
2025-05-21 12:50:35,106 - deteccion - INFO - Oportunidad encontrada (A->B->C->A): BUSD -> BTC -> YFI -> BUSD
2025-05-21 12:50:35,107 - deteccion - INFO - Pares: BTCBUSD, YFIBTC, YFIBUSD
2025-05-21 12:50:35,107 - deteccion - INFO - Precios: 42769.4, 0.053, 5325.0
2025-05-21 12:50:35,107 - deteccion - INFO - Factores: 2.338120244847952e-05, 18.867924528301888, 5325.0
2025-05-21 12:50:35,107 - deteccion - INFO - Rentabilidad Bruta: 134.914911%
2025-05-21 12:50:35,108 - deteccion - INFO - Oportunidad encontrada (A->B->C->A): BUSD -> BTC -> NKN -> BUSD
2025-05-21 12:50:35,108 - deteccion - INFO - Pares: BTCBUSD, NKNBTC, NKNBUSD
2025-05-21 12:50:35,108 - deteccion - INFO - Precios: 42769.4, 3.4e-07, 0.0972
2025-05-21 12:50:35,108 - deteccion - INFO - Factores: 2.338120244847952e-05, 2941176.4705882357, 0.0972
2025-05-21 12:50:35,108 - deteccion - INFO - Rentabilidad Bruta: 568.427317%
2025-05-21 12:50:35,109 - deteccion - INFO - Oportunidad encontrada (A->B->C->A): BUSD -> BTC -> OGN -> BUSD
2025-05-21 12:50:35,109 - deteccion - INFO - Pares: BTCBUSD, OGNBTC, OGNBUSD
2025-05-21 12:50:35,109 - deteccion - INFO - Precios: 42769.4, 6.2e-07, 0.1129
2025-05-21 12:50:35,109 - deteccion - INFO - Factores: 2.338120244847952e-05, 1612903.2258064516, 0.1129
2025-05-21 12:50:35,109 - deteccion - INFO - Rentabilidad Bruta: 325.764154%
2025-05-21 12:50:35,110 - deteccion - INFO - Oportunidad encontrada (A->B->C->A): BUSD -> BTC -> CHR -> BUSD
2025-05-21 12:50:35,110 - deteccion - INFO - Pares: BTCBUSD, CHRBTC, CHRBUSD
2025-05-21 12:50:35,110 - deteccion - INFO - Precios: 42769.4, 9.7e-07, 0.1085
2025-05-21 12:50:35,110 - deteccion - INFO - Factores: 2.338120244847952e-05, 1030927.8350515463, 0.1085
2025-05-21 12:50:35,111 - deteccion - INFO - Rentabilidad Bruta: 161.532007%
2025-05-21 12:50:35,111 - deteccion - INFO - Oportunidad encontrada (A->B->C->A): BUSD -> BTC -> MDT -> BUSD
2025-05-21 12:50:35,111 - deteccion - INFO - Pares: BTCBUSD, MDTBTC, MDTBUSD
2025-05-21 12:50:35,111 - deteccion - INFO - Precios: 42769.4, 3e-07, 0.04578
2025-05-21 12:50:35,112 - deteccion - INFO - Factores: 2.338120244847952e-05, 3333333.3333333335, 0.04578
2025-05-21 12:50:35,112 - deteccion - INFO - Rentabilidad Bruta: 256.797149%
2025-05-21 12:50:35,112 - deteccion - INFO - Oportunidad encontrada (A->B->C->A): BUSD -> BTC -> ANKR -> BUSD
2025-05-21 12:50:35,112 - deteccion - INFO - Pares: BTCBUSD, ANKRBTC, ANKRBUSD
2025-05-21 12:50:35,113 - deteccion - INFO - Precios: 42769.4, 1.7e-07, 0.01906
2025-05-21 12:50:35,113 - deteccion - INFO - Factores: 2.338120244847952e-05, 5882352.941176471, 0.01906
2025-05-21 12:50:35,113 - deteccion - INFO - Rentabilidad Bruta: 162.144540%
2025-05-21 12:50:35,113 - deteccion - INFO - Oportunidad encontrada (A->B->C->A): BUSD -> BTC -> NEO -> BUSD
2025-05-21 12:50:35,114 - deteccion - INFO - Pares: BTCBUSD, NEOBTC, NEOBUSD
2025-05-21 12:50:35,114 - deteccion - INFO - Precios: 42769.4, 6.17e-05, 6.73
2025-05-21 12:50:35,114 - deteccion - INFO - Factores: 2.338120244847952e-05, 16207.45542949757, 6.73
2025-05-21 12:50:35,114 - deteccion - INFO - Rentabilidad Bruta: 155.033213%
2025-05-21 12:50:35,114 - deteccion - INFO - Oportunidad encontrada (A->B->C->A): BUSD -> BTC -> SXP -> BUSD
2025-05-21 12:50:35,115 - deteccion - INFO - Pares: BTCBUSD, SXPBTC, SXPBUSD
2025-05-21 12:50:35,115 - deteccion - INFO - Precios: 42769.4, 1.87e-06, 0.3721
2025-05-21 12:50:35,115 - deteccion - INFO - Factores: 2.338120244847952e-05, 534759.3582887701, 0.3721
2025-05-21 12:50:35,115 - deteccion - INFO - Rentabilidad Bruta: 365.248419%
2025-05-21 12:50:35,116 - deteccion - INFO - Oportunidad encontrada (A->B->C->A): BUSD -> BTC -> RUNE -> BUSD
2025-05-21 12:50:35,116 - deteccion - INFO - Pares: BTCBUSD, RUNEBTC, RUNEBUSD
2025-05-21 12:50:35,116 - deteccion - INFO - Precios: 42769.4, 1.788e-05, 5.462
2025-05-21 12:50:35,116 - deteccion - INFO - Factores: 2.338120244847952e-05, 55928.411633109616, 5.462
2025-05-21 12:50:35,117 - deteccion - INFO - Rentabilidad Bruta: 614.251274%
2025-05-21 12:50:35,117 - deteccion - INFO - Oportunidad encontrada (A->B->C->A): BUSD -> BTC -> ENJ -> BUSD
2025-05-21 12:50:35,117 - deteccion - INFO - Pares: BTCBUSD, ENJBTC, ENJBUSD
2025-05-21 12:50:35,117 - deteccion - INFO - Precios: 42769.4, 8.4e-07, 0.2607
2025-05-21 12:50:35,118 - deteccion - INFO - Factores: 2.338120244847952e-05, 1190476.1904761905, 0.2607
2025-05-21 12:50:35,118 - deteccion - INFO - Rentabilidad Bruta: 625.652319%
2025-05-21 12:50:35,118 - deteccion - INFO - Oportunidad encontrada (A->B->C->A): BUSD -> BTC -> BAT -> BUSD
2025-05-21 12:50:35,118 - deteccion - INFO - Pares: BTCBUSD, BATBTC, BATBUSD
2025-05-21 12:50:35,118 - deteccion - INFO - Precios: 42769.4, 1.39e-06, 0.1709
2025-05-21 12:50:35,119 - deteccion - INFO - Factores: 2.338120244847952e-05, 719424.4604316547, 0.1709
2025-05-21 12:50:35,119 - deteccion - INFO - Rentabilidad Bruta: 187.471043%
2025-05-21 12:50:35,119 - deteccion - INFO - Oportunidad encontrada (A->B->C->A): BUSD -> BTC -> LOOM -> BUSD
2025-05-21 12:50:35,119 - deteccion - INFO - Pares: BTCBUSD, LOOMBTC, LOOMBUSD
2025-05-21 12:50:35,120 - deteccion - INFO - Precios: 42769.4, 7.5e-07, 0.04003
2025-05-21 12:50:35,120 - deteccion - INFO - Factores: 2.338120244847952e-05, 1333333.3333333333, 0.04003
2025-05-21 12:50:35,120 - deteccion - INFO - Rentabilidad Bruta: 24.793271%
2025-05-21 12:50:35,120 - deteccion - INFO - Oportunidad encontrada (A->B->C->A): BUSD -> BTC -> FET -> BUSD
2025-05-21 12:50:35,120 - deteccion - INFO - Pares: BTCBUSD, FETBTC, FETBUSD
2025-05-21 12:50:35,121 - deteccion - INFO - Precios: 42769.4, 7.55e-06, 0.4915
2025-05-21 12:50:35,121 - deteccion - INFO - Factores: 2.338120244847952e-05, 132450.33112582783, 0.4915
2025-05-21 12:50:35,121 - deteccion - INFO - Rentabilidad Bruta: 52.210080%
2025-05-21 12:50:35,121 - deteccion - INFO - Oportunidad encontrada (A->B->C->A): BUSD -> BTC -> WAVES -> BUSD
2025-05-21 12:50:35,121 - deteccion - INFO - Pares: BTCBUSD, WAVESBTC, WAVESBUSD
2025-05-21 12:50:35,121 - deteccion - INFO - Precios: 42769.4, 1.626e-05, 2.216
2025-05-21 12:50:35,122 - deteccion - INFO - Factores: 2.338120244847952e-05, 61500.61500615006, 2.216
2025-05-21 12:50:35,122 - deteccion - INFO - Rentabilidad Bruta: 218.651566%
2025-05-21 12:50:35,122 - deteccion - INFO - Oportunidad encontrada (A->B->C->A): BUSD -> BTC -> ONT -> BUSD
2025-05-21 12:50:35,122 - deteccion - INFO - Pares: BTCBUSD, ONTBTC, ONTBUSD
2025-05-21 12:50:35,123 - deteccion - INFO - Precios: 42769.4, 1.41e-06, 0.1574
2025-05-21 12:50:35,123 - deteccion - INFO - Factores: 2.338120244847952e-05, 709219.8581560283, 0.1574
2025-05-21 12:50:35,123 - deteccion - INFO - Rentabilidad Bruta: 161.007182%
2025-05-21 12:50:35,123 - deteccion - INFO - Oportunidad encontrada (A->B->C->A): BUSD -> BTC -> COS -> BUSD
2025-05-21 12:50:35,123 - deteccion - INFO - Pares: BTCBUSD, COSBTC, COSBUSD
2025-05-21 12:50:35,124 - deteccion - INFO - Precios: 42769.4, 8e-08, 0.00517
2025-05-21 12:50:35,124 - deteccion - INFO - Factores: 2.338120244847952e-05, 12500000.0, 0.00517
2025-05-21 12:50:35,124 - deteccion - INFO - Rentabilidad Bruta: 51.101021%
2025-05-21 12:50:35,124 - deteccion - INFO - Oportunidad encontrada (A->B->C->A): BUSD -> BTC -> DOCK -> BUSD
2025-05-21 12:50:35,124 - deteccion - INFO - Pares: BTCBUSD, DOCKBTC, DOCKBUSD
2025-05-21 12:50:35,125 - deteccion - INFO - Precios: 42769.4, 5e-08, 0.01527
2025-05-21 12:50:35,125 - deteccion - INFO - Factores: 2.338120244847952e-05, 20000000.0, 0.01527
2025-05-21 12:50:35,125 - deteccion - INFO - Rentabilidad Bruta: 614.061923%
2025-05-21 12:50:35,125 - deteccion - INFO - Oportunidad encontrada (A->B->C->A): BUSD -> BTC -> SNX -> BUSD
2025-05-21 12:50:35,125 - deteccion - INFO - Pares: BTCBUSD, SNXBTC, SNXBUSD
2025-05-21 12:50:35,126 - deteccion - INFO - Precios: 42769.4, 7.62e-06, 1.936
2025-05-21 12:50:35,126 - deteccion - INFO - Factores: 2.338120244847952e-05, 131233.59580052493, 1.936
2025-05-21 12:50:35,126 - deteccion - INFO - Rentabilidad Bruta: 494.042099%
2025-05-21 12:50:35,126 - deteccion - INFO - Oportunidad encontrada (A->B->C->A): BUSD -> BTC -> REQ -> BUSD
2025-05-21 12:50:35,126 - deteccion - INFO - Pares: BTCBUSD, REQBTC, REQBUSD
2025-05-21 12:50:35,127 - deteccion - INFO - Precios: 42769.4, 1.41e-06, 0.0633
2025-05-21 12:50:35,127 - deteccion - INFO - Factores: 2.338120244847952e-05, 709219.8581560283, 0.0633
2025-05-21 12:50:35,127 - deteccion - INFO - Rentabilidad Bruta: 4.966675%
2025-05-21 12:50:35,127 - deteccion - INFO - Oportunidad encontrada (A->B->C->A): BUSD -> BTC -> ELF -> BUSD
2025-05-21 12:50:35,127 - deteccion - INFO - Pares: BTCBUSD, ELFBTC, ELFBUSD
2025-05-21 12:50:35,127 - deteccion - INFO - Precios: 42769.4, 2.74e-06, 0.3403
2025-05-21 12:50:35,128 - deteccion - INFO - Factores: 2.338120244847952e-05, 364963.503649635, 0.3403
2025-05-21 12:50:35,128 - deteccion - INFO - Rentabilidad Bruta: 190.387708%
2025-05-21 12:50:35,128 - deteccion - INFO - Oportunidad encontrada (A->B->C->A): BUSD -> BTC -> STPT -> BUSD
2025-05-21 12:50:35,128 - deteccion - INFO - Pares: BTCBUSD, STPTBTC, STPTBUSD
2025-05-21 12:50:35,128 - deteccion - INFO - Precios: 42769.4, 6.7e-07, 0.04185
2025-05-21 12:50:35,128 - deteccion - INFO - Factores: 2.338120244847952e-05, 1492537.3134328357, 0.04185
2025-05-21 12:50:35,129 - deteccion - INFO - Rentabilidad Bruta: 46.045272%
2025-05-21 12:50:35,129 - deteccion - INFO - Oportunidad encontrada (A->B->C->A): BUSD -> BTC -> COMP -> BUSD
2025-05-21 12:50:35,129 - deteccion - INFO - Pares: BTCBUSD, COMPBTC, COMPBUSD
2025-05-21 12:50:35,129 - deteccion - INFO - Precios: 42769.4, 0.000406, 45.79
2025-05-21 12:50:35,129 - deteccion - INFO - Factores: 2.338120244847952e-05, 2463.054187192118, 45.79
2025-05-21 12:50:35,129 - deteccion - INFO - Rentabilidad Bruta: 163.700803%
2025-05-21 12:50:35,130 - deteccion - INFO - Oportunidad encontrada (A->B->C->A): BUSD -> BTC -> XMR -> BUSD
2025-05-21 12:50:35,130 - deteccion - INFO - Pares: BTCBUSD, XMRBTC, XMRBUSD
2025-05-21 12:50:35,130 - deteccion - INFO - Precios: 42769.4, 0.002287, 170.2
2025-05-21 12:50:35,130 - deteccion - INFO - Factores: 2.338120244847952e-05, 437.25404459991256, 170.2
2025-05-21 12:50:35,130 - deteccion - INFO - Rentabilidad Bruta: 74.004401%
2025-05-21 12:50:35,131 - deteccion - INFO - Oportunidad encontrada (A->B->C->A): BUSD -> BTC -> DUSK -> BUSD
2025-05-21 12:50:35,131 - deteccion - INFO - Pares: BTCBUSD, DUSKBTC, DUSKBUSD
2025-05-21 12:50:35,131 - deteccion - INFO - Precios: 42769.4, 8.3e-07, 0.1431
2025-05-21 12:50:35,131 - deteccion - INFO - Factores: 2.338120244847952e-05, 1204819.2771084337, 0.1431
2025-05-21 12:50:35,131 - deteccion - INFO - Rentabilidad Bruta: 303.114466%
2025-05-21 12:50:35,132 - deteccion - INFO - Oportunidad encontrada (A->B->C->A): BUSD -> BTC -> PHB -> BUSD
2025-05-21 12:50:35,132 - deteccion - INFO - Pares: BTCBUSD, PHBBTC, PHBBUSD
2025-05-21 12:50:35,132 - deteccion - INFO - Precios: 42769.4, 5.74e-06, 0.6588
2025-05-21 12:50:35,132 - deteccion - INFO - Factores: 2.338120244847952e-05, 174216.02787456446, 0.6588
2025-05-21 12:50:35,133 - deteccion - INFO - Rentabilidad Bruta: 168.354289%
2025-05-21 12:50:35,133 - deteccion - INFO - Oportunidad encontrada (A->B->C->A): BUSD -> BTC -> MANA -> BUSD
2025-05-21 12:50:35,133 - deteccion - INFO - Pares: BTCBUSD, MANABTC, MANABUSD
2025-05-21 12:50:35,133 - deteccion - INFO - Precios: 42769.4, 3.01e-06, 0.4388
2025-05-21 12:50:35,134 - deteccion - INFO - Factores: 2.338120244847952e-05, 332225.9136212625, 0.4388
2025-05-21 12:50:35,134 - deteccion - INFO - Rentabilidad Bruta: 240.852878%
2025-05-21 12:50:35,134 - deteccion - INFO - Oportunidad encontrada (A->B->C->A): BUSD -> BTC -> BAND -> BUSD
2025-05-21 12:50:35,135 - deteccion - INFO - Pares: BTCBUSD, BANDBTC, BANDBUSD
2025-05-21 12:50:35,135 - deteccion - INFO - Precios: 42769.4, 7.19e-06, 1.539
2025-05-21 12:50:35,135 - deteccion - INFO - Factores: 2.338120244847952e-05, 139082.05841446453, 1.539
2025-05-21 12:50:35,135 - deteccion - INFO - Rentabilidad Bruta: 400.468297%
2025-05-21 12:50:35,135 - deteccion - INFO - Oportunidad encontrada (A->B->C->A): BUSD -> BTC -> RVN -> BUSD
2025-05-21 12:50:35,136 - deteccion - INFO - Pares: BTCBUSD, RVNBTC, RVNBUSD
2025-05-21 12:50:35,136 - deteccion - INFO - Precios: 42769.4, 1.1e-07, 0.01525
2025-05-21 12:50:35,136 - deteccion - INFO - Factores: 2.338120244847952e-05, 9090909.09090909, 0.01525
2025-05-21 12:50:35,137 - deteccion - INFO - Rentabilidad Bruta: 224.148488%
2025-05-21 12:50:35,137 - deteccion - INFO - Oportunidad encontrada (A->B->C->A): BUSD -> BTC -> POWR -> BUSD
2025-05-21 12:50:35,137 - deteccion - INFO - Pares: BTCBUSD, POWRBTC, POWRBUSD
2025-05-21 12:50:35,137 - deteccion - INFO - Precios: 42769.4, 1.7e-06, 0.1504
2025-05-21 12:50:35,138 - deteccion - INFO - Factores: 2.338120244847952e-05, 588235.2941176471, 0.1504
2025-05-21 12:50:35,138 - deteccion - INFO - Rentabilidad Bruta: 106.854873%
2025-05-21 12:50:35,138 - deteccion - INFO - Oportunidad encontrada (A->B->C->A): BUSD -> BTC -> FIO -> BUSD
2025-05-21 12:50:35,138 - deteccion - INFO - Pares: BTCBUSD, FIOBTC, FIOBUSD
2025-05-21 12:50:35,138 - deteccion - INFO - Precios: 42769.4, 1.7e-07, 0.01922
2025-05-21 12:50:35,139 - deteccion - INFO - Factores: 2.338120244847952e-05, 5882352.941176471, 0.01922
2025-05-21 12:50:35,139 - deteccion - INFO - Rentabilidad Bruta: 164.345124%
2025-05-21 12:50:35,139 - deteccion - INFO - Oportunidad encontrada (A->B->C->A): BUSD -> BTC -> IOTX -> BUSD
2025-05-21 12:50:35,139 - deteccion - INFO - Pares: BTCBUSD, IOTXBTC, IOTXBUSD
2025-05-21 12:50:35,140 - deteccion - INFO - Precios: 42769.4, 1.9e-07, 0.02148
2025-05-21 12:50:35,140 - deteccion - INFO - Factores: 2.338120244847952e-05, 5263157.894736842, 0.02148
2025-05-21 12:50:35,140 - deteccion - INFO - Rentabilidad Bruta: 164.330647%
2025-05-21 12:50:35,141 - deteccion - INFO - Oportunidad encontrada (A->B->C->A): BUSD -> BTC -> ZEN -> BUSD
2025-05-21 12:50:35,141 - deteccion - INFO - Pares: BTCBUSD, ZENBTC, ZENBUSD
2025-05-21 12:50:35,141 - deteccion - INFO - Precios: 42769.4, 9.17e-05, 7.19
2025-05-21 12:50:35,141 - deteccion - INFO - Factores: 2.338120244847952e-05, 10905.125408942202, 7.19
2025-05-21 12:50:35,142 - deteccion - INFO - Rentabilidad Bruta: 83.326985%
2025-05-21 12:50:35,142 - deteccion - INFO - Oportunidad encontrada (A->B->C->A): BUSD -> AUD -> ADA -> BUSD
2025-05-21 12:50:35,142 - deteccion - INFO - Pares: AUDBUSD, ADAAUD, ADABUSD
2025-05-21 12:50:35,142 - deteccion - INFO - Precios: 0.7255, 0.5054, 0.6374
2025-05-21 12:50:35,142 - deteccion - INFO - Factores: 1.3783597518952446, 1.9786307874950535, 0.6374
2025-05-21 12:50:35,143 - deteccion - INFO - Rentabilidad Bruta: 73.835874%
2025-05-21 12:50:35,143 - deteccion - INFO - Oportunidad encontrada (A->B->C->A): BUSD -> AUD -> XRP -> BUSD
2025-05-21 12:50:35,143 - deteccion - INFO - Pares: AUDBUSD, XRPAUD, XRPBUSD
2025-05-21 12:50:35,143 - deteccion - INFO - Precios: 0.7255, 0.7, 0.6345
2025-05-21 12:50:35,144 - deteccion - INFO - Factores: 1.3783597518952446, 1.4285714285714286, 0.6345
2025-05-21 12:50:35,144 - deteccion - INFO - Rentabilidad Bruta: 24.938466%
2025-05-21 12:50:35,144 - deteccion - INFO - Oportunidad encontrada (A->B->C->A): BUSD -> AUD -> FTM -> BUSD
2025-05-21 12:50:35,144 - deteccion - INFO - Pares: AUDBUSD, FTMAUD, FTMBUSD
2025-05-21 12:50:35,144 - deteccion - INFO - Precios: 0.7255, 0.42, 0.4218
2025-05-21 12:50:35,145 - deteccion - INFO - Factores: 1.3783597518952446, 2.380952380952381, 0.4218
2025-05-21 12:50:35,145 - deteccion - INFO - Rentabilidad Bruta: 38.426701%
2025-05-21 12:50:35,145 - deteccion - INFO - Oportunidad encontrada (A->B->C->A): BUSD -> ADA -> USDT -> BUSD
2025-05-21 12:50:35,145 - deteccion - INFO - Pares: ADABUSD, ADAUSDT, BUSDUSDT
2025-05-21 12:50:35,146 - deteccion - INFO - Precios: 0.6374, 0.7813, 1.0003
2025-05-21 12:50:35,146 - deteccion - INFO - Factores: 1.5688735487919674, 0.7813, 0.9997000899730081
2025-05-21 12:50:35,146 - deteccion - INFO - Rentabilidad Bruta: 22.539329%
2025-05-21 12:50:35,146 - deteccion - INFO - Oportunidad encontrada (A->B->C->A): BUSD -> XRP -> USDT -> BUSD
2025-05-21 12:50:35,147 - deteccion - INFO - Pares: XRPBUSD, XRPUSDT, BUSDUSDT
2025-05-21 12:50:35,147 - deteccion - INFO - Precios: 0.6345, 2.4275, 1.0003
2025-05-21 12:50:35,147 - deteccion - INFO - Factores: 1.5760441292356187, 2.4275, 0.9997000899730081
2025-05-21 12:50:35,147 - deteccion - INFO - Rentabilidad Bruta: 282.469971%
2025-05-21 12:50:35,148 - deteccion - INFO - Oportunidad encontrada (A->B->C->A): BUSD -> XRP -> TRX -> BUSD
2025-05-21 12:50:35,148 - deteccion - INFO - Pares: XRPBUSD, TRXXRP, TRXBUSD
2025-05-21 12:50:35,148 - deteccion - INFO - Precios: 0.6345, 0.1128, 0.10329
2025-05-21 12:50:35,148 - deteccion - INFO - Factores: 1.5760441292356187, 8.865248226950355, 0.10329
2025-05-21 12:50:35,148 - deteccion - INFO - Rentabilidad Bruta: 44.317020%
2025-05-21 12:50:35,149 - deteccion - INFO - Oportunidad encontrada (A->B->C->A): BUSD -> USDT -> ARK -> BUSD
2025-05-21 12:50:35,149 - deteccion - INFO - Pares: BUSDUSDT, ARKUSDT, ARKBUSD
2025-05-21 12:50:35,150 - deteccion - INFO - Precios: 1.0003, 0.4272, 0.5356
2025-05-21 12:50:35,150 - deteccion - INFO - Factores: 1.0003, 2.340823970037453, 0.5356
2025-05-21 12:50:35,150 - deteccion - INFO - Rentabilidad Bruta: 25.412144%
2025-05-21 12:50:35,151 - deteccion - INFO - Oportunidad encontrada (A->B->C->A): BUSD -> USDT -> HIVE -> BUSD
2025-05-21 12:50:35,151 - deteccion - INFO - Pares: BUSDUSDT, HIVEUSDT, HIVEBUSD
2025-05-21 12:50:35,151 - deteccion - INFO - Precios: 1.0003, 0.266, 0.2758
2025-05-21 12:50:35,152 - deteccion - INFO - Factores: 1.0003, 3.7593984962406015, 0.2758
2025-05-21 12:50:35,152 - deteccion - INFO - Rentabilidad Bruta: 3.715316%
2025-05-21 12:50:35,153 - deteccion - INFO - Oportunidad encontrada (A->B->C->A): BUSD -> USDT -> CTXC -> BUSD
2025-05-21 12:50:35,153 - deteccion - INFO - Pares: BUSDUSDT, CTXCUSDT, CTXCBUSD
2025-05-21 12:50:35,153 - deteccion - INFO - Precios: 1.0003, 0.0634, 0.115
2025-05-21 12:50:35,153 - deteccion - INFO - Factores: 1.0003, 15.772870662460567, 0.115
2025-05-21 12:50:35,154 - deteccion - INFO - Rentabilidad Bruta: 81.442429%
2025-05-21 12:50:35,154 - deteccion - INFO - Oportunidad encontrada (A->B->C->A): BUSD -> USDT -> CTSI -> BUSD
2025-05-21 12:50:35,154 - deteccion - INFO - Pares: BUSDUSDT, CTSIUSDT, CTSIBUSD
2025-05-21 12:50:35,154 - deteccion - INFO - Precios: 1.0003, 0.0754, 0.1642
2025-05-21 12:50:35,155 - deteccion - INFO - Factores: 1.0003, 13.262599469496022, 0.1642
2025-05-21 12:50:35,155 - deteccion - INFO - Rentabilidad Bruta: 117.837215%
2025-05-21 12:50:35,155 - deteccion - INFO - Oportunidad encontrada (A->B->C->A): BUSD -> USDT -> MTL -> BUSD
2025-05-21 12:50:35,155 - deteccion - INFO - Pares: BUSDUSDT, MTLUSDT, MTLBUSD
2025-05-21 12:50:35,156 - deteccion - INFO - Precios: 1.0003, 0.836, 1.353
2025-05-21 12:50:35,156 - deteccion - INFO - Factores: 1.0003, 1.1961722488038278, 1.353
2025-05-21 12:50:35,156 - deteccion - INFO - Rentabilidad Bruta: 61.890658%
2025-05-21 12:50:35,156 - deteccion - INFO - Oportunidad encontrada (A->B->C->A): BUSD -> USDT -> TOMO -> BUSD
2025-05-21 12:50:35,156 - deteccion - INFO - Pares: BUSDUSDT, TOMOUSDT, TOMOBUSD
2025-05-21 12:50:35,157 - deteccion - INFO - Precios: 1.0003, 1.3819, 1.7807
2025-05-21 12:50:35,157 - deteccion - INFO - Factores: 1.0003, 0.7236413633403286, 1.7807
2025-05-21 12:50:35,157 - deteccion - INFO - Rentabilidad Bruta: 28.897475%
2025-05-21 12:50:35,157 - deteccion - INFO - Oportunidad encontrada (A->B->C->A): BUSD -> USDT -> CHZ -> BUSD
2025-05-21 12:50:35,157 - deteccion - INFO - Pares: BUSDUSDT, CHZUSDT, CHZBUSD
2025-05-21 12:50:35,158 - deteccion - INFO - Precios: 1.0003, 0.04601, 0.0746
2025-05-21 12:50:35,158 - deteccion - INFO - Factores: 1.0003, 21.734405564007822, 0.0746
2025-05-21 12:50:35,158 - deteccion - INFO - Rentabilidad Bruta: 62.187307%
2025-05-21 12:50:35,158 - deteccion - INFO - Oportunidad encontrada (A->B->C->A): BUSD -> USDT -> OMG -> BUSD
2025-05-21 12:50:35,159 - deteccion - INFO - Pares: BUSDUSDT, OMGUSDT, OMGBUSD
2025-05-21 12:50:35,159 - deteccion - INFO - Precios: 1.0003, 0.383, 0.466
2025-05-21 12:50:35,159 - deteccion - INFO - Factores: 1.0003, 2.6109660574412534, 0.466
2025-05-21 12:50:35,159 - deteccion - INFO - Rentabilidad Bruta: 21.707520%
2025-05-21 12:50:35,159 - deteccion - INFO - Oportunidad encontrada (A->B->C->A): BUSD -> USDT -> KNC -> BUSD
2025-05-21 12:50:35,160 - deteccion - INFO - Pares: BUSDUSDT, KNCUSDT, KNCBUSD
2025-05-21 12:50:35,160 - deteccion - INFO - Precios: 1.0003, 0.3771, 0.637
2025-05-21 12:50:35,160 - deteccion - INFO - Factores: 1.0003, 2.6518164942985947, 0.637
2025-05-21 12:50:35,160 - deteccion - INFO - Rentabilidad Bruta: 68.971387%
2025-05-21 12:50:35,160 - deteccion - INFO - Oportunidad encontrada (A->B->C->A): BUSD -> USDT -> LSK -> BUSD
2025-05-21 12:50:35,161 - deteccion - INFO - Pares: BUSDUSDT, LSKUSDT, LSKBUSD
2025-05-21 12:50:35,161 - deteccion - INFO - Precios: 1.0003, 0.539, 0.844
2025-05-21 12:50:35,161 - deteccion - INFO - Factores: 1.0003, 1.8552875695732838, 0.844
2025-05-21 12:50:35,161 - deteccion - INFO - Rentabilidad Bruta: 56.633247%
2025-05-21 12:50:35,161 - deteccion - INFO - Oportunidad encontrada (A->B->C->A): BUSD -> USDT -> NKN -> BUSD
2025-05-21 12:50:35,161 - deteccion - INFO - Pares: BUSDUSDT, NKNUSDT, NKNBUSD
2025-05-21 12:50:35,162 - deteccion - INFO - Precios: 1.0003, 0.0375, 0.0972
2025-05-21 12:50:35,162 - deteccion - INFO - Factores: 1.0003, 26.666666666666668, 0.0972
2025-05-21 12:50:35,162 - deteccion - INFO - Rentabilidad Bruta: 159.277760%
2025-05-21 12:50:35,162 - deteccion - INFO - Oportunidad encontrada (A->B->C->A): BUSD -> USDT -> OGN -> BUSD
2025-05-21 12:50:35,162 - deteccion - INFO - Pares: BUSDUSDT, OGNUSDT, OGNBUSD
2025-05-21 12:50:35,162 - deteccion - INFO - Precios: 1.0003, 0.0675, 0.1129
2025-05-21 12:50:35,163 - deteccion - INFO - Factores: 1.0003, 14.814814814814813, 0.1129
2025-05-21 12:50:35,163 - deteccion - INFO - Rentabilidad Bruta: 67.309437%
2025-05-21 12:50:35,163 - deteccion - INFO - Oportunidad encontrada (A->B->C->A): BUSD -> USDT -> GTO -> BUSD
2025-05-21 12:50:35,163 - deteccion - INFO - Pares: BUSDUSDT, GTOUSDT, GTOBUSD
2025-05-21 12:50:35,164 - deteccion - INFO - Precios: 1.0003, 0.01233, 0.02863
2025-05-21 12:50:35,164 - deteccion - INFO - Factores: 1.0003, 81.10300081103, 0.02863
2025-05-21 12:50:35,164 - deteccion - INFO - Rentabilidad Bruta: 132.267551%
2025-05-21 12:50:35,164 - deteccion - INFO - Oportunidad encontrada (A->B->C->A): BUSD -> USDT -> CHR -> BUSD
2025-05-21 12:50:35,165 - deteccion - INFO - Pares: BUSDUSDT, CHRUSDT, CHRBUSD
2025-05-21 12:50:35,165 - deteccion - INFO - Precios: 1.0003, 0.1077, 0.1085
2025-05-21 12:50:35,165 - deteccion - INFO - Factores: 1.0003, 9.285051067780872, 0.1085
2025-05-21 12:50:35,166 - deteccion - INFO - Rentabilidad Bruta: 0.773027%
2025-05-21 12:50:35,166 - deteccion - INFO - Oportunidad encontrada (A->B->C->A): BUSD -> USDT -> MDT -> BUSD
2025-05-21 12:50:35,166 - deteccion - INFO - Pares: BUSDUSDT, MDTUSDT, MDTBUSD
2025-05-21 12:50:35,166 - deteccion - INFO - Precios: 1.0003, 0.03003, 0.04578
2025-05-21 12:50:35,167 - deteccion - INFO - Factores: 1.0003, 33.3000333000333, 0.04578
2025-05-21 12:50:35,167 - deteccion - INFO - Rentabilidad Bruta: 52.493287%
2025-05-21 12:50:35,167 - deteccion - INFO - Oportunidad encontrada (A->B->C->A): BUSD -> USDT -> SC -> BUSD
2025-05-21 12:50:35,168 - deteccion - INFO - Pares: BUSDUSDT, SCUSDT, SCBUSD
2025-05-21 12:50:35,168 - deteccion - INFO - Precios: 1.0003, 0.003552, 0.003664
2025-05-21 12:50:35,168 - deteccion - INFO - Factores: 1.0003, 281.5315315315315, 0.003664
2025-05-21 12:50:35,169 - deteccion - INFO - Rentabilidad Bruta: 3.184099%
2025-05-21 12:50:35,169 - deteccion - INFO - Oportunidad encontrada (A->B->C->A): BUSD -> USDT -> SXP -> BUSD
2025-05-21 12:50:35,169 - deteccion - INFO - Pares: BUSDUSDT, SXPUSDT, SXPBUSD
2025-05-21 12:50:35,169 - deteccion - INFO - Precios: 1.0003, 0.2046, 0.3721
2025-05-21 12:50:35,170 - deteccion - INFO - Factores: 1.0003, 4.887585532746823, 0.3721
2025-05-21 12:50:35,170 - deteccion - INFO - Rentabilidad Bruta: 81.921618%
2025-05-21 12:50:35,170 - deteccion - INFO - Oportunidad encontrada (A->B->C->A): BUSD -> USDT -> RUNE -> BUSD
2025-05-21 12:50:35,170 - deteccion - INFO - Pares: BUSDUSDT, RUNEUSDT, RUNEBUSD
2025-05-21 12:50:35,171 - deteccion - INFO - Precios: 1.0003, 1.96, 5.462
2025-05-21 12:50:35,171 - deteccion - INFO - Factores: 1.0003, 0.5102040816326531, 5.462
2025-05-21 12:50:35,171 - deteccion - INFO - Rentabilidad Bruta: 178.757071%
2025-05-21 12:50:35,171 - deteccion - INFO - Oportunidad encontrada (A->B->C->A): BUSD -> USDT -> ENJ -> BUSD
2025-05-21 12:50:35,172 - deteccion - INFO - Pares: BUSDUSDT, ENJUSDT, ENJBUSD
2025-05-21 12:50:35,172 - deteccion - INFO - Precios: 1.0003, 0.0921, 0.2607
2025-05-21 12:50:35,172 - deteccion - INFO - Factores: 1.0003, 10.857763300760043, 0.2607
2025-05-21 12:50:35,172 - deteccion - INFO - Rentabilidad Bruta: 183.146808%
2025-05-21 12:50:35,173 - deteccion - INFO - Oportunidad encontrada (A->B->C->A): BUSD -> USDT -> BAT -> BUSD
2025-05-21 12:50:35,173 - deteccion - INFO - Pares: BUSDUSDT, BATUSDT, BATBUSD
2025-05-21 12:50:35,173 - deteccion - INFO - Precios: 1.0003, 0.1517, 0.1709
2025-05-21 12:50:35,173 - deteccion - INFO - Factores: 1.0003, 6.591957811470007, 0.1709
2025-05-21 12:50:35,173 - deteccion - INFO - Rentabilidad Bruta: 12.690356%
2025-05-21 12:50:35,174 - deteccion - INFO - Oportunidad encontrada (A->B->C->A): BUSD -> USDT -> WAVES -> BUSD
2025-05-21 12:50:35,174 - deteccion - INFO - Pares: BUSDUSDT, WAVESUSDT, WAVESBUSD
2025-05-21 12:50:35,174 - deteccion - INFO - Precios: 1.0003, 1.076, 2.216
2025-05-21 12:50:35,174 - deteccion - INFO - Factores: 1.0003, 0.929368029739777, 2.216
2025-05-21 12:50:35,174 - deteccion - INFO - Rentabilidad Bruta: 106.009740%
2025-05-21 12:50:35,174 - deteccion - INFO - Oportunidad encontrada (A->B->C->A): BUSD -> USDT -> ONT -> BUSD
2025-05-21 12:50:35,175 - deteccion - INFO - Pares: BUSDUSDT, ONTUSDT, ONTBUSD
2025-05-21 12:50:35,175 - deteccion - INFO - Precios: 1.0003, 0.1546, 0.1574
2025-05-21 12:50:35,175 - deteccion - INFO - Factores: 1.0003, 6.46830530401035, 0.1574
2025-05-21 12:50:35,175 - deteccion - INFO - Rentabilidad Bruta: 1.841669%
2025-05-21 12:50:35,176 - deteccion - INFO - Oportunidad encontrada (A->B->C->A): BUSD -> USDT -> COS -> BUSD
2025-05-21 12:50:35,176 - deteccion - INFO - Pares: BUSDUSDT, COSUSDT, COSBUSD
2025-05-21 12:50:35,176 - deteccion - INFO - Precios: 1.0003, 0.003876, 0.00517
2025-05-21 12:50:35,176 - deteccion - INFO - Factores: 1.0003, 257.99793601651186, 0.00517
2025-05-21 12:50:35,176 - deteccion - INFO - Rentabilidad Bruta: 33.424948%
2025-05-21 12:50:35,176 - deteccion - INFO - Oportunidad encontrada (A->B->C->A): BUSD -> USDT -> DOCK -> BUSD
2025-05-21 12:50:35,177 - deteccion - INFO - Pares: BUSDUSDT, DOCKUSDT, DOCKBUSD
2025-05-21 12:50:35,177 - deteccion - INFO - Precios: 1.0003, 0.0039, 0.01527
2025-05-21 12:50:35,177 - deteccion - INFO - Factores: 1.0003, 256.4102564102564, 0.01527
2025-05-21 12:50:35,177 - deteccion - INFO - Rentabilidad Bruta: 291.655923%
2025-05-21 12:50:35,178 - deteccion - INFO - Oportunidad encontrada (A->B->C->A): BUSD -> USDT -> SNX -> BUSD
2025-05-21 12:50:35,178 - deteccion - INFO - Pares: BUSDUSDT, SNXUSDT, SNXBUSD
2025-05-21 12:50:35,178 - deteccion - INFO - Precios: 1.0003, 0.834, 1.936
2025-05-21 12:50:35,178 - deteccion - INFO - Factores: 1.0003, 1.1990407673860912, 1.936
2025-05-21 12:50:35,179 - deteccion - INFO - Rentabilidad Bruta: 132.203933%
2025-05-21 12:50:35,179 - deteccion - INFO - Oportunidad encontrada (A->B->C->A): BUSD -> USDT -> ELF -> BUSD
2025-05-21 12:50:35,179 - deteccion - INFO - Pares: BUSDUSDT, ELFUSDT, ELFBUSD
2025-05-21 12:50:35,180 - deteccion - INFO - Precios: 1.0003, 0.2272, 0.3403
2025-05-21 12:50:35,180 - deteccion - INFO - Factores: 1.0003, 4.401408450704225, 0.3403
2025-05-21 12:50:35,180 - deteccion - INFO - Rentabilidad Bruta: 49.824864%
2025-05-21 12:50:35,180 - deteccion - INFO - Oportunidad encontrada (A->B->C->A): BUSD -> USDT -> COMP -> BUSD
2025-05-21 12:50:35,180 - deteccion - INFO - Pares: BUSDUSDT, COMPUSDT, COMPBUSD
2025-05-21 12:50:35,181 - deteccion - INFO - Precios: 1.0003, 44.55, 45.79
2025-05-21 12:50:35,181 - deteccion - INFO - Factores: 1.0003, 0.022446689113355782, 45.79
2025-05-21 12:50:35,181 - deteccion - INFO - Rentabilidad Bruta: 2.814224%
2025-05-21 12:50:35,181 - deteccion - INFO - Oportunidad encontrada (A->B->C->A): BUSD -> USDT -> XMR -> BUSD
2025-05-21 12:50:35,181 - deteccion - INFO - Pares: BUSDUSDT, XMRUSDT, XMRBUSD
2025-05-21 12:50:35,182 - deteccion - INFO - Precios: 1.0003, 118.7, 170.2
2025-05-21 12:50:35,182 - deteccion - INFO - Factores: 1.0003, 0.008424599831508003, 170.2
2025-05-21 12:50:35,183 - deteccion - INFO - Rentabilidad Bruta: 43.429705%
2025-05-21 12:50:35,183 - deteccion - INFO - Oportunidad encontrada (A->B->C->A): BUSD -> USDT -> DUSK -> BUSD
2025-05-21 12:50:35,183 - deteccion - INFO - Pares: BUSDUSDT, DUSKUSDT, DUSKBUSD
2025-05-21 12:50:35,184 - deteccion - INFO - Precios: 1.0003, 0.0905, 0.1431
2025-05-21 12:50:35,184 - deteccion - INFO - Factores: 1.0003, 11.049723756906078, 0.1431
2025-05-21 12:50:35,184 - deteccion - INFO - Rentabilidad Bruta: 58.168983%
2025-05-21 12:50:35,185 - deteccion - INFO - Oportunidad encontrada (A->B->C->A): BUSD -> USDT -> DREP -> BUSD
2025-05-21 12:50:35,185 - deteccion - INFO - Pares: BUSDUSDT, DREPUSDT, DREPBUSD
2025-05-21 12:50:35,185 - deteccion - INFO - Precios: 1.0003, 0.0256, 0.2536
2025-05-21 12:50:35,186 - deteccion - INFO - Factores: 1.0003, 39.0625, 0.2536
2025-05-21 12:50:35,186 - deteccion - INFO - Rentabilidad Bruta: 890.922188%
2025-05-21 12:50:35,186 - deteccion - INFO - Oportunidad encontrada (A->B->C->A): BUSD -> USDT -> PHB -> BUSD
2025-05-21 12:50:35,186 - deteccion - INFO - Pares: BUSDUSDT, PHBUSDT, PHBBUSD
2025-05-21 12:50:35,187 - deteccion - INFO - Precios: 1.0003, 0.63, 0.6588
2025-05-21 12:50:35,187 - deteccion - INFO - Factores: 1.0003, 1.5873015873015872, 0.6588
2025-05-21 12:50:35,187 - deteccion - INFO - Rentabilidad Bruta: 4.602800%
2025-05-21 12:50:35,187 - deteccion - INFO - Oportunidad encontrada (A->B->C->A): BUSD -> USDT -> MANA -> BUSD
2025-05-21 12:50:35,188 - deteccion - INFO - Pares: BUSDUSDT, MANAUSDT, MANABUSD
2025-05-21 12:50:35,188 - deteccion - INFO - Precios: 1.0003, 0.3297, 0.4388
2025-05-21 12:50:35,188 - deteccion - INFO - Factores: 1.0003, 3.0330603579011224, 0.4388
2025-05-21 12:50:35,189 - deteccion - INFO - Rentabilidad Bruta: 33.130616%
2025-05-21 12:50:35,189 - deteccion - INFO - Oportunidad encontrada (A->B->C->A): BUSD -> USDT -> BAND -> BUSD
2025-05-21 12:50:35,189 - deteccion - INFO - Pares: BUSDUSDT, BANDUSDT, BANDBUSD
2025-05-21 12:50:35,189 - deteccion - INFO - Precios: 1.0003, 0.787, 1.539
2025-05-21 12:50:35,189 - deteccion - INFO - Factores: 1.0003, 1.2706480304955527, 1.539
2025-05-21 12:50:35,190 - deteccion - INFO - Rentabilidad Bruta: 95.611398%
2025-05-21 12:50:35,190 - deteccion - INFO - Oportunidad encontrada (A->B->C->A): BUSD -> USDT -> RVN -> BUSD
2025-05-21 12:50:35,190 - deteccion - INFO - Pares: BUSDUSDT, RVNUSDT, RVNBUSD
2025-05-21 12:50:35,190 - deteccion - INFO - Precios: 1.0003, 0.01289, 0.01525
2025-05-21 12:50:35,191 - deteccion - INFO - Factores: 1.0003, 77.57951900698215, 0.01525
2025-05-21 12:50:35,191 - deteccion - INFO - Rentabilidad Bruta: 18.344259%
2025-05-21 12:50:35,191 - deteccion - INFO - Oportunidad encontrada (A->B->C->A): BUSD -> USDT -> MBL -> BUSD
2025-05-21 12:50:35,191 - deteccion - INFO - Pares: BUSDUSDT, MBLUSDT, MBLBUSD
2025-05-21 12:50:35,191 - deteccion - INFO - Precios: 1.0003, 0.002409, 0.002658
2025-05-21 12:50:35,191 - deteccion - INFO - Factores: 1.0003, 415.11000415110004, 0.002658
2025-05-21 12:50:35,192 - deteccion - INFO - Rentabilidad Bruta: 10.369340%
2025-05-21 12:50:35,192 - deteccion - INFO - Oportunidad encontrada (A->B->C->A): BUSD -> USDT -> KEY -> BUSD
2025-05-21 12:50:35,192 - deteccion - INFO - Pares: BUSDUSDT, KEYUSDT, KEYBUSD
2025-05-21 12:50:35,192 - deteccion - INFO - Precios: 1.0003, 0.001253, 0.00543
2025-05-21 12:50:35,192 - deteccion - INFO - Factores: 1.0003, 798.0845969672786, 0.00543
2025-05-21 12:50:35,192 - deteccion - INFO - Rentabilidad Bruta: 333.489944%
2025-05-21 12:50:35,193 - deteccion - INFO - Oportunidad encontrada (A->B->C->A): BUSD -> USDT -> FIO -> BUSD
2025-05-21 12:50:35,193 - deteccion - INFO - Pares: BUSDUSDT, FIOUSDT, FIOBUSD
2025-05-21 12:50:35,193 - deteccion - INFO - Precios: 1.0003, 0.01865, 0.01922
2025-05-21 12:50:35,193 - deteccion - INFO - Factores: 1.0003, 53.61930294906166, 0.01922
2025-05-21 12:50:35,193 - deteccion - INFO - Rentabilidad Bruta: 3.087217%
2025-05-21 12:50:35,194 - deteccion - INFO - Oportunidad encontrada (A->B->C->A): BUSD -> USDT -> DNT -> BUSD
2025-05-21 12:50:35,194 - deteccion - INFO - Pares: BUSDUSDT, DNTUSDT, DNTBUSD
2025-05-21 12:50:35,194 - deteccion - INFO - Precios: 1.0003, 0.036, 0.036
2025-05-21 12:50:35,194 - deteccion - INFO - Factores: 1.0003, 27.77777777777778, 0.036
2025-05-21 12:50:35,195 - deteccion - INFO - Rentabilidad Bruta: 0.030000%
2025-05-21 12:50:35,195 - deteccion - INFO - Oportunidad encontrada (A->B->C->A): BUSD -> USDT -> IOTX -> BUSD
2025-05-21 12:50:35,195 - deteccion - INFO - Pares: BUSDUSDT, IOTXUSDT, IOTXBUSD
2025-05-21 12:50:35,195 - deteccion - INFO - Precios: 1.0003, 0.02144, 0.02148
2025-05-21 12:50:35,195 - deteccion - INFO - Factores: 1.0003, 46.64179104477612, 0.02148
2025-05-21 12:50:35,196 - deteccion - INFO - Rentabilidad Bruta: 0.216623%
2025-05-21 12:50:35,197 - deteccion - INFO - Oportunidad encontrada (A->B->C->A): VET -> BNB -> EUR -> VET
2025-05-21 12:50:35,197 - deteccion - INFO - Pares: VETBNB, BNBEUR, VETEUR
2025-05-21 12:50:35,197 - deteccion - INFO - Precios: 4.423e-05, 591.12, 0.02611
2025-05-21 12:50:35,198 - deteccion - INFO - Factores: 4.423e-05, 591.12, 38.299502106472616
2025-05-21 12:50:35,198 - deteccion - INFO - Rentabilidad Bruta: 0.134958%
2025-05-21 12:50:35,198 - deteccion - INFO - Oportunidad encontrada (A->B->C->A): VET -> BNB -> USDC -> VET
2025-05-21 12:50:35,199 - deteccion - INFO - Pares: VETBNB, BNBUSDC, VETUSDC
2025-05-21 12:50:35,199 - deteccion - INFO - Precios: 4.423e-05, 671.16, 0.02965
2025-05-21 12:50:35,199 - deteccion - INFO - Factores: 4.423e-05, 671.16, 33.72681281618887
2025-05-21 12:50:35,199 - deteccion - INFO - Rentabilidad Bruta: 0.119416%
2025-05-21 12:50:35,200 - deteccion - INFO - Oportunidad encontrada (A->B->C->A): VET -> BNB -> ETH -> VET
2025-05-21 12:50:35,200 - deteccion - INFO - Pares: VETBNB, BNBETH, VETETH
2025-05-21 12:50:35,200 - deteccion - INFO - Precios: 4.423e-05, 0.257, 1.133e-05
2025-05-21 12:50:35,200 - deteccion - INFO - Factores: 4.423e-05, 0.257, 88261.253309797
2025-05-21 12:50:35,201 - deteccion - INFO - Rentabilidad Bruta: 0.327538%
2025-05-21 12:50:35,201 - deteccion - INFO - Oportunidad encontrada (A->B->C->A): VET -> BNB -> BTC -> VET
2025-05-21 12:50:35,201 - deteccion - INFO - Pares: VETBNB, BNBBTC, VETBTC
2025-05-21 12:50:35,201 - deteccion - INFO - Precios: 4.423e-05, 0.006115, 2.7e-07
2025-05-21 12:50:35,201 - deteccion - INFO - Factores: 4.423e-05, 0.006115, 3703703.7037037034
2025-05-21 12:50:35,202 - deteccion - INFO - Rentabilidad Bruta: 0.172759%
2025-05-21 12:50:35,202 - deteccion - INFO - Oportunidad encontrada (A->B->C->A): VET -> BNB -> USDT -> VET
2025-05-21 12:50:35,202 - deteccion - INFO - Pares: VETBNB, BNBUSDT, VETUSDT
2025-05-21 12:50:35,202 - deteccion - INFO - Precios: 4.423e-05, 670.84, 0.02963
2025-05-21 12:50:35,203 - deteccion - INFO - Factores: 4.423e-05, 670.84, 33.74957813027337
2025-05-21 12:50:35,203 - deteccion - INFO - Rentabilidad Bruta: 0.139228%
2025-05-21 12:50:35,203 - deteccion - INFO - Oportunidad encontrada (A->B->C->A): VET -> EUR -> ETH -> VET
2025-05-21 12:50:35,204 - deteccion - INFO - Pares: VETEUR, ETHEUR, VETETH
2025-05-21 12:50:35,204 - deteccion - INFO - Precios: 0.02611, 2301.58, 1.133e-05
2025-05-21 12:50:35,204 - deteccion - INFO - Factores: 0.02611, 0.0004344841369841587, 88261.253309797
2025-05-21 12:50:35,204 - deteccion - INFO - Rentabilidad Bruta: 0.126927%
2025-05-21 12:50:35,204 - deteccion - INFO - Oportunidad encontrada (A->B->C->A): VET -> EUR -> BTC -> VET
2025-05-21 12:50:35,205 - deteccion - INFO - Pares: VETEUR, BTCEUR, VETBTC
2025-05-21 12:50:35,205 - deteccion - INFO - Precios: 0.02611, 96670.48, 2.7e-07
2025-05-21 12:50:35,205 - deteccion - INFO - Factores: 0.02611, 1.0344419516692169e-05, 3703703.7037037034
2025-05-21 12:50:35,205 - deteccion - INFO - Rentabilidad Bruta: 0.034368%
2025-05-21 12:50:35,206 - deteccion - INFO - Oportunidad encontrada (A->B->C->A): VET -> USDC -> ETH -> VET
2025-05-21 12:50:35,206 - deteccion - INFO - Pares: VETUSDC, ETHUSDC, VETETH
2025-05-21 12:50:35,206 - deteccion - INFO - Precios: 0.02965, 2612.04, 1.133e-05
2025-05-21 12:50:35,206 - deteccion - INFO - Factores: 0.02965, 0.00038284252921088496, 88261.253309797
2025-05-21 12:50:35,207 - deteccion - INFO - Rentabilidad Bruta: 0.187829%
2025-05-21 12:50:35,207 - deteccion - INFO - Oportunidad encontrada (A->B->C->A): VET -> USDC -> BTC -> VET
2025-05-21 12:50:35,207 - deteccion - INFO - Pares: VETUSDC, BTCUSDC, VETBTC
2025-05-21 12:50:35,207 - deteccion - INFO - Precios: 0.02965, 109745.67, 2.7e-07
2025-05-21 12:50:35,207 - deteccion - INFO - Factores: 0.02965, 9.11197680965454e-06, 3703703.7037037034
2025-05-21 12:50:35,208 - deteccion - INFO - Rentabilidad Bruta: 0.063005%
2025-05-21 12:50:35,208 - deteccion - INFO - Oportunidad encontrada (A->B->C->A): VET -> USDC -> USDT -> VET
2025-05-21 12:50:35,208 - deteccion - INFO - Pares: VETUSDC, USDCUSDT, VETUSDT
2025-05-21 12:50:35,208 - deteccion - INFO - Precios: 0.02965, 0.9994, 0.02963
2025-05-21 12:50:35,208 - deteccion - INFO - Factores: 0.02965, 0.9994, 33.74957813027337
2025-05-21 12:50:35,209 - deteccion - INFO - Rentabilidad Bruta: 0.007459%
2025-05-21 12:50:35,209 - deteccion - INFO - Oportunidad encontrada (A->B->C->A): VET -> GBP -> BTC -> VET
2025-05-21 12:50:35,209 - deteccion - INFO - Pares: VETGBP, BTCGBP, VETBTC
2025-05-21 12:50:35,210 - deteccion - INFO - Precios: 0.0143, 35986.75, 2.7e-07
2025-05-21 12:50:35,210 - deteccion - INFO - Factores: 0.0143, 2.7788005307509012e-05, 3703703.7037037034
2025-05-21 12:50:35,210 - deteccion - INFO - Rentabilidad Bruta: 47.173510%
2025-05-21 12:50:35,212 - deteccion - INFO - Oportunidad encontrada (A->B->C->A): ATOM -> EUR -> USDC -> ATOM
2025-05-21 12:50:35,212 - deteccion - INFO - Pares: ATOMEUR, EURUSDC, ATOMUSDC
2025-05-21 12:50:35,212 - deteccion - INFO - Precios: 4.458, 1.1352, 5.055
2025-05-21 12:50:35,212 - deteccion - INFO - Factores: 4.458, 1.1352, 0.19782393669634027
2025-05-21 12:50:35,213 - deteccion - INFO - Rentabilidad Bruta: 0.113187%
2025-05-21 12:50:35,213 - deteccion - INFO - Oportunidad encontrada (A->B->C->A): ATOM -> EUR -> ETH -> ATOM
2025-05-21 12:50:35,213 - deteccion - INFO - Pares: ATOMEUR, ETHEUR, ATOMETH
2025-05-21 12:50:35,213 - deteccion - INFO - Precios: 4.458, 2301.58, 0.001936
2025-05-21 12:50:35,213 - deteccion - INFO - Factores: 4.458, 0.0004344841369841587, 516.5289256198347
2025-05-21 12:50:35,214 - deteccion - INFO - Rentabilidad Bruta: 0.048052%
2025-05-21 12:50:35,214 - deteccion - INFO - Oportunidad encontrada (A->B->C->A): ATOM -> EUR -> BTC -> ATOM
2025-05-21 12:50:35,214 - deteccion - INFO - Pares: ATOMEUR, BTCEUR, ATOMBTC
2025-05-21 12:50:35,214 - deteccion - INFO - Precios: 4.458, 96670.48, 4.61e-05
2025-05-21 12:50:35,215 - deteccion - INFO - Factores: 4.458, 1.0344419516692169e-05, 21691.973969631235
2025-05-21 12:50:35,215 - deteccion - INFO - Rentabilidad Bruta: 0.033454%
2025-05-21 12:50:35,215 - deteccion - INFO - Oportunidad encontrada (A->B->C->A): ATOM -> EUR -> USDT -> ATOM
2025-05-21 12:50:35,215 - deteccion - INFO - Pares: ATOMEUR, EURUSDT, ATOMUSDT
2025-05-21 12:50:35,216 - deteccion - INFO - Precios: 4.458, 1.1345, 5.053
2025-05-21 12:50:35,216 - deteccion - INFO - Factores: 4.458, 1.1345, 0.19790223629527015
2025-05-21 12:50:35,216 - deteccion - INFO - Rentabilidad Bruta: 0.091055%
2025-05-21 12:50:35,217 - deteccion - INFO - Oportunidad encontrada (A->B->C->A): ATOM -> ETH -> USDT -> ATOM
2025-05-21 12:50:35,217 - deteccion - INFO - Pares: ATOMETH, ETHUSDT, ATOMUSDT
2025-05-21 12:50:35,218 - deteccion - INFO - Precios: 0.001936, 2610.25, 5.053
2025-05-21 12:50:35,218 - deteccion - INFO - Factores: 0.001936, 2610.25, 0.19790223629527015
2025-05-21 12:50:35,218 - deteccion - INFO - Rentabilidad Bruta: 0.008787%
2025-05-21 12:50:35,219 - deteccion - INFO - Oportunidad encontrada (A->B->C->A): ATOM -> BTC -> USDT -> ATOM
2025-05-21 12:50:35,219 - deteccion - INFO - Pares: ATOMBTC, BTCUSDT, ATOMUSDT
2025-05-21 12:50:35,219 - deteccion - INFO - Precios: 4.61e-05, 109693.0, 5.053
2025-05-21 12:50:35,220 - deteccion - INFO - Factores: 4.61e-05, 109693.0, 0.19790223629527015
2025-05-21 12:50:35,220 - deteccion - INFO - Rentabilidad Bruta: 0.076139%
2025-05-21 12:50:35,221 - deteccion - INFO - Oportunidad encontrada (A->B->C->A): BNB -> LTC -> USDC -> BNB
2025-05-21 12:50:35,222 - deteccion - INFO - Pares: LTCBNB, LTCUSDC, BNBUSDC
2025-05-21 12:50:35,222 - deteccion - INFO - Precios: 0.1465, 98.35, 671.16
2025-05-21 12:50:35,222 - deteccion - INFO - Factores: 6.825938566552901, 98.35, 0.0014899576852017403
2025-05-21 12:50:35,222 - deteccion - INFO - Rentabilidad Bruta: 0.025487%
2025-05-21 12:50:35,223 - deteccion - INFO - Oportunidad encontrada (A->B->C->A): BNB -> LTC -> GBP -> BNB
2025-05-21 12:50:35,223 - deteccion - INFO - Pares: LTCBNB, LTCGBP, BNBGBP
2025-05-21 12:50:35,223 - deteccion - INFO - Precios: 0.1465, 63.56, 267.4
2025-05-21 12:50:35,224 - deteccion - INFO - Factores: 6.825938566552901, 63.56, 0.0037397157816005987
2025-05-21 12:50:35,224 - deteccion - INFO - Rentabilidad Bruta: 62.250058%
2025-05-21 12:50:35,224 - deteccion - INFO - Oportunidad encontrada (A->B->C->A): BNB -> LTC -> USDT -> BNB
2025-05-21 12:50:35,224 - deteccion - INFO - Pares: LTCBNB, LTCUSDT, BNBUSDT
2025-05-21 12:50:35,225 - deteccion - INFO - Precios: 0.1465, 98.29, 670.84
2025-05-21 12:50:35,225 - deteccion - INFO - Factores: 6.825938566552901, 98.29, 0.0014906684157176078
2025-05-21 12:50:35,225 - deteccion - INFO - Rentabilidad Bruta: 0.012149%
2025-05-21 12:50:35,225 - deteccion - INFO - Oportunidad encontrada (A->B->C->A): BNB -> EUR -> MATIC -> BNB
2025-05-21 12:50:35,226 - deteccion - INFO - Pares: BNBEUR, MATICEUR, MATICBNB
2025-05-21 12:50:35,226 - deteccion - INFO - Precios: 591.12, 0.3444, 0.000734
2025-05-21 12:50:35,226 - deteccion - INFO - Factores: 591.12, 2.9036004645760745, 0.000734
2025-05-21 12:50:35,226 - deteccion - INFO - Rentabilidad Bruta: 25.982021%
2025-05-21 12:50:35,226 - deteccion - INFO - Oportunidad encontrada (A->B->C->A): BNB -> EUR -> LINK -> BNB
2025-05-21 12:50:35,227 - deteccion - INFO - Pares: BNBEUR, LINKEUR, LINKBNB
2025-05-21 12:50:35,227 - deteccion - INFO - Precios: 591.12, 14.5, 0.02453
2025-05-21 12:50:35,227 - deteccion - INFO - Factores: 591.12, 0.06896551724137931, 0.02453
2025-05-21 12:50:35,227 - deteccion - INFO - Rentabilidad Bruta: 0.001197%
2025-05-21 12:50:35,227 - deteccion - INFO - Oportunidad encontrada (A->B->C->A): BNB -> EUR -> ADA -> BNB
2025-05-21 12:50:35,228 - deteccion - INFO - Pares: BNBEUR, ADAEUR, ADABNB
2025-05-21 12:50:35,228 - deteccion - INFO - Precios: 591.12, 0.6886, 0.001165
2025-05-21 12:50:35,228 - deteccion - INFO - Factores: 591.12, 1.4522218995062446, 0.001165
2025-05-21 12:50:35,228 - deteccion - INFO - Rentabilidad Bruta: 0.007958%
2025-05-21 12:50:35,229 - deteccion - INFO - Oportunidad encontrada (A->B->C->A): BNB -> EUR -> XRP -> BNB
2025-05-21 12:50:35,229 - deteccion - INFO - Pares: BNBEUR, XRPEUR, XRPBNB
2025-05-21 12:50:35,229 - deteccion - INFO - Precios: 591.12, 2.1399, 0.0036231
2025-05-21 12:50:35,229 - deteccion - INFO - Factores: 591.12, 0.4673115566147951, 0.0036231
2025-05-21 12:50:35,230 - deteccion - INFO - Rentabilidad Bruta: 0.083503%
2025-05-21 12:50:35,230 - deteccion - INFO - Oportunidad encontrada (A->B->C->A): BNB -> EUR -> TRX -> BNB
2025-05-21 12:50:35,230 - deteccion - INFO - Pares: BNBEUR, TRXEUR, TRXBNB
2025-05-21 12:50:35,230 - deteccion - INFO - Precios: 591.12, 0.2414, 0.0004086
2025-05-21 12:50:35,231 - deteccion - INFO - Factores: 591.12, 4.142502071251036, 0.0004086
2025-05-21 12:50:35,231 - deteccion - INFO - Rentabilidad Bruta: 0.054529%
2025-05-21 12:50:35,231 - deteccion - INFO - Oportunidad encontrada (A->B->C->A): BNB -> EUR -> BCH -> BNB
2025-05-21 12:50:35,232 - deteccion - INFO - Pares: BNBEUR, BCHEUR, BCHBNB
2025-05-21 12:50:35,232 - deteccion - INFO - Precios: 591.12, 361.7, 0.6133
2025-05-21 12:50:35,232 - deteccion - INFO - Factores: 591.12, 0.002764722145424385, 0.6133
2025-05-21 12:50:35,233 - deteccion - INFO - Rentabilidad Bruta: 0.230549%
2025-05-21 12:50:35,233 - deteccion - INFO - Oportunidad encontrada (A->B->C->A): BNB -> EUR -> ENJ -> BNB
2025-05-21 12:50:35,233 - deteccion - INFO - Pares: BNBEUR, ENJEUR, ENJBNB
2025-05-21 12:50:35,234 - deteccion - INFO - Precios: 591.12, 0.1946, 0.001368
2025-05-21 12:50:35,234 - deteccion - INFO - Factores: 591.12, 5.138746145940391, 0.001368
2025-05-21 12:50:35,234 - deteccion - INFO - Rentabilidad Bruta: 315.545817%
2025-05-21 12:50:35,234 - deteccion - INFO - Oportunidad encontrada (A->B->C->A): BNB -> EUR -> WAVES -> BNB
2025-05-21 12:50:35,235 - deteccion - INFO - Pares: BNBEUR, WAVESEUR, WAVESBNB
2025-05-21 12:50:35,235 - deteccion - INFO - Precios: 591.12, 1.354, 0.00513
2025-05-21 12:50:35,235 - deteccion - INFO - Factores: 591.12, 0.7385524372230428, 0.00513
2025-05-21 12:50:35,235 - deteccion - INFO - Rentabilidad Bruta: 123.962009%
2025-05-21 12:50:35,236 - deteccion - INFO - Oportunidad encontrada (A->B->C->A): BNB -> ETC -> ETH -> BNB
2025-05-21 12:50:35,236 - deteccion - INFO - Pares: ETCBNB, ETCETH, BNBETH
2025-05-21 12:50:35,236 - deteccion - INFO - Precios: 0.02871, 0.00738, 0.257
2025-05-21 12:50:35,236 - deteccion - INFO - Factores: 34.83106931382793, 0.00738, 3.8910505836575875
2025-05-21 12:50:35,237 - deteccion - INFO - Rentabilidad Bruta: 0.020736%
2025-05-21 12:50:35,237 - deteccion - INFO - Oportunidad encontrada (A->B->C->A): BNB -> SOL -> USDC -> BNB
2025-05-21 12:50:35,237 - deteccion - INFO - Pares: SOLBNB, SOLUSDC, BNBUSDC
2025-05-21 12:50:35,237 - deteccion - INFO - Precios: 0.2599, 174.64, 671.16
2025-05-21 12:50:35,238 - deteccion - INFO - Factores: 3.847633705271258, 174.64, 0.0014899576852017403
2025-05-21 12:50:35,238 - deteccion - INFO - Rentabilidad Bruta: 0.117818%
2025-05-21 12:50:35,238 - deteccion - INFO - Oportunidad encontrada (A->B->C->A): BNB -> SOL -> GBP -> BNB
2025-05-21 12:50:35,238 - deteccion - INFO - Pares: SOLBNB, SOLGBP, BNBGBP
2025-05-21 12:50:35,239 - deteccion - INFO - Precios: 0.2599, 88.08, 267.4
2025-05-21 12:50:35,239 - deteccion - INFO - Factores: 3.847633705271258, 88.08, 0.0037397157816005987
2025-05-21 12:50:35,239 - deteccion - INFO - Rentabilidad Bruta: 26.738810%
2025-05-21 12:50:35,239 - deteccion - INFO - Oportunidad encontrada (A->B->C->A): BNB -> SOL -> TUSD -> BNB
2025-05-21 12:50:35,240 - deteccion - INFO - Pares: SOLBNB, SOLTUSD, BNBTUSD
2025-05-21 12:50:35,240 - deteccion - INFO - Precios: 0.2599, 175.0, 670.77
2025-05-21 12:50:35,240 - deteccion - INFO - Factores: 3.847633705271258, 175.0, 0.0014908239784128688
2025-05-21 12:50:35,240 - deteccion - INFO - Rentabilidad Bruta: 0.382530%
2025-05-21 12:50:35,241 - deteccion - INFO - Oportunidad encontrada (A->B->C->A): BNB -> SOL -> ETH -> BNB
2025-05-21 12:50:35,241 - deteccion - INFO - Pares: SOLBNB, SOLETH, BNBETH
2025-05-21 12:50:35,241 - deteccion - INFO - Precios: 0.2599, 0.06685, 0.257
2025-05-21 12:50:35,241 - deteccion - INFO - Factores: 3.847633705271258, 0.06685, 3.8910505836575875
2025-05-21 12:50:35,241 - deteccion - INFO - Rentabilidad Bruta: 0.083390%
2025-05-21 12:50:35,242 - deteccion - INFO - Oportunidad encontrada (A->B->C->A): BNB -> SOL -> BTC -> BNB
2025-05-21 12:50:35,242 - deteccion - INFO - Pares: SOLBNB, SOLBTC, BNBBTC
2025-05-21 12:50:35,242 - deteccion - INFO - Precios: 0.2599, 0.001591, 0.006115
2025-05-21 12:50:35,243 - deteccion - INFO - Factores: 3.847633705271258, 0.001591, 163.5322976287817
2025-05-21 12:50:35,243 - deteccion - INFO - Rentabilidad Bruta: 0.107690%
2025-05-21 12:50:35,243 - deteccion - INFO - Oportunidad encontrada (A->B->C->A): BNB -> SOL -> USDT -> BNB
2025-05-21 12:50:35,243 - deteccion - INFO - Pares: SOLBNB, SOLUSDT, BNBUSDT
2025-05-21 12:50:35,244 - deteccion - INFO - Precios: 0.2599, 174.53, 670.84
2025-05-21 12:50:35,244 - deteccion - INFO - Factores: 3.847633705271258, 174.53, 0.0014906684157176078
2025-05-21 12:50:35,244 - deteccion - INFO - Rentabilidad Bruta: 0.102485%
2025-05-21 12:50:35,244 - deteccion - INFO - Oportunidad encontrada (A->B->C->A): BNB -> USDC -> MATIC -> BNB
2025-05-21 12:50:35,245 - deteccion - INFO - Pares: BNBUSDC, MATICUSDC, MATICBNB
2025-05-21 12:50:35,245 - deteccion - INFO - Precios: 671.16, 0.3791, 0.000734
2025-05-21 12:50:35,245 - deteccion - INFO - Factores: 671.16, 2.637826431020839, 0.000734
2025-05-21 12:50:35,246 - deteccion - INFO - Rentabilidad Bruta: 29.947623%
2025-05-21 12:50:35,246 - deteccion - INFO - Oportunidad encontrada (A->B->C->A): BNB -> USDC -> LINK -> BNB
2025-05-21 12:50:35,246 - deteccion - INFO - Pares: BNBUSDC, LINKUSDC, LINKBNB
2025-05-21 12:50:35,246 - deteccion - INFO - Precios: 671.16, 16.45, 0.02453
2025-05-21 12:50:35,247 - deteccion - INFO - Factores: 671.16, 0.060790273556231005, 0.02453
2025-05-21 12:50:35,247 - deteccion - INFO - Rentabilidad Bruta: 0.082400%
2025-05-21 12:50:35,248 - deteccion - INFO - Oportunidad encontrada (A->B->C->A): BNB -> USDC -> ALGO -> BNB
2025-05-21 12:50:35,248 - deteccion - INFO - Pares: BNBUSDC, ALGOUSDC, ALGOBNB
2025-05-21 12:50:35,249 - deteccion - INFO - Precios: 671.16, 0.2329, 0.0005825
2025-05-21 12:50:35,249 - deteccion - INFO - Factores: 671.16, 4.293688278231, 0.0005825
2025-05-21 12:50:35,249 - deteccion - INFO - Rentabilidad Bruta: 67.862044%
2025-05-21 12:50:35,250 - deteccion - INFO - Oportunidad encontrada (A->B->C->A): BNB -> USDC -> BTC -> BNB
2025-05-21 12:50:35,250 - deteccion - INFO - Pares: BNBUSDC, BTCUSDC, BNBBTC
2025-05-21 12:50:35,250 - deteccion - INFO - Precios: 671.16, 109745.67, 0.006115
2025-05-21 12:50:35,251 - deteccion - INFO - Factores: 671.16, 9.11197680965454e-06, 163.5322976287817
2025-05-21 12:50:35,251 - deteccion - INFO - Rentabilidad Bruta: 0.009720%
2025-05-21 12:50:35,251 - deteccion - INFO - Oportunidad encontrada (A->B->C->A): BNB -> USDC -> AUD -> BNB
2025-05-21 12:50:35,252 - deteccion - INFO - Pares: BNBUSDC, AUDUSDC, BNBAUD
2025-05-21 12:50:35,252 - deteccion - INFO - Precios: 671.16, 0.6477, 421.1
2025-05-21 12:50:35,252 - deteccion - INFO - Factores: 671.16, 1.543924656476764, 0.0023747328425552123
2025-05-21 12:50:35,252 - deteccion - INFO - Rentabilidad Bruta: 146.074679%
2025-05-21 12:50:35,252 - deteccion - INFO - Oportunidad encontrada (A->B->C->A): BNB -> USDC -> ADA -> BNB
2025-05-21 12:50:35,253 - deteccion - INFO - Pares: BNBUSDC, ADAUSDC, ADABNB
2025-05-21 12:50:35,253 - deteccion - INFO - Precios: 671.16, 0.7817, 0.001165
2025-05-21 12:50:35,253 - deteccion - INFO - Factores: 671.16, 1.2792631444288092, 0.001165
2025-05-21 12:50:35,253 - deteccion - INFO - Rentabilidad Bruta: 0.025764%
2025-05-21 12:50:35,254 - deteccion - INFO - Oportunidad encontrada (A->B->C->A): BNB -> USDC -> XRP -> BNB
2025-05-21 12:50:35,254 - deteccion - INFO - Pares: BNBUSDC, XRPUSDC, XRPBNB
2025-05-21 12:50:35,254 - deteccion - INFO - Precios: 671.16, 2.4291, 0.0036231
2025-05-21 12:50:35,254 - deteccion - INFO - Factores: 671.16, 0.4116751060063398, 0.0036231
2025-05-21 12:50:35,254 - deteccion - INFO - Rentabilidad Bruta: 0.106204%
2025-05-21 12:50:35,254 - deteccion - INFO - Oportunidad encontrada (A->B->C->A): BNB -> USDC -> TRX -> BNB
2025-05-21 12:50:35,255 - deteccion - INFO - Pares: BNBUSDC, TRXUSDC, TRXBNB
2025-05-21 12:50:35,255 - deteccion - INFO - Precios: 671.16, 0.274, 0.0004086
2025-05-21 12:50:35,255 - deteccion - INFO - Factores: 671.16, 3.64963503649635, 0.0004086
2025-05-21 12:50:35,255 - deteccion - INFO - Rentabilidad Bruta: 0.086123%
2025-05-21 12:50:35,256 - deteccion - INFO - Oportunidad encontrada (A->B->C->A): BNB -> USDC -> ZEC -> BNB
2025-05-21 12:50:35,256 - deteccion - INFO - Pares: BNBUSDC, ZECUSDC, ZECBNB
2025-05-21 12:50:35,256 - deteccion - INFO - Precios: 671.16, 55.8, 0.1026
2025-05-21 12:50:35,256 - deteccion - INFO - Factores: 671.16, 0.01792114695340502, 0.1026
2025-05-21 12:50:35,257 - deteccion - INFO - Rentabilidad Bruta: 23.406839%
2025-05-21 12:50:35,257 - deteccion - INFO - Oportunidad encontrada (A->B->C->A): BNB -> USDC -> STX -> BNB
2025-05-21 12:50:35,257 - deteccion - INFO - Pares: BNBUSDC, STXUSDC, STXBNB
2025-05-21 12:50:35,257 - deteccion - INFO - Precios: 671.16, 0.947, 0.001416
2025-05-21 12:50:35,258 - deteccion - INFO - Factores: 671.16, 1.0559662090813096, 0.001416
2025-05-21 12:50:35,258 - deteccion - INFO - Rentabilidad Bruta: 0.355075%
2025-05-21 12:50:35,258 - deteccion - INFO - Oportunidad encontrada (A->B->C->A): BNB -> USDC -> BCH -> BNB
2025-05-21 12:50:35,259 - deteccion - INFO - Pares: BNBUSDC, BCHUSDC, BCHBNB
2025-05-21 12:50:35,259 - deteccion - INFO - Precios: 671.16, 411.6, 0.6133
2025-05-21 12:50:35,259 - deteccion - INFO - Factores: 671.16, 0.0024295432458697765, 0.6133
2025-05-21 12:50:35,260 - deteccion - INFO - Rentabilidad Bruta: 0.005449%
2025-05-21 12:50:35,260 - deteccion - INFO - Oportunidad encontrada (A->B->C->A): BNB -> USDC -> NEO -> BNB
2025-05-21 12:50:35,260 - deteccion - INFO - Pares: BNBUSDC, NEOUSDC, NEOBNB
2025-05-21 12:50:35,261 - deteccion - INFO - Precios: 671.16, 6.77, 0.03836
2025-05-21 12:50:35,261 - deteccion - INFO - Factores: 671.16, 0.14771048744460857, 0.03836
2025-05-21 12:50:35,261 - deteccion - INFO - Rentabilidad Bruta: 280.290954%
2025-05-21 12:50:35,261 - deteccion - INFO - Oportunidad encontrada (A->B->C->A): BNB -> USDC -> ENJ -> BNB
2025-05-21 12:50:35,261 - deteccion - INFO - Pares: BNBUSDC, ENJUSDC, ENJBNB
2025-05-21 12:50:35,262 - deteccion - INFO - Precios: 671.16, 0.0919, 0.001368
2025-05-21 12:50:35,262 - deteccion - INFO - Factores: 671.16, 10.881392818280741, 0.001368
2025-05-21 12:50:35,262 - deteccion - INFO - Rentabilidad Bruta: 899.071687%
2025-05-21 12:50:35,263 - deteccion - INFO - Oportunidad encontrada (A->B->C->A): BNB -> USDC -> FET -> BNB
2025-05-21 12:50:35,263 - deteccion - INFO - Pares: BNBUSDC, FETUSDC, FETBNB
2025-05-21 12:50:35,263 - deteccion - INFO - Precios: 671.16, 0.828, 0.001237
2025-05-21 12:50:35,263 - deteccion - INFO - Factores: 671.16, 1.2077294685990339, 0.001237
2025-05-21 12:50:35,264 - deteccion - INFO - Rentabilidad Bruta: 0.268710%
2025-05-21 12:50:35,264 - deteccion - INFO - Oportunidad encontrada (A->B->C->A): BNB -> USDC -> ZEN -> BNB
2025-05-21 12:50:35,264 - deteccion - INFO - Pares: BNBUSDC, ZENUSDC, ZENBNB
2025-05-21 12:50:35,265 - deteccion - INFO - Precios: 671.16, 10.07, 0.0329
2025-05-21 12:50:35,265 - deteccion - INFO - Factores: 671.16, 0.09930486593843098, 0.0329
2025-05-21 12:50:35,265 - deteccion - INFO - Rentabilidad Bruta: 119.276703%
2025-05-21 12:50:35,265 - deteccion - INFO - Oportunidad encontrada (A->B->C->A): BNB -> GBP -> BTC -> BNB
2025-05-21 12:50:35,266 - deteccion - INFO - Pares: BNBGBP, BTCGBP, BNBBTC
2025-05-21 12:50:35,266 - deteccion - INFO - Precios: 267.4, 35986.75, 0.006115
2025-05-21 12:50:35,266 - deteccion - INFO - Factores: 267.4, 2.7788005307509012e-05, 163.5322976287817
2025-05-21 12:50:35,267 - deteccion - INFO - Rentabilidad Bruta: 21.512880%
2025-05-21 12:50:35,267 - deteccion - INFO - Oportunidad encontrada (A->B->C->A): BNB -> GBP -> XRP -> BNB
2025-05-21 12:50:35,267 - deteccion - INFO - Pares: BNBGBP, XRPGBP, XRPBNB
2025-05-21 12:50:35,267 - deteccion - INFO - Precios: 267.4, 0.5257, 0.0036231
2025-05-21 12:50:35,268 - deteccion - INFO - Factores: 267.4, 1.9022256039566294, 0.0036231
2025-05-21 12:50:35,268 - deteccion - INFO - Rentabilidad Bruta: 84.290839%
2025-05-21 12:50:35,268 - deteccion - INFO - Oportunidad encontrada (A->B->C->A): BNB -> TUSD -> LINK -> BNB
2025-05-21 12:50:35,269 - deteccion - INFO - Pares: BNBTUSD, LINKTUSD, LINKBNB
2025-05-21 12:50:35,269 - deteccion - INFO - Precios: 670.77, 14.423, 0.02453
2025-05-21 12:50:35,269 - deteccion - INFO - Factores: 670.77, 0.06933370311308328, 0.02453
2025-05-21 12:50:35,269 - deteccion - INFO - Rentabilidad Bruta: 14.081593%
2025-05-21 12:50:35,270 - deteccion - INFO - Oportunidad encontrada (A->B->C->A): BNB -> TUSD -> ADA -> BNB
2025-05-21 12:50:35,270 - deteccion - INFO - Pares: BNBTUSD, ADATUSD, ADABNB
2025-05-21 12:50:35,270 - deteccion - INFO - Precios: 670.77, 0.3847, 0.001165
2025-05-21 12:50:35,270 - deteccion - INFO - Factores: 670.77, 2.5994281258123215, 0.001165
2025-05-21 12:50:35,271 - deteccion - INFO - Rentabilidad Bruta: 103.131544%
2025-05-21 12:50:35,271 - deteccion - INFO - Oportunidad encontrada (A->B->C->A): BNB -> TUSD -> XRP -> BNB
2025-05-21 12:50:35,271 - deteccion - INFO - Pares: BNBTUSD, XRPTUSD, XRPBNB
2025-05-21 12:50:35,271 - deteccion - INFO - Precios: 670.77, 2.4244, 0.0036231
2025-05-21 12:50:35,271 - deteccion - INFO - Factores: 670.77, 0.41247318924269927, 0.0036231
2025-05-21 12:50:35,271 - deteccion - INFO - Rentabilidad Bruta: 0.241989%
2025-05-21 12:50:35,272 - deteccion - INFO - Oportunidad encontrada (A->B->C->A): BNB -> TUSD -> TRX -> BNB
2025-05-21 12:50:35,272 - deteccion - INFO - Pares: BNBTUSD, TRXTUSD, TRXBNB
2025-05-21 12:50:35,272 - deteccion - INFO - Precios: 670.77, 0.05986, 0.0004086
2025-05-21 12:50:35,272 - deteccion - INFO - Factores: 670.77, 16.70564650851988, 0.0004086
2025-05-21 12:50:35,272 - deteccion - INFO - Rentabilidad Bruta: 357.862716%
2025-05-21 12:50:35,273 - deteccion - INFO - Oportunidad encontrada (A->B->C->A): BNB -> TUSD -> BCH -> BNB
2025-05-21 12:50:35,273 - deteccion - INFO - Pares: BNBTUSD, BCHTUSD, BCHBNB
2025-05-21 12:50:35,273 - deteccion - INFO - Precios: 670.77, 322.0, 0.6133
2025-05-21 12:50:35,273 - deteccion - INFO - Factores: 670.77, 0.003105590062111801, 0.6133
2025-05-21 12:50:35,273 - deteccion - INFO - Rentabilidad Bruta: 27.758770%
2025-05-21 12:50:35,274 - deteccion - INFO - Oportunidad encontrada (A->B->C->A): BNB -> ETH -> MATIC -> BNB
2025-05-21 12:50:35,274 - deteccion - INFO - Pares: BNBETH, MATICETH, MATICBNB
2025-05-21 12:50:35,274 - deteccion - INFO - Precios: 0.257, 0.0001616, 0.000734
2025-05-21 12:50:35,274 - deteccion - INFO - Factores: 0.257, 6188.118811881188, 0.000734
2025-05-21 12:50:35,275 - deteccion - INFO - Rentabilidad Bruta: 16.731436%
2025-05-21 12:50:35,275 - deteccion - INFO - Oportunidad encontrada (A->B->C->A): BNB -> ETH -> LINK -> BNB
2025-05-21 12:50:35,275 - deteccion - INFO - Pares: BNBETH, LINKETH, LINKBNB
2025-05-21 12:50:35,276 - deteccion - INFO - Precios: 0.257, 0.0063, 0.02453
2025-05-21 12:50:35,276 - deteccion - INFO - Factores: 0.257, 158.73015873015873, 0.02453
2025-05-21 12:50:35,276 - deteccion - INFO - Rentabilidad Bruta: 0.066825%
2025-05-21 12:50:35,276 - deteccion - INFO - Oportunidad encontrada (A->B->C->A): BNB -> ETH -> ALGO -> BNB
2025-05-21 12:50:35,276 - deteccion - INFO - Pares: BNBETH, ALGOETH, ALGOBNB
2025-05-21 12:50:35,277 - deteccion - INFO - Precios: 0.257, 4.447e-05, 0.0005825
2025-05-21 12:50:35,277 - deteccion - INFO - Factores: 0.257, 22487.069934787498, 0.0005825
2025-05-21 12:50:35,277 - deteccion - INFO - Rentabilidad Bruta: 236.637059%
2025-05-21 12:50:35,278 - deteccion - INFO - Oportunidad encontrada (A->B->C->A): BNB -> ETH -> BTC -> BNB
2025-05-21 12:50:35,278 - deteccion - INFO - Pares: BNBETH, ETHBTC, BNBBTC
2025-05-21 12:50:35,278 - deteccion - INFO - Precios: 0.257, 0.0238, 0.006115
2025-05-21 12:50:35,278 - deteccion - INFO - Factores: 0.257, 0.0238, 163.5322976287817
2025-05-21 12:50:35,279 - deteccion - INFO - Rentabilidad Bruta: 0.026165%
2025-05-21 12:50:35,279 - deteccion - INFO - Oportunidad encontrada (A->B->C->A): BNB -> ETH -> AUD -> BNB
2025-05-21 12:50:35,279 - deteccion - INFO - Pares: BNBETH, ETHAUD, BNBAUD
2025-05-21 12:50:35,279 - deteccion - INFO - Precios: 0.257, 2565.09, 421.1
2025-05-21 12:50:35,280 - deteccion - INFO - Factores: 0.257, 2565.09, 0.0023747328425552123
2025-05-21 12:50:35,280 - deteccion - INFO - Rentabilidad Bruta: 56.549069%
2025-05-21 12:50:35,280 - deteccion - INFO - Oportunidad encontrada (A->B->C->A): BNB -> ETH -> ADA -> BNB
2025-05-21 12:50:35,280 - deteccion - INFO - Pares: BNBETH, ADAETH, ADABNB
2025-05-21 12:50:35,281 - deteccion - INFO - Precios: 0.257, 0.0002993, 0.001165
2025-05-21 12:50:35,281 - deteccion - INFO - Factores: 0.257, 3341.1293017039757, 0.001165
2025-05-21 12:50:35,281 - deteccion - INFO - Rentabilidad Bruta: 0.035082%
2025-05-21 12:50:35,281 - deteccion - INFO - Oportunidad encontrada (A->B->C->A): BNB -> ETH -> XRP -> BNB
2025-05-21 12:50:35,282 - deteccion - INFO - Pares: BNBETH, XRPETH, XRPBNB
2025-05-21 12:50:35,282 - deteccion - INFO - Precios: 0.257, 0.0009301, 0.0036231
2025-05-21 12:50:35,282 - deteccion - INFO - Factores: 0.257, 1075.1532093323299, 0.0036231
2025-05-21 12:50:35,282 - deteccion - INFO - Rentabilidad Bruta: 0.111461%
2025-05-21 12:50:35,283 - deteccion - INFO - Oportunidad encontrada (A->B->C->A): BNB -> ETH -> TRX -> BNB
2025-05-21 12:50:35,283 - deteccion - INFO - Pares: BNBETH, TRXETH, TRXBNB
2025-05-21 12:50:35,283 - deteccion - INFO - Precios: 0.257, 0.0001048, 0.0004086
2025-05-21 12:50:35,284 - deteccion - INFO - Factores: 0.257, 9541.984732824427, 0.0004086
2025-05-21 12:50:35,284 - deteccion - INFO - Rentabilidad Bruta: 0.200573%
2025-05-21 12:50:35,284 - deteccion - INFO - Oportunidad encontrada (A->B->C->A): BNB -> ETH -> ZEC -> BNB
2025-05-21 12:50:35,284 - deteccion - INFO - Pares: BNBETH, ZECETH, ZECBNB
2025-05-21 12:50:35,285 - deteccion - INFO - Precios: 0.257, 0.01605, 0.1026
2025-05-21 12:50:35,285 - deteccion - INFO - Factores: 0.257, 62.30529595015577, 0.1026
2025-05-21 12:50:35,285 - deteccion - INFO - Rentabilidad Bruta: 64.287850%
2025-05-21 12:50:35,286 - deteccion - INFO - Oportunidad encontrada (A->B->C->A): BNB -> ETH -> FTT -> BNB
2025-05-21 12:50:35,286 - deteccion - INFO - Pares: BNBETH, FTTETH, FTTBNB
2025-05-21 12:50:35,286 - deteccion - INFO - Precios: 0.257, 0.001141, 0.00513
2025-05-21 12:50:35,286 - deteccion - INFO - Factores: 0.257, 876.4241893076248, 0.00513
2025-05-21 12:50:35,287 - deteccion - INFO - Rentabilidad Bruta: 15.548642%
2025-05-21 12:50:35,287 - deteccion - INFO - Oportunidad encontrada (A->B->C->A): BNB -> ETH -> FTM -> BNB
2025-05-21 12:50:35,287 - deteccion - INFO - Pares: BNBETH, FTMETH, FTMBNB
2025-05-21 12:50:35,287 - deteccion - INFO - Precios: 0.257, 0.0002148, 0.0010144
2025-05-21 12:50:35,288 - deteccion - INFO - Factores: 0.257, 4655.493482309125, 0.0010144
2025-05-21 12:50:35,288 - deteccion - INFO - Rentabilidad Bruta: 21.369088%
2025-05-21 12:50:35,288 - deteccion - INFO - Oportunidad encontrada (A->B->C->A): BNB -> ETH -> KNC -> BNB
2025-05-21 12:50:35,288 - deteccion - INFO - Pares: BNBETH, KNCETH, KNCBNB
2025-05-21 12:50:35,288 - deteccion - INFO - Precios: 0.257, 0.0003941, 0.00255
2025-05-21 12:50:35,289 - deteccion - INFO - Factores: 0.257, 2537.427048972342, 0.00255
2025-05-21 12:50:35,289 - deteccion - INFO - Rentabilidad Bruta: 66.290282%
2025-05-21 12:50:35,289 - deteccion - INFO - Oportunidad encontrada (A->B->C->A): BNB -> ETH -> CHR -> BNB
2025-05-21 12:50:35,289 - deteccion - INFO - Pares: BNBETH, CHRETH, CHRBNB
2025-05-21 12:50:35,290 - deteccion - INFO - Precios: 0.257, 7.08e-05, 0.0004377
2025-05-21 12:50:35,290 - deteccion - INFO - Factores: 0.257, 14124.293785310734, 0.0004377
2025-05-21 12:50:35,290 - deteccion - INFO - Rentabilidad Bruta: 58.882627%
2025-05-21 12:50:35,290 - deteccion - INFO - Oportunidad encontrada (A->B->C->A): BNB -> ETH -> NEO -> BNB
2025-05-21 12:50:35,290 - deteccion - INFO - Pares: BNBETH, NEOETH, NEOBNB
2025-05-21 12:50:35,291 - deteccion - INFO - Precios: 0.257, 0.004775, 0.03836
2025-05-21 12:50:35,291 - deteccion - INFO - Factores: 0.257, 209.4240837696335, 0.03836
2025-05-21 12:50:35,291 - deteccion - INFO - Rentabilidad Bruta: 106.461152%
2025-05-21 12:50:35,291 - deteccion - INFO - Oportunidad encontrada (A->B->C->A): BNB -> ETH -> ENJ -> BNB
2025-05-21 12:50:35,291 - deteccion - INFO - Pares: BNBETH, ENJETH, ENJBNB
2025-05-21 12:50:35,292 - deteccion - INFO - Precios: 0.257, 6.172e-05, 0.001368
2025-05-21 12:50:35,292 - deteccion - INFO - Factores: 0.257, 16202.203499675956, 0.001368
2025-05-21 12:50:35,292 - deteccion - INFO - Rentabilidad Bruta: 469.630590%
2025-05-21 12:50:35,292 - deteccion - INFO - Oportunidad encontrada (A->B->C->A): BNB -> ETH -> WAVES -> BNB
2025-05-21 12:50:35,293 - deteccion - INFO - Pares: BNBETH, WAVESETH, WAVESBNB
2025-05-21 12:50:35,293 - deteccion - INFO - Precios: 0.257, 0.000298, 0.00513
2025-05-21 12:50:35,293 - deteccion - INFO - Factores: 0.257, 3355.7046979865772, 0.00513
2025-05-21 12:50:35,294 - deteccion - INFO - Rentabilidad Bruta: 342.419463%
2025-05-21 12:50:35,294 - deteccion - INFO - Oportunidad encontrada (A->B->C->A): BNB -> ETH -> SNX -> BNB
2025-05-21 12:50:35,294 - deteccion - INFO - Pares: BNBETH, SNXETH, SNXBNB
2025-05-21 12:50:35,294 - deteccion - INFO - Precios: 0.257, 0.000768, 0.01057
2025-05-21 12:50:35,295 - deteccion - INFO - Factores: 0.257, 1302.0833333333333, 0.01057
2025-05-21 12:50:35,295 - deteccion - INFO - Rentabilidad Bruta: 253.709635%
2025-05-21 12:50:35,295 - deteccion - INFO - Oportunidad encontrada (A->B->C->A): BNB -> ETH -> FUN -> BNB
2025-05-21 12:50:35,295 - deteccion - INFO - Pares: BNBETH, FUNETH, FUNBNB
2025-05-21 12:50:35,296 - deteccion - INFO - Precios: 0.257, 1.46e-06, 1.888e-05
2025-05-21 12:50:35,296 - deteccion - INFO - Factores: 0.257, 684931.506849315, 1.888e-05
2025-05-21 12:50:35,296 - deteccion - INFO - Rentabilidad Bruta: 232.339726%
2025-05-21 12:50:35,297 - deteccion - INFO - Oportunidad encontrada (A->B->C->A): BNB -> ETH -> XMR -> BNB
2025-05-21 12:50:35,297 - deteccion - INFO - Pares: BNBETH, XMRETH, XMRBNB
2025-05-21 12:50:35,297 - deteccion - INFO - Precios: 0.257, 0.04032, 0.3321
2025-05-21 12:50:35,297 - deteccion - INFO - Factores: 0.257, 24.8015873015873, 0.3321
2025-05-21 12:50:35,298 - deteccion - INFO - Rentabilidad Bruta: 111.680804%
2025-05-21 12:50:35,298 - deteccion - INFO - Oportunidad encontrada (A->B->C->A): BNB -> ETH -> MANA -> BNB
2025-05-21 12:50:35,298 - deteccion - INFO - Pares: BNBETH, MANAETH, MANABNB
2025-05-21 12:50:35,298 - deteccion - INFO - Precios: 0.257, 0.0001262, 0.00155
2025-05-21 12:50:35,299 - deteccion - INFO - Factores: 0.257, 7923.930269413629, 0.00155
2025-05-21 12:50:35,299 - deteccion - INFO - Rentabilidad Bruta: 215.649762%
2025-05-21 12:50:35,299 - deteccion - INFO - Oportunidad encontrada (A->B->C->A): BNB -> ETH -> ZEN -> BNB
2025-05-21 12:50:35,299 - deteccion - INFO - Pares: BNBETH, ZENETH, ZENBNB
2025-05-21 12:50:35,300 - deteccion - INFO - Precios: 0.257, 0.003991, 0.0329
2025-05-21 12:50:35,300 - deteccion - INFO - Factores: 0.257, 250.56376847907794, 0.0329
2025-05-21 12:50:35,300 - deteccion - INFO - Rentabilidad Bruta: 111.859183%
2025-05-21 12:50:35,300 - deteccion - INFO - Oportunidad encontrada (A->B->C->A): BNB -> MATIC -> BTC -> BNB
2025-05-21 12:50:35,301 - deteccion - INFO - Pares: MATICBNB, MATICBTC, BNBBTC
2025-05-21 12:50:35,301 - deteccion - INFO - Precios: 0.000734, 6.67e-06, 0.006115
2025-05-21 12:50:35,301 - deteccion - INFO - Factores: 1362.3978201634877, 6.67e-06, 163.5322976287817
2025-05-21 12:50:35,301 - deteccion - INFO - Rentabilidad Bruta: 48.604963%
2025-05-21 12:50:35,302 - deteccion - INFO - Oportunidad encontrada (A->B->C->A): BNB -> MATIC -> AUD -> BNB
2025-05-21 12:50:35,302 - deteccion - INFO - Pares: MATICBNB, MATICAUD, BNBAUD
2025-05-21 12:50:35,302 - deteccion - INFO - Precios: 0.000734, 1.2141, 421.1
2025-05-21 12:50:35,303 - deteccion - INFO - Factores: 1362.3978201634877, 1.2141, 0.0023747328425552123
2025-05-21 12:50:35,303 - deteccion - INFO - Rentabilidad Bruta: 292.801518%
2025-05-21 12:50:35,303 - deteccion - INFO - Oportunidad encontrada (A->B->C->A): BNB -> BTC -> ADA -> BNB
2025-05-21 12:50:35,304 - deteccion - INFO - Pares: BNBBTC, ADABTC, ADABNB
2025-05-21 12:50:35,304 - deteccion - INFO - Precios: 0.006115, 7.12e-06, 0.001165
2025-05-21 12:50:35,304 - deteccion - INFO - Factores: 0.006115, 140449.4382022472, 0.001165
2025-05-21 12:50:35,304 - deteccion - INFO - Rentabilidad Bruta: 0.055829%
2025-05-21 12:50:35,304 - deteccion - INFO - Oportunidad encontrada (A->B->C->A): BNB -> BTC -> XRP -> BNB
2025-05-21 12:50:35,305 - deteccion - INFO - Pares: BNBBTC, XRPBTC, XRPBNB
2025-05-21 12:50:35,305 - deteccion - INFO - Precios: 0.006115, 2.213e-05, 0.0036231
2025-05-21 12:50:35,305 - deteccion - INFO - Factores: 0.006115, 45187.52824220515, 0.0036231
2025-05-21 12:50:35,305 - deteccion - INFO - Rentabilidad Bruta: 0.114128%
2025-05-21 12:50:35,306 - deteccion - INFO - Oportunidad encontrada (A->B->C->A): BNB -> BTC -> ZEC -> BNB
2025-05-21 12:50:35,306 - deteccion - INFO - Pares: BNBBTC, ZECBTC, ZECBNB
2025-05-21 12:50:35,306 - deteccion - INFO - Precios: 0.006115, 0.0003833, 0.1026
2025-05-21 12:50:35,306 - deteccion - INFO - Factores: 0.006115, 2608.9225150013044, 0.1026
2025-05-21 12:50:35,308 - deteccion - INFO - Rentabilidad Bruta: 63.683538%
2025-05-21 12:50:35,308 - deteccion - INFO - Oportunidad encontrada (A->B->C->A): BNB -> BTC -> CTSI -> BNB
2025-05-21 12:50:35,308 - deteccion - INFO - Pares: BNBBTC, CTSIBTC, CTSIBNB
2025-05-21 12:50:35,309 - deteccion - INFO - Precios: 0.006115, 6.8e-07, 0.0007983
2025-05-21 12:50:35,309 - deteccion - INFO - Factores: 0.006115, 1470588.2352941178, 0.0007983
2025-05-21 12:50:35,309 - deteccion - INFO - Rentabilidad Bruta: 617.883015%
2025-05-21 12:50:35,309 - deteccion - INFO - Oportunidad encontrada (A->B->C->A): BNB -> BTC -> STX -> BNB
2025-05-21 12:50:35,309 - deteccion - INFO - Pares: BNBBTC, STXBTC, STXBNB
2025-05-21 12:50:35,310 - deteccion - INFO - Precios: 0.006115, 8.62e-06, 0.001416
2025-05-21 12:50:35,310 - deteccion - INFO - Factores: 0.006115, 116009.28074245939, 0.001416
2025-05-21 12:50:35,310 - deteccion - INFO - Rentabilidad Bruta: 0.450580%
2025-05-21 12:50:35,310 - deteccion - INFO - Oportunidad encontrada (A->B->C->A): BNB -> BTC -> BCH -> BNB
2025-05-21 12:50:35,310 - deteccion - INFO - Pares: BNBBTC, BCHBTC, BCHBNB
2025-05-21 12:50:35,311 - deteccion - INFO - Precios: 0.006115, 0.00375, 0.6133
2025-05-21 12:50:35,311 - deteccion - INFO - Factores: 0.006115, 266.6666666666667, 0.6133
2025-05-21 12:50:35,311 - deteccion - INFO - Rentabilidad Bruta: 0.008787%
2025-05-21 12:50:35,311 - deteccion - INFO - Oportunidad encontrada (A->B->C->A): BNB -> BTC -> KNC -> BNB
2025-05-21 12:50:35,311 - deteccion - INFO - Pares: BNBBTC, KNCBTC, KNCBNB
2025-05-21 12:50:35,312 - deteccion - INFO - Precios: 0.006115, 3.43e-06, 0.00255
2025-05-21 12:50:35,312 - deteccion - INFO - Factores: 0.006115, 291545.1895043732, 0.00255
2025-05-21 12:50:35,312 - deteccion - INFO - Rentabilidad Bruta: 354.613703%
2025-05-21 12:50:35,312 - deteccion - INFO - Oportunidad encontrada (A->B->C->A): BNB -> BTC -> OGN -> BNB
2025-05-21 12:50:35,312 - deteccion - INFO - Pares: BNBBTC, OGNBTC, OGNBNB
2025-05-21 12:50:35,312 - deteccion - INFO - Precios: 0.006115, 6.2e-07, 0.000383
2025-05-21 12:50:35,313 - deteccion - INFO - Factores: 0.006115, 1612903.2258064516, 0.000383
2025-05-21 12:50:35,313 - deteccion - INFO - Rentabilidad Bruta: 277.749194%
2025-05-21 12:50:35,313 - deteccion - INFO - Oportunidad encontrada (A->B->C->A): BNB -> BTC -> CHR -> BNB
2025-05-21 12:50:35,313 - deteccion - INFO - Pares: BNBBTC, CHRBTC, CHRBNB
2025-05-21 12:50:35,314 - deteccion - INFO - Precios: 0.006115, 9.7e-07, 0.0004377
2025-05-21 12:50:35,314 - deteccion - INFO - Factores: 0.006115, 1030927.8350515463, 0.0004377
2025-05-21 12:50:35,314 - deteccion - INFO - Rentabilidad Bruta: 175.931495%
2025-05-21 12:50:35,314 - deteccion - INFO - Oportunidad encontrada (A->B->C->A): BNB -> BTC -> ANKR -> BNB
2025-05-21 12:50:35,315 - deteccion - INFO - Pares: BNBBTC, ANKRBTC, ANKRBNB
2025-05-21 12:50:35,315 - deteccion - INFO - Precios: 0.006115, 1.7e-07, 8.56e-05
2025-05-21 12:50:35,315 - deteccion - INFO - Factores: 0.006115, 5882352.941176471, 8.56e-05
2025-05-21 12:50:35,315 - deteccion - INFO - Rentabilidad Bruta: 207.908235%
2025-05-21 12:50:35,316 - deteccion - INFO - Oportunidad encontrada (A->B->C->A): BNB -> BTC -> NEO -> BNB
2025-05-21 12:50:35,316 - deteccion - INFO - Pares: BNBBTC, NEOBTC, NEOBNB
2025-05-21 12:50:35,316 - deteccion - INFO - Precios: 0.006115, 6.17e-05, 0.03836
2025-05-21 12:50:35,316 - deteccion - INFO - Factores: 0.006115, 16207.45542949757, 0.03836
2025-05-21 12:50:35,317 - deteccion - INFO - Rentabilidad Bruta: 280.180551%
2025-05-21 12:50:35,317 - deteccion - INFO - Oportunidad encontrada (A->B->C->A): BNB -> BTC -> SXP -> BNB
2025-05-21 12:50:35,317 - deteccion - INFO - Pares: BNBBTC, SXPBTC, SXPBNB
2025-05-21 12:50:35,317 - deteccion - INFO - Precios: 0.006115, 1.87e-06, 0.00044
2025-05-21 12:50:35,318 - deteccion - INFO - Factores: 0.006115, 534759.3582887701, 0.00044
2025-05-21 12:50:35,318 - deteccion - INFO - Rentabilidad Bruta: 43.882353%
2025-05-21 12:50:35,318 - deteccion - INFO - Oportunidad encontrada (A->B->C->A): BNB -> BTC -> ENJ -> BNB
2025-05-21 12:50:35,318 - deteccion - INFO - Pares: BNBBTC, ENJBTC, ENJBNB
2025-05-21 12:50:35,319 - deteccion - INFO - Precios: 0.006115, 8.4e-07, 0.001368
2025-05-21 12:50:35,319 - deteccion - INFO - Factores: 0.006115, 1190476.1904761905, 0.001368
2025-05-21 12:50:35,319 - deteccion - INFO - Rentabilidad Bruta: 895.871429%
2025-05-21 12:50:35,319 - deteccion - INFO - Oportunidad encontrada (A->B->C->A): BNB -> BTC -> FET -> BNB
2025-05-21 12:50:35,320 - deteccion - INFO - Pares: BNBBTC, FETBTC, FETBNB
2025-05-21 12:50:35,320 - deteccion - INFO - Precios: 0.006115, 7.55e-06, 0.001237
2025-05-21 12:50:35,320 - deteccion - INFO - Factores: 0.006115, 132450.33112582783, 0.001237
2025-05-21 12:50:35,320 - deteccion - INFO - Rentabilidad Bruta: 0.188808%
2025-05-21 12:50:35,320 - deteccion - INFO - Oportunidad encontrada (A->B->C->A): BNB -> BTC -> WAVES -> BNB
2025-05-21 12:50:35,320 - deteccion - INFO - Pares: BNBBTC, WAVESBTC, WAVESBNB
2025-05-21 12:50:35,321 - deteccion - INFO - Precios: 0.006115, 1.626e-05, 0.00513
2025-05-21 12:50:35,321 - deteccion - INFO - Factores: 0.006115, 61500.61500615006, 0.00513
2025-05-21 12:50:35,321 - deteccion - INFO - Rentabilidad Bruta: 92.927122%
2025-05-21 12:50:35,321 - deteccion - INFO - Oportunidad encontrada (A->B->C->A): BNB -> BTC -> COS -> BNB
2025-05-21 12:50:35,321 - deteccion - INFO - Pares: BNBBTC, COSBTC, COSBNB
2025-05-21 12:50:35,321 - deteccion - INFO - Precios: 0.006115, 8e-08, 2.678e-05
2025-05-21 12:50:35,322 - deteccion - INFO - Factores: 0.006115, 12500000.0, 2.678e-05
2025-05-21 12:50:35,322 - deteccion - INFO - Rentabilidad Bruta: 104.699625%
2025-05-21 12:50:35,322 - deteccion - INFO - Oportunidad encontrada (A->B->C->A): BNB -> BTC -> SNX -> BNB
2025-05-21 12:50:35,322 - deteccion - INFO - Pares: BNBBTC, SNXBTC, SNXBNB
2025-05-21 12:50:35,322 - deteccion - INFO - Precios: 0.006115, 7.62e-06, 0.01057
2025-05-21 12:50:35,323 - deteccion - INFO - Factores: 0.006115, 131233.59580052493, 0.01057
2025-05-21 12:50:35,323 - deteccion - INFO - Rentabilidad Bruta: 748.235564%
2025-05-21 12:50:35,323 - deteccion - INFO - Oportunidad encontrada (A->B->C->A): BNB -> BTC -> MANA -> BNB
2025-05-21 12:50:35,323 - deteccion - INFO - Pares: BNBBTC, MANABTC, MANABNB
2025-05-21 12:50:35,324 - deteccion - INFO - Precios: 0.006115, 3.01e-06, 0.00155
2025-05-21 12:50:35,324 - deteccion - INFO - Factores: 0.006115, 332225.9136212625, 0.00155
2025-05-21 12:50:35,324 - deteccion - INFO - Rentabilidad Bruta: 214.892027%
2025-05-21 12:50:35,324 - deteccion - INFO - Oportunidad encontrada (A->B->C->A): BNB -> BTC -> ZEN -> BNB
2025-05-21 12:50:35,325 - deteccion - INFO - Pares: BNBBTC, ZENBTC, ZENBNB
2025-05-21 12:50:35,325 - deteccion - INFO - Precios: 0.006115, 9.17e-05, 0.0329
2025-05-21 12:50:35,325 - deteccion - INFO - Factores: 0.006115, 10905.125408942202, 0.0329
2025-05-21 12:50:35,325 - deteccion - INFO - Rentabilidad Bruta: 119.393130%
2025-05-21 12:50:35,326 - deteccion - INFO - Oportunidad encontrada (A->B->C->A): BNB -> AUD -> XRP -> BNB
2025-05-21 12:50:35,326 - deteccion - INFO - Pares: BNBAUD, XRPAUD, XRPBNB
2025-05-21 12:50:35,326 - deteccion - INFO - Precios: 421.1, 0.7, 0.0036231
2025-05-21 12:50:35,326 - deteccion - INFO - Factores: 421.1, 1.4285714285714286, 0.0036231
2025-05-21 12:50:35,327 - deteccion - INFO - Rentabilidad Bruta: 117.955344%
2025-05-21 12:50:35,327 - deteccion - INFO - Oportunidad encontrada (A->B->C->A): BNB -> AUD -> FTM -> BNB
2025-05-21 12:50:35,327 - deteccion - INFO - Pares: BNBAUD, FTMAUD, FTMBNB
2025-05-21 12:50:35,327 - deteccion - INFO - Precios: 421.1, 0.42, 0.0010144
2025-05-21 12:50:35,328 - deteccion - INFO - Factores: 421.1, 2.380952380952381, 0.0010144
2025-05-21 12:50:35,328 - deteccion - INFO - Rentabilidad Bruta: 1.705676%
2025-05-21 12:50:35,328 - deteccion - INFO - Oportunidad encontrada (A->B->C->A): BNB -> USDT -> TRX -> BNB
2025-05-21 12:50:35,329 - deteccion - INFO - Pares: BNBUSDT, TRXUSDT, TRXBNB
2025-05-21 12:50:35,329 - deteccion - INFO - Precios: 670.84, 0.2738, 0.0004086
2025-05-21 12:50:35,329 - deteccion - INFO - Factores: 670.84, 3.652300949598247, 0.0004086
2025-05-21 12:50:35,329 - deteccion - INFO - Rentabilidad Bruta: 0.111477%
2025-05-21 12:50:35,330 - deteccion - INFO - Oportunidad encontrada (A->B->C->A): BNB -> USDT -> ZEC -> BNB
2025-05-21 12:50:35,330 - deteccion - INFO - Pares: BNBUSDT, ZECUSDT, ZECBNB
2025-05-21 12:50:35,330 - deteccion - INFO - Precios: 670.84, 42.03, 0.1026
2025-05-21 12:50:35,331 - deteccion - INFO - Factores: 670.84, 0.0237925291458482, 0.1026
2025-05-21 12:50:35,331 - deteccion - INFO - Rentabilidad Bruta: 63.759657%
2025-05-21 12:50:35,331 - deteccion - INFO - Oportunidad encontrada (A->B->C->A): BNB -> USDT -> CTSI -> BNB
2025-05-21 12:50:35,331 - deteccion - INFO - Pares: BNBUSDT, CTSIUSDT, CTSIBNB
2025-05-21 12:50:35,332 - deteccion - INFO - Precios: 670.84, 0.0754, 0.0007983
2025-05-21 12:50:35,332 - deteccion - INFO - Factores: 670.84, 13.262599469496022, 0.0007983
2025-05-21 12:50:35,332 - deteccion - INFO - Rentabilidad Bruta: 610.254074%
2025-05-21 12:50:35,332 - deteccion - INFO - Oportunidad encontrada (A->B->C->A): BNB -> USDT -> SRM -> BNB
2025-05-21 12:50:35,333 - deteccion - INFO - Pares: BNBUSDT, SRMUSDT, SRMBNB
2025-05-21 12:50:35,333 - deteccion - INFO - Precios: 670.84, 0.24442, 0.00084
2025-05-21 12:50:35,333 - deteccion - INFO - Factores: 670.84, 4.091318222731364, 0.00084
2025-05-21 12:50:35,333 - deteccion - INFO - Rentabilidad Bruta: 130.548073%
2025-05-21 12:50:35,334 - deteccion - INFO - Oportunidad encontrada (A->B->C->A): BNB -> USDT -> STX -> BNB
2025-05-21 12:50:35,334 - deteccion - INFO - Pares: BNBUSDT, STXUSDT, STXBNB
2025-05-21 12:50:35,334 - deteccion - INFO - Precios: 670.84, 0.945, 0.001416
2025-05-21 12:50:35,335 - deteccion - INFO - Factores: 670.84, 1.0582010582010584, 0.001416
2025-05-21 12:50:35,335 - deteccion - INFO - Rentabilidad Bruta: 0.519517%
2025-05-21 12:50:35,335 - deteccion - INFO - Oportunidad encontrada (A->B->C->A): BNB -> USDT -> FTT -> BNB
2025-05-21 12:50:35,335 - deteccion - INFO - Pares: BNBUSDT, FTTUSDT, FTTBNB
2025-05-21 12:50:35,336 - deteccion - INFO - Precios: 670.84, 1.2653, 0.00513
2025-05-21 12:50:35,336 - deteccion - INFO - Factores: 670.84, 0.7903264048051845, 0.00513
2025-05-21 12:50:35,336 - deteccion - INFO - Rentabilidad Bruta: 171.983656%
2025-05-21 12:50:35,336 - deteccion - INFO - Oportunidad encontrada (A->B->C->A): BNB -> USDT -> KNC -> BNB
2025-05-21 12:50:35,337 - deteccion - INFO - Pares: BNBUSDT, KNCUSDT, KNCBNB
2025-05-21 12:50:35,337 - deteccion - INFO - Precios: 670.84, 0.3771, 0.00255
2025-05-21 12:50:35,337 - deteccion - INFO - Factores: 670.84, 2.6518164942985947, 0.00255
2025-05-21 12:50:35,337 - deteccion - INFO - Rentabilidad Bruta: 353.630867%
2025-05-21 12:50:35,338 - deteccion - INFO - Oportunidad encontrada (A->B->C->A): BNB -> USDT -> OGN -> BNB
2025-05-21 12:50:35,338 - deteccion - INFO - Pares: BNBUSDT, OGNUSDT, OGNBNB
2025-05-21 12:50:35,338 - deteccion - INFO - Precios: 670.84, 0.0675, 0.000383
2025-05-21 12:50:35,338 - deteccion - INFO - Factores: 670.84, 14.814814814814813, 0.000383
2025-05-21 12:50:35,339 - deteccion - INFO - Rentabilidad Bruta: 280.639585%
2025-05-21 12:50:35,339 - deteccion - INFO - Oportunidad encontrada (A->B->C->A): BNB -> USDT -> CHR -> BNB
2025-05-21 12:50:35,339 - deteccion - INFO - Pares: BNBUSDT, CHRUSDT, CHRBNB
2025-05-21 12:50:35,339 - deteccion - INFO - Precios: 670.84, 0.1077, 0.0004377
2025-05-21 12:50:35,340 - deteccion - INFO - Factores: 670.84, 9.285051067780872, 0.0004377
2025-05-21 12:50:35,340 - deteccion - INFO - Rentabilidad Bruta: 172.633861%
2025-05-21 12:50:35,340 - deteccion - INFO - Oportunidad encontrada (A->B->C->A): BNB -> USDT -> HBAR -> BNB
2025-05-21 12:50:35,341 - deteccion - INFO - Pares: BNBUSDT, HBARUSDT, HBARBNB
2025-05-21 12:50:35,341 - deteccion - INFO - Precios: 670.84, 0.20198, 0.00030114
2025-05-21 12:50:35,341 - deteccion - INFO - Factores: 670.84, 4.950985246063967, 0.00030114
2025-05-21 12:50:35,341 - deteccion - INFO - Rentabilidad Bruta: 0.018199%
2025-05-21 12:50:35,342 - deteccion - INFO - Oportunidad encontrada (A->B->C->A): BNB -> USDT -> ANKR -> BNB
2025-05-21 12:50:35,342 - deteccion - INFO - Pares: BNBUSDT, ANKRUSDT, ANKRBNB
2025-05-21 12:50:35,342 - deteccion - INFO - Precios: 670.84, 0.01918, 8.56e-05
2025-05-21 12:50:35,342 - deteccion - INFO - Factores: 670.84, 52.13764337851929, 8.56e-05
2025-05-21 12:50:35,343 - deteccion - INFO - Rentabilidad Bruta: 199.394703%
2025-05-21 12:50:35,343 - deteccion - INFO - Oportunidad encontrada (A->B->C->A): BNB -> USDT -> NEO -> BNB
2025-05-21 12:50:35,343 - deteccion - INFO - Pares: BNBUSDT, NEOUSDT, NEOBNB
2025-05-21 12:50:35,343 - deteccion - INFO - Precios: 670.84, 6.77, 0.03836
2025-05-21 12:50:35,343 - deteccion - INFO - Factores: 670.84, 0.14771048744460857, 0.03836
2025-05-21 12:50:35,344 - deteccion - INFO - Rentabilidad Bruta: 280.109637%
2025-05-21 12:50:35,344 - deteccion - INFO - Oportunidad encontrada (A->B->C->A): BNB -> USDT -> SXP -> BNB
2025-05-21 12:50:35,344 - deteccion - INFO - Pares: BNBUSDT, SXPUSDT, SXPBNB
2025-05-21 12:50:35,345 - deteccion - INFO - Precios: 670.84, 0.2046, 0.00044
2025-05-21 12:50:35,345 - deteccion - INFO - Factores: 670.84, 4.887585532746823, 0.00044
2025-05-21 12:50:35,345 - deteccion - INFO - Rentabilidad Bruta: 44.266667%
2025-05-21 12:50:35,345 - deteccion - INFO - Oportunidad encontrada (A->B->C->A): BNB -> USDT -> ENJ -> BNB
2025-05-21 12:50:35,346 - deteccion - INFO - Pares: BNBUSDT, ENJUSDT, ENJBNB
2025-05-21 12:50:35,346 - deteccion - INFO - Precios: 670.84, 0.0921, 0.001368
2025-05-21 12:50:35,346 - deteccion - INFO - Factores: 670.84, 10.857763300760043, 0.001368
2025-05-21 12:50:35,346 - deteccion - INFO - Rentabilidad Bruta: 896.426840%
2025-05-21 12:50:35,347 - deteccion - INFO - Oportunidad encontrada (A->B->C->A): BNB -> USDT -> FET -> BNB
2025-05-21 12:50:35,347 - deteccion - INFO - Pares: BNBUSDT, FETUSDT, FETBNB
2025-05-21 12:50:35,347 - deteccion - INFO - Precios: 670.84, 0.828, 0.001237
2025-05-21 12:50:35,347 - deteccion - INFO - Factores: 670.84, 1.2077294685990339, 0.001237
2025-05-21 12:50:35,348 - deteccion - INFO - Rentabilidad Bruta: 0.220903%
2025-05-21 12:50:35,348 - deteccion - INFO - Oportunidad encontrada (A->B->C->A): BNB -> USDT -> WAVES -> BNB
2025-05-21 12:50:35,348 - deteccion - INFO - Pares: BNBUSDT, WAVESUSDT, WAVESBNB
2025-05-21 12:50:35,349 - deteccion - INFO - Precios: 670.84, 1.076, 0.00513
2025-05-21 12:50:35,349 - deteccion - INFO - Factores: 670.84, 0.929368029739777, 0.00513
2025-05-21 12:50:35,349 - deteccion - INFO - Rentabilidad Bruta: 219.833569%
2025-05-21 12:50:35,350 - deteccion - INFO - Oportunidad encontrada (A->B->C->A): BNB -> USDT -> COS -> BNB
2025-05-21 12:50:35,350 - deteccion - INFO - Pares: BNBUSDT, COSUSDT, COSBNB
2025-05-21 12:50:35,350 - deteccion - INFO - Precios: 670.84, 0.003876, 2.678e-05
2025-05-21 12:50:35,351 - deteccion - INFO - Factores: 670.84, 257.99793601651186, 2.678e-05
2025-05-21 12:50:35,351 - deteccion - INFO - Rentabilidad Bruta: 363.495748%
2025-05-21 12:50:35,351 - deteccion - INFO - Oportunidad encontrada (A->B->C->A): BNB -> USDT -> SNX -> BNB
2025-05-21 12:50:35,351 - deteccion - INFO - Pares: BNBUSDT, SNXUSDT, SNXBNB
2025-05-21 12:50:35,351 - deteccion - INFO - Precios: 670.84, 0.834, 0.01057
2025-05-21 12:50:35,352 - deteccion - INFO - Factores: 670.84, 1.1990407673860912, 0.01057
2025-05-21 12:50:35,352 - deteccion - INFO - Rentabilidad Bruta: 750.213285%
2025-05-21 12:50:35,352 - deteccion - INFO - Oportunidad encontrada (A->B->C->A): BNB -> USDT -> FUN -> BNB
2025-05-21 12:50:35,352 - deteccion - INFO - Pares: BNBUSDT, FUNUSDT, FUNBNB
2025-05-21 12:50:35,353 - deteccion - INFO - Precios: 670.84, 0.004636, 1.888e-05
2025-05-21 12:50:35,353 - deteccion - INFO - Factores: 670.84, 215.7031924072476, 1.888e-05
2025-05-21 12:50:35,353 - deteccion - INFO - Rentabilidad Bruta: 173.197998%
2025-05-21 12:50:35,353 - deteccion - INFO - Oportunidad encontrada (A->B->C->A): BNB -> USDT -> XMR -> BNB
2025-05-21 12:50:35,354 - deteccion - INFO - Pares: BNBUSDT, XMRUSDT, XMRBNB
2025-05-21 12:50:35,354 - deteccion - INFO - Precios: 670.84, 118.7, 0.3321
2025-05-21 12:50:35,354 - deteccion - INFO - Factores: 670.84, 0.008424599831508003, 0.3321
2025-05-21 12:50:35,354 - deteccion - INFO - Rentabilidad Bruta: 87.688259%
2025-05-21 12:50:35,354 - deteccion - INFO - Oportunidad encontrada (A->B->C->A): BNB -> USDT -> MANA -> BNB
2025-05-21 12:50:35,355 - deteccion - INFO - Pares: BNBUSDT, MANAUSDT, MANABNB
2025-05-21 12:50:35,355 - deteccion - INFO - Precios: 670.84, 0.3297, 0.00155
2025-05-21 12:50:35,355 - deteccion - INFO - Factores: 670.84, 3.0330603579011224, 0.00155
2025-05-21 12:50:35,355 - deteccion - INFO - Rentabilidad Bruta: 215.378223%
2025-05-21 12:50:35,356 - deteccion - INFO - Oportunidad encontrada (A->B->C->A): BNB -> USDT -> ZEN -> BNB
2025-05-21 12:50:35,356 - deteccion - INFO - Pares: BNBUSDT, ZENUSDT, ZENBNB
2025-05-21 12:50:35,356 - deteccion - INFO - Precios: 670.84, 10.06, 0.0329
2025-05-21 12:50:35,356 - deteccion - INFO - Factores: 670.84, 0.09940357852882703, 0.0329
2025-05-21 12:50:35,356 - deteccion - INFO - Rentabilidad Bruta: 119.390020%
2025-05-21 12:50:35,358 - deteccion - INFO - Oportunidad encontrada (A->B->C->A): LTC -> EUR -> BTC -> LTC
2025-05-21 12:50:35,358 - deteccion - INFO - Pares: LTCEUR, BTCEUR, LTCBTC
2025-05-21 12:50:35,359 - deteccion - INFO - Precios: 86.57, 96670.48, 0.000895
2025-05-21 12:50:35,359 - deteccion - INFO - Factores: 86.57, 1.0344419516692169e-05, 1117.31843575419
2025-05-21 12:50:35,359 - deteccion - INFO - Rentabilidad Bruta: 0.057698%
2025-05-21 12:50:35,359 - deteccion - INFO - Oportunidad encontrada (A->B->C->A): LTC -> USDC -> ETH -> LTC
2025-05-21 12:50:35,360 - deteccion - INFO - Pares: LTCUSDC, ETHUSDC, LTCETH
2025-05-21 12:50:35,360 - deteccion - INFO - Precios: 98.35, 2612.04, 0.03762
2025-05-21 12:50:35,360 - deteccion - INFO - Factores: 98.35, 0.00038284252921088496, 26.58160552897395
2025-05-21 12:50:35,360 - deteccion - INFO - Rentabilidad Bruta: 0.086557%
2025-05-21 12:50:35,360 - deteccion - INFO - Oportunidad encontrada (A->B->C->A): LTC -> USDC -> BTC -> LTC
2025-05-21 12:50:35,361 - deteccion - INFO - Pares: LTCUSDC, BTCUSDC, LTCBTC
2025-05-21 12:50:35,361 - deteccion - INFO - Precios: 98.35, 109745.67, 0.000895
2025-05-21 12:50:35,361 - deteccion - INFO - Factores: 98.35, 9.11197680965454e-06, 1117.31843575419
2025-05-21 12:50:35,361 - deteccion - INFO - Rentabilidad Bruta: 0.129935%
2025-05-21 12:50:35,361 - deteccion - INFO - Oportunidad encontrada (A->B->C->A): LTC -> USDC -> USDT -> LTC
2025-05-21 12:50:35,362 - deteccion - INFO - Pares: LTCUSDC, USDCUSDT, LTCUSDT
2025-05-21 12:50:35,362 - deteccion - INFO - Precios: 98.35, 0.9994, 98.29
2025-05-21 12:50:35,362 - deteccion - INFO - Factores: 98.35, 0.9994, 0.010173974972021568
2025-05-21 12:50:35,362 - deteccion - INFO - Rentabilidad Bruta: 0.001007%
2025-05-21 12:50:35,363 - deteccion - INFO - Oportunidad encontrada (A->B->C->A): LTC -> GBP -> BTC -> LTC
2025-05-21 12:50:35,363 - deteccion - INFO - Pares: LTCGBP, BTCGBP, LTCBTC
2025-05-21 12:50:35,363 - deteccion - INFO - Precios: 63.56, 35986.75, 0.000895
2025-05-21 12:50:35,363 - deteccion - INFO - Factores: 63.56, 2.7788005307509012e-05, 1117.31843575419
2025-05-21 12:50:35,364 - deteccion - INFO - Rentabilidad Bruta: 97.341410%
2025-05-21 12:50:35,364 - deteccion - INFO - Oportunidad encontrada (A->B->C->A): LTC -> ETH -> BTC -> LTC
2025-05-21 12:50:35,364 - deteccion - INFO - Pares: LTCETH, ETHBTC, LTCBTC
2025-05-21 12:50:35,364 - deteccion - INFO - Precios: 0.03762, 0.0238, 0.000895
2025-05-21 12:50:35,364 - deteccion - INFO - Factores: 0.03762, 0.0238, 1117.31843575419
2025-05-21 12:50:35,365 - deteccion - INFO - Rentabilidad Bruta: 0.039777%
2025-05-21 12:50:35,367 - deteccion - INFO - Oportunidad encontrada (A->B->C->A): EUR -> USDC -> ETH -> EUR
2025-05-21 12:50:35,367 - deteccion - INFO - Pares: EURUSDC, ETHUSDC, ETHEUR
2025-05-21 12:50:35,367 - deteccion - INFO - Precios: 1.1352, 2612.04, 2301.58
2025-05-21 12:50:35,368 - deteccion - INFO - Factores: 1.1352, 0.00038284252921088496, 2301.58
2025-05-21 12:50:35,368 - deteccion - INFO - Rentabilidad Bruta: 0.027320%
2025-05-21 12:50:35,368 - deteccion - INFO - Oportunidad encontrada (A->B->C->A): EUR -> USDC -> MATIC -> EUR
2025-05-21 12:50:35,369 - deteccion - INFO - Pares: EURUSDC, MATICUSDC, MATICEUR
2025-05-21 12:50:35,369 - deteccion - INFO - Precios: 1.1352, 0.3791, 0.3444
2025-05-21 12:50:35,369 - deteccion - INFO - Factores: 1.1352, 2.637826431020839, 0.3444
2025-05-21 12:50:35,369 - deteccion - INFO - Rentabilidad Bruta: 3.129222%
2025-05-21 12:50:35,370 - deteccion - INFO - Oportunidad encontrada (A->B->C->A): EUR -> USDC -> LINK -> EUR
2025-05-21 12:50:35,370 - deteccion - INFO - Pares: EURUSDC, LINKUSDC, LINKEUR
2025-05-21 12:50:35,370 - deteccion - INFO - Precios: 1.1352, 16.45, 14.5
2025-05-21 12:50:35,370 - deteccion - INFO - Factores: 1.1352, 0.060790273556231005, 14.5
2025-05-21 12:50:35,371 - deteccion - INFO - Rentabilidad Bruta: 0.063222%
2025-05-21 12:50:35,371 - deteccion - INFO - Oportunidad encontrada (A->B->C->A): EUR -> USDC -> DOGE -> EUR
2025-05-21 12:50:35,371 - deteccion - INFO - Pares: EURUSDC, DOGEUSDC, DOGEEUR
2025-05-21 12:50:35,371 - deteccion - INFO - Precios: 1.1352, 0.2375, 0.20923
2025-05-21 12:50:35,372 - deteccion - INFO - Factores: 1.1352, 4.2105263157894735, 0.20923
2025-05-21 12:50:35,372 - deteccion - INFO - Rentabilidad Bruta: 0.007535%
2025-05-21 12:50:35,372 - deteccion - INFO - Oportunidad encontrada (A->B->C->A): EUR -> USDC -> XRP -> EUR
2025-05-21 12:50:35,372 - deteccion - INFO - Pares: EURUSDC, XRPUSDC, XRPEUR
2025-05-21 12:50:35,373 - deteccion - INFO - Precios: 1.1352, 2.4291, 2.1399
2025-05-21 12:50:35,373 - deteccion - INFO - Factores: 1.1352, 0.4116751060063398, 2.1399
2025-05-21 12:50:35,373 - deteccion - INFO - Rentabilidad Bruta: 0.004713%
2025-05-21 12:50:35,373 - deteccion - INFO - Oportunidad encontrada (A->B->C->A): EUR -> USDC -> USDT -> EUR
2025-05-21 12:50:35,374 - deteccion - INFO - Pares: EURUSDC, USDCUSDT, EURUSDT
2025-05-21 12:50:35,374 - deteccion - INFO - Precios: 1.1352, 0.9994, 1.1345
2025-05-21 12:50:35,374 - deteccion - INFO - Factores: 1.1352, 0.9994, 0.881445570736007
2025-05-21 12:50:35,374 - deteccion - INFO - Rentabilidad Bruta: 0.001664%
2025-05-21 12:50:35,375 - deteccion - INFO - Oportunidad encontrada (A->B->C->A): EUR -> USDC -> TRX -> EUR
2025-05-21 12:50:35,375 - deteccion - INFO - Pares: EURUSDC, TRXUSDC, TRXEUR
2025-05-21 12:50:35,375 - deteccion - INFO - Precios: 1.1352, 0.274, 0.2414
2025-05-21 12:50:35,375 - deteccion - INFO - Factores: 1.1352, 3.64963503649635, 0.2414
2025-05-21 12:50:35,376 - deteccion - INFO - Rentabilidad Bruta: 0.013606%
2025-05-21 12:50:35,376 - deteccion - INFO - Oportunidad encontrada (A->B->C->A): EUR -> USDC -> FTM -> EUR
2025-05-21 12:50:35,376 - deteccion - INFO - Pares: EURUSDC, FTMUSDC, FTMEUR
2025-05-21 12:50:35,377 - deteccion - INFO - Precios: 1.1352, 0.6986, 0.6809
2025-05-21 12:50:35,377 - deteccion - INFO - Factores: 1.1352, 1.43143429716576, 0.6809
2025-05-21 12:50:35,377 - deteccion - INFO - Rentabilidad Bruta: 10.643813%
2025-05-21 12:50:35,377 - deteccion - INFO - Oportunidad encontrada (A->B->C->A): EUR -> USDC -> CHZ -> EUR
2025-05-21 12:50:35,377 - deteccion - INFO - Pares: EURUSDC, CHZUSDC, CHZEUR
2025-05-21 12:50:35,378 - deteccion - INFO - Precios: 1.1352, 0.04621, 0.053
2025-05-21 12:50:35,378 - deteccion - INFO - Factores: 1.1352, 21.64033758926639, 0.053
2025-05-21 12:50:35,378 - deteccion - INFO - Rentabilidad Bruta: 30.200390%
2025-05-21 12:50:35,378 - deteccion - INFO - Oportunidad encontrada (A->B->C->A): EUR -> USDC -> RUNE -> EUR
2025-05-21 12:50:35,378 - deteccion - INFO - Pares: EURUSDC, RUNEUSDC, RUNEEUR
2025-05-21 12:50:35,379 - deteccion - INFO - Precios: 1.1352, 1.961, 3.762
2025-05-21 12:50:35,379 - deteccion - INFO - Factores: 1.1352, 0.5099439061703213, 3.762
2025-05-21 12:50:35,379 - deteccion - INFO - Rentabilidad Bruta: 117.777787%
2025-05-21 12:50:35,380 - deteccion - INFO - Oportunidad encontrada (A->B->C->A): EUR -> USDC -> ENJ -> EUR
2025-05-21 12:50:35,380 - deteccion - INFO - Pares: EURUSDC, ENJUSDC, ENJEUR
2025-05-21 12:50:35,380 - deteccion - INFO - Precios: 1.1352, 0.0919, 0.1946
2025-05-21 12:50:35,380 - deteccion - INFO - Factores: 1.1352, 10.881392818280741, 0.1946
2025-05-21 12:50:35,380 - deteccion - INFO - Rentabilidad Bruta: 140.380762%
2025-05-21 12:50:35,381 - deteccion - INFO - Oportunidad encontrada (A->B->C->A): EUR -> ETH -> LINK -> EUR
2025-05-21 12:50:35,381 - deteccion - INFO - Pares: ETHEUR, LINKETH, LINKEUR
2025-05-21 12:50:35,381 - deteccion - INFO - Precios: 2301.58, 0.0063, 14.5
2025-05-21 12:50:35,381 - deteccion - INFO - Factores: 0.0004344841369841587, 158.73015873015873, 14.5
2025-05-21 12:50:35,381 - deteccion - INFO - Rentabilidad Bruta: 0.000317%
2025-05-21 12:50:35,382 - deteccion - INFO - Oportunidad encontrada (A->B->C->A): EUR -> ETH -> TRX -> EUR
2025-05-21 12:50:35,382 - deteccion - INFO - Pares: ETHEUR, TRXETH, TRXEUR
2025-05-21 12:50:35,382 - deteccion - INFO - Precios: 2301.58, 0.0001048, 0.2414
2025-05-21 12:50:35,383 - deteccion - INFO - Factores: 0.0004344841369841587, 9541.984732824427, 0.2414
2025-05-21 12:50:35,383 - deteccion - INFO - Rentabilidad Bruta: 0.080602%
2025-05-21 12:50:35,383 - deteccion - INFO - Oportunidad encontrada (A->B->C->A): EUR -> ETH -> FTM -> EUR
2025-05-21 12:50:35,384 - deteccion - INFO - Pares: ETHEUR, FTMETH, FTMEUR
2025-05-21 12:50:35,384 - deteccion - INFO - Precios: 2301.58, 0.0002148, 0.6809
2025-05-21 12:50:35,384 - deteccion - INFO - Factores: 0.0004344841369841587, 4655.493482309125, 0.6809
2025-05-21 12:50:35,384 - deteccion - INFO - Rentabilidad Bruta: 37.728235%
2025-05-21 12:50:35,385 - deteccion - INFO - Oportunidad encontrada (A->B->C->A): EUR -> ETH -> RUNE -> EUR
2025-05-21 12:50:35,385 - deteccion - INFO - Pares: ETHEUR, RUNEETH, RUNEEUR
2025-05-21 12:50:35,385 - deteccion - INFO - Precios: 2301.58, 0.0007545, 3.762
2025-05-21 12:50:35,385 - deteccion - INFO - Factores: 0.0004344841369841587, 1325.3810470510273, 3.762
2025-05-21 12:50:35,386 - deteccion - INFO - Rentabilidad Bruta: 116.637419%
2025-05-21 12:50:35,386 - deteccion - INFO - Oportunidad encontrada (A->B->C->A): EUR -> ETH -> ENJ -> EUR
2025-05-21 12:50:35,386 - deteccion - INFO - Pares: ETHEUR, ENJETH, ENJEUR
2025-05-21 12:50:35,386 - deteccion - INFO - Precios: 2301.58, 6.172e-05, 0.1946
2025-05-21 12:50:35,387 - deteccion - INFO - Factores: 0.0004344841369841587, 16202.203499675956, 0.1946
2025-05-21 12:50:35,387 - deteccion - INFO - Rentabilidad Bruta: 36.990624%
2025-05-21 12:50:35,387 - deteccion - INFO - Oportunidad encontrada (A->B->C->A): EUR -> ETH -> WAVES -> EUR
2025-05-21 12:50:35,387 - deteccion - INFO - Pares: ETHEUR, WAVESETH, WAVESEUR
2025-05-21 12:50:35,388 - deteccion - INFO - Precios: 2301.58, 0.000298, 1.354
2025-05-21 12:50:35,388 - deteccion - INFO - Factores: 0.0004344841369841587, 3355.7046979865772, 1.354
2025-05-21 12:50:35,388 - deteccion - INFO - Rentabilidad Bruta: 97.413262%
2025-05-21 12:50:35,389 - deteccion - INFO - Oportunidad encontrada (A->B->C->A): EUR -> MATIC -> BTC -> EUR
2025-05-21 12:50:35,389 - deteccion - INFO - Pares: MATICEUR, MATICBTC, BTCEUR
2025-05-21 12:50:35,389 - deteccion - INFO - Precios: 0.3444, 6.67e-06, 96670.48
2025-05-21 12:50:35,389 - deteccion - INFO - Factores: 2.9036004645760745, 6.67e-06, 96670.48
2025-05-21 12:50:35,389 - deteccion - INFO - Rentabilidad Bruta: 87.221865%
2025-05-21 12:50:35,390 - deteccion - INFO - Oportunidad encontrada (A->B->C->A): EUR -> BTC -> ADA -> EUR
2025-05-21 12:50:35,390 - deteccion - INFO - Pares: BTCEUR, ADABTC, ADAEUR
2025-05-21 12:50:35,390 - deteccion - INFO - Precios: 96670.48, 7.12e-06, 0.6886
2025-05-21 12:50:35,390 - deteccion - INFO - Factores: 1.0344419516692169e-05, 140449.4382022472, 0.6886
2025-05-21 12:50:35,391 - deteccion - INFO - Rentabilidad Bruta: 0.044484%
2025-05-21 12:50:35,391 - deteccion - INFO - Oportunidad encontrada (A->B->C->A): EUR -> BTC -> XRP -> EUR
2025-05-21 12:50:35,391 - deteccion - INFO - Pares: BTCEUR, XRPBTC, XRPEUR
2025-05-21 12:50:35,391 - deteccion - INFO - Precios: 96670.48, 2.213e-05, 2.1399
2025-05-21 12:50:35,391 - deteccion - INFO - Factores: 1.0344419516692169e-05, 45187.52824220515, 2.1399
2025-05-21 12:50:35,392 - deteccion - INFO - Rentabilidad Bruta: 0.027218%
2025-05-21 12:50:35,392 - deteccion - INFO - Oportunidad encontrada (A->B->C->A): EUR -> BTC -> USDT -> EUR
2025-05-21 12:50:35,392 - deteccion - INFO - Pares: BTCEUR, BTCUSDT, EURUSDT
2025-05-21 12:50:35,392 - deteccion - INFO - Precios: 96670.48, 109693.0, 1.1345
2025-05-21 12:50:35,393 - deteccion - INFO - Factores: 1.0344419516692169e-05, 109693.0, 0.881445570736007
2025-05-21 12:50:35,393 - deteccion - INFO - Rentabilidad Bruta: 0.018547%
2025-05-21 12:50:35,393 - deteccion - INFO - Oportunidad encontrada (A->B->C->A): EUR -> BTC -> CHZ -> EUR
2025-05-21 12:50:35,393 - deteccion - INFO - Pares: BTCEUR, CHZBTC, CHZEUR
2025-05-21 12:50:35,393 - deteccion - INFO - Precios: 96670.48, 4.2e-07, 0.053
2025-05-21 12:50:35,394 - deteccion - INFO - Factores: 1.0344419516692169e-05, 2380952.380952381, 0.053
2025-05-21 12:50:35,394 - deteccion - INFO - Rentabilidad Bruta: 30.536722%
2025-05-21 12:50:35,394 - deteccion - INFO - Oportunidad encontrada (A->B->C->A): EUR -> BTC -> SXP -> EUR
2025-05-21 12:50:35,394 - deteccion - INFO - Pares: BTCEUR, SXPBTC, SXPEUR
2025-05-21 12:50:35,394 - deteccion - INFO - Precios: 96670.48, 1.87e-06, 0.2654
2025-05-21 12:50:35,394 - deteccion - INFO - Factores: 1.0344419516692169e-05, 534759.3582887701, 0.2654
2025-05-21 12:50:35,395 - deteccion - INFO - Rentabilidad Bruta: 46.813312%
2025-05-21 12:50:35,395 - deteccion - INFO - Oportunidad encontrada (A->B->C->A): EUR -> BTC -> RUNE -> EUR
2025-05-21 12:50:35,395 - deteccion - INFO - Pares: BTCEUR, RUNEBTC, RUNEEUR
2025-05-21 12:50:35,395 - deteccion - INFO - Precios: 96670.48, 1.788e-05, 3.762
2025-05-21 12:50:35,395 - deteccion - INFO - Factores: 1.0344419516692169e-05, 55928.411633109616, 3.762
2025-05-21 12:50:35,396 - deteccion - INFO - Rentabilidad Bruta: 117.649364%
2025-05-21 12:50:35,396 - deteccion - INFO - Oportunidad encontrada (A->B->C->A): EUR -> BTC -> ENJ -> EUR
2025-05-21 12:50:35,396 - deteccion - INFO - Pares: BTCEUR, ENJBTC, ENJEUR
2025-05-21 12:50:35,396 - deteccion - INFO - Precios: 96670.48, 8.4e-07, 0.1946
2025-05-21 12:50:35,396 - deteccion - INFO - Factores: 1.0344419516692169e-05, 1190476.1904761905, 0.1946
2025-05-21 12:50:35,397 - deteccion - INFO - Rentabilidad Bruta: 139.645719%
2025-05-21 12:50:35,397 - deteccion - INFO - Oportunidad encontrada (A->B->C->A): EUR -> ADA -> USDT -> EUR
2025-05-21 12:50:35,397 - deteccion - INFO - Pares: ADAEUR, ADAUSDT, EURUSDT
2025-05-21 12:50:35,397 - deteccion - INFO - Precios: 0.6886, 0.7813, 1.1345
2025-05-21 12:50:35,398 - deteccion - INFO - Factores: 1.4522218995062446, 0.7813, 0.881445570736007
2025-05-21 12:50:35,398 - deteccion - INFO - Rentabilidad Bruta: 0.010663%
2025-05-21 12:50:35,398 - deteccion - INFO - Oportunidad encontrada (A->B->C->A): EUR -> XRP -> TRX -> EUR
2025-05-21 12:50:35,398 - deteccion - INFO - Pares: XRPEUR, TRXXRP, TRXEUR
2025-05-21 12:50:35,398 - deteccion - INFO - Precios: 2.1399, 0.1128, 0.2414
2025-05-21 12:50:35,399 - deteccion - INFO - Factores: 0.4673115566147951, 8.865248226950355, 0.2414
2025-05-21 12:50:35,399 - deteccion - INFO - Rentabilidad Bruta: 0.007987%
2025-05-21 12:50:35,400 - deteccion - INFO - Oportunidad encontrada (A->B->C->A): EUR -> USDT -> TRX -> EUR
2025-05-21 12:50:35,400 - deteccion - INFO - Pares: EURUSDT, TRXUSDT, TRXEUR
2025-05-21 12:50:35,400 - deteccion - INFO - Precios: 1.1345, 0.2738, 0.2414
2025-05-21 12:50:35,400 - deteccion - INFO - Factores: 1.1345, 3.652300949598247, 0.2414
2025-05-21 12:50:35,401 - deteccion - INFO - Rentabilidad Bruta: 0.024945%
2025-05-21 12:50:35,401 - deteccion - INFO - Oportunidad encontrada (A->B->C->A): EUR -> USDT -> FTM -> EUR
2025-05-21 12:50:35,401 - deteccion - INFO - Pares: EURUSDT, FTMUSDT, FTMEUR
2025-05-21 12:50:35,401 - deteccion - INFO - Precios: 1.1345, 0.6994, 0.6809
2025-05-21 12:50:35,402 - deteccion - INFO - Factores: 1.1345, 1.429796968830426, 0.6809
2025-05-21 12:50:35,402 - deteccion - INFO - Rentabilidad Bruta: 10.449106%
2025-05-21 12:50:35,402 - deteccion - INFO - Oportunidad encontrada (A->B->C->A): EUR -> USDT -> CHZ -> EUR
2025-05-21 12:50:35,403 - deteccion - INFO - Pares: EURUSDT, CHZUSDT, CHZEUR
2025-05-21 12:50:35,403 - deteccion - INFO - Precios: 1.1345, 0.04601, 0.053
2025-05-21 12:50:35,403 - deteccion - INFO - Factores: 1.1345, 21.734405564007822, 0.053
2025-05-21 12:50:35,403 - deteccion - INFO - Rentabilidad Bruta: 30.685720%
2025-05-21 12:50:35,404 - deteccion - INFO - Oportunidad encontrada (A->B->C->A): EUR -> USDT -> SXP -> EUR
2025-05-21 12:50:35,404 - deteccion - INFO - Pares: EURUSDT, SXPUSDT, SXPEUR
2025-05-21 12:50:35,404 - deteccion - INFO - Precios: 1.1345, 0.2046, 0.2654
2025-05-21 12:50:35,404 - deteccion - INFO - Factores: 1.1345, 4.887585532746823, 0.2654
2025-05-21 12:50:35,404 - deteccion - INFO - Rentabilidad Bruta: 47.163392%
2025-05-21 12:50:35,405 - deteccion - INFO - Oportunidad encontrada (A->B->C->A): EUR -> USDT -> RUNE -> EUR
2025-05-21 12:50:35,405 - deteccion - INFO - Pares: EURUSDT, RUNEUSDT, RUNEEUR
2025-05-21 12:50:35,405 - deteccion - INFO - Precios: 1.1345, 1.96, 3.762
2025-05-21 12:50:35,405 - deteccion - INFO - Factores: 1.1345, 0.5102040816326531, 3.762
2025-05-21 12:50:35,406 - deteccion - INFO - Rentabilidad Bruta: 117.754541%
2025-05-21 12:50:35,406 - deteccion - INFO - Oportunidad encontrada (A->B->C->A): EUR -> USDT -> ENJ -> EUR
2025-05-21 12:50:35,406 - deteccion - INFO - Pares: EURUSDT, ENJUSDT, ENJEUR
2025-05-21 12:50:35,406 - deteccion - INFO - Precios: 1.1345, 0.0921, 0.1946
2025-05-21 12:50:35,406 - deteccion - INFO - Factores: 1.1345, 10.857763300760043, 0.1946
2025-05-21 12:50:35,407 - deteccion - INFO - Rentabilidad Bruta: 139.710858%
2025-05-21 12:50:35,407 - deteccion - INFO - Oportunidad encontrada (A->B->C->A): EUR -> USDT -> WAVES -> EUR
2025-05-21 12:50:35,407 - deteccion - INFO - Pares: EURUSDT, WAVESUSDT, WAVESEUR
2025-05-21 12:50:35,407 - deteccion - INFO - Precios: 1.1345, 1.076, 1.354
2025-05-21 12:50:35,407 - deteccion - INFO - Factores: 1.1345, 0.929368029739777, 1.354
2025-05-21 12:50:35,408 - deteccion - INFO - Rentabilidad Bruta: 42.761431%
2025-05-21 12:50:35,409 - deteccion - INFO - Oportunidad encontrada (A->B->C->A): ETC -> ETH -> BTC -> ETC
2025-05-21 12:50:35,409 - deteccion - INFO - Pares: ETCETH, ETHBTC, ETCBTC
2025-05-21 12:50:35,409 - deteccion - INFO - Precios: 0.00738, 0.0238, 0.0001755
2025-05-21 12:50:35,410 - deteccion - INFO - Factores: 0.00738, 0.0238, 5698.005698005698
2025-05-21 12:50:35,410 - deteccion - INFO - Rentabilidad Bruta: 0.082051%
2025-05-21 12:50:35,410 - deteccion - INFO - Oportunidad encontrada (A->B->C->A): ETC -> ETH -> USDT -> ETC
2025-05-21 12:50:35,410 - deteccion - INFO - Pares: ETCETH, ETHUSDT, ETCUSDT
2025-05-21 12:50:35,410 - deteccion - INFO - Precios: 0.00738, 2610.25, 19.25
2025-05-21 12:50:35,411 - deteccion - INFO - Factores: 0.00738, 2610.25, 0.05194805194805195
2025-05-21 12:50:35,411 - deteccion - INFO - Rentabilidad Bruta: 0.070883%
2025-05-21 12:50:35,411 - deteccion - INFO - Oportunidad encontrada (A->B->C->A): ETC -> BTC -> USDT -> ETC
2025-05-21 12:50:35,412 - deteccion - INFO - Pares: ETCBTC, BTCUSDT, ETCUSDT
2025-05-21 12:50:35,412 - deteccion - INFO - Precios: 0.0001755, 109693.0, 19.25
2025-05-21 12:50:35,412 - deteccion - INFO - Factores: 0.0001755, 109693.0, 0.05194805194805195
2025-05-21 12:50:35,412 - deteccion - INFO - Rentabilidad Bruta: 0.005826%
2025-05-21 12:50:35,414 - deteccion - INFO - Oportunidad encontrada (A->B->C->A): SOL -> USDC -> ETH -> SOL
2025-05-21 12:50:35,414 - deteccion - INFO - Pares: SOLUSDC, ETHUSDC, SOLETH
2025-05-21 12:50:35,414 - deteccion - INFO - Precios: 174.64, 2612.04, 0.06685
2025-05-21 12:50:35,414 - deteccion - INFO - Factores: 174.64, 0.00038284252921088496, 14.958863126402392
2025-05-21 12:50:35,415 - deteccion - INFO - Rentabilidad Bruta: 0.014389%
2025-05-21 12:50:35,415 - deteccion - INFO - Oportunidad encontrada (A->B->C->A): SOL -> USDC -> BTC -> SOL
2025-05-21 12:50:35,415 - deteccion - INFO - Pares: SOLUSDC, BTCUSDC, SOLBTC
2025-05-21 12:50:35,416 - deteccion - INFO - Precios: 174.64, 109745.67, 0.001591
2025-05-21 12:50:35,416 - deteccion - INFO - Factores: 174.64, 9.11197680965454e-06, 628.5355122564425
2025-05-21 12:50:35,416 - deteccion - INFO - Rentabilidad Bruta: 0.019838%
2025-05-21 12:50:35,417 - deteccion - INFO - Oportunidad encontrada (A->B->C->A): SOL -> USDC -> AUD -> SOL
2025-05-21 12:50:35,417 - deteccion - INFO - Pares: SOLUSDC, AUDUSDC, SOLAUD
2025-05-21 12:50:35,418 - deteccion - INFO - Precios: 174.64, 0.6477, 28.48
2025-05-21 12:50:35,418 - deteccion - INFO - Factores: 174.64, 1.543924656476764, 0.0351123595505618
2025-05-21 12:50:35,418 - deteccion - INFO - Rentabilidad Bruta: 846.738069%
2025-05-21 12:50:35,418 - deteccion - INFO - Oportunidad encontrada (A->B->C->A): SOL -> USDC -> USDT -> SOL
2025-05-21 12:50:35,419 - deteccion - INFO - Pares: SOLUSDC, USDCUSDT, SOLUSDT
2025-05-21 12:50:35,419 - deteccion - INFO - Precios: 174.64, 0.9994, 174.53
2025-05-21 12:50:35,419 - deteccion - INFO - Factores: 174.64, 0.9994, 0.00572967398155045
2025-05-21 12:50:35,419 - deteccion - INFO - Rentabilidad Bruta: 0.002989%
2025-05-21 12:50:35,420 - deteccion - INFO - Oportunidad encontrada (A->B->C->A): SOL -> GBP -> BTC -> SOL
2025-05-21 12:50:35,420 - deteccion - INFO - Pares: SOLGBP, BTCGBP, SOLBTC
2025-05-21 12:50:35,420 - deteccion - INFO - Precios: 88.08, 35986.75, 0.001591
2025-05-21 12:50:35,420 - deteccion - INFO - Factores: 88.08, 2.7788005307509012e-05, 628.5355122564425
2025-05-21 12:50:35,421 - deteccion - INFO - Rentabilidad Bruta: 53.838310%
2025-05-21 12:50:35,421 - deteccion - INFO - Oportunidad encontrada (A->B->C->A): SOL -> TUSD -> ETH -> SOL
2025-05-21 12:50:35,421 - deteccion - INFO - Pares: SOLTUSD, ETHTUSD, SOLETH
2025-05-21 12:50:35,422 - deteccion - INFO - Precios: 175.0, 2612.04, 0.06685
2025-05-21 12:50:35,422 - deteccion - INFO - Factores: 175.0, 0.00038284252921088496, 14.958863126402392
2025-05-21 12:50:35,422 - deteccion - INFO - Rentabilidad Bruta: 0.220557%
2025-05-21 12:50:35,422 - deteccion - INFO - Oportunidad encontrada (A->B->C->A): SOL -> TUSD -> BTC -> SOL
2025-05-21 12:50:35,423 - deteccion - INFO - Pares: SOLTUSD, BTCTUSD, SOLBTC
2025-05-21 12:50:35,423 - deteccion - INFO - Precios: 175.0, 109772.61, 0.001591
2025-05-21 12:50:35,423 - deteccion - INFO - Factores: 175.0, 9.1097405810065e-06, 628.5355122564425
2025-05-21 12:50:35,423 - deteccion - INFO - Rentabilidad Bruta: 0.201421%
2025-05-21 12:50:35,424 - deteccion - INFO - Oportunidad encontrada (A->B->C->A): SOL -> TUSD -> USDT -> SOL
2025-05-21 12:50:35,424 - deteccion - INFO - Pares: SOLTUSD, TUSDUSDT, SOLUSDT
2025-05-21 12:50:35,424 - deteccion - INFO - Precios: 175.0, 0.9992, 174.53
2025-05-21 12:50:35,424 - deteccion - INFO - Factores: 175.0, 0.9992, 0.00572967398155045
2025-05-21 12:50:35,424 - deteccion - INFO - Rentabilidad Bruta: 0.189079%
2025-05-21 12:50:35,425 - deteccion - INFO - Oportunidad encontrada (A->B->C->A): SOL -> ETH -> BTC -> SOL
2025-05-21 12:50:35,425 - deteccion - INFO - Pares: SOLETH, ETHBTC, SOLBTC
2025-05-21 12:50:35,425 - deteccion - INFO - Precios: 0.06685, 0.0238, 0.001591
2025-05-21 12:50:35,425 - deteccion - INFO - Factores: 0.06685, 0.0238, 628.5355122564425
2025-05-21 12:50:35,426 - deteccion - INFO - Rentabilidad Bruta: 0.001886%
2025-05-21 12:50:35,426 - deteccion - INFO - Oportunidad encontrada (A->B->C->A): SOL -> ETH -> AUD -> SOL
2025-05-21 12:50:35,426 - deteccion - INFO - Pares: SOLETH, ETHAUD, SOLAUD
2025-05-21 12:50:35,427 - deteccion - INFO - Precios: 0.06685, 2565.09, 28.48
2025-05-21 12:50:35,427 - deteccion - INFO - Factores: 0.06685, 2565.09, 0.0351123595505618
2025-05-21 12:50:35,427 - deteccion - INFO - Rentabilidad Bruta: 502.093632%
2025-05-21 12:50:35,428 - deteccion - INFO - Oportunidad encontrada (A->B->C->A): SOL -> BTC -> AUD -> SOL
2025-05-21 12:50:35,428 - deteccion - INFO - Pares: SOLBTC, BTCAUD, SOLAUD
2025-05-21 12:50:35,428 - deteccion - INFO - Precios: 0.001591, 37210.08, 28.48
2025-05-21 12:50:35,428 - deteccion - INFO - Factores: 0.001591, 37210.08, 0.0351123595505618
2025-05-21 12:50:35,429 - deteccion - INFO - Rentabilidad Bruta: 107.869513%
2025-05-21 12:50:35,430 - deteccion - INFO - Oportunidad encontrada (A->B->C->A): USDC -> ETH -> ALGO -> USDC
2025-05-21 12:50:35,430 - deteccion - INFO - Pares: ETHUSDC, ALGOETH, ALGOUSDC
2025-05-21 12:50:35,431 - deteccion - INFO - Precios: 2612.04, 4.447e-05, 0.2329
2025-05-21 12:50:35,431 - deteccion - INFO - Factores: 0.00038284252921088496, 22487.069934787498, 0.2329
2025-05-21 12:50:35,431 - deteccion - INFO - Rentabilidad Bruta: 100.503767%
2025-05-21 12:50:35,432 - deteccion - INFO - Oportunidad encontrada (A->B->C->A): USDC -> ETH -> TRX -> USDC
2025-05-21 12:50:35,432 - deteccion - INFO - Pares: ETHUSDC, TRXETH, TRXUSDC
2025-05-21 12:50:35,432 - deteccion - INFO - Precios: 2612.04, 0.0001048, 0.274
2025-05-21 12:50:35,432 - deteccion - INFO - Factores: 0.00038284252921088496, 9541.984732824427, 0.274
2025-05-21 12:50:35,433 - deteccion - INFO - Rentabilidad Bruta: 0.094325%
2025-05-21 12:50:35,433 - deteccion - INFO - Oportunidad encontrada (A->B->C->A): USDC -> ETH -> ZEC -> USDC
2025-05-21 12:50:35,433 - deteccion - INFO - Pares: ETHUSDC, ZECETH, ZECUSDC
2025-05-21 12:50:35,433 - deteccion - INFO - Precios: 2612.04, 0.01605, 55.8
2025-05-21 12:50:35,433 - deteccion - INFO - Factores: 0.00038284252921088496, 62.30529595015577, 55.8
2025-05-21 12:50:35,434 - deteccion - INFO - Rentabilidad Bruta: 33.100393%
2025-05-21 12:50:35,434 - deteccion - INFO - Oportunidad encontrada (A->B->C->A): USDC -> ETH -> FTM -> USDC
2025-05-21 12:50:35,434 - deteccion - INFO - Pares: ETHUSDC, FTMETH, FTMUSDC
2025-05-21 12:50:35,435 - deteccion - INFO - Precios: 2612.04, 0.0002148, 0.6986
2025-05-21 12:50:35,435 - deteccion - INFO - Factores: 0.00038284252921088496, 4655.493482309125, 0.6986
2025-05-21 12:50:35,435 - deteccion - INFO - Rentabilidad Bruta: 24.512938%
2025-05-21 12:50:35,435 - deteccion - INFO - Oportunidad encontrada (A->B->C->A): USDC -> MATIC -> BTC -> USDC
2025-05-21 12:50:35,435 - deteccion - INFO - Pares: MATICUSDC, MATICBTC, BTCUSDC
2025-05-21 12:50:35,435 - deteccion - INFO - Precios: 0.3791, 6.67e-06, 109745.67
2025-05-21 12:50:35,436 - deteccion - INFO - Factores: 2.637826431020839, 6.67e-06, 109745.67
2025-05-21 12:50:35,436 - deteccion - INFO - Rentabilidad Bruta: 93.089849%
2025-05-21 12:50:35,436 - deteccion - INFO - Oportunidad encontrada (A->B->C->A): USDC -> MATIC -> AUD -> USDC
2025-05-21 12:50:35,436 - deteccion - INFO - Pares: MATICUSDC, MATICAUD, AUDUSDC
2025-05-21 12:50:35,437 - deteccion - INFO - Precios: 0.3791, 1.2141, 0.6477
2025-05-21 12:50:35,437 - deteccion - INFO - Factores: 2.637826431020839, 1.2141, 0.6477
2025-05-21 12:50:35,437 - deteccion - INFO - Rentabilidad Bruta: 107.431435%
2025-05-21 12:50:35,437 - deteccion - INFO - Oportunidad encontrada (A->B->C->A): USDC -> MATIC -> USDT -> USDC
2025-05-21 12:50:35,437 - deteccion - INFO - Pares: MATICUSDC, MATICUSDT, USDCUSDT
2025-05-21 12:50:35,438 - deteccion - INFO - Precios: 0.3791, 0.3794, 0.9994
2025-05-21 12:50:35,438 - deteccion - INFO - Factores: 2.637826431020839, 0.3794, 1.0006003602161297
2025-05-21 12:50:35,438 - deteccion - INFO - Rentabilidad Bruta: 0.139218%
2025-05-21 12:50:35,438 - deteccion - INFO - Oportunidad encontrada (A->B->C->A): USDC -> LINK -> BTC -> USDC
2025-05-21 12:50:35,438 - deteccion - INFO - Pares: LINKUSDC, LINKBTC, BTCUSDC
2025-05-21 12:50:35,438 - deteccion - INFO - Precios: 16.45, 0.0001499, 109745.67
2025-05-21 12:50:35,438 - deteccion - INFO - Factores: 0.060790273556231005, 0.0001499, 109745.67
2025-05-21 12:50:35,439 - deteccion - INFO - Rentabilidad Bruta: 0.005325%
2025-05-21 12:50:35,439 - deteccion - INFO - Oportunidad encontrada (A->B->C->A): USDC -> LINK -> USDT -> USDC
2025-05-21 12:50:35,439 - deteccion - INFO - Pares: LINKUSDC, LINKUSDT, USDCUSDT
2025-05-21 12:50:35,439 - deteccion - INFO - Precios: 16.45, 16.45, 0.9994
2025-05-21 12:50:35,439 - deteccion - INFO - Factores: 0.060790273556231005, 16.45, 1.0006003602161297
2025-05-21 12:50:35,440 - deteccion - INFO - Rentabilidad Bruta: 0.060036%
2025-05-21 12:50:35,440 - deteccion - INFO - Oportunidad encontrada (A->B->C->A): USDC -> BTC -> ADA -> USDC
2025-05-21 12:50:35,440 - deteccion - INFO - Pares: BTCUSDC, ADABTC, ADAUSDC
2025-05-21 12:50:35,440 - deteccion - INFO - Precios: 109745.67, 7.12e-06, 0.7817
2025-05-21 12:50:35,440 - deteccion - INFO - Factores: 9.11197680965454e-06, 140449.4382022472, 0.7817
2025-05-21 12:50:35,440 - deteccion - INFO - Rentabilidad Bruta: 0.039779%
2025-05-21 12:50:35,441 - deteccion - INFO - Oportunidad encontrada (A->B->C->A): USDC -> BTC -> XRP -> USDC
2025-05-21 12:50:35,441 - deteccion - INFO - Pares: BTCUSDC, XRPBTC, XRPUSDC
2025-05-21 12:50:35,441 - deteccion - INFO - Precios: 109745.67, 2.213e-05, 2.4291
2025-05-21 12:50:35,441 - deteccion - INFO - Factores: 9.11197680965454e-06, 45187.52824220515, 2.4291
2025-05-21 12:50:35,441 - deteccion - INFO - Rentabilidad Bruta: 0.017636%
2025-05-21 12:50:35,441 - deteccion - INFO - Oportunidad encontrada (A->B->C->A): USDC -> BTC -> USDT -> USDC
2025-05-21 12:50:35,442 - deteccion - INFO - Pares: BTCUSDC, BTCUSDT, USDCUSDT
2025-05-21 12:50:35,442 - deteccion - INFO - Precios: 109745.67, 109693.0, 0.9994
2025-05-21 12:50:35,442 - deteccion - INFO - Factores: 9.11197680965454e-06, 109693.0, 1.0006003602161297
2025-05-21 12:50:35,442 - deteccion - INFO - Rentabilidad Bruta: 0.012014%
2025-05-21 12:50:35,442 - deteccion - INFO - Oportunidad encontrada (A->B->C->A): USDC -> BTC -> ZEC -> USDC
2025-05-21 12:50:35,442 - deteccion - INFO - Pares: BTCUSDC, ZECBTC, ZECUSDC
2025-05-21 12:50:35,443 - deteccion - INFO - Precios: 109745.67, 0.0003833, 55.8
2025-05-21 12:50:35,443 - deteccion - INFO - Factores: 9.11197680965454e-06, 2608.9225150013044, 55.8
2025-05-21 12:50:35,443 - deteccion - INFO - Rentabilidad Bruta: 32.650223%
2025-05-21 12:50:35,443 - deteccion - INFO - Oportunidad encontrada (A->B->C->A): USDC -> BTC -> STX -> USDC
2025-05-21 12:50:35,443 - deteccion - INFO - Pares: BTCUSDC, STXBTC, STXUSDC
2025-05-21 12:50:35,443 - deteccion - INFO - Precios: 109745.67, 8.62e-06, 0.947
2025-05-21 12:50:35,444 - deteccion - INFO - Factores: 9.11197680965454e-06, 116009.28074245939, 0.947
2025-05-21 12:50:35,444 - deteccion - INFO - Rentabilidad Bruta: 0.104896%
2025-05-21 12:50:35,444 - deteccion - INFO - Oportunidad encontrada (A->B->C->A): USDC -> BTC -> BCH -> USDC
2025-05-21 12:50:35,444 - deteccion - INFO - Pares: BTCUSDC, BCHBTC, BCHUSDC
2025-05-21 12:50:35,444 - deteccion - INFO - Precios: 109745.67, 0.00375, 411.6
2025-05-21 12:50:35,444 - deteccion - INFO - Factores: 9.11197680965454e-06, 266.6666666666667, 411.6
2025-05-21 12:50:35,445 - deteccion - INFO - Rentabilidad Bruta: 0.013057%
2025-05-21 12:50:35,445 - deteccion - INFO - Oportunidad encontrada (A->B->C->A): USDC -> BTC -> CHZ -> USDC
2025-05-21 12:50:35,445 - deteccion - INFO - Pares: BTCUSDC, CHZBTC, CHZUSDC
2025-05-21 12:50:35,445 - deteccion - INFO - Precios: 109745.67, 4.2e-07, 0.04621
2025-05-21 12:50:35,445 - deteccion - INFO - Factores: 9.11197680965454e-06, 2380952.380952381, 0.04621
2025-05-21 12:50:35,445 - deteccion - INFO - Rentabilidad Bruta: 0.253440%
2025-05-21 12:50:35,446 - deteccion - INFO - Oportunidad encontrada (A->B->C->A): USDC -> BTC -> ZEN -> USDC
2025-05-21 12:50:35,446 - deteccion - INFO - Pares: BTCUSDC, ZENBTC, ZENUSDC
2025-05-21 12:50:35,446 - deteccion - INFO - Precios: 109745.67, 9.17e-05, 10.07
2025-05-21 12:50:35,446 - deteccion - INFO - Factores: 9.11197680965454e-06, 10905.125408942202, 10.07
2025-05-21 12:50:35,446 - deteccion - INFO - Rentabilidad Bruta: 0.062821%
2025-05-21 12:50:35,447 - deteccion - INFO - Oportunidad encontrada (A->B->C->A): USDC -> AUD -> ADA -> USDC
2025-05-21 12:50:35,447 - deteccion - INFO - Pares: AUDUSDC, ADAAUD, ADAUSDC
2025-05-21 12:50:35,447 - deteccion - INFO - Precios: 0.6477, 0.5054, 0.7817
2025-05-21 12:50:35,447 - deteccion - INFO - Factores: 1.543924656476764, 1.9786307874950535, 0.7817
2025-05-21 12:50:35,447 - deteccion - INFO - Rentabilidad Bruta: 138.798161%
2025-05-21 12:50:35,447 - deteccion - INFO - Oportunidad encontrada (A->B->C->A): USDC -> AUD -> XRP -> USDC
2025-05-21 12:50:35,448 - deteccion - INFO - Pares: AUDUSDC, XRPAUD, XRPUSDC
2025-05-21 12:50:35,448 - deteccion - INFO - Precios: 0.6477, 0.7, 2.4291
2025-05-21 12:50:35,448 - deteccion - INFO - Factores: 1.543924656476764, 1.4285714285714286, 2.4291
2025-05-21 12:50:35,448 - deteccion - INFO - Rentabilidad Bruta: 435.763912%
2025-05-21 12:50:35,448 - deteccion - INFO - Oportunidad encontrada (A->B->C->A): USDC -> AUD -> USDT -> USDC
2025-05-21 12:50:35,448 - deteccion - INFO - Pares: AUDUSDC, AUDUSDT, USDCUSDT
2025-05-21 12:50:35,449 - deteccion - INFO - Precios: 0.6477, 0.7252, 0.9994
2025-05-21 12:50:35,449 - deteccion - INFO - Factores: 1.543924656476764, 0.7252, 1.0006003602161297
2025-05-21 12:50:35,449 - deteccion - INFO - Rentabilidad Bruta: 12.032636%
2025-05-21 12:50:35,449 - deteccion - INFO - Oportunidad encontrada (A->B->C->A): USDC -> AUD -> FTM -> USDC
2025-05-21 12:50:35,449 - deteccion - INFO - Pares: AUDUSDC, FTMAUD, FTMUSDC
2025-05-21 12:50:35,450 - deteccion - INFO - Precios: 0.6477, 0.42, 0.6986
2025-05-21 12:50:35,450 - deteccion - INFO - Factores: 1.543924656476764, 2.380952380952381, 0.6986
2025-05-21 12:50:35,450 - deteccion - INFO - Rentabilidad Bruta: 156.806135%
2025-05-21 12:50:35,451 - deteccion - INFO - Oportunidad encontrada (A->B->C->A): USDC -> ADA -> USDT -> USDC
2025-05-21 12:50:35,451 - deteccion - INFO - Pares: ADAUSDC, ADAUSDT, USDCUSDT
2025-05-21 12:50:35,451 - deteccion - INFO - Precios: 0.7817, 0.7813, 0.9994
2025-05-21 12:50:35,451 - deteccion - INFO - Factores: 1.2792631444288092, 0.7813, 1.0006003602161297
2025-05-21 12:50:35,452 - deteccion - INFO - Rentabilidad Bruta: 0.008835%
2025-05-21 12:50:35,452 - deteccion - INFO - Oportunidad encontrada (A->B->C->A): USDC -> USDT -> TRX -> USDC
2025-05-21 12:50:35,452 - deteccion - INFO - Pares: USDCUSDT, TRXUSDT, TRXUSDC
2025-05-21 12:50:35,452 - deteccion - INFO - Precios: 0.9994, 0.2738, 0.274
2025-05-21 12:50:35,452 - deteccion - INFO - Factores: 0.9994, 3.652300949598247, 0.274
2025-05-21 12:50:35,453 - deteccion - INFO - Rentabilidad Bruta: 0.013002%
2025-05-21 12:50:35,453 - deteccion - INFO - Oportunidad encontrada (A->B->C->A): USDC -> USDT -> HIVE -> USDC
2025-05-21 12:50:35,453 - deteccion - INFO - Pares: USDCUSDT, HIVEUSDT, HIVEUSDC
2025-05-21 12:50:35,453 - deteccion - INFO - Precios: 0.9994, 0.266, 0.2664
2025-05-21 12:50:35,453 - deteccion - INFO - Factores: 0.9994, 3.7593984962406015, 0.2664
2025-05-21 12:50:35,453 - deteccion - INFO - Rentabilidad Bruta: 0.090286%
2025-05-21 12:50:35,454 - deteccion - INFO - Oportunidad encontrada (A->B->C->A): USDC -> USDT -> ZEC -> USDC
2025-05-21 12:50:35,454 - deteccion - INFO - Pares: USDCUSDT, ZECUSDT, ZECUSDC
2025-05-21 12:50:35,454 - deteccion - INFO - Precios: 0.9994, 42.03, 55.8
2025-05-21 12:50:35,454 - deteccion - INFO - Factores: 0.9994, 0.0237925291458482, 55.8
2025-05-21 12:50:35,454 - deteccion - INFO - Rentabilidad Bruta: 32.682655%
2025-05-21 12:50:35,455 - deteccion - INFO - Oportunidad encontrada (A->B->C->A): USDC -> USDT -> STX -> USDC
2025-05-21 12:50:35,455 - deteccion - INFO - Pares: USDCUSDT, STXUSDT, STXUSDC
2025-05-21 12:50:35,455 - deteccion - INFO - Precios: 0.9994, 0.945, 0.947
2025-05-21 12:50:35,455 - deteccion - INFO - Factores: 0.9994, 1.0582010582010584, 0.947
2025-05-21 12:50:35,455 - deteccion - INFO - Rentabilidad Bruta: 0.151513%
2025-05-21 12:50:35,455 - deteccion - INFO - Oportunidad encontrada (A->B->C->A): USDC -> USDT -> CHZ -> USDC
2025-05-21 12:50:35,456 - deteccion - INFO - Pares: USDCUSDT, CHZUSDT, CHZUSDC
2025-05-21 12:50:35,456 - deteccion - INFO - Precios: 0.9994, 0.04601, 0.04621
2025-05-21 12:50:35,456 - deteccion - INFO - Factores: 0.9994, 21.734405564007822, 0.04621
2025-05-21 12:50:35,456 - deteccion - INFO - Rentabilidad Bruta: 0.374427%
2025-05-21 12:50:35,456 - deteccion - INFO - Oportunidad encontrada (A->B->C->A): USDC -> USDT -> CVC -> USDC
2025-05-21 12:50:35,457 - deteccion - INFO - Pares: USDCUSDT, CVCUSDT, CVCUSDC
2025-05-21 12:50:35,457 - deteccion - INFO - Precios: 0.9994, 0.1469, 0.1472
2025-05-21 12:50:35,457 - deteccion - INFO - Factores: 0.9994, 6.807351940095303, 0.1472
2025-05-21 12:50:35,457 - deteccion - INFO - Rentabilidad Bruta: 0.144098%
2025-05-21 12:50:35,457 - deteccion - INFO - Oportunidad encontrada (A->B->C->A): USDC -> USDT -> HBAR -> USDC
2025-05-21 12:50:35,457 - deteccion - INFO - Pares: USDCUSDT, HBARUSDT, HBARUSDC
2025-05-21 12:50:35,458 - deteccion - INFO - Precios: 0.9994, 0.20198, 0.20213
2025-05-21 12:50:35,458 - deteccion - INFO - Factores: 0.9994, 4.950985246063967, 0.20213
2025-05-21 12:50:35,458 - deteccion - INFO - Rentabilidad Bruta: 0.014220%
2025-05-21 12:50:35,458 - deteccion - INFO - Oportunidad encontrada (A->B->C->A): USDC -> USDT -> ONT -> USDC
2025-05-21 12:50:35,458 - deteccion - INFO - Pares: USDCUSDT, ONTUSDT, ONTUSDC
2025-05-21 12:50:35,459 - deteccion - INFO - Precios: 0.9994, 0.1546, 0.1547
2025-05-21 12:50:35,459 - deteccion - INFO - Factores: 0.9994, 6.46830530401035, 0.1547
2025-05-21 12:50:35,459 - deteccion - INFO - Rentabilidad Bruta: 0.004644%
2025-05-21 12:50:35,459 - deteccion - INFO - Oportunidad encontrada (A->B->C->A): USDC -> USDT -> ZEN -> USDC
2025-05-21 12:50:35,459 - deteccion - INFO - Pares: USDCUSDT, ZENUSDT, ZENUSDC
2025-05-21 12:50:35,459 - deteccion - INFO - Precios: 0.9994, 10.06, 10.07
2025-05-21 12:50:35,460 - deteccion - INFO - Factores: 0.9994, 0.09940357852882703, 10.07
2025-05-21 12:50:35,460 - deteccion - INFO - Rentabilidad Bruta: 0.039344%
2025-05-21 12:50:35,461 - deteccion - INFO - Oportunidad encontrada (A->B->C->A): GBP -> ETH -> MATIC -> GBP
2025-05-21 12:50:35,461 - deteccion - INFO - Pares: ETHGBP, MATICETH, MATICGBP
2025-05-21 12:50:35,461 - deteccion - INFO - Precios: 1974.32, 0.0001616, 0.819
2025-05-21 12:50:35,461 - deteccion - INFO - Factores: 0.0005065035050042546, 6188.118811881188, 0.819
2025-05-21 12:50:35,461 - deteccion - INFO - Rentabilidad Bruta: 156.699487%
2025-05-21 12:50:35,461 - deteccion - INFO - Oportunidad encontrada (A->B->C->A): GBP -> ETH -> LINK -> GBP
2025-05-21 12:50:35,462 - deteccion - INFO - Pares: ETHGBP, LINKETH, LINKGBP
2025-05-21 12:50:35,462 - deteccion - INFO - Precios: 1974.32, 0.0063, 13.173
2025-05-21 12:50:35,462 - deteccion - INFO - Factores: 0.0005065035050042546, 158.73015873015873, 13.173
2025-05-21 12:50:35,462 - deteccion - INFO - Rentabilidad Bruta: 5.907471%
2025-05-21 12:50:35,463 - deteccion - INFO - Oportunidad encontrada (A->B->C->A): GBP -> ETH -> USDT -> GBP
2025-05-21 12:50:35,463 - deteccion - INFO - Pares: ETHGBP, ETHUSDT, GBPUSDT
2025-05-21 12:50:35,463 - deteccion - INFO - Precios: 1974.32, 2610.25, 1.18
2025-05-21 12:50:35,464 - deteccion - INFO - Factores: 0.0005065035050042546, 2610.25, 0.8474576271186441
2025-05-21 12:50:35,464 - deteccion - INFO - Rentabilidad Bruta: 12.042438%
2025-05-21 12:50:35,464 - deteccion - INFO - Oportunidad encontrada (A->B->C->A): GBP -> ETH -> ENJ -> GBP
2025-05-21 12:50:35,464 - deteccion - INFO - Pares: ETHGBP, ENJETH, ENJGBP
2025-05-21 12:50:35,465 - deteccion - INFO - Precios: 1974.32, 6.172e-05, 0.3676
2025-05-21 12:50:35,465 - deteccion - INFO - Factores: 0.0005065035050042546, 16202.203499675956, 0.3676
2025-05-21 12:50:35,465 - deteccion - INFO - Rentabilidad Bruta: 201.669942%
2025-05-21 12:50:35,466 - deteccion - INFO - Oportunidad encontrada (A->B->C->A): GBP -> LINK -> USDT -> GBP
2025-05-21 12:50:35,466 - deteccion - INFO - Pares: LINKGBP, LINKUSDT, GBPUSDT
2025-05-21 12:50:35,466 - deteccion - INFO - Precios: 13.173, 16.45, 1.18
2025-05-21 12:50:35,467 - deteccion - INFO - Factores: 0.07591285204585137, 16.45, 0.8474576271186441
2025-05-21 12:50:35,467 - deteccion - INFO - Rentabilidad Bruta: 5.827662%
2025-05-21 12:50:35,467 - deteccion - INFO - Oportunidad encontrada (A->B->C->A): GBP -> DOGE -> BTC -> GBP
2025-05-21 12:50:35,468 - deteccion - INFO - Pares: DOGEGBP, DOGEBTC, BTCGBP
2025-05-21 12:50:35,468 - deteccion - INFO - Precios: 0.07759, 2.16e-06, 35986.75
2025-05-21 12:50:35,468 - deteccion - INFO - Factores: 12.888258796236627, 2.16e-06, 35986.75
2025-05-21 12:50:35,468 - deteccion - INFO - Rentabilidad Bruta: 0.182214%
2025-05-21 12:50:35,469 - deteccion - INFO - Oportunidad encontrada (A->B->C->A): GBP -> DOGE -> USDT -> GBP
2025-05-21 12:50:35,469 - deteccion - INFO - Pares: DOGEGBP, DOGEUSDT, GBPUSDT
2025-05-21 12:50:35,469 - deteccion - INFO - Precios: 0.07759, 0.23735, 1.18
2025-05-21 12:50:35,469 - deteccion - INFO - Factores: 12.888258796236627, 0.23735, 0.8474576271186441
2025-05-21 12:50:35,469 - deteccion - INFO - Rentabilidad Bruta: 159.239680%
2025-05-21 12:50:35,470 - deteccion - INFO - Oportunidad encontrada (A->B->C->A): GBP -> BTC -> ADA -> GBP
2025-05-21 12:50:35,470 - deteccion - INFO - Pares: BTCGBP, ADABTC, ADAGBP
2025-05-21 12:50:35,470 - deteccion - INFO - Precios: 35986.75, 7.12e-06, 0.513
2025-05-21 12:50:35,470 - deteccion - INFO - Factores: 2.7788005307509012e-05, 140449.4382022472, 0.513
2025-05-21 12:50:35,470 - deteccion - INFO - Rentabilidad Bruta: 100.214139%
2025-05-21 12:50:35,470 - deteccion - INFO - Oportunidad encontrada (A->B->C->A): GBP -> BTC -> USDT -> GBP
2025-05-21 12:50:35,471 - deteccion - INFO - Pares: BTCGBP, BTCUSDT, GBPUSDT
2025-05-21 12:50:35,471 - deteccion - INFO - Precios: 35986.75, 109693.0, 1.18
2025-05-21 12:50:35,471 - deteccion - INFO - Factores: 2.7788005307509012e-05, 109693.0, 0.8474576271186441
2025-05-21 12:50:35,471 - deteccion - INFO - Rentabilidad Bruta: 158.317768%
2025-05-21 12:50:35,471 - deteccion - INFO - Oportunidad encontrada (A->B->C->A): GBP -> BTC -> CHZ -> GBP
2025-05-21 12:50:35,472 - deteccion - INFO - Pares: BTCGBP, CHZBTC, CHZGBP
2025-05-21 12:50:35,472 - deteccion - INFO - Precios: 35986.75, 4.2e-07, 0.0572
2025-05-21 12:50:35,472 - deteccion - INFO - Factores: 2.7788005307509012e-05, 2380952.380952381, 0.0572
2025-05-21 12:50:35,472 - deteccion - INFO - Rentabilidad Bruta: 278.446168%
2025-05-21 12:50:35,473 - deteccion - INFO - Oportunidad encontrada (A->B->C->A): GBP -> BTC -> RUNE -> GBP
2025-05-21 12:50:35,473 - deteccion - INFO - Pares: BTCGBP, RUNEBTC, RUNEGBP
2025-05-21 12:50:35,473 - deteccion - INFO - Precios: 35986.75, 1.788e-05, 1.278
2025-05-21 12:50:35,473 - deteccion - INFO - Factores: 2.7788005307509012e-05, 55928.411633109616, 1.278
2025-05-21 12:50:35,473 - deteccion - INFO - Rentabilidad Bruta: 98.618964%
2025-05-21 12:50:35,474 - deteccion - INFO - Oportunidad encontrada (A->B->C->A): GBP -> ADA -> USDT -> GBP
2025-05-21 12:50:35,474 - deteccion - INFO - Pares: ADAGBP, ADAUSDT, GBPUSDT
2025-05-21 12:50:35,474 - deteccion - INFO - Precios: 0.513, 0.7813, 1.18
2025-05-21 12:50:35,474 - deteccion - INFO - Factores: 1.949317738791423, 0.7813, 0.8474576271186441
2025-05-21 12:50:35,474 - deteccion - INFO - Rentabilidad Bruta: 29.067962%
2025-05-21 12:50:35,475 - deteccion - INFO - Oportunidad encontrada (A->B->C->A): GBP -> XRP -> USDT -> GBP
2025-05-21 12:50:35,475 - deteccion - INFO - Pares: XRPGBP, XRPUSDT, GBPUSDT
2025-05-21 12:50:35,475 - deteccion - INFO - Precios: 0.5257, 2.4275, 1.18
2025-05-21 12:50:35,475 - deteccion - INFO - Factores: 1.9022256039566294, 2.4275, 0.8474576271186441
2025-05-21 12:50:35,475 - deteccion - INFO - Rentabilidad Bruta: 291.326496%
2025-05-21 12:50:35,476 - deteccion - INFO - Oportunidad encontrada (A->B->C->A): GBP -> USDT -> CHZ -> GBP
2025-05-21 12:50:35,476 - deteccion - INFO - Pares: GBPUSDT, CHZUSDT, CHZGBP
2025-05-21 12:50:35,476 - deteccion - INFO - Precios: 1.18, 0.04601, 0.0572
2025-05-21 12:50:35,476 - deteccion - INFO - Factores: 1.18, 21.734405564007822, 0.0572
2025-05-21 12:50:35,476 - deteccion - INFO - Rentabilidad Bruta: 46.698544%
2025-05-21 12:50:35,476 - deteccion - INFO - Oportunidad encontrada (A->B->C->A): GBP -> USDT -> ENJ -> GBP
2025-05-21 12:50:35,477 - deteccion - INFO - Pares: GBPUSDT, ENJUSDT, ENJGBP
2025-05-21 12:50:35,477 - deteccion - INFO - Precios: 1.18, 0.0921, 0.3676
2025-05-21 12:50:35,477 - deteccion - INFO - Factores: 1.18, 10.857763300760043, 0.3676
2025-05-21 12:50:35,477 - deteccion - INFO - Rentabilidad Bruta: 370.975027%
2025-05-21 12:50:35,479 - deteccion - INFO - Oportunidad encontrada (A->B->C->A): TUSD -> ETH -> MATIC -> TUSD
2025-05-21 12:50:35,480 - deteccion - INFO - Pares: ETHTUSD, MATICETH, MATICTUSD
2025-05-21 12:50:35,480 - deteccion - INFO - Precios: 2612.04, 0.0001616, 0.5043
2025-05-21 12:50:35,480 - deteccion - INFO - Factores: 0.00038284252921088496, 6188.118811881188, 0.5043
2025-05-21 12:50:35,480 - deteccion - INFO - Rentabilidad Bruta: 19.472455%
2025-05-21 12:50:35,481 - deteccion - INFO - Oportunidad encontrada (A->B->C->A): TUSD -> ETH -> BTC -> TUSD
2025-05-21 12:50:35,481 - deteccion - INFO - Pares: ETHTUSD, ETHBTC, BTCTUSD
2025-05-21 12:50:35,481 - deteccion - INFO - Precios: 2612.04, 0.0238, 109772.61
2025-05-21 12:50:35,481 - deteccion - INFO - Factores: 0.00038284252921088496, 0.0238, 109772.61
2025-05-21 12:50:35,481 - deteccion - INFO - Rentabilidad Bruta: 0.020984%
2025-05-21 12:50:35,482 - deteccion - INFO - Oportunidad encontrada (A->B->C->A): TUSD -> ETH -> USDT -> TUSD
2025-05-21 12:50:35,482 - deteccion - INFO - Pares: ETHTUSD, ETHUSDT, TUSDUSDT
2025-05-21 12:50:35,482 - deteccion - INFO - Precios: 2612.04, 2610.25, 0.9992
2025-05-21 12:50:35,483 - deteccion - INFO - Factores: 0.00038284252921088496, 2610.25, 1.00080064051241
2025-05-21 12:50:35,483 - deteccion - INFO - Rentabilidad Bruta: 0.011480%
2025-05-21 12:50:35,483 - deteccion - INFO - Oportunidad encontrada (A->B->C->A): TUSD -> ETH -> RUNE -> TUSD
2025-05-21 12:50:35,484 - deteccion - INFO - Pares: ETHTUSD, RUNEETH, RUNETUSD
2025-05-21 12:50:35,484 - deteccion - INFO - Precios: 2612.04, 0.0007545, 5.501
2025-05-21 12:50:35,484 - deteccion - INFO - Factores: 0.00038284252921088496, 1325.3810470510273, 5.501
2025-05-21 12:50:35,485 - deteccion - INFO - Rentabilidad Bruta: 179.127469%
2025-05-21 12:50:35,485 - deteccion - INFO - Oportunidad encontrada (A->B->C->A): TUSD -> MATIC -> BTC -> TUSD
2025-05-21 12:50:35,485 - deteccion - INFO - Pares: MATICTUSD, MATICBTC, BTCTUSD
2025-05-21 12:50:35,485 - deteccion - INFO - Precios: 0.5043, 6.67e-06, 109772.61
2025-05-21 12:50:35,485 - deteccion - INFO - Factores: 1.98294665873488, 6.67e-06, 109772.61
2025-05-21 12:50:35,486 - deteccion - INFO - Rentabilidad Bruta: 45.188045%
2025-05-21 12:50:35,486 - deteccion - INFO - Oportunidad encontrada (A->B->C->A): TUSD -> LINK -> BTC -> TUSD
2025-05-21 12:50:35,486 - deteccion - INFO - Pares: LINKTUSD, LINKBTC, BTCTUSD
2025-05-21 12:50:35,486 - deteccion - INFO - Precios: 14.423, 0.0001499, 109772.61
2025-05-21 12:50:35,486 - deteccion - INFO - Factores: 0.06933370311308328, 0.0001499, 109772.61
2025-05-21 12:50:35,487 - deteccion - INFO - Rentabilidad Bruta: 14.088014%
2025-05-21 12:50:35,487 - deteccion - INFO - Oportunidad encontrada (A->B->C->A): TUSD -> LINK -> USDT -> TUSD
2025-05-21 12:50:35,487 - deteccion - INFO - Pares: LINKTUSD, LINKUSDT, TUSDUSDT
2025-05-21 12:50:35,487 - deteccion - INFO - Precios: 14.423, 16.45, 0.9992
2025-05-21 12:50:35,487 - deteccion - INFO - Factores: 0.06933370311308328, 16.45, 1.00080064051241
2025-05-21 12:50:35,488 - deteccion - INFO - Rentabilidad Bruta: 14.145258%
2025-05-21 12:50:35,488 - deteccion - INFO - Oportunidad encontrada (A->B->C->A): TUSD -> DOGE -> BTC -> TUSD
2025-05-21 12:50:35,488 - deteccion - INFO - Pares: DOGETUSD, DOGEBTC, BTCTUSD
2025-05-21 12:50:35,488 - deteccion - INFO - Precios: 0.23182, 2.16e-06, 109772.61
2025-05-21 12:50:35,488 - deteccion - INFO - Factores: 4.3136916573203345, 2.16e-06, 109772.61
2025-05-21 12:50:35,488 - deteccion - INFO - Rentabilidad Bruta: 2.281441%
2025-05-21 12:50:35,489 - deteccion - INFO - Oportunidad encontrada (A->B->C->A): TUSD -> DOGE -> USDT -> TUSD
2025-05-21 12:50:35,489 - deteccion - INFO - Pares: DOGETUSD, DOGEUSDT, TUSDUSDT
2025-05-21 12:50:35,489 - deteccion - INFO - Precios: 0.23182, 0.23735, 0.9992
2025-05-21 12:50:35,489 - deteccion - INFO - Factores: 4.3136916573203345, 0.23735, 1.00080064051241
2025-05-21 12:50:35,489 - deteccion - INFO - Rentabilidad Bruta: 2.467445%
2025-05-21 12:50:35,490 - deteccion - INFO - Oportunidad encontrada (A->B->C->A): TUSD -> BTC -> USDT -> TUSD
2025-05-21 12:50:35,490 - deteccion - INFO - Pares: BTCTUSD, BTCUSDT, TUSDUSDT
2025-05-21 12:50:35,490 - deteccion - INFO - Precios: 109772.61, 109693.0, 0.9992
2025-05-21 12:50:35,490 - deteccion - INFO - Factores: 9.1097405810065e-06, 109693.0, 1.00080064051241
2025-05-21 12:50:35,490 - deteccion - INFO - Rentabilidad Bruta: 0.007483%
2025-05-21 12:50:35,491 - deteccion - INFO - Oportunidad encontrada (A->B->C->A): TUSD -> BTC -> RUNE -> TUSD
2025-05-21 12:50:35,491 - deteccion - INFO - Pares: BTCTUSD, RUNEBTC, RUNETUSD
2025-05-21 12:50:35,491 - deteccion - INFO - Precios: 109772.61, 1.788e-05, 5.501
2025-05-21 12:50:35,491 - deteccion - INFO - Factores: 9.1097405810065e-06, 55928.411633109616, 5.501
2025-05-21 12:50:35,491 - deteccion - INFO - Rentabilidad Bruta: 180.272276%
2025-05-21 12:50:35,492 - deteccion - INFO - Oportunidad encontrada (A->B->C->A): TUSD -> BTC -> COMP -> TUSD
2025-05-21 12:50:35,492 - deteccion - INFO - Pares: BTCTUSD, COMPBTC, COMPTUSD
2025-05-21 12:50:35,492 - deteccion - INFO - Precios: 109772.61, 0.000406, 84.22
2025-05-21 12:50:35,492 - deteccion - INFO - Factores: 9.1097405810065e-06, 2463.054187192118, 84.22
2025-05-21 12:50:35,492 - deteccion - INFO - Rentabilidad Bruta: 88.971023%
2025-05-21 12:50:35,493 - deteccion - INFO - Oportunidad encontrada (A->B->C->A): TUSD -> ADA -> USDT -> TUSD
2025-05-21 12:50:35,493 - deteccion - INFO - Pares: ADATUSD, ADAUSDT, TUSDUSDT
2025-05-21 12:50:35,493 - deteccion - INFO - Precios: 0.3847, 0.7813, 0.9992
2025-05-21 12:50:35,493 - deteccion - INFO - Factores: 2.5994281258123215, 0.7813, 1.00080064051241
2025-05-21 12:50:35,493 - deteccion - INFO - Rentabilidad Bruta: 103.255924%
2025-05-21 12:50:35,494 - deteccion - INFO - Oportunidad encontrada (A->B->C->A): TUSD -> XRP -> USDT -> TUSD
2025-05-21 12:50:35,494 - deteccion - INFO - Pares: XRPTUSD, XRPUSDT, TUSDUSDT
2025-05-21 12:50:35,494 - deteccion - INFO - Precios: 2.4244, 2.4275, 0.9992
2025-05-21 12:50:35,494 - deteccion - INFO - Factores: 0.41247318924269927, 2.4275, 1.00080064051241
2025-05-21 12:50:35,495 - deteccion - INFO - Rentabilidad Bruta: 0.208033%
2025-05-21 12:50:35,495 - deteccion - INFO - Oportunidad encontrada (A->B->C->A): TUSD -> USDT -> RUNE -> TUSD
2025-05-21 12:50:35,495 - deteccion - INFO - Pares: TUSDUSDT, RUNEUSDT, RUNETUSD
2025-05-21 12:50:35,495 - deteccion - INFO - Precios: 0.9992, 1.96, 5.501
2025-05-21 12:50:35,496 - deteccion - INFO - Factores: 0.9992, 0.5102040816326531, 5.501
2025-05-21 12:50:35,496 - deteccion - INFO - Rentabilidad Bruta: 180.438735%
2025-05-21 12:50:35,496 - deteccion - INFO - Oportunidad encontrada (A->B->C->A): TUSD -> USDT -> COMP -> TUSD
2025-05-21 12:50:35,496 - deteccion - INFO - Pares: TUSDUSDT, COMPUSDT, COMPTUSD
2025-05-21 12:50:35,496 - deteccion - INFO - Precios: 0.9992, 44.55, 84.22
2025-05-21 12:50:35,497 - deteccion - INFO - Factores: 0.9992, 0.022446689113355782, 84.22
2025-05-21 12:50:35,497 - deteccion - INFO - Rentabilidad Bruta: 88.894779%
2025-05-21 12:50:35,498 - deteccion - INFO - Oportunidad encontrada (A->B->C->A): ETH -> MATIC -> BTC -> ETH
2025-05-21 12:50:35,498 - deteccion - INFO - Pares: MATICETH, MATICBTC, ETHBTC
2025-05-21 12:50:35,498 - deteccion - INFO - Precios: 0.0001616, 6.67e-06, 0.0238
2025-05-21 12:50:35,498 - deteccion - INFO - Factores: 6188.118811881188, 6.67e-06, 42.016806722689076
2025-05-21 12:50:35,498 - deteccion - INFO - Rentabilidad Bruta: 73.423330%
2025-05-21 12:50:35,498 - deteccion - INFO - Oportunidad encontrada (A->B->C->A): ETH -> MATIC -> AUD -> ETH
2025-05-21 12:50:35,499 - deteccion - INFO - Pares: MATICETH, MATICAUD, ETHAUD
2025-05-21 12:50:35,499 - deteccion - INFO - Precios: 0.0001616, 1.2141, 2565.09
2025-05-21 12:50:35,499 - deteccion - INFO - Factores: 6188.118811881188, 1.2141, 0.0003898498688155191
2025-05-21 12:50:35,500 - deteccion - INFO - Rentabilidad Bruta: 192.894013%
2025-05-21 12:50:35,500 - deteccion - INFO - Oportunidad encontrada (A->B->C->A): ETH -> LINK -> USDT -> ETH
2025-05-21 12:50:35,501 - deteccion - INFO - Pares: LINKETH, LINKUSDT, ETHUSDT
2025-05-21 12:50:35,501 - deteccion - INFO - Precios: 0.0063, 16.45, 2610.25
2025-05-21 12:50:35,501 - deteccion - INFO - Factores: 158.73015873015873, 16.45, 0.00038310506656450533
2025-05-21 12:50:35,501 - deteccion - INFO - Rentabilidad Bruta: 0.032990%
2025-05-21 12:50:35,502 - deteccion - INFO - Oportunidad encontrada (A->B->C->A): ETH -> ALGO -> BTC -> ETH
2025-05-21 12:50:35,502 - deteccion - INFO - Pares: ALGOETH, ALGOBTC, ETHBTC
2025-05-21 12:50:35,502 - deteccion - INFO - Precios: 4.447e-05, 2.12e-06, 0.0238
2025-05-21 12:50:35,502 - deteccion - INFO - Factores: 22487.069934787498, 2.12e-06, 42.016806722689076
2025-05-21 12:50:35,502 - deteccion - INFO - Rentabilidad Bruta: 100.304993%
2025-05-21 12:50:35,503 - deteccion - INFO - Oportunidad encontrada (A->B->C->A): ETH -> ALGO -> USDT -> ETH
2025-05-21 12:50:35,503 - deteccion - INFO - Pares: ALGOETH, ALGOUSDT, ETHUSDT
2025-05-21 12:50:35,503 - deteccion - INFO - Precios: 4.447e-05, 0.2327, 2610.25
2025-05-21 12:50:35,503 - deteccion - INFO - Factores: 22487.069934787498, 0.2327, 0.00038310506656450533
2025-05-21 12:50:35,503 - deteccion - INFO - Rentabilidad Bruta: 100.468966%
2025-05-21 12:50:35,504 - deteccion - INFO - Oportunidad encontrada (A->B->C->A): ETH -> BTC -> ADA -> ETH
2025-05-21 12:50:35,504 - deteccion - INFO - Pares: ETHBTC, ADABTC, ADAETH
2025-05-21 12:50:35,504 - deteccion - INFO - Precios: 0.0238, 7.12e-06, 0.0002993
2025-05-21 12:50:35,504 - deteccion - INFO - Factores: 0.0238, 140449.4382022472, 0.0002993
2025-05-21 12:50:35,504 - deteccion - INFO - Rentabilidad Bruta: 0.046910%
2025-05-21 12:50:35,505 - deteccion - INFO - Oportunidad encontrada (A->B->C->A): ETH -> BTC -> XRP -> ETH
2025-05-21 12:50:35,505 - deteccion - INFO - Pares: ETHBTC, XRPBTC, XRPETH
2025-05-21 12:50:35,505 - deteccion - INFO - Precios: 0.0238, 2.213e-05, 0.0009301
2025-05-21 12:50:35,505 - deteccion - INFO - Factores: 0.0238, 45187.52824220515, 0.0009301
2025-05-21 12:50:35,505 - deteccion - INFO - Rentabilidad Bruta: 0.028830%
2025-05-21 12:50:35,505 - deteccion - INFO - Oportunidad encontrada (A->B->C->A): ETH -> BTC -> USDT -> ETH
2025-05-21 12:50:35,506 - deteccion - INFO - Pares: ETHBTC, BTCUSDT, ETHUSDT
2025-05-21 12:50:35,506 - deteccion - INFO - Precios: 0.0238, 109693.0, 2610.25
2025-05-21 12:50:35,506 - deteccion - INFO - Factores: 0.0238, 109693.0, 0.00038310506656450533
2025-05-21 12:50:35,506 - deteccion - INFO - Rentabilidad Bruta: 0.016987%
2025-05-21 12:50:35,506 - deteccion - INFO - Oportunidad encontrada (A->B->C->A): ETH -> BTC -> MTL -> ETH
2025-05-21 12:50:35,507 - deteccion - INFO - Pares: ETHBTC, MTLBTC, MTLETH
2025-05-21 12:50:35,507 - deteccion - INFO - Precios: 0.0238, 7.61e-06, 0.0006834
2025-05-21 12:50:35,507 - deteccion - INFO - Factores: 0.0238, 131406.0446780552, 0.0006834
2025-05-21 12:50:35,507 - deteccion - INFO - Rentabilidad Bruta: 113.730880%
2025-05-21 12:50:35,508 - deteccion - INFO - Oportunidad encontrada (A->B->C->A): ETH -> BTC -> KNC -> ETH
2025-05-21 12:50:35,508 - deteccion - INFO - Pares: ETHBTC, KNCBTC, KNCETH
2025-05-21 12:50:35,508 - deteccion - INFO - Precios: 0.0238, 3.43e-06, 0.0003941
2025-05-21 12:50:35,508 - deteccion - INFO - Factores: 0.0238, 291545.1895043732, 0.0003941
2025-05-21 12:50:35,508 - deteccion - INFO - Rentabilidad Bruta: 173.457143%
2025-05-21 12:50:35,509 - deteccion - INFO - Oportunidad encontrada (A->B->C->A): ETH -> BTC -> LSK -> ETH
2025-05-21 12:50:35,509 - deteccion - INFO - Pares: ETHBTC, LSKBTC, LSKETH
2025-05-21 12:50:35,509 - deteccion - INFO - Precios: 0.0238, 4.92e-06, 0.0003373
2025-05-21 12:50:35,509 - deteccion - INFO - Factores: 0.0238, 203252.03252032519, 0.0003373
2025-05-21 12:50:35,510 - deteccion - INFO - Rentabilidad Bruta: 63.165447%
2025-05-21 12:50:35,510 - deteccion - INFO - Oportunidad encontrada (A->B->C->A): ETH -> BTC -> CHR -> ETH
2025-05-21 12:50:35,510 - deteccion - INFO - Pares: ETHBTC, CHRBTC, CHRETH
2025-05-21 12:50:35,510 - deteccion - INFO - Precios: 0.0238, 9.7e-07, 7.08e-05
2025-05-21 12:50:35,511 - deteccion - INFO - Factores: 0.0238, 1030927.8350515463, 7.08e-05
2025-05-21 12:50:35,511 - deteccion - INFO - Rentabilidad Bruta: 73.715464%
2025-05-21 12:50:35,511 - deteccion - INFO - Oportunidad encontrada (A->B->C->A): ETH -> BTC -> NEO -> ETH
2025-05-21 12:50:35,511 - deteccion - INFO - Pares: ETHBTC, NEOBTC, NEOETH
2025-05-21 12:50:35,511 - deteccion - INFO - Precios: 0.0238, 6.17e-05, 0.004775
2025-05-21 12:50:35,511 - deteccion - INFO - Factores: 0.0238, 16207.45542949757, 0.004775
2025-05-21 12:50:35,512 - deteccion - INFO - Rentabilidad Bruta: 84.189627%
2025-05-21 12:50:35,512 - deteccion - INFO - Oportunidad encontrada (A->B->C->A): ETH -> BTC -> RUNE -> ETH
2025-05-21 12:50:35,512 - deteccion - INFO - Pares: ETHBTC, RUNEBTC, RUNEETH
2025-05-21 12:50:35,512 - deteccion - INFO - Precios: 0.0238, 1.788e-05, 0.0007545
2025-05-21 12:50:35,512 - deteccion - INFO - Factores: 0.0238, 55928.411633109616, 0.0007545
2025-05-21 12:50:35,512 - deteccion - INFO - Rentabilidad Bruta: 0.431208%
2025-05-21 12:50:35,513 - deteccion - INFO - Oportunidad encontrada (A->B->C->A): ETH -> BTC -> ENJ -> ETH
2025-05-21 12:50:35,513 - deteccion - INFO - Pares: ETHBTC, ENJBTC, ENJETH
2025-05-21 12:50:35,513 - deteccion - INFO - Precios: 0.0238, 8.4e-07, 6.172e-05
2025-05-21 12:50:35,513 - deteccion - INFO - Factores: 0.0238, 1190476.1904761905, 6.172e-05
2025-05-21 12:50:35,513 - deteccion - INFO - Rentabilidad Bruta: 74.873333%
2025-05-21 12:50:35,513 - deteccion - INFO - Oportunidad encontrada (A->B->C->A): ETH -> BTC -> BAT -> ETH
2025-05-21 12:50:35,514 - deteccion - INFO - Pares: ETHBTC, BATBTC, BATETH
2025-05-21 12:50:35,514 - deteccion - INFO - Precios: 0.0238, 1.39e-06, 0.0001063
2025-05-21 12:50:35,514 - deteccion - INFO - Factores: 0.0238, 719424.4604316547, 0.0001063
2025-05-21 12:50:35,514 - deteccion - INFO - Rentabilidad Bruta: 82.010072%
2025-05-21 12:50:35,514 - deteccion - INFO - Oportunidad encontrada (A->B->C->A): ETH -> BTC -> LOOM -> ETH
2025-05-21 12:50:35,514 - deteccion - INFO - Pares: ETHBTC, LOOMBTC, LOOMETH
2025-05-21 12:50:35,515 - deteccion - INFO - Precios: 0.0238, 7.5e-07, 3.231e-05
2025-05-21 12:50:35,515 - deteccion - INFO - Factores: 0.0238, 1333333.3333333333, 3.231e-05
2025-05-21 12:50:35,515 - deteccion - INFO - Rentabilidad Bruta: 2.530400%
2025-05-21 12:50:35,515 - deteccion - INFO - Oportunidad encontrada (A->B->C->A): ETH -> BTC -> ONT -> ETH
2025-05-21 12:50:35,516 - deteccion - INFO - Pares: ETHBTC, ONTBTC, ONTETH
2025-05-21 12:50:35,516 - deteccion - INFO - Precios: 0.0238, 1.41e-06, 0.0001253
2025-05-21 12:50:35,516 - deteccion - INFO - Factores: 0.0238, 709219.8581560283, 0.0001253
2025-05-21 12:50:35,516 - deteccion - INFO - Rentabilidad Bruta: 111.499291%
2025-05-21 12:50:35,517 - deteccion - INFO - Oportunidad encontrada (A->B->C->A): ETH -> BTC -> SNX -> ETH
2025-05-21 12:50:35,517 - deteccion - INFO - Pares: ETHBTC, SNXBTC, SNXETH
2025-05-21 12:50:35,517 - deteccion - INFO - Precios: 0.0238, 7.62e-06, 0.000768
2025-05-21 12:50:35,518 - deteccion - INFO - Factores: 0.0238, 131233.59580052493, 0.000768
2025-05-21 12:50:35,518 - deteccion - INFO - Rentabilidad Bruta: 139.874016%
2025-05-21 12:50:35,518 - deteccion - INFO - Oportunidad encontrada (A->B->C->A): ETH -> BTC -> WAN -> ETH
2025-05-21 12:50:35,518 - deteccion - INFO - Pares: ETHBTC, WANBTC, WANETH
2025-05-21 12:50:35,519 - deteccion - INFO - Precios: 0.0238, 1.16e-06, 9.27e-05
2025-05-21 12:50:35,519 - deteccion - INFO - Factores: 0.0238, 862068.9655172415, 9.27e-05
2025-05-21 12:50:35,519 - deteccion - INFO - Rentabilidad Bruta: 90.194828%
2025-05-21 12:50:35,519 - deteccion - INFO - Oportunidad encontrada (A->B->C->A): ETH -> BTC -> ELF -> ETH
2025-05-21 12:50:35,519 - deteccion - INFO - Pares: ETHBTC, ELFBTC, ELFETH
2025-05-21 12:50:35,520 - deteccion - INFO - Precios: 0.0238, 2.74e-06, 0.0001433
2025-05-21 12:50:35,520 - deteccion - INFO - Factores: 0.0238, 364963.503649635, 0.0001433
2025-05-21 12:50:35,520 - deteccion - INFO - Rentabilidad Bruta: 24.472263%
2025-05-21 12:50:35,520 - deteccion - INFO - Oportunidad encontrada (A->B->C->A): ETH -> BTC -> POWR -> ETH
2025-05-21 12:50:35,520 - deteccion - INFO - Pares: ETHBTC, POWRBTC, POWRETH
2025-05-21 12:50:35,521 - deteccion - INFO - Precios: 0.0238, 1.7e-06, 7.19e-05
2025-05-21 12:50:35,521 - deteccion - INFO - Factores: 0.0238, 588235.2941176471, 7.19e-05
2025-05-21 12:50:35,521 - deteccion - INFO - Rentabilidad Bruta: 0.660000%
2025-05-21 12:50:35,521 - deteccion - INFO - Oportunidad encontrada (A->B->C->A): ETH -> BTC -> IOTX -> ETH
2025-05-21 12:50:35,521 - deteccion - INFO - Pares: ETHBTC, IOTXBTC, IOTXETH
2025-05-21 12:50:35,521 - deteccion - INFO - Precios: 0.0238, 1.9e-07, 8.21e-06
2025-05-21 12:50:35,522 - deteccion - INFO - Factores: 0.0238, 5263157.894736842, 8.21e-06
2025-05-21 12:50:35,522 - deteccion - INFO - Rentabilidad Bruta: 2.841053%
2025-05-21 12:50:35,522 - deteccion - INFO - Oportunidad encontrada (A->B->C->A): ETH -> BTC -> ZEN -> ETH
2025-05-21 12:50:35,522 - deteccion - INFO - Pares: ETHBTC, ZENBTC, ZENETH
2025-05-21 12:50:35,522 - deteccion - INFO - Precios: 0.0238, 9.17e-05, 0.003991
2025-05-21 12:50:35,522 - deteccion - INFO - Factores: 0.0238, 10905.125408942202, 0.003991
2025-05-21 12:50:35,523 - deteccion - INFO - Rentabilidad Bruta: 3.583206%
2025-05-21 12:50:35,523 - deteccion - INFO - Oportunidad encontrada (A->B->C->A): ETH -> AUD -> ADA -> ETH
2025-05-21 12:50:35,523 - deteccion - INFO - Pares: ETHAUD, ADAAUD, ADAETH
2025-05-21 12:50:35,523 - deteccion - INFO - Precios: 2565.09, 0.5054, 0.0002993
2025-05-21 12:50:35,523 - deteccion - INFO - Factores: 2565.09, 1.9786307874950535, 0.0002993
2025-05-21 12:50:35,523 - deteccion - INFO - Rentabilidad Bruta: 51.905706%
2025-05-21 12:50:35,524 - deteccion - INFO - Oportunidad encontrada (A->B->C->A): ETH -> AUD -> XRP -> ETH
2025-05-21 12:50:35,524 - deteccion - INFO - Pares: ETHAUD, XRPAUD, XRPETH
2025-05-21 12:50:35,524 - deteccion - INFO - Precios: 2565.09, 0.7, 0.0009301
2025-05-21 12:50:35,524 - deteccion - INFO - Factores: 2565.09, 1.4285714285714286, 0.0009301
2025-05-21 12:50:35,524 - deteccion - INFO - Rentabilidad Bruta: 240.827173%
2025-05-21 12:50:35,525 - deteccion - INFO - Oportunidad encontrada (A->B->C->A): ETH -> AUD -> FTM -> ETH
2025-05-21 12:50:35,525 - deteccion - INFO - Pares: ETHAUD, FTMAUD, FTMETH
2025-05-21 12:50:35,525 - deteccion - INFO - Precios: 2565.09, 0.42, 0.0002148
2025-05-21 12:50:35,525 - deteccion - INFO - Factores: 2565.09, 2.380952380952381, 0.0002148
2025-05-21 12:50:35,526 - deteccion - INFO - Rentabilidad Bruta: 31.186031%
2025-05-21 12:50:35,526 - deteccion - INFO - Oportunidad encontrada (A->B->C->A): ETH -> ADA -> USDT -> ETH
2025-05-21 12:50:35,526 - deteccion - INFO - Pares: ADAETH, ADAUSDT, ETHUSDT
2025-05-21 12:50:35,526 - deteccion - INFO - Precios: 0.0002993, 0.7813, 2610.25
2025-05-21 12:50:35,527 - deteccion - INFO - Factores: 3341.1293017039757, 0.7813, 0.00038310506656450533
2025-05-21 12:50:35,527 - deteccion - INFO - Rentabilidad Bruta: 0.006678%
2025-05-21 12:50:35,527 - deteccion - INFO - Oportunidad encontrada (A->B->C->A): ETH -> USDT -> FTT -> ETH
2025-05-21 12:50:35,528 - deteccion - INFO - Pares: ETHUSDT, FTTUSDT, FTTETH
2025-05-21 12:50:35,528 - deteccion - INFO - Precios: 2610.25, 1.2653, 0.001141
2025-05-21 12:50:35,528 - deteccion - INFO - Factores: 2610.25, 0.7903264048051845, 0.001141
2025-05-21 12:50:35,528 - deteccion - INFO - Rentabilidad Bruta: 135.382538%
2025-05-21 12:50:35,529 - deteccion - INFO - Oportunidad encontrada (A->B->C->A): ETH -> USDT -> MTL -> ETH
2025-05-21 12:50:35,529 - deteccion - INFO - Pares: ETHUSDT, MTLUSDT, MTLETH
2025-05-21 12:50:35,529 - deteccion - INFO - Precios: 2610.25, 0.836, 0.0006834
2025-05-21 12:50:35,529 - deteccion - INFO - Factores: 2610.25, 1.1961722488038278, 0.0006834
2025-05-21 12:50:35,529 - deteccion - INFO - Rentabilidad Bruta: 113.378571%
2025-05-21 12:50:35,529 - deteccion - INFO - Oportunidad encontrada (A->B->C->A): ETH -> USDT -> OMG -> ETH
2025-05-21 12:50:35,530 - deteccion - INFO - Pares: ETHUSDT, OMGUSDT, OMGETH
2025-05-21 12:50:35,530 - deteccion - INFO - Precios: 2610.25, 0.383, 0.000791
2025-05-21 12:50:35,530 - deteccion - INFO - Factores: 2610.25, 2.6109660574412534, 0.000791
2025-05-21 12:50:35,530 - deteccion - INFO - Rentabilidad Bruta: 439.088185%
2025-05-21 12:50:35,530 - deteccion - INFO - Oportunidad encontrada (A->B->C->A): ETH -> USDT -> KNC -> ETH
2025-05-21 12:50:35,531 - deteccion - INFO - Pares: ETHUSDT, KNCUSDT, KNCETH
2025-05-21 12:50:35,531 - deteccion - INFO - Precios: 2610.25, 0.3771, 0.0003941
2025-05-21 12:50:35,531 - deteccion - INFO - Factores: 2610.25, 2.6518164942985947, 0.0003941
2025-05-21 12:50:35,531 - deteccion - INFO - Rentabilidad Bruta: 172.792237%
2025-05-21 12:50:35,531 - deteccion - INFO - Oportunidad encontrada (A->B->C->A): ETH -> USDT -> LSK -> ETH
2025-05-21 12:50:35,531 - deteccion - INFO - Pares: ETHUSDT, LSKUSDT, LSKETH
2025-05-21 12:50:35,532 - deteccion - INFO - Precios: 2610.25, 0.539, 0.0003373
2025-05-21 12:50:35,532 - deteccion - INFO - Factores: 2610.25, 1.8552875695732838, 0.0003373
2025-05-21 12:50:35,532 - deteccion - INFO - Rentabilidad Bruta: 63.346442%
2025-05-21 12:50:35,533 - deteccion - INFO - Oportunidad encontrada (A->B->C->A): ETH -> USDT -> MFT -> ETH
2025-05-21 12:50:35,533 - deteccion - INFO - Pares: ETHUSDT, MFTUSDT, MFTETH
2025-05-21 12:50:35,533 - deteccion - INFO - Precios: 2610.25, 0.005254, 4.33e-06
2025-05-21 12:50:35,533 - deteccion - INFO - Factores: 2610.25, 190.3311762466692, 4.33e-06
2025-05-21 12:50:35,534 - deteccion - INFO - Rentabilidad Bruta: 115.119576%
2025-05-21 12:50:35,534 - deteccion - INFO - Oportunidad encontrada (A->B->C->A): ETH -> USDT -> CHR -> ETH
2025-05-21 12:50:35,534 - deteccion - INFO - Pares: ETHUSDT, CHRUSDT, CHRETH
2025-05-21 12:50:35,535 - deteccion - INFO - Precios: 2610.25, 0.1077, 7.08e-05
2025-05-21 12:50:35,535 - deteccion - INFO - Factores: 2610.25, 9.285051067780872, 7.08e-05
2025-05-21 12:50:35,535 - deteccion - INFO - Rentabilidad Bruta: 71.593036%
2025-05-21 12:50:35,535 - deteccion - INFO - Oportunidad encontrada (A->B->C->A): ETH -> USDT -> NEO -> ETH
2025-05-21 12:50:35,535 - deteccion - INFO - Pares: ETHUSDT, NEOUSDT, NEOETH
2025-05-21 12:50:35,536 - deteccion - INFO - Precios: 2610.25, 6.77, 0.004775
2025-05-21 12:50:35,536 - deteccion - INFO - Factores: 2610.25, 0.14771048744460857, 0.004775
2025-05-21 12:50:35,536 - deteccion - INFO - Rentabilidad Bruta: 84.105521%
2025-05-21 12:50:35,536 - deteccion - INFO - Oportunidad encontrada (A->B->C->A): ETH -> USDT -> RUNE -> ETH
2025-05-21 12:50:35,536 - deteccion - INFO - Pares: ETHUSDT, RUNEUSDT, RUNEETH
2025-05-21 12:50:35,537 - deteccion - INFO - Precios: 2610.25, 1.96, 0.0007545
2025-05-21 12:50:35,537 - deteccion - INFO - Factores: 2610.25, 0.5102040816326531, 0.0007545
2025-05-21 12:50:35,537 - deteccion - INFO - Rentabilidad Bruta: 0.481307%
2025-05-21 12:50:35,537 - deteccion - INFO - Oportunidad encontrada (A->B->C->A): ETH -> USDT -> ENJ -> ETH
2025-05-21 12:50:35,537 - deteccion - INFO - Pares: ETHUSDT, ENJUSDT, ENJETH
2025-05-21 12:50:35,537 - deteccion - INFO - Precios: 2610.25, 0.0921, 6.172e-05
2025-05-21 12:50:35,538 - deteccion - INFO - Factores: 2610.25, 10.857763300760043, 6.172e-05
2025-05-21 12:50:35,538 - deteccion - INFO - Rentabilidad Bruta: 74.923594%
2025-05-21 12:50:35,538 - deteccion - INFO - Oportunidad encontrada (A->B->C->A): ETH -> USDT -> BAT -> ETH
2025-05-21 12:50:35,538 - deteccion - INFO - Pares: ETHUSDT, BATUSDT, BATETH
2025-05-21 12:50:35,538 - deteccion - INFO - Precios: 2610.25, 0.1517, 0.0001063
2025-05-21 12:50:35,538 - deteccion - INFO - Factores: 2610.25, 6.591957811470007, 0.0001063
2025-05-21 12:50:35,539 - deteccion - INFO - Rentabilidad Bruta: 82.906773%
2025-05-21 12:50:35,539 - deteccion - INFO - Oportunidad encontrada (A->B->C->A): ETH -> USDT -> LOOM -> ETH
2025-05-21 12:50:35,539 - deteccion - INFO - Pares: ETHUSDT, LOOMUSDT, LOOMETH
2025-05-21 12:50:35,539 - deteccion - INFO - Precios: 2610.25, 0.04831, 3.231e-05
2025-05-21 12:50:35,539 - deteccion - INFO - Factores: 2610.25, 20.6996481059822, 3.231e-05
2025-05-21 12:50:35,540 - deteccion - INFO - Rentabilidad Bruta: 74.574990%
2025-05-21 12:50:35,540 - deteccion - INFO - Oportunidad encontrada (A->B->C->A): ETH -> USDT -> ONT -> ETH
2025-05-21 12:50:35,540 - deteccion - INFO - Pares: ETHUSDT, ONTUSDT, ONTETH
2025-05-21 12:50:35,540 - deteccion - INFO - Precios: 2610.25, 0.1546, 0.0001253
2025-05-21 12:50:35,540 - deteccion - INFO - Factores: 2610.25, 6.46830530401035, 0.0001253
2025-05-21 12:50:35,541 - deteccion - INFO - Rentabilidad Bruta: 111.555191%
2025-05-21 12:50:35,541 - deteccion - INFO - Oportunidad encontrada (A->B->C->A): ETH -> USDT -> SNX -> ETH
2025-05-21 12:50:35,541 - deteccion - INFO - Pares: ETHUSDT, SNXUSDT, SNXETH
2025-05-21 12:50:35,541 - deteccion - INFO - Precios: 2610.25, 0.834, 0.000768
2025-05-21 12:50:35,541 - deteccion - INFO - Factores: 2610.25, 1.1990407673860912, 0.000768
2025-05-21 12:50:35,542 - deteccion - INFO - Rentabilidad Bruta: 140.368345%
2025-05-21 12:50:35,542 - deteccion - INFO - Oportunidad encontrada (A->B->C->A): ETH -> USDT -> WAN -> ETH
2025-05-21 12:50:35,542 - deteccion - INFO - Pares: ETHUSDT, WANUSDT, WANETH
2025-05-21 12:50:35,542 - deteccion - INFO - Precios: 2610.25, 0.1278, 9.27e-05
2025-05-21 12:50:35,542 - deteccion - INFO - Factores: 2610.25, 7.82472613458529, 9.27e-05
2025-05-21 12:50:35,543 - deteccion - INFO - Rentabilidad Bruta: 89.335035%
2025-05-21 12:50:35,543 - deteccion - INFO - Oportunidad encontrada (A->B->C->A): ETH -> USDT -> ELF -> ETH
2025-05-21 12:50:35,543 - deteccion - INFO - Pares: ETHUSDT, ELFUSDT, ELFETH
2025-05-21 12:50:35,543 - deteccion - INFO - Precios: 2610.25, 0.2272, 0.0001433
2025-05-21 12:50:35,543 - deteccion - INFO - Factores: 2610.25, 4.401408450704225, 0.0001433
2025-05-21 12:50:35,543 - deteccion - INFO - Rentabilidad Bruta: 64.634166%
2025-05-21 12:50:35,544 - deteccion - INFO - Oportunidad encontrada (A->B->C->A): ETH -> USDT -> POWR -> ETH
2025-05-21 12:50:35,544 - deteccion - INFO - Pares: ETHUSDT, POWRUSDT, POWRETH
2025-05-21 12:50:35,544 - deteccion - INFO - Precios: 2610.25, 0.1868, 7.19e-05
2025-05-21 12:50:35,544 - deteccion - INFO - Factores: 2610.25, 5.353319057815846, 7.19e-05
2025-05-21 12:50:35,544 - deteccion - INFO - Rentabilidad Bruta: 0.469473%
2025-05-21 12:50:35,545 - deteccion - INFO - Oportunidad encontrada (A->B->C->A): ETH -> USDT -> KEY -> ETH
2025-05-21 12:50:35,545 - deteccion - INFO - Pares: ETHUSDT, KEYUSDT, KEYETH
2025-05-21 12:50:35,545 - deteccion - INFO - Precios: 2610.25, 0.001253, 2.27e-06
2025-05-21 12:50:35,545 - deteccion - INFO - Factores: 2610.25, 798.0845969672786, 2.27e-06
2025-05-21 12:50:35,545 - deteccion - INFO - Rentabilidad Bruta: 372.886472%
2025-05-21 12:50:35,546 - deteccion - INFO - Oportunidad encontrada (A->B->C->A): ETH -> USDT -> ZEN -> ETH
2025-05-21 12:50:35,546 - deteccion - INFO - Pares: ETHUSDT, ZENUSDT, ZENETH
2025-05-21 12:50:35,546 - deteccion - INFO - Precios: 2610.25, 10.06, 0.003991
2025-05-21 12:50:35,547 - deteccion - INFO - Factores: 2610.25, 0.09940357852882703, 0.003991
2025-05-21 12:50:35,547 - deteccion - INFO - Rentabilidad Bruta: 3.553755%
2025-05-21 12:50:35,548 - deteccion - INFO - Oportunidad encontrada (A->B->C->A): MATIC -> BTC -> USDT -> MATIC
2025-05-21 12:50:35,548 - deteccion - INFO - Pares: MATICBTC, BTCUSDT, MATICUSDT
2025-05-21 12:50:35,548 - deteccion - INFO - Precios: 6.67e-06, 109693.0, 0.3794
2025-05-21 12:50:35,548 - deteccion - INFO - Factores: 6.67e-06, 109693.0, 2.635740643120717
2025-05-21 12:50:35,549 - deteccion - INFO - Rentabilidad Bruta: 92.844573%
2025-05-21 12:50:35,549 - deteccion - INFO - Oportunidad encontrada (A->B->C->A): MATIC -> AUD -> USDT -> MATIC
2025-05-21 12:50:35,550 - deteccion - INFO - Pares: MATICAUD, AUDUSDT, MATICUSDT
2025-05-21 12:50:35,550 - deteccion - INFO - Precios: 1.2141, 0.7252, 0.3794
2025-05-21 12:50:35,550 - deteccion - INFO - Factores: 1.2141, 0.7252, 2.635740643120717
2025-05-21 12:50:35,551 - deteccion - INFO - Rentabilidad Bruta: 132.067823%
2025-05-21 12:50:35,553 - deteccion - INFO - Oportunidad encontrada (A->B->C->A): BTC -> AUD -> XRP -> BTC
2025-05-21 12:50:35,554 - deteccion - INFO - Pares: BTCAUD, XRPAUD, XRPBTC
2025-05-21 12:50:35,554 - deteccion - INFO - Precios: 37210.08, 0.7, 2.213e-05
2025-05-21 12:50:35,554 - deteccion - INFO - Factores: 37210.08, 1.4285714285714286, 2.213e-05
2025-05-21 12:50:35,554 - deteccion - INFO - Rentabilidad Bruta: 17.637010%
2025-05-21 12:50:35,555 - deteccion - INFO - Oportunidad encontrada (A->B->C->A): BTC -> ADA -> USDT -> BTC
2025-05-21 12:50:35,555 - deteccion - INFO - Pares: ADABTC, ADAUSDT, BTCUSDT
2025-05-21 12:50:35,555 - deteccion - INFO - Precios: 7.12e-06, 0.7813, 109693.0
2025-05-21 12:50:35,555 - deteccion - INFO - Factores: 140449.4382022472, 0.7813, 9.116352000583446e-06
2025-05-21 12:50:35,555 - deteccion - INFO - Rentabilidad Bruta: 0.036599%
2025-05-21 12:50:35,556 - deteccion - INFO - Oportunidad encontrada (A->B->C->A): BTC -> XRP -> TRX -> BTC
2025-05-21 12:50:35,556 - deteccion - INFO - Pares: XRPBTC, TRXXRP, TRXBTC
2025-05-21 12:50:35,556 - deteccion - INFO - Precios: 2.213e-05, 0.1128, 2.5e-06
2025-05-21 12:50:35,556 - deteccion - INFO - Factores: 45187.52824220515, 8.865248226950355, 2.5e-06
2025-05-21 12:50:35,556 - deteccion - INFO - Rentabilidad Bruta: 0.149664%
2025-05-21 12:50:35,557 - deteccion - INFO - Oportunidad encontrada (A->B->C->A): BTC -> USDT -> TRX -> BTC
2025-05-21 12:50:35,557 - deteccion - INFO - Pares: BTCUSDT, TRXUSDT, TRXBTC
2025-05-21 12:50:35,557 - deteccion - INFO - Precios: 109693.0, 0.2738, 2.5e-06
2025-05-21 12:50:35,557 - deteccion - INFO - Factores: 109693.0, 3.652300949598247, 2.5e-06
2025-05-21 12:50:35,557 - deteccion - INFO - Rentabilidad Bruta: 0.157962%
2025-05-21 12:50:35,558 - deteccion - INFO - Oportunidad encontrada (A->B->C->A): BTC -> USDT -> VITE -> BTC
2025-05-21 12:50:35,558 - deteccion - INFO - Pares: BTCUSDT, VITEUSDT, VITEBTC
2025-05-21 12:50:35,558 - deteccion - INFO - Precios: 109693.0, 0.00086, 7e-08
2025-05-21 12:50:35,558 - deteccion - INFO - Factores: 109693.0, 1162.7906976744187, 7e-08
2025-05-21 12:50:35,559 - deteccion - INFO - Rentabilidad Bruta: 792.850000%
2025-05-21 12:50:35,559 - deteccion - INFO - Oportunidad encontrada (A->B->C->A): BTC -> USDT -> ARK -> BTC
2025-05-21 12:50:35,559 - deteccion - INFO - Pares: BTCUSDT, ARKUSDT, ARKBTC
2025-05-21 12:50:35,560 - deteccion - INFO - Precios: 109693.0, 0.4272, 1.679e-05
2025-05-21 12:50:35,560 - deteccion - INFO - Factores: 109693.0, 2.340823970037453, 1.679e-05
2025-05-21 12:50:35,560 - deteccion - INFO - Rentabilidad Bruta: 331.120194%
2025-05-21 12:50:35,560 - deteccion - INFO - Oportunidad encontrada (A->B->C->A): BTC -> USDT -> HIVE -> BTC
2025-05-21 12:50:35,561 - deteccion - INFO - Pares: BTCUSDT, HIVEUSDT, HIVEBTC
2025-05-21 12:50:35,561 - deteccion - INFO - Precios: 109693.0, 0.266, 2.43e-06
2025-05-21 12:50:35,561 - deteccion - INFO - Factores: 109693.0, 3.7593984962406015, 2.43e-06
2025-05-21 12:50:35,561 - deteccion - INFO - Rentabilidad Bruta: 0.208267%
2025-05-21 12:50:35,561 - deteccion - INFO - Oportunidad encontrada (A->B->C->A): BTC -> USDT -> CTXC -> BTC
2025-05-21 12:50:35,562 - deteccion - INFO - Pares: BTCUSDT, CTXCUSDT, CTXCBTC
2025-05-21 12:50:35,562 - deteccion - INFO - Precios: 109693.0, 0.0634, 7.5e-07
2025-05-21 12:50:35,562 - deteccion - INFO - Factores: 109693.0, 15.772870662460567, 7.5e-07
2025-05-21 12:50:35,562 - deteccion - INFO - Rentabilidad Bruta: 29.763013%
2025-05-21 12:50:35,563 - deteccion - INFO - Oportunidad encontrada (A->B->C->A): BTC -> USDT -> ZEC -> BTC
2025-05-21 12:50:35,563 - deteccion - INFO - Pares: BTCUSDT, ZECUSDT, ZECBTC
2025-05-21 12:50:35,563 - deteccion - INFO - Precios: 109693.0, 42.03, 0.0003833
2025-05-21 12:50:35,563 - deteccion - INFO - Factores: 109693.0, 0.0237925291458482, 0.0003833
2025-05-21 12:50:35,564 - deteccion - INFO - Rentabilidad Bruta: 0.036467%
2025-05-21 12:50:35,564 - deteccion - INFO - Oportunidad encontrada (A->B->C->A): BTC -> USDT -> SRM -> BTC
2025-05-21 12:50:35,564 - deteccion - INFO - Pares: BTCUSDT, SRMUSDT, SRMBTC
2025-05-21 12:50:35,564 - deteccion - INFO - Precios: 109693.0, 0.24442, 1.523e-05
2025-05-21 12:50:35,564 - deteccion - INFO - Factores: 109693.0, 4.091318222731364, 1.523e-05
2025-05-21 12:50:35,565 - deteccion - INFO - Rentabilidad Bruta: 583.505601%
2025-05-21 12:50:35,565 - deteccion - INFO - Oportunidad encontrada (A->B->C->A): BTC -> USDT -> STX -> BTC
2025-05-21 12:50:35,565 - deteccion - INFO - Pares: BTCUSDT, STXUSDT, STXBTC
2025-05-21 12:50:35,565 - deteccion - INFO - Precios: 109693.0, 0.945, 8.62e-06
2025-05-21 12:50:35,566 - deteccion - INFO - Factores: 109693.0, 1.0582010582010584, 8.62e-06
2025-05-21 12:50:35,566 - deteccion - INFO - Rentabilidad Bruta: 0.058588%
2025-05-21 12:50:35,567 - deteccion - INFO - Oportunidad encontrada (A->B->C->A): BTC -> USDT -> FTT -> BTC
2025-05-21 12:50:35,567 - deteccion - INFO - Pares: BTCUSDT, FTTUSDT, FTTBTC
2025-05-21 12:50:35,567 - deteccion - INFO - Precios: 109693.0, 1.2653, 8.56e-05
2025-05-21 12:50:35,568 - deteccion - INFO - Factores: 109693.0, 0.7903264048051845, 8.56e-05
2025-05-21 12:50:35,568 - deteccion - INFO - Rentabilidad Bruta: 642.094428%
2025-05-21 12:50:35,568 - deteccion - INFO - Oportunidad encontrada (A->B->C->A): BTC -> USDT -> FTM -> BTC
2025-05-21 12:50:35,569 - deteccion - INFO - Pares: BTCUSDT, FTMUSDT, FTMBTC
2025-05-21 12:50:35,569 - deteccion - INFO - Precios: 109693.0, 0.6994, 7.43e-06
2025-05-21 12:50:35,569 - deteccion - INFO - Factores: 109693.0, 1.429796968830426, 7.43e-06
2025-05-21 12:50:35,570 - deteccion - INFO - Rentabilidad Bruta: 16.531168%
2025-05-21 12:50:35,570 - deteccion - INFO - Oportunidad encontrada (A->B->C->A): BTC -> USDT -> OAX -> BTC
2025-05-21 12:50:35,570 - deteccion - INFO - Pares: BTCUSDT, OAXUSDT, OAXBTC
2025-05-21 12:50:35,570 - deteccion - INFO - Precios: 109693.0, 0.0358, 3.8e-07
2025-05-21 12:50:35,571 - deteccion - INFO - Factores: 109693.0, 27.932960893854748, 3.8e-07
2025-05-21 12:50:35,571 - deteccion - INFO - Rentabilidad Bruta: 16.433911%
2025-05-21 12:50:35,571 - deteccion - INFO - Oportunidad encontrada (A->B->C->A): BTC -> USDT -> TOMO -> BTC
2025-05-21 12:50:35,571 - deteccion - INFO - Pares: BTCUSDT, TOMOUSDT, TOMOBTC
2025-05-21 12:50:35,571 - deteccion - INFO - Precios: 109693.0, 1.3819, 3.699e-05
2025-05-21 12:50:35,572 - deteccion - INFO - Factores: 109693.0, 0.7236413633403286, 3.699e-05
2025-05-21 12:50:35,572 - deteccion - INFO - Rentabilidad Bruta: 193.620672%
2025-05-21 12:50:35,572 - deteccion - INFO - Oportunidad encontrada (A->B->C->A): BTC -> USDT -> CHZ -> BTC
2025-05-21 12:50:35,572 - deteccion - INFO - Pares: BTCUSDT, CHZUSDT, CHZBTC
2025-05-21 12:50:35,573 - deteccion - INFO - Precios: 109693.0, 0.04601, 4.2e-07
2025-05-21 12:50:35,573 - deteccion - INFO - Factores: 109693.0, 21.734405564007822, 4.2e-07
2025-05-21 12:50:35,573 - deteccion - INFO - Rentabilidad Bruta: 0.132710%
2025-05-21 12:50:35,573 - deteccion - INFO - Oportunidad encontrada (A->B->C->A): BTC -> USDT -> TCT -> BTC
2025-05-21 12:50:35,574 - deteccion - INFO - Pares: BTCUSDT, TCTUSDT, TCTBTC
2025-05-21 12:50:35,574 - deteccion - INFO - Precios: 109693.0, 0.00312, 1.6e-07
2025-05-21 12:50:35,574 - deteccion - INFO - Factores: 109693.0, 320.5128205128205, 1.6e-07
2025-05-21 12:50:35,574 - deteccion - INFO - Rentabilidad Bruta: 462.528205%
2025-05-21 12:50:35,575 - deteccion - INFO - Oportunidad encontrada (A->B->C->A): BTC -> USDT -> OMG -> BTC
2025-05-21 12:50:35,575 - deteccion - INFO - Pares: BTCUSDT, OMGUSDT, OMGBTC
2025-05-21 12:50:35,575 - deteccion - INFO - Precios: 109693.0, 0.383, 3.08e-05
2025-05-21 12:50:35,575 - deteccion - INFO - Factores: 109693.0, 2.6109660574412534, 3.08e-05
2025-05-21 12:50:35,575 - deteccion - INFO - Rentabilidad Bruta: 782.126475%
2025-05-21 12:50:35,576 - deteccion - INFO - Oportunidad encontrada (A->B->C->A): BTC -> USDT -> LSK -> BTC
2025-05-21 12:50:35,576 - deteccion - INFO - Pares: BTCUSDT, LSKUSDT, LSKBTC
2025-05-21 12:50:35,576 - deteccion - INFO - Precios: 109693.0, 0.539, 4.92e-06
2025-05-21 12:50:35,576 - deteccion - INFO - Factores: 109693.0, 1.8552875695732838, 4.92e-06
2025-05-21 12:50:35,576 - deteccion - INFO - Rentabilidad Bruta: 0.127933%
2025-05-21 12:50:35,577 - deteccion - INFO - Oportunidad encontrada (A->B->C->A): BTC -> USDT -> YFI -> BTC
2025-05-21 12:50:35,577 - deteccion - INFO - Pares: BTCUSDT, YFIUSDT, YFIBTC
2025-05-21 12:50:35,577 - deteccion - INFO - Precios: 109693.0, 5810.0, 0.053
2025-05-21 12:50:35,577 - deteccion - INFO - Factores: 109693.0, 0.00017211703958691912, 0.053
2025-05-21 12:50:35,577 - deteccion - INFO - Rentabilidad Bruta: 0.064182%
2025-05-21 12:50:35,578 - deteccion - INFO - Oportunidad encontrada (A->B->C->A): BTC -> USDT -> OGN -> BTC
2025-05-21 12:50:35,578 - deteccion - INFO - Pares: BTCUSDT, OGNUSDT, OGNBTC
2025-05-21 12:50:35,578 - deteccion - INFO - Precios: 109693.0, 0.0675, 6.2e-07
2025-05-21 12:50:35,578 - deteccion - INFO - Factores: 109693.0, 14.814814814814813, 6.2e-07
2025-05-21 12:50:35,578 - deteccion - INFO - Rentabilidad Bruta: 0.755052%
2025-05-21 12:50:35,579 - deteccion - INFO - Oportunidad encontrada (A->B->C->A): BTC -> USDT -> GTO -> BTC
2025-05-21 12:50:35,579 - deteccion - INFO - Pares: BTCUSDT, GTOUSDT, GTOBTC
2025-05-21 12:50:35,579 - deteccion - INFO - Precios: 109693.0, 0.01233, 7.7e-07
2025-05-21 12:50:35,579 - deteccion - INFO - Factores: 109693.0, 81.10300081103, 7.7e-07
2025-05-21 12:50:35,579 - deteccion - INFO - Rentabilidad Bruta: 585.025223%
2025-05-21 12:50:35,580 - deteccion - INFO - Oportunidad encontrada (A->B->C->A): BTC -> USDT -> MDT -> BTC
2025-05-21 12:50:35,580 - deteccion - INFO - Pares: BTCUSDT, MDTUSDT, MDTBTC
2025-05-21 12:50:35,580 - deteccion - INFO - Precios: 109693.0, 0.03003, 3e-07
2025-05-21 12:50:35,580 - deteccion - INFO - Factores: 109693.0, 33.3000333000333, 3e-07
2025-05-21 12:50:35,581 - deteccion - INFO - Rentabilidad Bruta: 9.583417%
2025-05-21 12:50:35,581 - deteccion - INFO - Oportunidad encontrada (A->B->C->A): BTC -> USDT -> CVC -> BTC
2025-05-21 12:50:35,581 - deteccion - INFO - Pares: BTCUSDT, CVCUSDT, CVCBTC
2025-05-21 12:50:35,581 - deteccion - INFO - Precios: 109693.0, 0.1469, 5.66e-06
2025-05-21 12:50:35,582 - deteccion - INFO - Factores: 109693.0, 6.807351940095303, 5.66e-06
2025-05-21 12:50:35,582 - deteccion - INFO - Rentabilidad Bruta: 322.642873%
2025-05-21 12:50:35,582 - deteccion - INFO - Oportunidad encontrada (A->B->C->A): BTC -> USDT -> HBAR -> BTC
2025-05-21 12:50:35,583 - deteccion - INFO - Pares: BTCUSDT, HBARUSDT, HBARBTC
2025-05-21 12:50:35,583 - deteccion - INFO - Precios: 109693.0, 0.20198, 1.85e-06
2025-05-21 12:50:35,584 - deteccion - INFO - Factores: 109693.0, 4.950985246063967, 1.85e-06
2025-05-21 12:50:35,584 - deteccion - INFO - Rentabilidad Bruta: 0.471359%
2025-05-21 12:50:35,584 - deteccion - INFO - Oportunidad encontrada (A->B->C->A): BTC -> USDT -> SXP -> BTC
2025-05-21 12:50:35,585 - deteccion - INFO - Pares: BTCUSDT, SXPUSDT, SXPBTC
2025-05-21 12:50:35,585 - deteccion - INFO - Precios: 109693.0, 0.2046, 1.87e-06
2025-05-21 12:50:35,585 - deteccion - INFO - Factores: 109693.0, 4.887585532746823, 1.87e-06
2025-05-21 12:50:35,586 - deteccion - INFO - Rentabilidad Bruta: 0.257043%
2025-05-21 12:50:35,586 - deteccion - INFO - Oportunidad encontrada (A->B->C->A): BTC -> USDT -> RUNE -> BTC
2025-05-21 12:50:35,586 - deteccion - INFO - Pares: BTCUSDT, RUNEUSDT, RUNEBTC
2025-05-21 12:50:35,587 - deteccion - INFO - Precios: 109693.0, 1.96, 1.788e-05
2025-05-21 12:50:35,587 - deteccion - INFO - Factores: 109693.0, 0.5102040816326531, 1.788e-05
2025-05-21 12:50:35,587 - deteccion - INFO - Rentabilidad Bruta: 0.066880%
2025-05-21 12:50:35,588 - deteccion - INFO - Oportunidad encontrada (A->B->C->A): BTC -> USDT -> ENJ -> BTC
2025-05-21 12:50:35,588 - deteccion - INFO - Pares: BTCUSDT, ENJUSDT, ENJBTC
2025-05-21 12:50:35,588 - deteccion - INFO - Precios: 109693.0, 0.0921, 8.4e-07
2025-05-21 12:50:35,589 - deteccion - INFO - Factores: 109693.0, 10.857763300760043, 8.4e-07
2025-05-21 12:50:35,589 - deteccion - INFO - Rentabilidad Bruta: 0.045733%
2025-05-21 12:50:35,589 - deteccion - INFO - Oportunidad encontrada (A->B->C->A): BTC -> USDT -> BAT -> BTC
2025-05-21 12:50:35,589 - deteccion - INFO - Pares: BTCUSDT, BATUSDT, BATBTC
2025-05-21 12:50:35,590 - deteccion - INFO - Precios: 109693.0, 0.1517, 1.39e-06
2025-05-21 12:50:35,590 - deteccion - INFO - Factores: 109693.0, 6.591957811470007, 1.39e-06
2025-05-21 12:50:35,590 - deteccion - INFO - Rentabilidad Bruta: 0.509736%
2025-05-21 12:50:35,591 - deteccion - INFO - Oportunidad encontrada (A->B->C->A): BTC -> USDT -> LOOM -> BTC
2025-05-21 12:50:35,591 - deteccion - INFO - Pares: BTCUSDT, LOOMUSDT, LOOMBTC
2025-05-21 12:50:35,591 - deteccion - INFO - Precios: 109693.0, 0.04831, 7.5e-07
2025-05-21 12:50:35,591 - deteccion - INFO - Factores: 109693.0, 20.6996481059822, 7.5e-07
2025-05-21 12:50:35,592 - deteccion - INFO - Rentabilidad Bruta: 70.295487%
2025-05-21 12:50:35,592 - deteccion - INFO - Oportunidad encontrada (A->B->C->A): BTC -> USDT -> FET -> BTC
2025-05-21 12:50:35,593 - deteccion - INFO - Pares: BTCUSDT, FETUSDT, FETBTC
2025-05-21 12:50:35,593 - deteccion - INFO - Precios: 109693.0, 0.828, 7.55e-06
2025-05-21 12:50:35,594 - deteccion - INFO - Factores: 109693.0, 1.2077294685990339, 7.55e-06
2025-05-21 12:50:35,594 - deteccion - INFO - Rentabilidad Bruta: 0.021999%
2025-05-21 12:50:35,594 - deteccion - INFO - Oportunidad encontrada (A->B->C->A): BTC -> USDT -> WAVES -> BTC
2025-05-21 12:50:35,595 - deteccion - INFO - Pares: BTCUSDT, WAVESUSDT, WAVESBTC
2025-05-21 12:50:35,595 - deteccion - INFO - Precios: 109693.0, 1.076, 1.626e-05
2025-05-21 12:50:35,595 - deteccion - INFO - Factores: 109693.0, 0.929368029739777, 1.626e-05
2025-05-21 12:50:35,596 - deteccion - INFO - Rentabilidad Bruta: 65.762842%
2025-05-21 12:50:35,596 - deteccion - INFO - Oportunidad encontrada (A->B->C->A): BTC -> USDT -> ONT -> BTC
2025-05-21 12:50:35,596 - deteccion - INFO - Pares: BTCUSDT, ONTUSDT, ONTBTC
2025-05-21 12:50:35,597 - deteccion - INFO - Precios: 109693.0, 0.1546, 1.41e-06
2025-05-21 12:50:35,597 - deteccion - INFO - Factores: 109693.0, 6.46830530401035, 1.41e-06
2025-05-21 12:50:35,597 - deteccion - INFO - Rentabilidad Bruta: 0.043422%
2025-05-21 12:50:35,598 - deteccion - INFO - Oportunidad encontrada (A->B->C->A): BTC -> USDT -> COS -> BTC
2025-05-21 12:50:35,598 - deteccion - INFO - Pares: BTCUSDT, COSUSDT, COSBTC
2025-05-21 12:50:35,598 - deteccion - INFO - Precios: 109693.0, 0.003876, 8e-08
2025-05-21 12:50:35,599 - deteccion - INFO - Factores: 109693.0, 257.99793601651186, 8e-08
2025-05-21 12:50:35,599 - deteccion - INFO - Rentabilidad Bruta: 126.404541%
2025-05-21 12:50:35,599 - deteccion - INFO - Oportunidad encontrada (A->B->C->A): BTC -> USDT -> BTS -> BTC
2025-05-21 12:50:35,600 - deteccion - INFO - Pares: BTCUSDT, BTSUSDT, BTSBTC
2025-05-21 12:50:35,600 - deteccion - INFO - Precios: 109693.0, 0.0054, 4.3e-07
2025-05-21 12:50:35,600 - deteccion - INFO - Factores: 109693.0, 185.18518518518516, 4.3e-07
2025-05-21 12:50:35,601 - deteccion - INFO - Rentabilidad Bruta: 773.481296%
2025-05-21 12:50:35,601 - deteccion - INFO - Oportunidad encontrada (A->B->C->A): BTC -> USDT -> IRIS -> BTC
2025-05-21 12:50:35,602 - deteccion - INFO - Pares: BTCUSDT, IRISUSDT, IRISBTC
2025-05-21 12:50:35,602 - deteccion - INFO - Precios: 109693.0, 0.00521, 1.4e-07
2025-05-21 12:50:35,602 - deteccion - INFO - Factores: 109693.0, 191.93857965451056, 1.4e-07
2025-05-21 12:50:35,603 - deteccion - INFO - Rentabilidad Bruta: 194.760461%
2025-05-21 12:50:35,603 - deteccion - INFO - Oportunidad encontrada (A->B->C->A): BTC -> USDT -> DOCK -> BTC
2025-05-21 12:50:35,603 - deteccion - INFO - Pares: BTCUSDT, DOCKUSDT, DOCKBTC
2025-05-21 12:50:35,604 - deteccion - INFO - Precios: 109693.0, 0.0039, 5e-08
2025-05-21 12:50:35,604 - deteccion - INFO - Factores: 109693.0, 256.4102564102564, 5e-08
2025-05-21 12:50:35,604 - deteccion - INFO - Rentabilidad Bruta: 40.632051%
2025-05-21 12:50:35,604 - deteccion - INFO - Oportunidad encontrada (A->B->C->A): BTC -> USDT -> SNX -> BTC
2025-05-21 12:50:35,605 - deteccion - INFO - Pares: BTCUSDT, SNXUSDT, SNXBTC
2025-05-21 12:50:35,605 - deteccion - INFO - Precios: 109693.0, 0.834, 7.62e-06
2025-05-21 12:50:35,605 - deteccion - INFO - Factores: 109693.0, 1.1990407673860912, 7.62e-06
2025-05-21 12:50:35,606 - deteccion - INFO - Rentabilidad Bruta: 0.223101%
2025-05-21 12:50:35,606 - deteccion - INFO - Oportunidad encontrada (A->B->C->A): BTC -> USDT -> REQ -> BTC
2025-05-21 12:50:35,606 - deteccion - INFO - Pares: BTCUSDT, REQUSDT, REQBTC
2025-05-21 12:50:35,606 - deteccion - INFO - Precios: 109693.0, 0.1544, 1.41e-06
2025-05-21 12:50:35,607 - deteccion - INFO - Factores: 109693.0, 6.476683937823834, 1.41e-06
2025-05-21 12:50:35,607 - deteccion - INFO - Rentabilidad Bruta: 0.173012%
2025-05-21 12:50:35,607 - deteccion - INFO - Oportunidad encontrada (A->B->C->A): BTC -> USDT -> ELF -> BTC
2025-05-21 12:50:35,608 - deteccion - INFO - Pares: BTCUSDT, ELFUSDT, ELFBTC
2025-05-21 12:50:35,608 - deteccion - INFO - Precios: 109693.0, 0.2272, 2.74e-06
2025-05-21 12:50:35,608 - deteccion - INFO - Factores: 109693.0, 4.401408450704225, 2.74e-06
2025-05-21 12:50:35,608 - deteccion - INFO - Rentabilidad Bruta: 32.288213%
2025-05-21 12:50:35,609 - deteccion - INFO - Oportunidad encontrada (A->B->C->A): BTC -> USDT -> STPT -> BTC
2025-05-21 12:50:35,609 - deteccion - INFO - Pares: BTCUSDT, STPTUSDT, STPTBTC
2025-05-21 12:50:35,609 - deteccion - INFO - Precios: 109693.0, 0.07042, 6.7e-07
2025-05-21 12:50:35,610 - deteccion - INFO - Factores: 109693.0, 14.200511218403863, 6.7e-07
2025-05-21 12:50:35,610 - deteccion - INFO - Rentabilidad Bruta: 4.365677%
2025-05-21 12:50:35,610 - deteccion - INFO - Oportunidad encontrada (A->B->C->A): BTC -> USDT -> XMR -> BTC
2025-05-21 12:50:35,610 - deteccion - INFO - Pares: BTCUSDT, XMRUSDT, XMRBTC
2025-05-21 12:50:35,611 - deteccion - INFO - Precios: 109693.0, 118.7, 0.002287
2025-05-21 12:50:35,611 - deteccion - INFO - Factores: 109693.0, 0.008424599831508003, 0.002287
2025-05-21 12:50:35,611 - deteccion - INFO - Rentabilidad Bruta: 111.346159%
2025-05-21 12:50:35,611 - deteccion - INFO - Oportunidad encontrada (A->B->C->A): BTC -> USDT -> DUSK -> BTC
2025-05-21 12:50:35,612 - deteccion - INFO - Pares: BTCUSDT, DUSKUSDT, DUSKBTC
2025-05-21 12:50:35,612 - deteccion - INFO - Precios: 109693.0, 0.0905, 8.3e-07
2025-05-21 12:50:35,612 - deteccion - INFO - Factores: 109693.0, 11.049723756906078, 8.3e-07
2025-05-21 12:50:35,612 - deteccion - INFO - Rentabilidad Bruta: 0.602420%
2025-05-21 12:50:35,613 - deteccion - INFO - Oportunidad encontrada (A->B->C->A): BTC -> USDT -> DREP -> BTC
2025-05-21 12:50:35,613 - deteccion - INFO - Pares: BTCUSDT, DREPUSDT, DREPBTC
2025-05-21 12:50:35,613 - deteccion - INFO - Precios: 109693.0, 0.0256, 3.9e-07
2025-05-21 12:50:35,613 - deteccion - INFO - Factores: 109693.0, 39.0625, 3.9e-07
2025-05-21 12:50:35,614 - deteccion - INFO - Rentabilidad Bruta: 67.110430%
2025-05-21 12:50:35,614 - deteccion - INFO - Oportunidad encontrada (A->B->C->A): BTC -> USDT -> BTG -> BTC
2025-05-21 12:50:35,614 - deteccion - INFO - Pares: BTCUSDT, BTGUSDT, BTGBTC
2025-05-21 12:50:35,615 - deteccion - INFO - Precios: 109693.0, 17.65, 0.000913
2025-05-21 12:50:35,615 - deteccion - INFO - Factores: 109693.0, 0.056657223796034, 0.000913
2025-05-21 12:50:35,615 - deteccion - INFO - Rentabilidad Bruta: 467.420448%
2025-05-21 12:50:35,615 - deteccion - INFO - Oportunidad encontrada (A->B->C->A): BTC -> USDT -> MANA -> BTC
2025-05-21 12:50:35,616 - deteccion - INFO - Pares: BTCUSDT, MANAUSDT, MANABTC
2025-05-21 12:50:35,616 - deteccion - INFO - Precios: 109693.0, 0.3297, 3.01e-06
2025-05-21 12:50:35,616 - deteccion - INFO - Factores: 109693.0, 3.0330603579011224, 3.01e-06
2025-05-21 12:50:35,617 - deteccion - INFO - Rentabilidad Bruta: 0.144352%
2025-05-21 12:50:35,617 - deteccion - INFO - Oportunidad encontrada (A->B->C->A): BTC -> USDT -> BAND -> BTC
2025-05-21 12:50:35,617 - deteccion - INFO - Pares: BTCUSDT, BANDUSDT, BANDBTC
2025-05-21 12:50:35,618 - deteccion - INFO - Precios: 109693.0, 0.787, 7.19e-06
2025-05-21 12:50:35,618 - deteccion - INFO - Factores: 109693.0, 1.2706480304955527, 7.19e-06
2025-05-21 12:50:35,618 - deteccion - INFO - Rentabilidad Bruta: 0.215079%
2025-05-21 12:50:35,619 - deteccion - INFO - Oportunidad encontrada (A->B->C->A): BTC -> USDT -> DNT -> BTC
2025-05-21 12:50:35,619 - deteccion - INFO - Pares: BTCUSDT, DNTUSDT, DNTBTC
2025-05-21 12:50:35,619 - deteccion - INFO - Precios: 109693.0, 0.036, 1.86e-06
2025-05-21 12:50:35,620 - deteccion - INFO - Factores: 109693.0, 27.77777777777778, 1.86e-06
2025-05-21 12:50:35,620 - deteccion - INFO - Rentabilidad Bruta: 466.747167%
2025-05-21 12:50:35,622 - deteccion - INFO - Oportunidad encontrada (A->B->C->A): AUD -> ADA -> USDT -> AUD
2025-05-21 12:50:35,622 - deteccion - INFO - Pares: ADAAUD, ADAUSDT, AUDUSDT
2025-05-21 12:50:35,623 - deteccion - INFO - Precios: 0.5054, 0.7813, 0.7252
2025-05-21 12:50:35,623 - deteccion - INFO - Factores: 1.9786307874950535, 0.7813, 1.378929950358522
2025-05-21 12:50:35,623 - deteccion - INFO - Rentabilidad Bruta: 113.169365%
2025-05-21 12:50:35,623 - deteccion - INFO - Oportunidad encontrada (A->B->C->A): AUD -> XRP -> USDT -> AUD
2025-05-21 12:50:35,624 - deteccion - INFO - Pares: XRPAUD, XRPUSDT, AUDUSDT
2025-05-21 12:50:35,624 - deteccion - INFO - Precios: 0.7, 2.4275, 0.7252
2025-05-21 12:50:35,624 - deteccion - INFO - Factores: 1.4285714285714286, 2.4275, 1.378929950358522
2025-05-21 12:50:35,624 - deteccion - INFO - Rentabilidad Bruta: 378.193208%
2025-05-21 12:50:35,627 - deteccion - INFO - Oportunidad encontrada (A->B->C->A): XRP -> USDT -> TRX -> XRP
2025-05-21 12:50:35,627 - deteccion - INFO - Pares: XRPUSDT, TRXUSDT, TRXXRP
2025-05-21 12:50:35,628 - deteccion - INFO - Precios: 2.4275, 0.2738, 0.1128
2025-05-21 12:50:35,628 - deteccion - INFO - Factores: 2.4275, 3.652300949598247, 0.1128
2025-05-21 12:50:35,628 - deteccion - INFO - Rentabilidad Bruta: 0.008035%
2025-05-21 12:50:35,647 - deteccion - INFO - Se filtraron 208 oportunidades con rentabilidad negativa o cero.
2025-05-21 12:56:03,556 - deteccion - INFO - Attempting to send 10 opportunities to webhook: https://c1ac-177-222-98-63.ngrok-free.app/webhook-test/arbitraje-oportunidad
2025-05-21 12:56:03,826 - deteccion - ERROR - Failed to send opportunity 1747846235-465 to webhook: 404 Client Error: Not Found for url: https://c1ac-177-222-98-63.ngrok-free.app/webhook-test/arbitraje-oportunidad
2025-05-21 12:56:04,034 - deteccion - ERROR - Failed to send opportunity 1747846235-412 to webhook: 404 Client Error: Not Found for url: https://c1ac-177-222-98-63.ngrok-free.app/webhook-test/arbitraje-oportunidad
2025-05-21 12:56:04,240 - deteccion - ERROR - Failed to send opportunity 1747846235-413 to webhook: 404 Client Error: Not Found for url: https://c1ac-177-222-98-63.ngrok-free.app/webhook-test/arbitraje-oportunidad
2025-05-21 12:56:04,443 - deteccion - ERROR - Failed to send opportunity 1747846235-332 to webhook: 404 Client Error: Not Found for url: https://c1ac-177-222-98-63.ngrok-free.app/webhook-test/arbitraje-oportunidad
2025-05-21 12:56:04,650 - deteccion - ERROR - Failed to send opportunity 1747846235-331 to webhook: 404 Client Error: Not Found for url: https://c1ac-177-222-98-63.ngrok-free.app/webhook-test/arbitraje-oportunidad
2025-05-21 12:56:04,856 - deteccion - ERROR - Failed to send opportunity 1747846235-368 to webhook: 404 Client Error: Not Found for url: https://c1ac-177-222-98-63.ngrok-free.app/webhook-test/arbitraje-oportunidad
2025-05-21 12:56:05,052 - deteccion - ERROR - Failed to send opportunity 1747846235-330 to webhook: 404 Client Error: Not Found for url: https://c1ac-177-222-98-63.ngrok-free.app/webhook-test/arbitraje-oportunidad
2025-05-21 12:56:05,236 - deteccion - ERROR - Failed to send opportunity 1747846235-111 to webhook: 404 Client Error: Not Found for url: https://c1ac-177-222-98-63.ngrok-free.app/webhook-test/arbitraje-oportunidad
2025-05-21 12:56:05,430 - deteccion - ERROR - Failed to send opportunity 1747846235-110 to webhook: 404 Client Error: Not Found for url: https://c1ac-177-222-98-63.ngrok-free.app/webhook-test/arbitraje-oportunidad
2025-05-21 12:56:05,615 - deteccion - ERROR - Failed to send opportunity 1747846235-118 to webhook: 404 Client Error: Not Found for url: https://c1ac-177-222-98-63.ngrok-free.app/webhook-test/arbitraje-oportunidad
2025-05-21 12:57:12,852 - deteccion - INFO - Attempting to send 10 opportunities to webhook: https://c1ac-177-222-98-63.ngrok-free.app/webhook-test/arbitraje-oportunidad
2025-05-21 12:57:13,122 - deteccion - ERROR - Failed to send opportunity 1747846235-465 to webhook: 404 Client Error: Not Found for url: https://c1ac-177-222-98-63.ngrok-free.app/webhook-test/arbitraje-oportunidad
2025-05-21 12:57:13,318 - deteccion - ERROR - Failed to send opportunity 1747846235-412 to webhook: 404 Client Error: Not Found for url: https://c1ac-177-222-98-63.ngrok-free.app/webhook-test/arbitraje-oportunidad
2025-05-21 12:57:13,507 - deteccion - ERROR - Failed to send opportunity 1747846235-413 to webhook: 404 Client Error: Not Found for url: https://c1ac-177-222-98-63.ngrok-free.app/webhook-test/arbitraje-oportunidad
2025-05-21 12:57:13,691 - deteccion - ERROR - Failed to send opportunity 1747846235-332 to webhook: 404 Client Error: Not Found for url: https://c1ac-177-222-98-63.ngrok-free.app/webhook-test/arbitraje-oportunidad
2025-05-21 12:57:13,886 - deteccion - ERROR - Failed to send opportunity 1747846235-331 to webhook: 404 Client Error: Not Found for url: https://c1ac-177-222-98-63.ngrok-free.app/webhook-test/arbitraje-oportunidad
2025-05-21 12:57:14,082 - deteccion - ERROR - Failed to send opportunity 1747846235-368 to webhook: 404 Client Error: Not Found for url: https://c1ac-177-222-98-63.ngrok-free.app/webhook-test/arbitraje-oportunidad
2025-05-21 12:57:14,285 - deteccion - ERROR - Failed to send opportunity 1747846235-330 to webhook: 404 Client Error: Not Found for url: https://c1ac-177-222-98-63.ngrok-free.app/webhook-test/arbitraje-oportunidad
2025-05-21 12:57:14,502 - deteccion - ERROR - Failed to send opportunity 1747846235-111 to webhook: 404 Client Error: Not Found for url: https://c1ac-177-222-98-63.ngrok-free.app/webhook-test/arbitraje-oportunidad
2025-05-21 12:57:14,699 - deteccion - ERROR - Failed to send opportunity 1747846235-110 to webhook: 404 Client Error: Not Found for url: https://c1ac-177-222-98-63.ngrok-free.app/webhook-test/arbitraje-oportunidad
2025-05-21 12:57:14,880 - deteccion - ERROR - Failed to send opportunity 1747846235-118 to webhook: 404 Client Error: Not Found for url: https://c1ac-177-222-98-63.ngrok-free.app/webhook-test/arbitraje-oportunidad
2025-05-21 12:58:08,617 - deteccion - INFO - Attempting to send 10 opportunities to webhook: https://c1ac-177-222-98-63.ngrok-free.app/webhook-test/arbitraje-oportunidad
2025-05-21 12:58:08,815 - deteccion - ERROR - Failed to send opportunity 1747846235-465 to webhook: 404 Client Error: Not Found for url: https://c1ac-177-222-98-63.ngrok-free.app/webhook-test/arbitraje-oportunidad
2025-05-21 12:58:09,027 - deteccion - ERROR - Failed to send opportunity 1747846235-412 to webhook: 404 Client Error: Not Found for url: https://c1ac-177-222-98-63.ngrok-free.app/webhook-test/arbitraje-oportunidad
2025-05-21 12:58:09,232 - deteccion - ERROR - Failed to send opportunity 1747846235-413 to webhook: 404 Client Error: Not Found for url: https://c1ac-177-222-98-63.ngrok-free.app/webhook-test/arbitraje-oportunidad
2025-05-21 12:58:09,426 - deteccion - ERROR - Failed to send opportunity 1747846235-332 to webhook: 404 Client Error: Not Found for url: https://c1ac-177-222-98-63.ngrok-free.app/webhook-test/arbitraje-oportunidad
2025-05-21 12:58:09,614 - deteccion - ERROR - Failed to send opportunity 1747846235-331 to webhook: 404 Client Error: Not Found for url: https://c1ac-177-222-98-63.ngrok-free.app/webhook-test/arbitraje-oportunidad
2025-05-21 12:58:09,814 - deteccion - ERROR - Failed to send opportunity 1747846235-368 to webhook: 404 Client Error: Not Found for url: https://c1ac-177-222-98-63.ngrok-free.app/webhook-test/arbitraje-oportunidad
2025-05-21 12:58:10,011 - deteccion - ERROR - Failed to send opportunity 1747846235-330 to webhook: 404 Client Error: Not Found for url: https://c1ac-177-222-98-63.ngrok-free.app/webhook-test/arbitraje-oportunidad
2025-05-21 12:58:10,191 - deteccion - ERROR - Failed to send opportunity 1747846235-111 to webhook: 404 Client Error: Not Found for url: https://c1ac-177-222-98-63.ngrok-free.app/webhook-test/arbitraje-oportunidad
2025-05-21 12:58:10,378 - deteccion - ERROR - Failed to send opportunity 1747846235-110 to webhook: 404 Client Error: Not Found for url: https://c1ac-177-222-98-63.ngrok-free.app/webhook-test/arbitraje-oportunidad
2025-05-21 12:58:10,579 - deteccion - ERROR - Failed to send opportunity 1747846235-118 to webhook: 404 Client Error: Not Found for url: https://c1ac-177-222-98-63.ngrok-free.app/webhook-test/arbitraje-oportunidad
2025-05-21 12:58:25,181 - deteccion - INFO - Attempting to send 10 opportunities to webhook: https://c1ac-177-222-98-63.ngrok-free.app/webhook-test/arbitraje-oportunidad
2025-05-21 12:58:25,434 - deteccion - ERROR - Failed to send opportunity 1747846235-465 to webhook: 404 Client Error: Not Found for url: https://c1ac-177-222-98-63.ngrok-free.app/webhook-test/arbitraje-oportunidad
2025-05-21 12:58:25,621 - deteccion - ERROR - Failed to send opportunity 1747846235-412 to webhook: 404 Client Error: Not Found for url: https://c1ac-177-222-98-63.ngrok-free.app/webhook-test/arbitraje-oportunidad
2025-05-21 12:58:25,810 - deteccion - ERROR - Failed to send opportunity 1747846235-413 to webhook: 404 Client Error: Not Found for url: https://c1ac-177-222-98-63.ngrok-free.app/webhook-test/arbitraje-oportunidad
2025-05-21 12:58:26,002 - deteccion - ERROR - Failed to send opportunity 1747846235-332 to webhook: 404 Client Error: Not Found for url: https://c1ac-177-222-98-63.ngrok-free.app/webhook-test/arbitraje-oportunidad
2025-05-21 12:58:26,194 - deteccion - ERROR - Failed to send opportunity 1747846235-331 to webhook: 404 Client Error: Not Found for url: https://c1ac-177-222-98-63.ngrok-free.app/webhook-test/arbitraje-oportunidad
2025-05-21 12:58:26,395 - deteccion - ERROR - Failed to send opportunity 1747846235-368 to webhook: 404 Client Error: Not Found for url: https://c1ac-177-222-98-63.ngrok-free.app/webhook-test/arbitraje-oportunidad
2025-05-21 12:58:26,580 - deteccion - ERROR - Failed to send opportunity 1747846235-330 to webhook: 404 Client Error: Not Found for url: https://c1ac-177-222-98-63.ngrok-free.app/webhook-test/arbitraje-oportunidad
2025-05-21 12:58:26,773 - deteccion - ERROR - Failed to send opportunity 1747846235-111 to webhook: 404 Client Error: Not Found for url: https://c1ac-177-222-98-63.ngrok-free.app/webhook-test/arbitraje-oportunidad
2025-05-21 12:58:26,972 - deteccion - ERROR - Failed to send opportunity 1747846235-110 to webhook: 404 Client Error: Not Found for url: https://c1ac-177-222-98-63.ngrok-free.app/webhook-test/arbitraje-oportunidad
2025-05-21 12:58:27,170 - deteccion - ERROR - Failed to send opportunity 1747846235-118 to webhook: 404 Client Error: Not Found for url: https://c1ac-177-222-98-63.ngrok-free.app/webhook-test/arbitraje-oportunidad
2025-05-21 20:55:15,282 - deteccion - INFO - logger:info:79 - === INICIANDO FETCH DE DATOS DE MERCADO ===
2025-05-21 20:55:15,283 - deteccion - INFO - logger:info:79 - Fetching market data (symbols and tickers), prioritizing Mobula...
2025-05-21 20:55:24,974 - deteccion - INFO - logger:info:79 - Obtenidos 100 símbolos desde Mobula.
2025-05-21 20:55:25,463 - deteccion - INFO - logger:info:79 - Obtenidos 2504 tickers válidos desde Binance (de 3113 totales).
2025-05-21 20:55:25,464 - deteccion - INFO - logger:info:79 - Market data fetch complete. Symbols: 100, Tickers: 2504.
2025-05-21 20:55:25,464 - deteccion - INFO - logger:info:79 - Sample symbols: ['ALGO', 'SAFU', 'FLD', 'VERSA', 'ASTRO']
2025-05-21 20:55:25,464 - deteccion - INFO - logger:info:79 - Sample tickers: {'ETHBTC': 0.0235, 'LTCBTC': 0.000891, 'BNBBTC': 0.006155, 'NEOBTC': 6.14e-05, 'QTUMETH': 0.000906}
2025-05-21 20:55:25,469 - deteccion - INFO - logger:info:79 - Datos de mercado guardados en caché: ./cache\market_data_20250521_205525.json
2025-05-21 20:55:25,469 - deteccion - INFO - logger:info:79 - Datos de mercado guardados en caché: ./cache\market_data_20250521_205525.json
2025-05-21 20:55:25,469 - deteccion - INFO - logger:info:79 - === FETCH DE DATOS DE MERCADO FINALIZADO. Símbolos: 100, Tickers: 2504 ===
2025-05-21 20:55:48,257 - deteccion - INFO - logger:info:79 - === INICIANDO BÚSQUEDA DE OPORTUNIDADES TRIANGULARES ===
2025-05-21 20:55:48,258 - deteccion - INFO - logger:info:79 - Parámetros de búsqueda: Umbral=0.5%, Capital=100.0
2025-05-21 20:55:48,258 - deteccion - INFO - logger:info:79 - Finding triangular opportunities...
2025-05-21 20:55:48,258 - deteccion - INFO - logger:info:79 - Análisis de coincidencia de símbolos (muestra de 1 símbolos):
2025-05-21 20:55:48,259 - deteccion - INFO - logger:info:79 - - Símbolo: EXAWBTC, Existe en tickers: False, Precio: None, Precio válido: False
2025-05-21 20:55:48,259 - deteccion - INFO - logger:info:79 - De la muestra analizada: 0 existen en tickers, 0 tienen precio válido
2025-05-21 20:55:48,259 - deteccion - INFO - logger:info:79 - Pocas coincidencias exactas, probando con coincidencia flexible de símbolos
2025-05-21 20:55:48,260 - deteccion - INFO - logger:info:79 - Coincidencia flexible: 'EXAWBTC' → 'WBTC' (precio: 9.1e-07)
2025-05-21 20:55:48,261 - deteccion - INFO - logger:info:79 - Símbolos activos con ticker válido: 1 de 1
2025-05-21 20:55:48,262 - deteccion - INFO - logger:info:79 - Muy pocos símbolos activos (1). Extrayendo monedas directamente de tickers
2025-05-21 20:55:48,264 - deteccion - INFO - logger:info:79 - Analizando 500 tickers para extraer monedas
2025-05-21 20:55:48,264 - deteccion - INFO - logger:info:79 - Extraídas 164 monedas directamente de tickers
2025-05-21 20:55:48,265 - deteccion - INFO - logger:info:79 - Identificadas 164 monedas únicas. Símbolos parseados: 0, Fallos: 0
2025-05-21 20:55:48,265 - deteccion - INFO - logger:info:79 - Limitando a 100 monedas para combinaciones de arbitraje
2025-05-21 20:55:48,266 - deteccion - INFO - logger:info:79 - Usando todos los 2504 tickers válidos para available_pairs
2025-05-21 20:55:48,266 - deteccion - INFO - logger:info:79 - Pares disponibles para arbitraje: 2504 (con precios válidos)
2025-05-21 20:55:48,266 - deteccion - INFO - logger:info:79 - Ejemplos de monedas: ['TRX', 'DOGE', 'XRP', 'ATOM', 'GBP']
2025-05-21 20:55:48,266 - deteccion - INFO - logger:info:79 - Par encontrado: TRXXRP (precio: 0.1119)
2025-05-21 20:55:48,267 - deteccion - INFO - logger:info:79 - Par encontrado: DOGEGBP (precio: 0.07759)
2025-05-21 20:55:48,267 - deteccion - INFO - logger:info:79 - Par encontrado: TRXXRP (precio: 0.1119)
2025-05-21 20:55:48,267 - deteccion - INFO - logger:info:79 - Par encontrado: XRPGBP (precio: 0.5257)
2025-05-21 20:55:48,267 - deteccion - INFO - logger:info:79 - Par encontrado: DOGEGBP (precio: 0.07759)
2025-05-21 20:55:48,267 - deteccion - INFO - logger:info:79 - Par encontrado: XRPGBP (precio: 0.5257)
2025-05-21 20:55:48,268 - deteccion - INFO - logger:info:79 - De la muestra de monedas, se encontraron 6 pares en available_pairs
2025-05-21 20:55:48,268 - deteccion - INFO - logger:info:79 - Primer triángulo encontrado: TRX-XRP-TUSD
2025-05-21 20:55:48,268 - deteccion - INFO - logger:info:79 - Pares: TRXXRP, XRPTUSD, TRXTUSD
2025-05-21 20:55:48,269 - deteccion - INFO - logger:info:79 - Precios: 0.1119, 2.4014, 0.05986
2025-05-21 20:55:48,269 - deteccion - INFO - logger:info:79 - Oportunidad encontrada (A->B->C->A): TRX -> XRP -> TUSD -> TRX
2025-05-21 20:55:48,269 - deteccion - INFO - logger:info:79 - Pares: TRXXRP, XRPTUSD, TRXTUSD
2025-05-21 20:55:48,269 - deteccion - INFO - logger:info:79 - Precios: 0.1119, 2.4014, 0.05986
2025-05-21 20:55:48,269 - deteccion - INFO - logger:info:79 - Factores: 0.1119, 2.4014, 16.70564650851988
2025-05-21 20:55:48,270 - deteccion - INFO - logger:info:79 - Rentabilidad Bruta: 348.908553%
2025-05-21 20:55:48,270 - deteccion - INFO - logger:info:79 - Oportunidad encontrada (A->B->C->A): TRX -> XRP -> BNB -> TRX
2025-05-21 20:55:48,270 - deteccion - INFO - logger:info:79 - Pares: TRXXRP, XRPBNB, TRXBNB
2025-05-21 20:55:48,270 - deteccion - INFO - logger:info:79 - Precios: 0.1119, 0.0035501, 0.0003968
2025-05-21 20:55:48,271 - deteccion - INFO - logger:info:79 - Factores: 0.1119, 0.0035501, 2520.1612903225805
2025-05-21 20:55:48,271 - deteccion - INFO - logger:info:79 - Rentabilidad Bruta: 0.114967%
2025-05-21 20:55:48,271 - deteccion - INFO - logger:info:79 - Oportunidad encontrada (A->B->C->A): TRX -> XRP -> USDC -> TRX
2025-05-21 20:55:48,271 - deteccion - INFO - logger:info:79 - Pares: TRXXRP, XRPUSDC, TRXUSDC
2025-05-21 20:55:48,271 - deteccion - INFO - logger:info:79 - Precios: 0.1119, 2.4015, 0.2687
2025-05-21 20:55:48,272 - deteccion - INFO - logger:info:79 - Factores: 0.1119, 2.4015, 3.721622627465575
2025-05-21 20:55:48,272 - deteccion - INFO - logger:info:79 - Rentabilidad Bruta: 0.010365%
2025-05-21 20:55:48,272 - deteccion - INFO - logger:info:79 - Oportunidad encontrada (A->B->C->A): TRX -> XRP -> USDT -> TRX
2025-05-21 20:55:48,273 - deteccion - INFO - logger:info:79 - Pares: TRXXRP, XRPUSDT, TRXUSDT
2025-05-21 20:55:48,273 - deteccion - INFO - logger:info:79 - Precios: 0.1119, 2.4006, 0.2685
2025-05-21 20:55:48,273 - deteccion - INFO - logger:info:79 - Factores: 0.1119, 2.4006, 3.7243947858472994
2025-05-21 20:55:48,273 - deteccion - INFO - logger:info:79 - Rentabilidad Bruta: 0.047352%
2025-05-21 20:55:48,273 - deteccion - INFO - logger:info:79 - Oportunidad encontrada (A->B->C->A): TRX -> XRP -> EUR -> TRX
2025-05-21 20:55:48,273 - deteccion - INFO - logger:info:79 - Pares: TRXXRP, XRPEUR, TRXEUR
2025-05-21 20:55:48,274 - deteccion - INFO - logger:info:79 - Precios: 0.1119, 2.117, 0.2368
2025-05-21 20:55:48,274 - deteccion - INFO - logger:info:79 - Factores: 0.1119, 2.117, 4.222972972972973
2025-05-21 20:55:48,274 - deteccion - INFO - logger:info:79 - Rentabilidad Bruta: 0.038978%
2025-05-21 20:55:48,274 - deteccion - INFO - logger:info:79 - Oportunidad encontrada (A->B->C->A): TRX -> XRP -> ETH -> TRX
2025-05-21 20:55:48,274 - deteccion - INFO - logger:info:79 - Pares: TRXXRP, XRPETH, TRXETH
2025-05-21 20:55:48,275 - deteccion - INFO - logger:info:79 - Precios: 0.1119, 0.0009315, 0.00010421
2025-05-21 20:55:48,275 - deteccion - INFO - logger:info:79 - Factores: 0.1119, 0.0009315, 9596.00806064677
2025-05-21 20:55:48,275 - deteccion - INFO - logger:info:79 - Rentabilidad Bruta: 0.023846%
2025-05-21 20:55:48,275 - deteccion - INFO - logger:info:79 - Oportunidad encontrada (A->B->C->A): TRX -> USDC -> USDT -> TRX
2025-05-21 20:55:48,276 - deteccion - INFO - logger:info:79 - Pares: TRXUSDC, USDCUSDT, TRXUSDT
2025-05-21 20:55:48,276 - deteccion - INFO - logger:info:79 - Precios: 0.2687, 0.9996, 0.2685
2025-05-21 20:55:48,276 - deteccion - INFO - logger:info:79 - Factores: 0.2687, 0.9996, 3.7243947858472994
2025-05-21 20:55:48,277 - deteccion - INFO - logger:info:79 - Rentabilidad Bruta: 0.034458%
2025-05-21 20:55:48,277 - deteccion - INFO - logger:info:79 - Oportunidad encontrada (A->B->C->A): TRX -> USDC -> EUR -> TRX
2025-05-21 20:55:48,278 - deteccion - INFO - logger:info:79 - Pares: TRXUSDC, EURUSDC, TRXEUR
2025-05-21 20:55:48,278 - deteccion - INFO - logger:info:79 - Precios: 0.2687, 1.1346, 0.2368
2025-05-21 20:55:48,278 - deteccion - INFO - logger:info:79 - Factores: 0.2687, 0.8813678829543451, 4.222972972972973
2025-05-21 20:55:48,279 - deteccion - INFO - logger:info:79 - Rentabilidad Bruta: 0.009945%
2025-05-21 20:55:48,279 - deteccion - INFO - logger:info:79 - Oportunidad encontrada (A->B->C->A): TRX -> USDC -> BUSD -> TRX
2025-05-21 20:55:48,279 - deteccion - INFO - logger:info:79 - Pares: TRXUSDC, USDCBUSD, TRXBUSD
2025-05-21 20:55:48,280 - deteccion - INFO - logger:info:79 - Precios: 0.2687, 0.9999, 0.10329
2025-05-21 20:55:48,280 - deteccion - INFO - logger:info:79 - Factores: 0.2687, 0.9999, 9.681479330041629
2025-05-21 20:55:48,280 - deteccion - INFO - logger:info:79 - Rentabilidad Bruta: 160.115335%
2025-05-21 20:55:48,281 - deteccion - INFO - logger:info:79 - Oportunidad encontrada (A->B->C->A): TRX -> USDT -> BUSD -> TRX
2025-05-21 20:55:48,281 - deteccion - INFO - logger:info:79 - Pares: TRXUSDT, BUSDUSDT, TRXBUSD
2025-05-21 20:55:48,281 - deteccion - INFO - logger:info:79 - Precios: 0.2685, 1.0003, 0.10329
2025-05-21 20:55:48,281 - deteccion - INFO - logger:info:79 - Factores: 0.2685, 0.9997000899730081, 9.681479330041629
2025-05-21 20:55:48,281 - deteccion - INFO - logger:info:79 - Rentabilidad Bruta: 159.869759%
2025-05-21 20:55:48,282 - deteccion - INFO - logger:info:79 - Oportunidad encontrada (A->B->C->A): TRX -> EUR -> BUSD -> TRX
2025-05-21 20:55:48,282 - deteccion - INFO - logger:info:79 - Pares: TRXEUR, EURBUSD, TRXBUSD
2025-05-21 20:55:48,283 - deteccion - INFO - logger:info:79 - Precios: 0.2368, 1.0757, 0.10329
2025-05-21 20:55:48,283 - deteccion - INFO - logger:info:79 - Factores: 0.2368, 1.0757, 9.681479330041629
2025-05-21 20:55:48,283 - deteccion - INFO - logger:info:79 - Rentabilidad Bruta: 146.612218%
2025-05-21 20:55:48,284 - deteccion - INFO - logger:info:79 - Oportunidad encontrada (A->B->C->A): TRX -> ETH -> BUSD -> TRX
2025-05-21 20:55:48,284 - deteccion - INFO - logger:info:79 - Pares: TRXETH, ETHBUSD, TRXBUSD
2025-05-21 20:55:48,284 - deteccion - INFO - logger:info:79 - Precios: 0.00010421, 2281.12, 0.10329
2025-05-21 20:55:48,284 - deteccion - INFO - logger:info:79 - Factores: 0.00010421, 2281.12, 9.681479330041629
2025-05-21 20:55:48,285 - deteccion - INFO - logger:info:79 - Rentabilidad Bruta: 130.143785%
2025-05-21 20:55:48,286 - deteccion - INFO - logger:info:79 - Oportunidad encontrada (A->B->C->A): DOGE -> TUSD -> BUSD -> DOGE
2025-05-21 20:55:48,286 - deteccion - INFO - logger:info:79 - Pares: DOGETUSD, TUSDBUSD, DOGEBUSD
2025-05-21 20:55:48,286 - deteccion - INFO - logger:info:79 - Precios: 0.23615, 0.9966, 0.09742
2025-05-21 20:55:48,286 - deteccion - INFO - logger:info:79 - Factores: 0.23615, 0.9966, 10.264832683227263
2025-05-21 20:55:48,287 - deteccion - INFO - logger:info:79 - Rentabilidad Bruta: 141.579850%
2025-05-21 20:55:48,287 - deteccion - INFO - logger:info:79 - Oportunidad encontrada (A->B->C->A): DOGE -> USDC -> EUR -> DOGE
2025-05-21 20:55:48,287 - deteccion - INFO - logger:info:79 - Pares: DOGEUSDC, EURUSDC, DOGEEUR
2025-05-21 20:55:48,288 - deteccion - INFO - logger:info:79 - Precios: 0.23793, 1.1346, 0.20962
2025-05-21 20:55:48,288 - deteccion - INFO - logger:info:79 - Factores: 0.23793, 0.8813678829543451, 4.770537162484496
2025-05-21 20:55:48,288 - deteccion - INFO - logger:info:79 - Rentabilidad Bruta: 0.040006%
2025-05-21 20:55:48,288 - deteccion - INFO - logger:info:79 - Oportunidad encontrada (A->B->C->A): DOGE -> USDC -> AUD -> DOGE
2025-05-21 20:55:48,288 - deteccion - INFO - logger:info:79 - Pares: DOGEUSDC, AUDUSDC, DOGEAUD
2025-05-21 20:55:48,289 - deteccion - INFO - logger:info:79 - Precios: 0.23793, 0.6477, 0.09449
2025-05-21 20:55:48,289 - deteccion - INFO - logger:info:79 - Factores: 0.23793, 1.543924656476764, 10.583130489998942
2025-05-21 20:55:48,289 - deteccion - INFO - logger:info:79 - Rentabilidad Bruta: 288.767058%
2025-05-21 20:55:48,290 - deteccion - INFO - logger:info:79 - Oportunidad encontrada (A->B->C->A): DOGE -> USDC -> BUSD -> DOGE
2025-05-21 20:55:48,290 - deteccion - INFO - logger:info:79 - Pares: DOGEUSDC, USDCBUSD, DOGEBUSD
2025-05-21 20:55:48,290 - deteccion - INFO - logger:info:79 - Precios: 0.23793, 0.9999, 0.09742
2025-05-21 20:55:48,290 - deteccion - INFO - logger:info:79 - Factores: 0.23793, 0.9999, 10.264832683227263
2025-05-21 20:55:48,290 - deteccion - INFO - logger:info:79 - Rentabilidad Bruta: 144.206741%
2025-05-21 20:55:48,291 - deteccion - INFO - logger:info:79 - Oportunidad encontrada (A->B->C->A): DOGE -> USDC -> BTC -> DOGE
2025-05-21 20:55:48,291 - deteccion - INFO - logger:info:79 - Pares: DOGEUSDC, BTCUSDC, DOGEBTC
2025-05-21 20:55:48,291 - deteccion - INFO - logger:info:79 - Precios: 0.23793, 109798.12, 2.16e-06
2025-05-21 20:55:48,291 - deteccion - INFO - logger:info:79 - Factores: 0.23793, 9.107624064965775e-06, 462962.9629629629
2025-05-21 20:55:48,292 - deteccion - INFO - logger:info:79 - Rentabilidad Bruta: 0.323009%
2025-05-21 20:55:48,292 - deteccion - INFO - logger:info:79 - Oportunidad encontrada (A->B->C->A): DOGE -> USDT -> EUR -> DOGE
2025-05-21 20:55:48,293 - deteccion - INFO - logger:info:79 - Pares: DOGEUSDT, EURUSDT, DOGEEUR
2025-05-21 20:55:48,293 - deteccion - INFO - logger:info:79 - Precios: 0.23792, 1.1343, 0.20962
2025-05-21 20:55:48,293 - deteccion - INFO - logger:info:79 - Factores: 0.23792, 0.8816009873931058, 4.770537162484496
2025-05-21 20:55:48,294 - deteccion - INFO - logger:info:79 - Rentabilidad Bruta: 0.062259%
2025-05-21 20:55:48,294 - deteccion - INFO - logger:info:79 - Oportunidad encontrada (A->B->C->A): DOGE -> USDT -> AUD -> DOGE
2025-05-21 20:55:48,294 - deteccion - INFO - logger:info:79 - Pares: DOGEUSDT, AUDUSDT, DOGEAUD
2025-05-21 20:55:48,295 - deteccion - INFO - logger:info:79 - Precios: 0.23792, 0.7252, 0.09449
2025-05-21 20:55:48,295 - deteccion - INFO - logger:info:79 - Factores: 0.23792, 1.378929950358522, 10.583130489998942
2025-05-21 20:55:48,295 - deteccion - INFO - logger:info:79 - Rentabilidad Bruta: 247.206068%
2025-05-21 20:55:48,296 - deteccion - INFO - logger:info:79 - Oportunidad encontrada (A->B->C->A): DOGE -> USDT -> BUSD -> DOGE
2025-05-21 20:55:48,296 - deteccion - INFO - logger:info:79 - Pares: DOGEUSDT, BUSDUSDT, DOGEBUSD
2025-05-21 20:55:48,296 - deteccion - INFO - logger:info:79 - Precios: 0.23792, 1.0003, 0.09742
2025-05-21 20:55:48,296 - deteccion - INFO - logger:info:79 - Factores: 0.23792, 0.9997000899730081, 10.264832683227263
2025-05-21 20:55:48,297 - deteccion - INFO - logger:info:79 - Rentabilidad Bruta: 144.147655%
2025-05-21 20:55:48,297 - deteccion - INFO - logger:info:79 - Oportunidad encontrada (A->B->C->A): DOGE -> USDT -> BTC -> DOGE
2025-05-21 20:55:48,297 - deteccion - INFO - logger:info:79 - Pares: DOGEUSDT, BTCUSDT, DOGEBTC
2025-05-21 20:55:48,297 - deteccion - INFO - logger:info:79 - Precios: 0.23792, 109756.79, 2.16e-06
2025-05-21 20:55:48,297 - deteccion - INFO - logger:info:79 - Factores: 0.23792, 9.111053630486096e-06, 462962.9629629629
2025-05-21 20:55:48,298 - deteccion - INFO - logger:info:79 - Rentabilidad Bruta: 0.356569%
2025-05-21 20:55:48,298 - deteccion - INFO - logger:info:79 - Oportunidad encontrada (A->B->C->A): DOGE -> EUR -> BUSD -> DOGE
2025-05-21 20:55:48,298 - deteccion - INFO - logger:info:79 - Pares: DOGEEUR, EURBUSD, DOGEBUSD
2025-05-21 20:55:48,298 - deteccion - INFO - logger:info:79 - Precios: 0.20962, 1.0757, 0.09742
2025-05-21 20:55:48,299 - deteccion - INFO - logger:info:79 - Factores: 0.20962, 1.0757, 10.264832683227263
2025-05-21 20:55:48,299 - deteccion - INFO - logger:info:79 - Rentabilidad Bruta: 131.459899%
2025-05-21 20:55:48,299 - deteccion - INFO - logger:info:79 - Oportunidad encontrada (A->B->C->A): DOGE -> EUR -> BTC -> DOGE
2025-05-21 20:55:48,299 - deteccion - INFO - logger:info:79 - Pares: DOGEEUR, BTCEUR, DOGEBTC
2025-05-21 20:55:48,300 - deteccion - INFO - logger:info:79 - Precios: 0.20962, 96754.25, 2.16e-06
2025-05-21 20:55:48,300 - deteccion - INFO - logger:info:79 - Factores: 0.20962, 1.0335463300061754e-05, 462962.9629629629
2025-05-21 20:55:48,300 - deteccion - INFO - logger:info:79 - Rentabilidad Bruta: 0.301843%
2025-05-21 20:55:48,300 - deteccion - INFO - logger:info:79 - Oportunidad encontrada (A->B->C->A): DOGE -> AUD -> BTC -> DOGE
2025-05-21 20:55:48,301 - deteccion - INFO - logger:info:79 - Pares: DOGEAUD, BTCAUD, DOGEBTC
2025-05-21 20:55:48,301 - deteccion - INFO - logger:info:79 - Precios: 0.09449, 37210.08, 2.16e-06
2025-05-21 20:55:48,301 - deteccion - INFO - logger:info:79 - Factores: 0.09449, 2.6874438324239024e-05, 462962.9629629629
2025-05-21 20:55:48,301 - deteccion - INFO - logger:info:79 - Rentabilidad Bruta: 17.563226%
2025-05-21 20:55:48,302 - deteccion - INFO - logger:info:79 - Oportunidad encontrada (A->B->C->A): DOGE -> BUSD -> BTC -> DOGE
2025-05-21 20:55:48,302 - deteccion - INFO - logger:info:79 - Pares: DOGEBUSD, BTCBUSD, DOGEBTC
2025-05-21 20:55:48,302 - deteccion - INFO - logger:info:79 - Precios: 0.09742, 42769.4, 2.16e-06
2025-05-21 20:55:48,302 - deteccion - INFO - logger:info:79 - Factores: 0.09742, 2.338120244847952e-05, 462962.9629629629
2025-05-21 20:55:48,303 - deteccion - INFO - logger:info:79 - Rentabilidad Bruta: 5.453553%
2025-05-21 20:55:48,304 - deteccion - INFO - logger:info:79 - Oportunidad encontrada (A->B->C->A): XRP -> GBP -> BUSD -> XRP
2025-05-21 20:55:48,304 - deteccion - INFO - logger:info:79 - Pares: XRPGBP, GBPBUSD, XRPBUSD
2025-05-21 20:55:48,304 - deteccion - INFO - logger:info:79 - Precios: 0.5257, 1.239, 0.6345
2025-05-21 20:55:48,305 - deteccion - INFO - logger:info:79 - Factores: 0.5257, 1.239, 1.5760441292356187
2025-05-21 20:55:48,305 - deteccion - INFO - logger:info:79 - Rentabilidad Bruta: 2.654421%
2025-05-21 20:55:48,305 - deteccion - INFO - logger:info:79 - Oportunidad encontrada (A->B->C->A): XRP -> TUSD -> BNB -> XRP
2025-05-21 20:55:48,305 - deteccion - INFO - logger:info:79 - Pares: XRPTUSD, BNBTUSD, XRPBNB
2025-05-21 20:55:48,305 - deteccion - INFO - logger:info:79 - Precios: 2.4014, 675.32, 0.0035501
2025-05-21 20:55:48,306 - deteccion - INFO - logger:info:79 - Factores: 2.4014, 0.001480779482319493, 281.6822061350384
2025-05-21 20:55:48,306 - deteccion - INFO - logger:info:79 - Rentabilidad Bruta: 0.164611%
2025-05-21 20:55:48,306 - deteccion - INFO - logger:info:79 - Oportunidad encontrada (A->B->C->A): XRP -> TUSD -> ETH -> XRP
2025-05-21 20:55:48,306 - deteccion - INFO - logger:info:79 - Pares: XRPTUSD, ETHTUSD, XRPETH
2025-05-21 20:55:48,307 - deteccion - INFO - logger:info:79 - Precios: 2.4014, 2575.72, 0.0009315
2025-05-21 20:55:48,307 - deteccion - INFO - logger:info:79 - Factores: 2.4014, 0.0003882409578680913, 1073.5373054213633
2025-05-21 20:55:48,307 - deteccion - INFO - logger:info:79 - Rentabilidad Bruta: 0.088227%
2025-05-21 20:55:48,307 - deteccion - INFO - logger:info:79 - Oportunidad encontrada (A->B->C->A): XRP -> TUSD -> BUSD -> XRP
2025-05-21 20:55:48,308 - deteccion - INFO - logger:info:79 - Pares: XRPTUSD, TUSDBUSD, XRPBUSD
2025-05-21 20:55:48,308 - deteccion - INFO - logger:info:79 - Precios: 2.4014, 0.9966, 0.6345
2025-05-21 20:55:48,308 - deteccion - INFO - logger:info:79 - Factores: 2.4014, 0.9966, 1.5760441292356187
2025-05-21 20:55:48,308 - deteccion - INFO - logger:info:79 - Rentabilidad Bruta: 277.184435%
2025-05-21 20:55:48,309 - deteccion - INFO - logger:info:79 - Oportunidad encontrada (A->B->C->A): XRP -> BNB -> AUD -> XRP
2025-05-21 20:55:48,309 - deteccion - INFO - logger:info:79 - Pares: XRPBNB, BNBAUD, XRPAUD
2025-05-21 20:55:48,310 - deteccion - INFO - logger:info:79 - Precios: 0.0035501, 421.1, 0.7
2025-05-21 20:55:48,310 - deteccion - INFO - logger:info:79 - Factores: 0.0035501, 421.1, 1.4285714285714286
2025-05-21 20:55:48,311 - deteccion - INFO - logger:info:79 - Rentabilidad Bruta: 113.563873%
2025-05-21 20:55:48,311 - deteccion - INFO - logger:info:79 - Oportunidad encontrada (A->B->C->A): XRP -> BNB -> BUSD -> XRP
2025-05-21 20:55:48,311 - deteccion - INFO - logger:info:79 - Pares: XRPBNB, BNBBUSD, XRPBUSD
2025-05-21 20:55:48,312 - deteccion - INFO - logger:info:79 - Precios: 0.0035501, 251.8, 0.6345
2025-05-21 20:55:48,312 - deteccion - INFO - logger:info:79 - Factores: 0.0035501, 251.8, 1.5760441292356187
2025-05-21 20:55:48,312 - deteccion - INFO - logger:info:79 - Rentabilidad Bruta: 40.884977%
2025-05-21 20:55:48,313 - deteccion - INFO - logger:info:79 - Oportunidad encontrada (A->B->C->A): XRP -> USDC -> AUD -> XRP
2025-05-21 20:55:48,313 - deteccion - INFO - logger:info:79 - Pares: XRPUSDC, AUDUSDC, XRPAUD
2025-05-21 20:55:48,313 - deteccion - INFO - logger:info:79 - Precios: 2.4015, 0.6477, 0.7
2025-05-21 20:55:48,313 - deteccion - INFO - logger:info:79 - Factores: 2.4015, 1.543924656476764, 1.4285714285714286
2025-05-21 20:55:48,314 - deteccion - INFO - logger:info:79 - Rentabilidad Bruta: 429.676438%
2025-05-21 20:55:48,314 - deteccion - INFO - logger:info:79 - Oportunidad encontrada (A->B->C->A): XRP -> USDC -> BUSD -> XRP
2025-05-21 20:55:48,314 - deteccion - INFO - logger:info:79 - Pares: XRPUSDC, USDCBUSD, XRPBUSD
2025-05-21 20:55:48,314 - deteccion - INFO - logger:info:79 - Precios: 2.4015, 0.9999, 0.6345
2025-05-21 20:55:48,314 - deteccion - INFO - logger:info:79 - Factores: 2.4015, 0.9999, 1.5760441292356187
2025-05-21 20:55:48,315 - deteccion - INFO - logger:info:79 - Rentabilidad Bruta: 278.449149%
2025-05-21 20:55:48,315 - deteccion - INFO - logger:info:79 - Oportunidad encontrada (A->B->C->A): XRP -> USDT -> AUD -> XRP
2025-05-21 20:55:48,315 - deteccion - INFO - logger:info:79 - Pares: XRPUSDT, AUDUSDT, XRPAUD
2025-05-21 20:55:48,315 - deteccion - INFO - logger:info:79 - Precios: 2.4006, 0.7252, 0.7
2025-05-21 20:55:48,316 - deteccion - INFO - logger:info:79 - Factores: 2.4006, 1.378929950358522, 1.4285714285714286
2025-05-21 20:55:48,316 - deteccion - INFO - logger:info:79 - Rentabilidad Bruta: 372.894177%
2025-05-21 20:55:48,316 - deteccion - INFO - logger:info:79 - Oportunidad encontrada (A->B->C->A): XRP -> USDT -> BUSD -> XRP
2025-05-21 20:55:48,316 - deteccion - INFO - logger:info:79 - Pares: XRPUSDT, BUSDUSDT, XRPBUSD
2025-05-21 20:55:48,317 - deteccion - INFO - logger:info:79 - Precios: 2.4006, 1.0003, 0.6345
2025-05-21 20:55:48,317 - deteccion - INFO - logger:info:79 - Factores: 2.4006, 0.9997000899730081, 1.5760441292356187
2025-05-21 20:55:48,317 - deteccion - INFO - logger:info:79 - Rentabilidad Bruta: 278.231684%
2025-05-21 20:55:48,318 - deteccion - INFO - logger:info:79 - Oportunidad encontrada (A->B->C->A): XRP -> EUR -> BUSD -> XRP
2025-05-21 20:55:48,318 - deteccion - INFO - logger:info:79 - Pares: XRPEUR, EURBUSD, XRPBUSD
2025-05-21 20:55:48,318 - deteccion - INFO - logger:info:79 - Precios: 2.117, 1.0757, 0.6345
2025-05-21 20:55:48,318 - deteccion - INFO - logger:info:79 - Factores: 2.117, 1.0757, 1.5760441292356187
2025-05-21 20:55:48,319 - deteccion - INFO - logger:info:79 - Rentabilidad Bruta: 258.905737%
2025-05-21 20:55:48,319 - deteccion - INFO - logger:info:79 - Oportunidad encontrada (A->B->C->A): XRP -> EUR -> BTC -> XRP
2025-05-21 20:55:48,319 - deteccion - INFO - logger:info:79 - Pares: XRPEUR, BTCEUR, XRPBTC
2025-05-21 20:55:48,319 - deteccion - INFO - logger:info:79 - Precios: 2.117, 96754.25, 2.188e-05
2025-05-21 20:55:48,320 - deteccion - INFO - logger:info:79 - Factores: 2.117, 1.0335463300061754e-05, 45703.839122486286
2025-05-21 20:55:48,320 - deteccion - INFO - logger:info:79 - Rentabilidad Bruta: 0.000804%
2025-05-21 20:55:48,320 - deteccion - INFO - logger:info:79 - Oportunidad encontrada (A->B->C->A): XRP -> ETH -> BUSD -> XRP
2025-05-21 20:55:48,321 - deteccion - INFO - logger:info:79 - Pares: XRPETH, ETHBUSD, XRPBUSD
2025-05-21 20:55:48,321 - deteccion - INFO - logger:info:79 - Precios: 0.0009315, 2281.12, 0.6345
2025-05-21 20:55:48,321 - deteccion - INFO - logger:info:79 - Factores: 0.0009315, 2281.12, 1.5760441292356187
2025-05-21 20:55:48,321 - deteccion - INFO - logger:info:79 - Rentabilidad Bruta: 234.887830%
2025-05-21 20:55:48,321 - deteccion - INFO - logger:info:79 - Oportunidad encontrada (A->B->C->A): XRP -> ETH -> BTC -> XRP
2025-05-21 20:55:48,322 - deteccion - INFO - logger:info:79 - Pares: XRPETH, ETHBTC, XRPBTC
2025-05-21 20:55:48,322 - deteccion - INFO - logger:info:79 - Precios: 0.0009315, 0.0235, 2.188e-05
2025-05-21 20:55:48,322 - deteccion - INFO - logger:info:79 - Factores: 0.0009315, 0.0235, 45703.839122486286
2025-05-21 20:55:48,322 - deteccion - INFO - logger:info:79 - Rentabilidad Bruta: 0.046846%
2025-05-21 20:55:48,323 - deteccion - INFO - logger:info:79 - Oportunidad encontrada (A->B->C->A): ATOM -> USDC -> USDT -> ATOM
2025-05-21 20:55:48,324 - deteccion - INFO - logger:info:79 - Pares: ATOMUSDC, USDCUSDT, ATOMUSDT
2025-05-21 20:55:48,324 - deteccion - INFO - logger:info:79 - Precios: 5.03, 0.9996, 5.026
2025-05-21 20:55:48,324 - deteccion - INFO - logger:info:79 - Factores: 5.03, 0.9996, 0.19896538002387584
2025-05-21 20:55:48,324 - deteccion - INFO - logger:info:79 - Rentabilidad Bruta: 0.039554%
2025-05-21 20:55:48,325 - deteccion - INFO - logger:info:79 - Oportunidad encontrada (A->B->C->A): ATOM -> USDC -> EUR -> ATOM
2025-05-21 20:55:48,325 - deteccion - INFO - logger:info:79 - Pares: ATOMUSDC, EURUSDC, ATOMEUR
2025-05-21 20:55:48,325 - deteccion - INFO - logger:info:79 - Precios: 5.03, 1.1346, 4.431
2025-05-21 20:55:48,325 - deteccion - INFO - logger:info:79 - Factores: 5.03, 0.8813678829543451, 0.22568269013766643
2025-05-21 20:55:48,325 - deteccion - INFO - logger:info:79 - Rentabilidad Bruta: 0.051466%
2025-05-21 20:55:48,326 - deteccion - INFO - logger:info:79 - Oportunidad encontrada (A->B->C->A): ATOM -> USDC -> BTC -> ATOM
2025-05-21 20:55:48,326 - deteccion - INFO - logger:info:79 - Pares: ATOMUSDC, BTCUSDC, ATOMBTC
2025-05-21 20:55:48,326 - deteccion - INFO - logger:info:79 - Precios: 5.03, 109798.12, 4.58e-05
2025-05-21 20:55:48,327 - deteccion - INFO - logger:info:79 - Factores: 5.03, 9.107624064965775e-06, 21834.06113537118
2025-05-21 20:55:48,327 - deteccion - INFO - logger:info:79 - Rentabilidad Bruta: 0.024780%
2025-05-21 20:55:48,328 - deteccion - INFO - logger:info:79 - Oportunidad encontrada (A->B->C->A): ATOM -> ETH -> BTC -> ATOM
2025-05-21 20:55:48,328 - deteccion - INFO - logger:info:79 - Pares: ATOMETH, ETHBTC, ATOMBTC
2025-05-21 20:55:48,328 - deteccion - INFO - logger:info:79 - Precios: 0.001951, 0.0235, 4.58e-05
2025-05-21 20:55:48,328 - deteccion - INFO - logger:info:79 - Factores: 0.001951, 0.0235, 21834.06113537118
2025-05-21 20:55:48,329 - deteccion - INFO - logger:info:79 - Rentabilidad Bruta: 0.105895%
2025-05-21 20:55:48,329 - deteccion - INFO - logger:info:79 - Oportunidad encontrada (A->B->C->A): ATOM -> BUSD -> BTC -> ATOM
2025-05-21 20:55:48,329 - deteccion - INFO - logger:info:79 - Pares: ATOMBUSD, BTCBUSD, ATOMBTC
2025-05-21 20:55:48,330 - deteccion - INFO - logger:info:79 - Precios: 11.219, 42769.4, 4.58e-05
2025-05-21 20:55:48,330 - deteccion - INFO - logger:info:79 - Factores: 11.219, 2.338120244847952e-05, 21834.06113537118
2025-05-21 20:55:48,330 - deteccion - INFO - logger:info:79 - Rentabilidad Bruta: 472.737359%
2025-05-21 20:55:48,331 - deteccion - INFO - logger:info:79 - Oportunidad encontrada (A->B->C->A): GBP -> VET -> USDT -> GBP
2025-05-21 20:55:48,332 - deteccion - INFO - logger:info:79 - Pares: VETGBP, VETUSDT, GBPUSDT
2025-05-21 20:55:48,332 - deteccion - INFO - logger:info:79 - Precios: 0.0143, 0.02952, 1.18
2025-05-21 20:55:48,332 - deteccion - INFO - logger:info:79 - Factores: 69.93006993006993, 0.02952, 0.8474576271186441
2025-05-21 20:55:48,332 - deteccion - INFO - logger:info:79 - Rentabilidad Bruta: 74.943700%
2025-05-21 20:55:48,333 - deteccion - INFO - logger:info:79 - Oportunidad encontrada (A->B->C->A): GBP -> VET -> ETH -> GBP
2025-05-21 20:55:48,333 - deteccion - INFO - logger:info:79 - Pares: VETGBP, VETETH, ETHGBP
2025-05-21 20:55:48,333 - deteccion - INFO - logger:info:79 - Precios: 0.0143, 1.144e-05, 1974.32
2025-05-21 20:55:48,334 - deteccion - INFO - logger:info:79 - Factores: 69.93006993006993, 1.144e-05, 1974.32
2025-05-21 20:55:48,334 - deteccion - INFO - logger:info:79 - Rentabilidad Bruta: 57.945600%
2025-05-21 20:55:48,334 - deteccion - INFO - logger:info:79 - Oportunidad encontrada (A->B->C->A): GBP -> VET -> BUSD -> GBP
2025-05-21 20:55:48,334 - deteccion - INFO - logger:info:79 - Pares: VETGBP, VETBUSD, GBPBUSD
2025-05-21 20:55:48,335 - deteccion - INFO - logger:info:79 - Precios: 0.0143, 0.0212, 1.239
2025-05-21 20:55:48,335 - deteccion - INFO - logger:info:79 - Factores: 69.93006993006993, 0.0212, 0.8071025020177562
2025-05-21 20:55:48,335 - deteccion - INFO - logger:info:79 - Rentabilidad Bruta: 19.654357%
2025-05-21 20:55:48,336 - deteccion - INFO - logger:info:79 - Oportunidad encontrada (A->B->C->A): GBP -> SOL -> USDT -> GBP
2025-05-21 20:55:48,336 - deteccion - INFO - logger:info:79 - Pares: SOLGBP, SOLUSDT, GBPUSDT
2025-05-21 20:55:48,336 - deteccion - INFO - logger:info:79 - Precios: 88.08, 174.7, 1.18
2025-05-21 20:55:48,336 - deteccion - INFO - logger:info:79 - Factores: 0.011353315168029064, 174.7, 0.8474576271186441
2025-05-21 20:55:48,337 - deteccion - INFO - logger:info:79 - Rentabilidad Bruta: 68.086793%
2025-05-21 20:55:48,339 - deteccion - INFO - logger:info:79 - Oportunidad encontrada (A->B->C->A): GBP -> SOL -> ETH -> GBP
2025-05-21 20:55:48,339 - deteccion - INFO - logger:info:79 - Pares: SOLGBP, SOLETH, ETHGBP
2025-05-21 20:55:48,339 - deteccion - INFO - logger:info:79 - Precios: 88.08, 0.06779, 1974.32
2025-05-21 20:55:48,340 - deteccion - INFO - logger:info:79 - Factores: 0.011353315168029064, 0.06779, 1974.32
2025-05-21 20:55:48,340 - deteccion - INFO - logger:info:79 - Rentabilidad Bruta: 51.951808%
2025-05-21 20:55:48,340 - deteccion - INFO - logger:info:79 - Oportunidad encontrada (A->B->C->A): GBP -> BNB -> USDT -> GBP
2025-05-21 20:55:48,340 - deteccion - INFO - logger:info:79 - Pares: BNBGBP, BNBUSDT, GBPUSDT
2025-05-21 20:55:48,341 - deteccion - INFO - logger:info:79 - Precios: 267.4, 675.5, 1.18
2025-05-21 20:55:48,341 - deteccion - INFO - logger:info:79 - Factores: 0.0037397157816005987, 675.5, 0.8474576271186441
2025-05-21 20:55:48,341 - deteccion - INFO - logger:info:79 - Rentabilidad Bruta: 114.082882%
2025-05-21 20:55:48,341 - deteccion - INFO - logger:info:79 - Oportunidad encontrada (A->B->C->A): GBP -> BNB -> ADA -> GBP
2025-05-21 20:55:48,342 - deteccion - INFO - logger:info:79 - Pares: BNBGBP, ADABNB, ADAGBP
2025-05-21 20:55:48,342 - deteccion - INFO - logger:info:79 - Precios: 267.4, 0.001146, 0.513
2025-05-21 20:55:48,342 - deteccion - INFO - logger:info:79 - Factores: 0.0037397157816005987, 872.6003490401396, 0.513
2025-05-21 20:55:48,343 - deteccion - INFO - logger:info:79 - Rentabilidad Bruta: 67.406125%
2025-05-21 20:55:48,343 - deteccion - INFO - logger:info:79 - Oportunidad encontrada (A->B->C->A): GBP -> BNB -> LINK -> GBP
2025-05-21 20:55:48,343 - deteccion - INFO - logger:info:79 - Pares: BNBGBP, LINKBNB, LINKGBP
2025-05-21 20:55:48,344 - deteccion - INFO - logger:info:79 - Precios: 267.4, 0.02402, 13.173
2025-05-21 20:55:48,344 - deteccion - INFO - logger:info:79 - Factores: 0.0037397157816005987, 41.631973355537056, 13.173
2025-05-21 20:55:48,344 - deteccion - INFO - logger:info:79 - Rentabilidad Bruta: 105.092739%
2025-05-21 20:55:48,345 - deteccion - INFO - logger:info:79 - Oportunidad encontrada (A->B->C->A): GBP -> BNB -> ETH -> GBP
2025-05-21 20:55:48,345 - deteccion - INFO - logger:info:79 - Pares: BNBGBP, BNBETH, ETHGBP
2025-05-21 20:55:48,345 - deteccion - INFO - logger:info:79 - Precios: 267.4, 0.2621, 1974.32
2025-05-21 20:55:48,346 - deteccion - INFO - logger:info:79 - Factores: 0.0037397157816005987, 0.2621, 1974.32
2025-05-21 20:55:48,346 - deteccion - INFO - logger:info:79 - Rentabilidad Bruta: 93.518800%
2025-05-21 20:55:48,346 - deteccion - INFO - logger:info:79 - Oportunidad encontrada (A->B->C->A): GBP -> BNB -> LTC -> GBP
2025-05-21 20:55:48,346 - deteccion - INFO - logger:info:79 - Pares: BNBGBP, LTCBNB, LTCGBP
2025-05-21 20:55:48,347 - deteccion - INFO - logger:info:79 - Precios: 267.4, 0.1446, 63.56
2025-05-21 20:55:48,347 - deteccion - INFO - logger:info:79 - Factores: 0.0037397157816005987, 6.915629322268326, 63.56
2025-05-21 20:55:48,347 - deteccion - INFO - logger:info:79 - Rentabilidad Bruta: 64.381974%
2025-05-21 20:55:48,347 - deteccion - INFO - logger:info:79 - Oportunidad encontrada (A->B->C->A): GBP -> BNB -> RUNE -> GBP
2025-05-21 20:55:48,348 - deteccion - INFO - logger:info:79 - Pares: BNBGBP, RUNEBNB, RUNEGBP
2025-05-21 20:55:48,348 - deteccion - INFO - logger:info:79 - Precios: 267.4, 0.001885, 1.278
2025-05-21 20:55:48,348 - deteccion - INFO - logger:info:79 - Factores: 0.0037397157816005987, 530.5039787798408, 1.278
2025-05-21 20:55:48,348 - deteccion - INFO - logger:info:79 - Rentabilidad Bruta: 153.546778%
2025-05-21 20:55:48,349 - deteccion - INFO - logger:info:79 - Oportunidad encontrada (A->B->C->A): GBP -> ADA -> ETH -> GBP
2025-05-21 20:55:48,349 - deteccion - INFO - logger:info:79 - Pares: ADAGBP, ADAETH, ETHGBP
2025-05-21 20:55:48,349 - deteccion - INFO - logger:info:79 - Precios: 0.513, 0.0003008, 1974.32
2025-05-21 20:55:48,350 - deteccion - INFO - logger:info:79 - Factores: 1.949317738791423, 0.0003008, 1974.32
2025-05-21 20:55:48,350 - deteccion - INFO - logger:info:79 - Rentabilidad Bruta: 15.765196%
2025-05-21 20:55:48,350 - deteccion - INFO - logger:info:79 - Oportunidad encontrada (A->B->C->A): GBP -> ADA -> BUSD -> GBP
2025-05-21 20:55:48,350 - deteccion - INFO - logger:info:79 - Pares: ADAGBP, ADABUSD, GBPBUSD
2025-05-21 20:55:48,351 - deteccion - INFO - logger:info:79 - Precios: 0.513, 0.6374, 1.239
2025-05-21 20:55:48,351 - deteccion - INFO - logger:info:79 - Factores: 1.949317738791423, 0.6374, 0.8071025020177562
2025-05-21 20:55:48,351 - deteccion - INFO - logger:info:79 - Rentabilidad Bruta: 0.282093%
2025-05-21 20:55:48,352 - deteccion - INFO - logger:info:79 - Oportunidad encontrada (A->B->C->A): GBP -> BUSD -> BTC -> GBP
2025-05-21 20:55:48,352 - deteccion - INFO - logger:info:79 - Pares: GBPBUSD, BTCBUSD, BTCGBP
2025-05-21 20:55:48,352 - deteccion - INFO - logger:info:79 - Precios: 1.239, 42769.4, 35986.75
2025-05-21 20:55:48,352 - deteccion - INFO - logger:info:79 - Factores: 1.239, 2.338120244847952e-05, 35986.75
2025-05-21 20:55:48,353 - deteccion - INFO - logger:info:79 - Rentabilidad Bruta: 4.251131%
2025-05-21 20:55:48,353 - deteccion - INFO - logger:info:79 - Oportunidad encontrada (A->B->C->A): GBP -> BUSD -> LTC -> GBP
2025-05-21 20:55:48,353 - deteccion - INFO - logger:info:79 - Pares: GBPBUSD, LTCBUSD, LTCGBP
2025-05-21 20:55:48,354 - deteccion - INFO - logger:info:79 - Precios: 1.239, 72.37, 63.56
2025-05-21 20:55:48,354 - deteccion - INFO - logger:info:79 - Factores: 1.239, 0.01381788033715628, 63.56
2025-05-21 20:55:48,354 - deteccion - INFO - logger:info:79 - Rentabilidad Bruta: 8.816968%
2025-05-21 20:55:48,354 - deteccion - INFO - logger:info:79 - Oportunidad encontrada (A->B->C->A): GBP -> BTC -> LTC -> GBP
2025-05-21 20:55:48,355 - deteccion - INFO - logger:info:79 - Pares: BTCGBP, LTCBTC, LTCGBP
2025-05-21 20:55:48,355 - deteccion - INFO - logger:info:79 - Precios: 35986.75, 0.000891, 63.56
2025-05-21 20:55:48,355 - deteccion - INFO - logger:info:79 - Factores: 2.7788005307509012e-05, 1122.3344556677891, 63.56
2025-05-21 20:55:48,355 - deteccion - INFO - logger:info:79 - Rentabilidad Bruta: 98.227342%
2025-05-21 20:55:48,356 - deteccion - INFO - logger:info:79 - Oportunidad encontrada (A->B->C->A): GBP -> BTC -> RUNE -> GBP
2025-05-21 20:55:48,356 - deteccion - INFO - logger:info:79 - Pares: BTCGBP, RUNEBTC, RUNEGBP
2025-05-21 20:55:48,356 - deteccion - INFO - logger:info:79 - Precios: 35986.75, 1.79e-05, 1.278
2025-05-21 20:55:48,356 - deteccion - INFO - logger:info:79 - Factores: 2.7788005307509012e-05, 55865.92178770949, 1.278
2025-05-21 20:55:48,357 - deteccion - INFO - logger:info:79 - Rentabilidad Bruta: 98.397043%
2025-05-21 20:55:48,357 - deteccion - INFO - logger:info:79 - Oportunidad encontrada (A->B->C->A): MATIC -> TUSD -> BNB -> MATIC
2025-05-21 20:55:48,358 - deteccion - INFO - logger:info:79 - Pares: MATICTUSD, BNBTUSD, MATICBNB
2025-05-21 20:55:48,358 - deteccion - INFO - logger:info:79 - Precios: 0.5043, 675.32, 0.000734
2025-05-21 20:55:48,358 - deteccion - INFO - logger:info:79 - Factores: 0.5043, 0.001480779482319493, 1362.3978201634877
2025-05-21 20:55:48,358 - deteccion - INFO - logger:info:79 - Rentabilidad Bruta: 1.738024%
2025-05-21 20:55:48,359 - deteccion - INFO - logger:info:79 - Oportunidad encontrada (A->B->C->A): MATIC -> TUSD -> USDT -> MATIC
2025-05-21 20:55:48,359 - deteccion - INFO - logger:info:79 - Pares: MATICTUSD, TUSDUSDT, MATICUSDT
2025-05-21 20:55:48,359 - deteccion - INFO - logger:info:79 - Precios: 0.5043, 0.9987, 0.3794
2025-05-21 20:55:48,360 - deteccion - INFO - logger:info:79 - Factores: 0.5043, 0.9987, 2.635740643120717
2025-05-21 20:55:48,360 - deteccion - INFO - logger:info:79 - Rentabilidad Bruta: 32.747604%
2025-05-21 20:55:48,361 - deteccion - INFO - logger:info:79 - Oportunidad encontrada (A->B->C->A): MATIC -> TUSD -> ETH -> MATIC
2025-05-21 20:55:48,361 - deteccion - INFO - logger:info:79 - Pares: MATICTUSD, ETHTUSD, MATICETH
2025-05-21 20:55:48,361 - deteccion - INFO - logger:info:79 - Precios: 0.5043, 2575.72, 0.0001616
2025-05-21 20:55:48,362 - deteccion - INFO - logger:info:79 - Factores: 0.5043, 0.0003882409578680913, 6188.118811881188
2025-05-21 20:55:48,362 - deteccion - INFO - logger:info:79 - Rentabilidad Bruta: 21.157126%
2025-05-21 20:55:48,362 - deteccion - INFO - logger:info:79 - Oportunidad encontrada (A->B->C->A): MATIC -> BNB -> USDC -> MATIC
2025-05-21 20:55:48,363 - deteccion - INFO - logger:info:79 - Pares: MATICBNB, BNBUSDC, MATICUSDC
2025-05-21 20:55:48,363 - deteccion - INFO - logger:info:79 - Precios: 0.000734, 675.88, 0.3791
2025-05-21 20:55:48,363 - deteccion - INFO - logger:info:79 - Factores: 0.000734, 675.88, 2.637826431020839
2025-05-21 20:55:48,363 - deteccion - INFO - logger:info:79 - Rentabilidad Bruta: 30.861493%
2025-05-21 20:55:48,364 - deteccion - INFO - logger:info:79 - Oportunidad encontrada (A->B->C->A): MATIC -> BNB -> USDT -> MATIC
2025-05-21 20:55:48,364 - deteccion - INFO - logger:info:79 - Pares: MATICBNB, BNBUSDT, MATICUSDT
2025-05-21 20:55:48,364 - deteccion - INFO - logger:info:79 - Precios: 0.000734, 675.5, 0.3794
2025-05-21 20:55:48,364 - deteccion - INFO - logger:info:79 - Factores: 0.000734, 675.5, 2.635740643120717
2025-05-21 20:55:48,365 - deteccion - INFO - logger:info:79 - Rentabilidad Bruta: 30.684502%
2025-05-21 20:55:48,365 - deteccion - INFO - logger:info:79 - Oportunidad encontrada (A->B->C->A): MATIC -> BNB -> EUR -> MATIC
2025-05-21 20:55:48,365 - deteccion - INFO - logger:info:79 - Pares: MATICBNB, BNBEUR, MATICEUR
2025-05-21 20:55:48,365 - deteccion - INFO - logger:info:79 - Precios: 0.000734, 595.69, 0.3444
2025-05-21 20:55:48,366 - deteccion - INFO - logger:info:79 - Factores: 0.000734, 595.69, 2.9036004645760745
2025-05-21 20:55:48,366 - deteccion - INFO - logger:info:79 - Rentabilidad Bruta: 26.955999%
2025-05-21 20:55:48,366 - deteccion - INFO - logger:info:79 - Oportunidad encontrada (A->B->C->A): MATIC -> BNB -> ETH -> MATIC
2025-05-21 20:55:48,366 - deteccion - INFO - logger:info:79 - Pares: MATICBNB, BNBETH, MATICETH
2025-05-21 20:55:48,367 - deteccion - INFO - logger:info:79 - Precios: 0.000734, 0.2621, 0.0001616
2025-05-21 20:55:48,367 - deteccion - INFO - logger:info:79 - Factores: 0.000734, 0.2621, 6188.118811881188
2025-05-21 20:55:48,367 - deteccion - INFO - logger:info:79 - Rentabilidad Bruta: 19.047896%
2025-05-21 20:55:48,368 - deteccion - INFO - logger:info:79 - Oportunidad encontrada (A->B->C->A): MATIC -> AUD -> ETH -> MATIC
2025-05-21 20:55:48,368 - deteccion - INFO - logger:info:79 - Pares: MATICAUD, ETHAUD, MATICETH
2025-05-21 20:55:48,368 - deteccion - INFO - logger:info:79 - Precios: 1.2141, 2565.09, 0.0001616
2025-05-21 20:55:48,369 - deteccion - INFO - logger:info:79 - Factores: 1.2141, 0.0003898498688155191, 6188.118811881188
2025-05-21 20:55:48,369 - deteccion - INFO - logger:info:79 - Rentabilidad Bruta: 192.894013%
2025-05-21 20:55:48,369 - deteccion - INFO - logger:info:79 - Oportunidad encontrada (A->B->C->A): MATIC -> AUD -> BUSD -> MATIC
2025-05-21 20:55:48,369 - deteccion - INFO - logger:info:79 - Pares: MATICAUD, AUDBUSD, MATICBUSD
2025-05-21 20:55:48,370 - deteccion - INFO - logger:info:79 - Precios: 1.2141, 0.7255, 0.8659
2025-05-21 20:55:48,370 - deteccion - INFO - logger:info:79 - Factores: 1.2141, 0.7255, 1.1548677676406052
2025-05-21 20:55:48,370 - deteccion - INFO - logger:info:79 - Rentabilidad Bruta: 1.724166%
2025-05-21 20:55:48,370 - deteccion - INFO - logger:info:79 - Oportunidad encontrada (A->B->C->A): MATIC -> AUD -> BTC -> MATIC
2025-05-21 20:55:48,371 - deteccion - INFO - logger:info:79 - Pares: MATICAUD, BTCAUD, MATICBTC
2025-05-21 20:55:48,371 - deteccion - INFO - logger:info:79 - Precios: 1.2141, 37210.08, 6.67e-06
2025-05-21 20:55:48,371 - deteccion - INFO - logger:info:79 - Factores: 1.2141, 2.6874438324239024e-05, 149925.03748125938
2025-05-21 20:55:48,371 - deteccion - INFO - logger:info:79 - Rentabilidad Bruta: 389.179244%
2025-05-21 20:55:48,372 - deteccion - INFO - logger:info:79 - Oportunidad encontrada (A->B->C->A): MATIC -> BUSD -> BTC -> MATIC
2025-05-21 20:55:48,372 - deteccion - INFO - logger:info:79 - Pares: MATICBUSD, BTCBUSD, MATICBTC
2025-05-21 20:55:48,372 - deteccion - INFO - logger:info:79 - Precios: 0.8659, 42769.4, 6.67e-06
2025-05-21 20:55:48,373 - deteccion - INFO - logger:info:79 - Factores: 0.8659, 2.338120244847952e-05, 149925.03748125938
2025-05-21 20:55:48,373 - deteccion - INFO - logger:info:79 - Rentabilidad Bruta: 203.534981%
2025-05-21 20:55:48,374 - deteccion - INFO - logger:info:79 - Oportunidad encontrada (A->B->C->A): VET -> BNB -> EUR -> VET
2025-05-21 20:55:48,375 - deteccion - INFO - logger:info:79 - Pares: VETBNB, BNBEUR, VETEUR
2025-05-21 20:55:48,375 - deteccion - INFO - logger:info:79 - Precios: 4.369e-05, 595.69, 0.02577
2025-05-21 20:55:48,375 - deteccion - INFO - logger:info:79 - Factores: 4.369e-05, 595.69, 38.80481179666278
2025-05-21 20:55:48,375 - deteccion - INFO - logger:info:79 - Rentabilidad Bruta: 0.992224%
2025-05-21 20:55:48,376 - deteccion - INFO - logger:info:79 - Oportunidad encontrada (A->B->C->A): VET -> BNB -> ETH -> VET
2025-05-21 20:55:48,376 - deteccion - INFO - logger:info:79 - Pares: VETBNB, BNBETH, VETETH
2025-05-21 20:55:48,376 - deteccion - INFO - logger:info:79 - Precios: 4.369e-05, 0.2621, 1.144e-05
2025-05-21 20:55:48,377 - deteccion - INFO - logger:info:79 - Factores: 4.369e-05, 0.2621, 87412.58741258741
2025-05-21 20:55:48,377 - deteccion - INFO - logger:info:79 - Rentabilidad Bruta: 0.097456%
2025-05-21 20:55:48,378 - deteccion - INFO - logger:info:79 - Oportunidad encontrada (A->B->C->A): VET -> USDC -> USDT -> VET
2025-05-21 20:55:48,378 - deteccion - INFO - logger:info:79 - Pares: VETUSDC, USDCUSDT, VETUSDT
2025-05-21 20:55:48,378 - deteccion - INFO - logger:info:79 - Precios: 0.02954, 0.9996, 0.02952
2025-05-21 20:55:48,378 - deteccion - INFO - logger:info:79 - Factores: 0.02954, 0.9996, 33.87533875338753
2025-05-21 20:55:48,379 - deteccion - INFO - logger:info:79 - Rentabilidad Bruta: 0.027724%
2025-05-21 20:55:48,379 - deteccion - INFO - logger:info:79 - Oportunidad encontrada (A->B->C->A): VET -> USDC -> EUR -> VET
2025-05-21 20:55:48,379 - deteccion - INFO - logger:info:79 - Pares: VETUSDC, EURUSDC, VETEUR
2025-05-21 20:55:48,380 - deteccion - INFO - logger:info:79 - Precios: 0.02954, 1.1346, 0.02577
2025-05-21 20:55:48,380 - deteccion - INFO - logger:info:79 - Factores: 0.02954, 0.8813678829543451, 38.80481179666278
2025-05-21 20:55:48,380 - deteccion - INFO - logger:info:79 - Rentabilidad Bruta: 1.030684%
2025-05-21 20:55:48,380 - deteccion - INFO - logger:info:79 - Oportunidad encontrada (A->B->C->A): VET -> USDC -> ETH -> VET
2025-05-21 20:55:48,381 - deteccion - INFO - logger:info:79 - Pares: VETUSDC, ETHUSDC, VETETH
2025-05-21 20:55:48,381 - deteccion - INFO - logger:info:79 - Precios: 0.02954, 2579.48, 1.144e-05
2025-05-21 20:55:48,381 - deteccion - INFO - logger:info:79 - Factores: 0.02954, 0.0003876750352784282, 87412.58741258741
2025-05-21 20:55:48,381 - deteccion - INFO - logger:info:79 - Rentabilidad Bruta: 0.104201%
2025-05-21 20:55:48,382 - deteccion - INFO - logger:info:79 - Oportunidad encontrada (A->B->C->A): VET -> USDC -> BUSD -> VET
2025-05-21 20:55:48,382 - deteccion - INFO - logger:info:79 - Pares: VETUSDC, USDCBUSD, VETBUSD
2025-05-21 20:55:48,382 - deteccion - INFO - logger:info:79 - Precios: 0.02954, 0.9999, 0.0212
2025-05-21 20:55:48,382 - deteccion - INFO - logger:info:79 - Factores: 0.02954, 0.9999, 47.16981132075472
2025-05-21 20:55:48,383 - deteccion - INFO - logger:info:79 - Rentabilidad Bruta: 39.325689%
2025-05-21 20:55:48,383 - deteccion - INFO - logger:info:79 - Oportunidad encontrada (A->B->C->A): VET -> USDT -> EUR -> VET
2025-05-21 20:55:48,384 - deteccion - INFO - logger:info:79 - Pares: VETUSDT, EURUSDT, VETEUR
2025-05-21 20:55:48,384 - deteccion - INFO - logger:info:79 - Precios: 0.02952, 1.1343, 0.02577
2025-05-21 20:55:48,384 - deteccion - INFO - logger:info:79 - Factores: 0.02952, 0.8816009873931058, 38.80481179666278
2025-05-21 20:55:48,385 - deteccion - INFO - logger:info:79 - Rentabilidad Bruta: 0.988984%
2025-05-21 20:55:48,385 - deteccion - INFO - logger:info:79 - Oportunidad encontrada (A->B->C->A): VET -> USDT -> ETH -> VET
2025-05-21 20:55:48,385 - deteccion - INFO - logger:info:79 - Pares: VETUSDT, ETHUSDT, VETETH
2025-05-21 20:55:48,386 - deteccion - INFO - logger:info:79 - Precios: 0.02952, 2578.27, 1.144e-05
2025-05-21 20:55:48,386 - deteccion - INFO - logger:info:79 - Factores: 0.02952, 0.00038785697386231854, 87412.58741258741
2025-05-21 20:55:48,386 - deteccion - INFO - logger:info:79 - Rentabilidad Bruta: 0.083373%
2025-05-21 20:55:48,386 - deteccion - INFO - logger:info:79 - Oportunidad encontrada (A->B->C->A): VET -> USDT -> BUSD -> VET
2025-05-21 20:55:48,387 - deteccion - INFO - logger:info:79 - Pares: VETUSDT, BUSDUSDT, VETBUSD
2025-05-21 20:55:48,387 - deteccion - INFO - logger:info:79 - Precios: 0.02952, 1.0003, 0.0212
2025-05-21 20:55:48,387 - deteccion - INFO - logger:info:79 - Factores: 0.02952, 0.9997000899730081, 47.16981132075472
2025-05-21 20:55:48,387 - deteccion - INFO - logger:info:79 - Rentabilidad Bruta: 39.203522%
2025-05-21 20:55:48,388 - deteccion - INFO - logger:info:79 - Oportunidad encontrada (A->B->C->A): VET -> EUR -> BUSD -> VET
2025-05-21 20:55:48,388 - deteccion - INFO - logger:info:79 - Pares: VETEUR, EURBUSD, VETBUSD
2025-05-21 20:55:48,388 - deteccion - INFO - logger:info:79 - Precios: 0.02577, 1.0757, 0.0212
2025-05-21 20:55:48,389 - deteccion - INFO - logger:info:79 - Factores: 0.02577, 1.0757, 47.16981132075472
2025-05-21 20:55:48,389 - deteccion - INFO - logger:info:79 - Rentabilidad Bruta: 30.758439%
2025-05-21 20:55:48,389 - deteccion - INFO - logger:info:79 - Oportunidad encontrada (A->B->C->A): VET -> ETH -> BUSD -> VET
2025-05-21 20:55:48,389 - deteccion - INFO - logger:info:79 - Pares: VETETH, ETHBUSD, VETBUSD
2025-05-21 20:55:48,390 - deteccion - INFO - logger:info:79 - Precios: 1.144e-05, 2281.12, 0.0212
2025-05-21 20:55:48,390 - deteccion - INFO - logger:info:79 - Factores: 1.144e-05, 2281.12, 47.16981132075472
2025-05-21 20:55:48,390 - deteccion - INFO - logger:info:79 - Rentabilidad Bruta: 23.094400%
2025-05-21 20:55:48,390 - deteccion - INFO - logger:info:79 - Oportunidad encontrada (A->B->C->A): VET -> BUSD -> BTC -> VET
2025-05-21 20:55:48,391 - deteccion - INFO - logger:info:79 - Pares: VETBUSD, BTCBUSD, VETBTC
2025-05-21 20:55:48,391 - deteccion - INFO - logger:info:79 - Precios: 0.0212, 42769.4, 2.7e-07
2025-05-21 20:55:48,391 - deteccion - INFO - logger:info:79 - Factores: 0.0212, 2.338120244847952e-05, 3703703.7037037034
2025-05-21 20:55:48,392 - deteccion - INFO - logger:info:79 - Rentabilidad Bruta: 83.585738%
2025-05-21 20:55:48,393 - deteccion - INFO - logger:info:79 - Oportunidad encontrada (A->B->C->A): TUSD -> SOL -> BTC -> TUSD
2025-05-21 20:55:48,394 - deteccion - INFO - logger:info:79 - Pares: SOLTUSD, SOLBTC, BTCTUSD
2025-05-21 20:55:48,394 - deteccion - INFO - logger:info:79 - Precios: 175.0, 0.0015921, 109923.9
2025-05-21 20:55:48,394 - deteccion - INFO - logger:info:79 - Factores: 0.005714285714285714, 0.0015921, 109923.9
2025-05-21 20:55:48,394 - deteccion - INFO - logger:info:79 - Rentabilidad Bruta: 0.005624%
2025-05-21 20:55:48,395 - deteccion - INFO - logger:info:79 - Oportunidad encontrada (A->B->C->A): TUSD -> BNB -> USDT -> TUSD
2025-05-21 20:55:48,395 - deteccion - INFO - logger:info:79 - Pares: BNBTUSD, BNBUSDT, TUSDUSDT
2025-05-21 20:55:48,395 - deteccion - INFO - logger:info:79 - Precios: 675.32, 675.5, 0.9987
2025-05-21 20:55:48,396 - deteccion - INFO - logger:info:79 - Factores: 0.001480779482319493, 675.5, 1.0013016921998599
2025-05-21 20:55:48,396 - deteccion - INFO - logger:info:79 - Rentabilidad Bruta: 0.156858%
2025-05-21 20:55:48,396 - deteccion - INFO - logger:info:79 - Oportunidad encontrada (A->B->C->A): TUSD -> BNB -> BTC -> TUSD
2025-05-21 20:55:48,396 - deteccion - INFO - logger:info:79 - Pares: BNBTUSD, BNBBTC, BTCTUSD
2025-05-21 20:55:48,397 - deteccion - INFO - logger:info:79 - Precios: 675.32, 0.006155, 109923.9
2025-05-21 20:55:48,397 - deteccion - INFO - logger:info:79 - Factores: 0.001480779482319493, 0.006155, 109923.9
2025-05-21 20:55:48,397 - deteccion - INFO - logger:info:79 - Rentabilidad Bruta: 0.186816%
2025-05-21 20:55:48,398 - deteccion - INFO - logger:info:79 - Oportunidad encontrada (A->B->C->A): TUSD -> BNB -> RUNE -> TUSD
2025-05-21 20:55:48,398 - deteccion - INFO - logger:info:79 - Pares: BNBTUSD, RUNEBNB, RUNETUSD
2025-05-21 20:55:48,398 - deteccion - INFO - logger:info:79 - Precios: 675.32, 0.001885, 5.501
2025-05-21 20:55:48,398 - deteccion - INFO - logger:info:79 - Factores: 0.001480779482319493, 530.5039787798408, 5.501
2025-05-21 20:55:48,399 - deteccion - INFO - logger:info:79 - Rentabilidad Bruta: 332.136230%
2025-05-21 20:55:48,399 - deteccion - INFO - logger:info:79 - Oportunidad encontrada (A->B->C->A): TUSD -> USDT -> BUSD -> TUSD
2025-05-21 20:55:48,399 - deteccion - INFO - logger:info:79 - Pares: TUSDUSDT, BUSDUSDT, TUSDBUSD
2025-05-21 20:55:48,400 - deteccion - INFO - logger:info:79 - Precios: 0.9987, 1.0003, 0.9966
2025-05-21 20:55:48,400 - deteccion - INFO - logger:info:79 - Factores: 0.9987, 0.9997000899730081, 1.0034115994380894
2025-05-21 20:55:48,400 - deteccion - INFO - logger:info:79 - Rentabilidad Bruta: 0.180662%
2025-05-21 20:55:48,400 - deteccion - INFO - logger:info:79 - Oportunidad encontrada (A->B->C->A): TUSD -> USDT -> BTC -> TUSD
2025-05-21 20:55:48,400 - deteccion - INFO - logger:info:79 - Pares: TUSDUSDT, BTCUSDT, BTCTUSD
2025-05-21 20:55:48,401 - deteccion - INFO - logger:info:79 - Precios: 0.9987, 109756.79, 109923.9
2025-05-21 20:55:48,401 - deteccion - INFO - logger:info:79 - Factores: 0.9987, 9.111053630486096e-06, 109923.9
2025-05-21 20:55:48,401 - deteccion - INFO - logger:info:79 - Rentabilidad Bruta: 0.022057%
2025-05-21 20:55:48,401 - deteccion - INFO - logger:info:79 - Oportunidad encontrada (A->B->C->A): TUSD -> USDT -> RUNE -> TUSD
2025-05-21 20:55:48,402 - deteccion - INFO - logger:info:79 - Pares: TUSDUSDT, RUNEUSDT, RUNETUSD
2025-05-21 20:55:48,402 - deteccion - INFO - logger:info:79 - Precios: 0.9987, 1.961, 5.501
2025-05-21 20:55:48,402 - deteccion - INFO - logger:info:79 - Factores: 0.9987, 0.5099439061703213, 5.501
2025-05-21 20:55:48,402 - deteccion - INFO - logger:info:79 - Rentabilidad Bruta: 180.155467%
2025-05-21 20:55:48,403 - deteccion - INFO - logger:info:79 - Oportunidad encontrada (A->B->C->A): TUSD -> ADA -> ETH -> TUSD
2025-05-21 20:55:48,403 - deteccion - INFO - logger:info:79 - Pares: ADATUSD, ADAETH, ETHTUSD
2025-05-21 20:55:48,403 - deteccion - INFO - logger:info:79 - Precios: 0.3847, 0.0003008, 2575.72
2025-05-21 20:55:48,403 - deteccion - INFO - logger:info:79 - Factores: 2.5994281258123215, 0.0003008, 2575.72
2025-05-21 20:55:48,404 - deteccion - INFO - logger:info:79 - Rentabilidad Bruta: 101.397602%
2025-05-21 20:55:48,404 - deteccion - INFO - logger:info:79 - Oportunidad encontrada (A->B->C->A): TUSD -> ADA -> BUSD -> TUSD
2025-05-21 20:55:48,404 - deteccion - INFO - logger:info:79 - Pares: ADATUSD, ADABUSD, TUSDBUSD
2025-05-21 20:55:48,404 - deteccion - INFO - logger:info:79 - Precios: 0.3847, 0.6374, 0.9966
2025-05-21 20:55:48,404 - deteccion - INFO - logger:info:79 - Factores: 2.5994281258123215, 0.6374, 1.0034115994380894
2025-05-21 20:55:48,405 - deteccion - INFO - logger:info:79 - Rentabilidad Bruta: 66.252808%
2025-05-21 20:55:48,405 - deteccion - INFO - logger:info:79 - Oportunidad encontrada (A->B->C->A): TUSD -> ADA -> BTC -> TUSD
2025-05-21 20:55:48,405 - deteccion - INFO - logger:info:79 - Pares: ADATUSD, ADABTC, BTCTUSD
2025-05-21 20:55:48,405 - deteccion - INFO - logger:info:79 - Precios: 0.3847, 7.06e-06, 109923.9
2025-05-21 20:55:48,405 - deteccion - INFO - logger:info:79 - Factores: 2.5994281258123215, 7.06e-06, 109923.9
2025-05-21 20:55:48,405 - deteccion - INFO - logger:info:79 - Rentabilidad Bruta: 101.731930%
2025-05-21 20:55:48,406 - deteccion - INFO - logger:info:79 - Oportunidad encontrada (A->B->C->A): TUSD -> LINK -> ETH -> TUSD
2025-05-21 20:55:48,406 - deteccion - INFO - logger:info:79 - Pares: LINKTUSD, LINKETH, ETHTUSD
2025-05-21 20:55:48,406 - deteccion - INFO - logger:info:79 - Precios: 14.423, 0.006297, 2575.72
2025-05-21 20:55:48,406 - deteccion - INFO - logger:info:79 - Factores: 0.06933370311308328, 0.006297, 2575.72
2025-05-21 20:55:48,407 - deteccion - INFO - logger:info:79 - Rentabilidad Bruta: 12.454474%
2025-05-21 20:55:48,407 - deteccion - INFO - logger:info:79 - Oportunidad encontrada (A->B->C->A): TUSD -> LINK -> BTC -> TUSD
2025-05-21 20:55:48,407 - deteccion - INFO - logger:info:79 - Pares: LINKTUSD, LINKBTC, BTCTUSD
2025-05-21 20:55:48,407 - deteccion - INFO - logger:info:79 - Precios: 14.423, 0.0001479, 109923.9
2025-05-21 20:55:48,408 - deteccion - INFO - logger:info:79 - Factores: 0.06933370311308328, 0.0001479, 109923.9
2025-05-21 20:55:48,408 - deteccion - INFO - logger:info:79 - Rentabilidad Bruta: 12.720965%
2025-05-21 20:55:48,408 - deteccion - INFO - logger:info:79 - Oportunidad encontrada (A->B->C->A): TUSD -> ETH -> BTC -> TUSD
2025-05-21 20:55:48,409 - deteccion - INFO - logger:info:79 - Pares: ETHTUSD, ETHBTC, BTCTUSD
2025-05-21 20:55:48,409 - deteccion - INFO - logger:info:79 - Precios: 2575.72, 0.0235, 109923.9
2025-05-21 20:55:48,409 - deteccion - INFO - logger:info:79 - Factores: 0.0003882409578680913, 0.0235, 109923.9
2025-05-21 20:55:48,410 - deteccion - INFO - logger:info:79 - Rentabilidad Bruta: 0.290857%
2025-05-21 20:55:48,410 - deteccion - INFO - logger:info:79 - Oportunidad encontrada (A->B->C->A): TUSD -> ETH -> RUNE -> TUSD
2025-05-21 20:55:48,410 - deteccion - INFO - logger:info:79 - Pares: ETHTUSD, RUNEETH, RUNETUSD
2025-05-21 20:55:48,410 - deteccion - INFO - logger:info:79 - Precios: 2575.72, 0.0007617, 5.501
2025-05-21 20:55:48,411 - deteccion - INFO - logger:info:79 - Factores: 0.0003882409578680913, 1312.8528291978469, 5.501
2025-05-21 20:55:48,411 - deteccion - INFO - logger:info:79 - Rentabilidad Bruta: 180.387752%
2025-05-21 20:55:48,411 - deteccion - INFO - logger:info:79 - Oportunidad encontrada (A->B->C->A): TUSD -> BUSD -> BTC -> TUSD
2025-05-21 20:55:48,412 - deteccion - INFO - logger:info:79 - Pares: TUSDBUSD, BTCBUSD, BTCTUSD
2025-05-21 20:55:48,412 - deteccion - INFO - logger:info:79 - Precios: 0.9966, 42769.4, 109923.9
2025-05-21 20:55:48,412 - deteccion - INFO - logger:info:79 - Factores: 0.9966, 2.338120244847952e-05, 109923.9
2025-05-21 20:55:48,413 - deteccion - INFO - logger:info:79 - Rentabilidad Bruta: 156.141444%
2025-05-21 20:55:48,413 - deteccion - INFO - logger:info:79 - Oportunidad encontrada (A->B->C->A): TUSD -> BUSD -> LTC -> TUSD
2025-05-21 20:55:48,413 - deteccion - INFO - logger:info:79 - Pares: TUSDBUSD, LTCBUSD, LTCTUSD
2025-05-21 20:55:48,413 - deteccion - INFO - logger:info:79 - Precios: 0.9966, 72.37, 83.07
2025-05-21 20:55:48,414 - deteccion - INFO - logger:info:79 - Factores: 0.9966, 0.01381788033715628, 83.07
2025-05-21 20:55:48,414 - deteccion - INFO - logger:info:79 - Rentabilidad Bruta: 14.394863%
2025-05-21 20:55:48,414 - deteccion - INFO - logger:info:79 - Oportunidad encontrada (A->B->C->A): TUSD -> BUSD -> RUNE -> TUSD
2025-05-21 20:55:48,414 - deteccion - INFO - logger:info:79 - Pares: TUSDBUSD, RUNEBUSD, RUNETUSD
2025-05-21 20:55:48,415 - deteccion - INFO - logger:info:79 - Precios: 0.9966, 5.462, 5.501
2025-05-21 20:55:48,415 - deteccion - INFO - logger:info:79 - Factores: 0.9966, 0.18308311973636032, 5.501
2025-05-21 20:55:48,415 - deteccion - INFO - logger:info:79 - Rentabilidad Bruta: 0.371596%
2025-05-21 20:55:48,415 - deteccion - INFO - logger:info:79 - Oportunidad encontrada (A->B->C->A): TUSD -> BTC -> RUNE -> TUSD
2025-05-21 20:55:48,416 - deteccion - INFO - logger:info:79 - Pares: BTCTUSD, RUNEBTC, RUNETUSD
2025-05-21 20:55:48,416 - deteccion - INFO - logger:info:79 - Precios: 109923.9, 1.79e-05, 5.501
2025-05-21 20:55:48,416 - deteccion - INFO - logger:info:79 - Factores: 9.097202701141426e-06, 55865.92178770949, 5.501
2025-05-21 20:55:48,416 - deteccion - INFO - logger:info:79 - Rentabilidad Bruta: 179.573810%
2025-05-21 20:55:48,417 - deteccion - INFO - logger:info:79 - Oportunidad encontrada (A->B->C->A): SOL -> BNB -> USDC -> SOL
2025-05-21 20:55:48,417 - deteccion - INFO - logger:info:79 - Pares: SOLBNB, BNBUSDC, SOLUSDC
2025-05-21 20:55:48,418 - deteccion - INFO - logger:info:79 - Precios: 0.2588, 675.88, 174.78
2025-05-21 20:55:48,418 - deteccion - INFO - logger:info:79 - Factores: 0.2588, 675.88, 0.005721478430026319
2025-05-21 20:55:48,418 - deteccion - INFO - logger:info:79 - Rentabilidad Bruta: 0.078810%
2025-05-21 20:55:48,418 - deteccion - INFO - logger:info:79 - Oportunidad encontrada (A->B->C->A): SOL -> BNB -> USDT -> SOL
2025-05-21 20:55:48,419 - deteccion - INFO - logger:info:79 - Pares: SOLBNB, BNBUSDT, SOLUSDT
2025-05-21 20:55:48,419 - deteccion - INFO - logger:info:79 - Precios: 0.2588, 675.5, 174.7
2025-05-21 20:55:48,419 - deteccion - INFO - logger:info:79 - Factores: 0.2588, 675.5, 0.005724098454493417
2025-05-21 20:55:48,419 - deteccion - INFO - logger:info:79 - Rentabilidad Bruta: 0.068346%
2025-05-21 20:55:48,419 - deteccion - INFO - logger:info:79 - Oportunidad encontrada (A->B->C->A): SOL -> BNB -> EUR -> SOL
2025-05-21 20:55:48,420 - deteccion - INFO - logger:info:79 - Pares: SOLBNB, BNBEUR, SOLEUR
2025-05-21 20:55:48,420 - deteccion - INFO - logger:info:79 - Precios: 0.2588, 595.69, 153.98
2025-05-21 20:55:48,420 - deteccion - INFO - logger:info:79 - Factores: 0.2588, 595.69, 0.006494349915573451
2025-05-21 20:55:48,420 - deteccion - INFO - logger:info:79 - Rentabilidad Bruta: 0.119868%
2025-05-21 20:55:48,420 - deteccion - INFO - logger:info:79 - Oportunidad encontrada (A->B->C->A): SOL -> BNB -> AUD -> SOL
2025-05-21 20:55:48,421 - deteccion - INFO - logger:info:79 - Pares: SOLBNB, BNBAUD, SOLAUD
2025-05-21 20:55:48,421 - deteccion - INFO - logger:info:79 - Precios: 0.2588, 421.1, 28.48
2025-05-21 20:55:48,421 - deteccion - INFO - logger:info:79 - Factores: 0.2588, 421.1, 0.0351123595505618
2025-05-21 20:55:48,421 - deteccion - INFO - logger:info:79 - Rentabilidad Bruta: 282.656882%
2025-05-21 20:55:48,422 - deteccion - INFO - logger:info:79 - Oportunidad encontrada (A->B->C->A): SOL -> BNB -> ETH -> SOL
2025-05-21 20:55:48,422 - deteccion - INFO - logger:info:79 - Pares: SOLBNB, BNBETH, SOLETH
2025-05-21 20:55:48,422 - deteccion - INFO - logger:info:79 - Precios: 0.2588, 0.2621, 0.06779
2025-05-21 20:55:48,422 - deteccion - INFO - logger:info:79 - Factores: 0.2588, 0.2621, 14.75143826523086
2025-05-21 20:55:48,422 - deteccion - INFO - logger:info:79 - Rentabilidad Bruta: 0.061189%
2025-05-21 20:55:48,423 - deteccion - INFO - logger:info:79 - Oportunidad encontrada (A->B->C->A): SOL -> BNB -> BTC -> SOL
2025-05-21 20:55:48,423 - deteccion - INFO - logger:info:79 - Pares: SOLBNB, BNBBTC, SOLBTC
2025-05-21 20:55:48,423 - deteccion - INFO - logger:info:79 - Precios: 0.2588, 0.006155, 0.0015921
2025-05-21 20:55:48,423 - deteccion - INFO - logger:info:79 - Factores: 0.2588, 0.006155, 628.1012499214874
2025-05-21 20:55:48,423 - deteccion - INFO - logger:info:79 - Rentabilidad Bruta: 0.051127%
2025-05-21 20:55:48,424 - deteccion - INFO - logger:info:79 - Oportunidad encontrada (A->B->C->A): SOL -> USDC -> USDT -> SOL
2025-05-21 20:55:48,424 - deteccion - INFO - logger:info:79 - Pares: SOLUSDC, USDCUSDT, SOLUSDT
2025-05-21 20:55:48,424 - deteccion - INFO - logger:info:79 - Precios: 174.78, 0.9996, 174.7
2025-05-21 20:55:48,424 - deteccion - INFO - logger:info:79 - Factores: 174.78, 0.9996, 0.005724098454493417
2025-05-21 20:55:48,424 - deteccion - INFO - logger:info:79 - Rentabilidad Bruta: 0.005774%
2025-05-21 20:55:48,425 - deteccion - INFO - logger:info:79 - Oportunidad encontrada (A->B->C->A): SOL -> USDC -> EUR -> SOL
2025-05-21 20:55:48,425 - deteccion - INFO - logger:info:79 - Pares: SOLUSDC, EURUSDC, SOLEUR
2025-05-21 20:55:48,425 - deteccion - INFO - logger:info:79 - Precios: 174.78, 1.1346, 153.98
2025-05-21 20:55:48,425 - deteccion - INFO - logger:info:79 - Factores: 174.78, 0.8813678829543451, 0.006494349915573451
2025-05-21 20:55:48,425 - deteccion - INFO - logger:info:79 - Rentabilidad Bruta: 0.042524%
2025-05-21 20:55:48,426 - deteccion - INFO - logger:info:79 - Oportunidad encontrada (A->B->C->A): SOL -> USDC -> AUD -> SOL
2025-05-21 20:55:48,426 - deteccion - INFO - logger:info:79 - Pares: SOLUSDC, AUDUSDC, SOLAUD
2025-05-21 20:55:48,426 - deteccion - INFO - logger:info:79 - Precios: 174.78, 0.6477, 28.48
2025-05-21 20:55:48,427 - deteccion - INFO - logger:info:79 - Factores: 174.78, 1.543924656476764, 0.0351123595505618
2025-05-21 20:55:48,427 - deteccion - INFO - logger:info:79 - Rentabilidad Bruta: 847.497021%
2025-05-21 20:55:48,428 - deteccion - INFO - logger:info:79 - Oportunidad encontrada (A->B->C->A): SOL -> USDC -> BUSD -> SOL
2025-05-21 20:55:48,428 - deteccion - INFO - logger:info:79 - Pares: SOLUSDC, USDCBUSD, SOLBUSD
2025-05-21 20:55:48,428 - deteccion - INFO - logger:info:79 - Precios: 174.78, 0.9999, 74.62
2025-05-21 20:55:48,428 - deteccion - INFO - logger:info:79 - Factores: 174.78, 0.9999, 0.013401232913428035
2025-05-21 20:55:48,429 - deteccion - INFO - logger:info:79 - Rentabilidad Bruta: 134.203326%
2025-05-21 20:55:48,429 - deteccion - INFO - logger:info:79 - Oportunidad encontrada (A->B->C->A): SOL -> USDT -> EUR -> SOL
2025-05-21 20:55:48,429 - deteccion - INFO - logger:info:79 - Pares: SOLUSDT, EURUSDT, SOLEUR
2025-05-21 20:55:48,430 - deteccion - INFO - logger:info:79 - Precios: 174.7, 1.1343, 153.98
2025-05-21 20:55:48,430 - deteccion - INFO - logger:info:79 - Factores: 174.7, 0.8816009873931058, 0.006494349915573451
2025-05-21 20:55:48,430 - deteccion - INFO - logger:info:79 - Rentabilidad Bruta: 0.023180%
2025-05-21 20:55:48,430 - deteccion - INFO - logger:info:79 - Oportunidad encontrada (A->B->C->A): SOL -> USDT -> AUD -> SOL
2025-05-21 20:55:48,430 - deteccion - INFO - logger:info:79 - Pares: SOLUSDT, AUDUSDT, SOLAUD
2025-05-21 20:55:48,431 - deteccion - INFO - logger:info:79 - Precios: 174.7, 0.7252, 28.48
2025-05-21 20:55:48,431 - deteccion - INFO - logger:info:79 - Factores: 174.7, 1.378929950358522, 0.0351123595505618
2025-05-21 20:55:48,431 - deteccion - INFO - logger:info:79 - Rentabilidad Bruta: 745.853449%
2025-05-21 20:55:48,431 - deteccion - INFO - logger:info:79 - Oportunidad encontrada (A->B->C->A): SOL -> USDT -> BUSD -> SOL
2025-05-21 20:55:48,432 - deteccion - INFO - logger:info:79 - Pares: SOLUSDT, BUSDUSDT, SOLBUSD
2025-05-21 20:55:48,432 - deteccion - INFO - logger:info:79 - Precios: 174.7, 1.0003, 74.62
2025-05-21 20:55:48,432 - deteccion - INFO - logger:info:79 - Factores: 174.7, 0.9997000899730081, 0.013401232913428035
2025-05-21 20:55:48,432 - deteccion - INFO - logger:info:79 - Rentabilidad Bruta: 134.049324%
2025-05-21 20:55:48,433 - deteccion - INFO - logger:info:79 - Oportunidad encontrada (A->B->C->A): SOL -> EUR -> BUSD -> SOL
2025-05-21 20:55:48,433 - deteccion - INFO - logger:info:79 - Pares: SOLEUR, EURBUSD, SOLBUSD
2025-05-21 20:55:48,433 - deteccion - INFO - logger:info:79 - Precios: 153.98, 1.0757, 74.62
2025-05-21 20:55:48,433 - deteccion - INFO - logger:info:79 - Factores: 153.98, 1.0757, 0.013401232913428035
2025-05-21 20:55:48,434 - deteccion - INFO - logger:info:79 - Rentabilidad Bruta: 121.973045%
2025-05-21 20:55:48,434 - deteccion - INFO - logger:info:79 - Oportunidad encontrada (A->B->C->A): SOL -> ETH -> BUSD -> SOL
2025-05-21 20:55:48,434 - deteccion - INFO - logger:info:79 - Pares: SOLETH, ETHBUSD, SOLBUSD
2025-05-21 20:55:48,434 - deteccion - INFO - logger:info:79 - Precios: 0.06779, 2281.12, 74.62
2025-05-21 20:55:48,435 - deteccion - INFO - logger:info:79 - Factores: 0.06779, 2281.12, 0.013401232913428035
2025-05-21 20:55:48,435 - deteccion - INFO - logger:info:79 - Rentabilidad Bruta: 107.232813%
2025-05-21 20:55:48,435 - deteccion - INFO - logger:info:79 - Oportunidad encontrada (A->B->C->A): SOL -> ETH -> BTC -> SOL
2025-05-21 20:55:48,435 - deteccion - INFO - logger:info:79 - Pares: SOLETH, ETHBTC, SOLBTC
2025-05-21 20:55:48,435 - deteccion - INFO - logger:info:79 - Precios: 0.06779, 0.0235, 0.0015921
2025-05-21 20:55:48,436 - deteccion - INFO - logger:info:79 - Factores: 0.06779, 0.0235, 628.1012499214874
2025-05-21 20:55:48,436 - deteccion - INFO - logger:info:79 - Rentabilidad Bruta: 0.060612%
2025-05-21 20:55:48,436 - deteccion - INFO - logger:info:79 - Oportunidad encontrada (A->B->C->A): SOL -> BUSD -> BTC -> SOL
2025-05-21 20:55:48,436 - deteccion - INFO - logger:info:79 - Pares: SOLBUSD, BTCBUSD, SOLBTC
2025-05-21 20:55:48,437 - deteccion - INFO - logger:info:79 - Precios: 74.62, 42769.4, 0.0015921
2025-05-21 20:55:48,437 - deteccion - INFO - logger:info:79 - Factores: 74.62, 2.338120244847952e-05, 628.1012499214874
2025-05-21 20:55:48,437 - deteccion - INFO - logger:info:79 - Rentabilidad Bruta: 9.585160%
2025-05-21 20:55:48,438 - deteccion - INFO - logger:info:79 - Oportunidad encontrada (A->B->C->A): BNB -> USDC -> USDT -> BNB
2025-05-21 20:55:48,438 - deteccion - INFO - logger:info:79 - Pares: BNBUSDC, USDCUSDT, BNBUSDT
2025-05-21 20:55:48,438 - deteccion - INFO - logger:info:79 - Precios: 675.88, 0.9996, 675.5
2025-05-21 20:55:48,438 - deteccion - INFO - logger:info:79 - Factores: 675.88, 0.9996, 0.0014803849000740192
2025-05-21 20:55:48,439 - deteccion - INFO - logger:info:79 - Rentabilidad Bruta: 0.016232%
2025-05-21 20:55:48,439 - deteccion - INFO - logger:info:79 - Oportunidad encontrada (A->B->C->A): BNB -> USDC -> ALGO -> BNB
2025-05-21 20:55:48,439 - deteccion - INFO - logger:info:79 - Pares: BNBUSDC, ALGOUSDC, ALGOBNB
2025-05-21 20:55:48,439 - deteccion - INFO - logger:info:79 - Precios: 675.88, 0.2325, 0.0005825
2025-05-21 20:55:48,439 - deteccion - INFO - logger:info:79 - Factores: 675.88, 4.301075268817204, 0.0005825
2025-05-21 20:55:48,439 - deteccion - INFO - logger:info:79 - Rentabilidad Bruta: 69.333376%
2025-05-21 20:55:48,440 - deteccion - INFO - logger:info:79 - Oportunidad encontrada (A->B->C->A): BNB -> USDC -> EUR -> BNB
2025-05-21 20:55:48,440 - deteccion - INFO - logger:info:79 - Pares: BNBUSDC, EURUSDC, BNBEUR
2025-05-21 20:55:48,440 - deteccion - INFO - logger:info:79 - Precios: 675.88, 1.1346, 595.69
2025-05-21 20:55:48,440 - deteccion - INFO - logger:info:79 - Factores: 675.88, 0.8813678829543451, 0.0016787255115915994
2025-05-21 20:55:48,440 - deteccion - INFO - logger:info:79 - Rentabilidad Bruta: 0.001498%
2025-05-21 20:55:48,441 - deteccion - INFO - logger:info:79 - Oportunidad encontrada (A->B->C->A): BNB -> USDC -> AUD -> BNB
2025-05-21 20:55:48,441 - deteccion - INFO - logger:info:79 - Pares: BNBUSDC, AUDUSDC, BNBAUD
2025-05-21 20:55:48,441 - deteccion - INFO - logger:info:79 - Precios: 675.88, 0.6477, 421.1
2025-05-21 20:55:48,441 - deteccion - INFO - logger:info:79 - Factores: 675.88, 1.543924656476764, 0.0023747328425552123
2025-05-21 20:55:48,442 - deteccion - INFO - logger:info:79 - Rentabilidad Bruta: 147.805224%
2025-05-21 20:55:48,442 - deteccion - INFO - logger:info:79 - Oportunidad encontrada (A->B->C->A): BNB -> USDC -> BUSD -> BNB
2025-05-21 20:55:48,442 - deteccion - INFO - logger:info:79 - Pares: BNBUSDC, USDCBUSD, BNBBUSD
2025-05-21 20:55:48,443 - deteccion - INFO - logger:info:79 - Precios: 675.88, 0.9999, 251.8
2025-05-21 20:55:48,443 - deteccion - INFO - logger:info:79 - Factores: 675.88, 0.9999, 0.003971405877680699
2025-05-21 20:55:48,443 - deteccion - INFO - logger:info:79 - Rentabilidad Bruta: 168.392539%
2025-05-21 20:55:48,443 - deteccion - INFO - logger:info:79 - Oportunidad encontrada (A->B->C->A): BNB -> USDC -> BTC -> BNB
2025-05-21 20:55:48,443 - deteccion - INFO - logger:info:79 - Pares: BNBUSDC, BTCUSDC, BNBBTC
2025-05-21 20:55:48,444 - deteccion - INFO - logger:info:79 - Precios: 675.88, 109798.12, 0.006155
2025-05-21 20:55:48,444 - deteccion - INFO - logger:info:79 - Factores: 675.88, 9.107624064965775e-06, 162.46953696181967
2025-05-21 20:55:48,444 - deteccion - INFO - logger:info:79 - Rentabilidad Bruta: 0.010738%
2025-05-21 20:55:48,444 - deteccion - INFO - logger:info:79 - Oportunidad encontrada (A->B->C->A): BNB -> USDC -> XTZ -> BNB
2025-05-21 20:55:48,445 - deteccion - INFO - logger:info:79 - Pares: BNBUSDC, XTZUSDC, XTZBNB
2025-05-21 20:55:48,445 - deteccion - INFO - logger:info:79 - Precios: 675.88, 0.6424, 0.002883
2025-05-21 20:55:48,445 - deteccion - INFO - logger:info:79 - Factores: 675.88, 1.5566625155666252, 0.002883
2025-05-21 20:55:48,445 - deteccion - INFO - logger:info:79 - Rentabilidad Bruta: 203.325349%
2025-05-21 20:55:48,446 - deteccion - INFO - logger:info:79 - Oportunidad encontrada (A->B->C->A): BNB -> USDC -> ZEN -> BNB
2025-05-21 20:55:48,446 - deteccion - INFO - logger:info:79 - Pares: BNBUSDC, ZENUSDC, ZENBNB
2025-05-21 20:55:48,446 - deteccion - INFO - logger:info:79 - Precios: 675.88, 9.98, 0.0329
2025-05-21 20:55:48,446 - deteccion - INFO - logger:info:79 - Factores: 675.88, 0.1002004008016032, 0.0329
2025-05-21 20:55:48,446 - deteccion - INFO - logger:info:79 - Rentabilidad Bruta: 122.810140%
2025-05-21 20:55:48,447 - deteccion - INFO - logger:info:79 - Oportunidad encontrada (A->B->C->A): BNB -> USDC -> NEO -> BNB
2025-05-21 20:55:48,447 - deteccion - INFO - logger:info:79 - Pares: BNBUSDC, NEOUSDC, NEOBNB
2025-05-21 20:55:48,447 - deteccion - INFO - logger:info:79 - Precios: 675.88, 6.75, 0.03836
2025-05-21 20:55:48,447 - deteccion - INFO - logger:info:79 - Factores: 675.88, 0.14814814814814814, 0.03836
2025-05-21 20:55:48,447 - deteccion - INFO - logger:info:79 - Rentabilidad Bruta: 284.100101%
2025-05-21 20:55:48,448 - deteccion - INFO - logger:info:79 - Oportunidad encontrada (A->B->C->A): BNB -> USDC -> IOTA -> BNB
2025-05-21 20:55:48,448 - deteccion - INFO - logger:info:79 - Pares: BNBUSDC, IOTAUSDC, IOTABNB
2025-05-21 20:55:48,448 - deteccion - INFO - logger:info:79 - Precios: 675.88, 0.2302, 0.000717
2025-05-21 20:55:48,448 - deteccion - INFO - logger:info:79 - Factores: 675.88, 4.344048653344918, 0.000717
2025-05-21 20:55:48,449 - deteccion - INFO - logger:info:79 - Rentabilidad Bruta: 110.515187%
2025-05-21 20:55:48,449 - deteccion - INFO - logger:info:79 - Oportunidad encontrada (A->B->C->A): BNB -> USDC -> THETA -> BNB
2025-05-21 20:55:48,449 - deteccion - INFO - logger:info:79 - Pares: BNBUSDC, THETAUSDC, THETABNB
2025-05-21 20:55:48,449 - deteccion - INFO - logger:info:79 - Precios: 675.88, 0.924, 0.002736
2025-05-21 20:55:48,449 - deteccion - INFO - logger:info:79 - Factores: 675.88, 1.0822510822510822, 0.002736
2025-05-21 20:55:48,450 - deteccion - INFO - logger:info:79 - Rentabilidad Bruta: 100.130701%
2025-05-21 20:55:48,450 - deteccion - INFO - logger:info:79 - Oportunidad encontrada (A->B->C->A): BNB -> USDT -> ALGO -> BNB
2025-05-21 20:55:48,450 - deteccion - INFO - logger:info:79 - Pares: BNBUSDT, ALGOUSDT, ALGOBNB
2025-05-21 20:55:48,451 - deteccion - INFO - logger:info:79 - Precios: 675.5, 0.2323, 0.0005825
2025-05-21 20:55:48,451 - deteccion - INFO - logger:info:79 - Factores: 675.5, 4.304778303917348, 0.0005825
2025-05-21 20:55:48,451 - deteccion - INFO - logger:info:79 - Rentabilidad Bruta: 69.383879%
2025-05-21 20:55:48,451 - deteccion - INFO - logger:info:79 - Oportunidad encontrada (A->B->C->A): BNB -> USDT -> ETC -> BNB
2025-05-21 20:55:48,451 - deteccion - INFO - logger:info:79 - Pares: BNBUSDT, ETCUSDT, ETCBNB
2025-05-21 20:55:48,451 - deteccion - INFO - logger:info:79 - Precios: 675.5, 19.19, 0.02844
2025-05-21 20:55:48,452 - deteccion - INFO - logger:info:79 - Factores: 675.5, 0.05211047420531526, 0.02844
2025-05-21 20:55:48,452 - deteccion - INFO - logger:info:79 - Rentabilidad Bruta: 0.110578%
2025-05-21 20:55:48,452 - deteccion - INFO - logger:info:79 - Oportunidad encontrada (A->B->C->A): BNB -> USDT -> AUD -> BNB
2025-05-21 20:55:48,452 - deteccion - INFO - logger:info:79 - Pares: BNBUSDT, AUDUSDT, BNBAUD
2025-05-21 20:55:48,452 - deteccion - INFO - logger:info:79 - Precios: 675.5, 0.7252, 421.1
2025-05-21 20:55:48,453 - deteccion - INFO - logger:info:79 - Factores: 675.5, 1.378929950358522, 0.0023747328425552123
2025-05-21 20:55:48,453 - deteccion - INFO - logger:info:79 - Rentabilidad Bruta: 121.198571%
2025-05-21 20:55:48,453 - deteccion - INFO - logger:info:79 - Oportunidad encontrada (A->B->C->A): BNB -> USDT -> BUSD -> BNB
2025-05-21 20:55:48,453 - deteccion - INFO - logger:info:79 - Pares: BNBUSDT, BUSDUSDT, BNBBUSD
2025-05-21 20:55:48,454 - deteccion - INFO - logger:info:79 - Precios: 675.5, 1.0003, 251.8
2025-05-21 20:55:48,454 - deteccion - INFO - logger:info:79 - Factores: 675.5, 0.9997000899730081, 0.003971405877680699
2025-05-21 20:55:48,454 - deteccion - INFO - logger:info:79 - Rentabilidad Bruta: 168.188011%
2025-05-21 20:55:48,454 - deteccion - INFO - logger:info:79 - Oportunidad encontrada (A->B->C->A): BNB -> USDT -> FTT -> BNB
2025-05-21 20:55:48,454 - deteccion - INFO - logger:info:79 - Pares: BNBUSDT, FTTUSDT, FTTBNB
2025-05-21 20:55:48,454 - deteccion - INFO - logger:info:79 - Precios: 675.5, 1.224, 0.00513
2025-05-21 20:55:48,455 - deteccion - INFO - logger:info:79 - Factores: 675.5, 0.8169934640522876, 0.00513
2025-05-21 20:55:48,455 - deteccion - INFO - logger:info:79 - Rentabilidad Bruta: 183.113971%
2025-05-21 20:55:48,455 - deteccion - INFO - logger:info:79 - Oportunidad encontrada (A->B->C->A): BNB -> USDT -> ZIL -> BNB
2025-05-21 20:55:48,455 - deteccion - INFO - logger:info:79 - Pares: BNBUSDT, ZILUSDT, ZILBNB
2025-05-21 20:55:48,455 - deteccion - INFO - logger:info:79 - Precios: 675.5, 0.01332, 8.858e-05
2025-05-21 20:55:48,456 - deteccion - INFO - logger:info:79 - Factores: 675.5, 75.07507507507508, 8.858e-05
2025-05-21 20:55:48,456 - deteccion - INFO - logger:info:79 - Rentabilidad Bruta: 349.217643%
2025-05-21 20:55:48,456 - deteccion - INFO - logger:info:79 - Oportunidad encontrada (A->B->C->A): BNB -> USDT -> XTZ -> BNB
2025-05-21 20:55:48,456 - deteccion - INFO - logger:info:79 - Pares: BNBUSDT, XTZUSDT, XTZBNB
2025-05-21 20:55:48,456 - deteccion - INFO - logger:info:79 - Precios: 675.5, 0.6419, 0.002883
2025-05-21 20:55:48,456 - deteccion - INFO - logger:info:79 - Factores: 675.5, 1.5578750584203147, 0.002883
2025-05-21 20:55:48,457 - deteccion - INFO - logger:info:79 - Rentabilidad Bruta: 203.390949%
2025-05-21 20:55:48,457 - deteccion - INFO - logger:info:79 - Oportunidad encontrada (A->B->C->A): BNB -> USDT -> CHR -> BNB
2025-05-21 20:55:48,457 - deteccion - INFO - logger:info:79 - Pares: BNBUSDT, CHRUSDT, CHRBNB
2025-05-21 20:55:48,457 - deteccion - INFO - logger:info:79 - Precios: 675.5, 0.1061, 0.0004377
2025-05-21 20:55:48,457 - deteccion - INFO - logger:info:79 - Factores: 675.5, 9.42507068803016, 0.0004377
2025-05-21 20:55:48,458 - deteccion - INFO - logger:info:79 - Rentabilidad Bruta: 178.667625%
2025-05-21 20:55:48,458 - deteccion - INFO - logger:info:79 - Oportunidad encontrada (A->B->C->A): BNB -> USDT -> SRM -> BNB
2025-05-21 20:55:48,458 - deteccion - INFO - logger:info:79 - Pares: BNBUSDT, SRMUSDT, SRMBNB
2025-05-21 20:55:48,459 - deteccion - INFO - logger:info:79 - Precios: 675.5, 0.24442, 0.00084
2025-05-21 20:55:48,460 - deteccion - INFO - logger:info:79 - Factores: 675.5, 4.091318222731364, 0.00084
2025-05-21 20:55:48,460 - deteccion - INFO - logger:info:79 - Rentabilidad Bruta: 132.149579%
2025-05-21 20:55:48,460 - deteccion - INFO - logger:info:79 - Oportunidad encontrada (A->B->C->A): BNB -> USDT -> ZEN -> BNB
2025-05-21 20:55:48,461 - deteccion - INFO - logger:info:79 - Pares: BNBUSDT, ZENUSDT, ZENBNB
2025-05-21 20:55:48,461 - deteccion - INFO - logger:info:79 - Precios: 675.5, 9.99, 0.0329
2025-05-21 20:55:48,461 - deteccion - INFO - logger:info:79 - Factores: 675.5, 0.10010010010010009, 0.0329
2025-05-21 20:55:48,461 - deteccion - INFO - logger:info:79 - Rentabilidad Bruta: 122.461962%
2025-05-21 20:55:48,462 - deteccion - INFO - logger:info:79 - Oportunidad encontrada (A->B->C->A): BNB -> USDT -> ARPA -> BNB
2025-05-21 20:55:48,462 - deteccion - INFO - logger:info:79 - Pares: BNBUSDT, ARPAUSDT, ARPABNB
2025-05-21 20:55:48,462 - deteccion - INFO - logger:info:79 - Precios: 675.5, 0.02609, 0.0001547
2025-05-21 20:55:48,462 - deteccion - INFO - logger:info:79 - Factores: 675.5, 38.328861632809506, 0.0001547
2025-05-21 20:55:48,463 - deteccion - INFO - logger:info:79 - Rentabilidad Bruta: 300.536029%
2025-05-21 20:55:48,463 - deteccion - INFO - logger:info:79 - Oportunidad encontrada (A->B->C->A): BNB -> USDT -> ANKR -> BNB
2025-05-21 20:55:48,463 - deteccion - INFO - logger:info:79 - Pares: BNBUSDT, ANKRUSDT, ANKRBNB
2025-05-21 20:55:48,464 - deteccion - INFO - logger:info:79 - Precios: 675.5, 0.01893, 8.56e-05
2025-05-21 20:55:48,464 - deteccion - INFO - logger:info:79 - Factores: 675.5, 52.826201796090864, 8.56e-05
2025-05-21 20:55:48,464 - deteccion - INFO - logger:info:79 - Rentabilidad Bruta: 205.455890%
2025-05-21 20:55:48,464 - deteccion - INFO - logger:info:79 - Oportunidad encontrada (A->B->C->A): BNB -> USDT -> COTI -> BNB
2025-05-21 20:55:48,465 - deteccion - INFO - logger:info:79 - Pares: BNBUSDT, COTIUSDT, COTIBNB
2025-05-21 20:55:48,465 - deteccion - INFO - logger:info:79 - Precios: 675.5, 0.073, 0.0002123
2025-05-21 20:55:48,465 - deteccion - INFO - logger:info:79 - Factores: 675.5, 13.698630136986303, 0.0002123
2025-05-21 20:55:48,465 - deteccion - INFO - logger:info:79 - Rentabilidad Bruta: 96.450205%
2025-05-21 20:55:48,466 - deteccion - INFO - logger:info:79 - Oportunidad encontrada (A->B->C->A): BNB -> USDT -> CELR -> BNB
2025-05-21 20:55:48,466 - deteccion - INFO - logger:info:79 - Pares: BNBUSDT, CELRUSDT, CELRBNB
2025-05-21 20:55:48,466 - deteccion - INFO - logger:info:79 - Precios: 675.5, 0.01048, 5.294e-05
2025-05-21 20:55:48,466 - deteccion - INFO - logger:info:79 - Factores: 675.5, 95.41984732824427, 5.294e-05
2025-05-21 20:55:48,467 - deteccion - INFO - logger:info:79 - Rentabilidad Bruta: 241.230630%
2025-05-21 20:55:48,467 - deteccion - INFO - logger:info:79 - Oportunidad encontrada (A->B->C->A): BNB -> USDT -> NEO -> BNB
2025-05-21 20:55:48,467 - deteccion - INFO - logger:info:79 - Pares: BNBUSDT, NEOUSDT, NEOBNB
2025-05-21 20:55:48,467 - deteccion - INFO - logger:info:79 - Precios: 675.5, 6.75, 0.03836
2025-05-21 20:55:48,468 - deteccion - INFO - logger:info:79 - Factores: 675.5, 0.14814814814814814, 0.03836
2025-05-21 20:55:48,468 - deteccion - INFO - logger:info:79 - Rentabilidad Bruta: 283.884148%
2025-05-21 20:55:48,468 - deteccion - INFO - logger:info:79 - Oportunidad encontrada (A->B->C->A): BNB -> USDT -> MANA -> BNB
2025-05-21 20:55:48,469 - deteccion - INFO - logger:info:79 - Pares: BNBUSDT, MANAUSDT, MANABNB
2025-05-21 20:55:48,469 - deteccion - INFO - logger:info:79 - Precios: 675.5, 0.3268, 0.00155
2025-05-21 20:55:48,469 - deteccion - INFO - logger:info:79 - Factores: 675.5, 3.0599755201958385, 0.00155
2025-05-21 20:55:48,469 - deteccion - INFO - logger:info:79 - Rentabilidad Bruta: 220.387087%
2025-05-21 20:55:48,470 - deteccion - INFO - logger:info:79 - Oportunidad encontrada (A->B->C->A): BNB -> USDT -> WAVES -> BNB
2025-05-21 20:55:48,470 - deteccion - INFO - logger:info:79 - Pares: BNBUSDT, WAVESUSDT, WAVESBNB
2025-05-21 20:55:48,470 - deteccion - INFO - logger:info:79 - Precios: 675.5, 1.076, 0.00513
2025-05-21 20:55:48,470 - deteccion - INFO - logger:info:79 - Factores: 675.5, 0.929368029739777, 0.00513
2025-05-21 20:55:48,471 - deteccion - INFO - logger:info:79 - Rentabilidad Bruta: 222.055297%
2025-05-21 20:55:48,471 - deteccion - INFO - logger:info:79 - Oportunidad encontrada (A->B->C->A): BNB -> USDT -> COCOS -> BNB
2025-05-21 20:55:48,471 - deteccion - INFO - logger:info:79 - Pares: BNBUSDT, COCOSUSDT, COCOSBNB
2025-05-21 20:55:48,471 - deteccion - INFO - logger:info:79 - Precios: 675.5, 1.7546, 0.00559
2025-05-21 20:55:48,471 - deteccion - INFO - logger:info:79 - Factores: 675.5, 0.5699304684828451, 0.00559
2025-05-21 20:55:48,472 - deteccion - INFO - logger:info:79 - Rentabilidad Bruta: 115.208310%
2025-05-21 20:55:48,472 - deteccion - INFO - logger:info:79 - Oportunidad encontrada (A->B->C->A): BNB -> USDT -> SNX -> BNB
2025-05-21 20:55:48,472 - deteccion - INFO - logger:info:79 - Pares: BNBUSDT, SNXUSDT, SNXBNB
2025-05-21 20:55:48,472 - deteccion - INFO - logger:info:79 - Precios: 675.5, 0.827, 0.01057
2025-05-21 20:55:48,473 - deteccion - INFO - logger:info:79 - Factores: 675.5, 1.2091898428053205, 0.01057
2025-05-21 20:55:48,473 - deteccion - INFO - logger:info:79 - Rentabilidad Bruta: 763.365780%
2025-05-21 20:55:48,473 - deteccion - INFO - logger:info:79 - Oportunidad encontrada (A->B->C->A): BNB -> USDT -> IOTA -> BNB
2025-05-21 20:55:48,473 - deteccion - INFO - logger:info:79 - Pares: BNBUSDT, IOTAUSDT, IOTABNB
2025-05-21 20:55:48,474 - deteccion - INFO - logger:info:79 - Precios: 675.5, 0.2301, 0.000717
2025-05-21 20:55:48,474 - deteccion - INFO - logger:info:79 - Factores: 675.5, 4.34593654932638, 0.000717
2025-05-21 20:55:48,474 - deteccion - INFO - logger:info:79 - Rentabilidad Bruta: 110.488266%
2025-05-21 20:55:48,474 - deteccion - INFO - logger:info:79 - Oportunidad encontrada (A->B->C->A): BNB -> USDT -> FUN -> BNB
2025-05-21 20:55:48,474 - deteccion - INFO - logger:info:79 - Pares: BNBUSDT, FUNUSDT, FUNBNB
2025-05-21 20:55:48,475 - deteccion - INFO - logger:info:79 - Precios: 675.5, 0.004526, 1.888e-05
2025-05-21 20:55:48,475 - deteccion - INFO - logger:info:79 - Factores: 675.5, 220.94564737074683, 1.888e-05
2025-05-21 20:55:48,475 - deteccion - INFO - logger:info:79 - Rentabilidad Bruta: 181.781706%
2025-05-21 20:55:48,475 - deteccion - INFO - logger:info:79 - Oportunidad encontrada (A->B->C->A): BNB -> USDT -> THETA -> BNB
2025-05-21 20:55:48,476 - deteccion - INFO - logger:info:79 - Pares: BNBUSDT, THETAUSDT, THETABNB
2025-05-21 20:55:48,476 - deteccion - INFO - logger:info:79 - Precios: 675.5, 0.923, 0.002736
2025-05-21 20:55:48,476 - deteccion - INFO - logger:info:79 - Factores: 675.5, 1.0834236186348862, 0.002736
2025-05-21 20:55:48,477 - deteccion - INFO - logger:info:79 - Rentabilidad Bruta: 100.234886%
2025-05-21 20:55:48,477 - deteccion - INFO - logger:info:79 - Oportunidad encontrada (A->B->C->A): BNB -> USDT -> FET -> BNB
2025-05-21 20:55:48,477 - deteccion - INFO - logger:info:79 - Pares: BNBUSDT, FETUSDT, FETBNB
2025-05-21 20:55:48,478 - deteccion - INFO - logger:info:79 - Precios: 675.5, 0.821, 0.001216
2025-05-21 20:55:48,478 - deteccion - INFO - logger:info:79 - Factores: 675.5, 1.218026796589525, 0.001216
2025-05-21 20:55:48,478 - deteccion - INFO - logger:info:79 - Rentabilidad Bruta: 0.049695%
2025-05-21 20:55:48,479 - deteccion - INFO - logger:info:79 - Oportunidad encontrada (A->B->C->A): BNB -> ALGO -> BUSD -> BNB
2025-05-21 20:55:48,479 - deteccion - INFO - logger:info:79 - Pares: ALGOBNB, ALGOBUSD, BNBBUSD
2025-05-21 20:55:48,479 - deteccion - INFO - logger:info:79 - Precios: 0.0005825, 0.2071, 251.8
2025-05-21 20:55:48,479 - deteccion - INFO - logger:info:79 - Factores: 1716.7381974248926, 0.2071, 0.003971405877680699
2025-05-21 20:55:48,479 - deteccion - INFO - logger:info:79 - Rentabilidad Bruta: 41.197967%
2025-05-21 20:55:48,480 - deteccion - INFO - logger:info:79 - Oportunidad encontrada (A->B->C->A): BNB -> ETC -> EUR -> BNB
2025-05-21 20:55:48,480 - deteccion - INFO - logger:info:79 - Pares: ETCBNB, ETCEUR, BNBEUR
2025-05-21 20:55:48,480 - deteccion - INFO - logger:info:79 - Precios: 0.02844, 20.0, 595.69
2025-05-21 20:55:48,480 - deteccion - INFO - logger:info:79 - Factores: 35.16174402250352, 20.0, 0.0016787255115915994
2025-05-21 20:55:48,481 - deteccion - INFO - logger:info:79 - Rentabilidad Bruta: 18.053833%
2025-05-21 20:55:48,481 - deteccion - INFO - logger:info:79 - Oportunidad encontrada (A->B->C->A): BNB -> ETC -> ETH -> BNB
2025-05-21 20:55:48,481 - deteccion - INFO - logger:info:79 - Pares: ETCBNB, ETCETH, BNBETH
2025-05-21 20:55:48,481 - deteccion - INFO - logger:info:79 - Precios: 0.02844, 0.00746, 0.2621
2025-05-21 20:55:48,482 - deteccion - INFO - logger:info:79 - Factores: 35.16174402250352, 0.00746, 3.8153376573826785
2025-05-21 20:55:48,482 - deteccion - INFO - logger:info:79 - Rentabilidad Bruta: 0.078829%
2025-05-21 20:55:48,482 - deteccion - INFO - logger:info:79 - Oportunidad encontrada (A->B->C->A): BNB -> ETC -> BUSD -> BNB
2025-05-21 20:55:48,482 - deteccion - INFO - logger:info:79 - Pares: ETCBNB, ETCBUSD, BNBBUSD
2025-05-21 20:55:48,482 - deteccion - INFO - logger:info:79 - Precios: 0.02844, 19.03, 251.8
2025-05-21 20:55:48,483 - deteccion - INFO - logger:info:79 - Factores: 35.16174402250352, 19.03, 0.003971405877680699
2025-05-21 20:55:48,483 - deteccion - INFO - logger:info:79 - Rentabilidad Bruta: 165.737883%
2025-05-21 20:55:48,483 - deteccion - INFO - logger:info:79 - Oportunidad encontrada (A->B->C->A): BNB -> ADA -> EUR -> BNB
2025-05-21 20:55:48,483 - deteccion - INFO - logger:info:79 - Pares: ADABNB, ADAEUR, BNBEUR
2025-05-21 20:55:48,484 - deteccion - INFO - logger:info:79 - Precios: 0.001146, 0.6839, 595.69
2025-05-21 20:55:48,484 - deteccion - INFO - logger:info:79 - Factores: 872.6003490401396, 0.6839, 0.0016787255115915994
2025-05-21 20:55:48,484 - deteccion - INFO - logger:info:79 - Rentabilidad Bruta: 0.181534%
2025-05-21 20:55:48,484 - deteccion - INFO - logger:info:79 - Oportunidad encontrada (A->B->C->A): BNB -> ADA -> AUD -> BNB
2025-05-21 20:55:48,484 - deteccion - INFO - logger:info:79 - Pares: ADABNB, ADAAUD, BNBAUD
2025-05-21 20:55:48,484 - deteccion - INFO - logger:info:79 - Precios: 0.001146, 0.5054, 421.1
2025-05-21 20:55:48,485 - deteccion - INFO - logger:info:79 - Factores: 872.6003490401396, 0.5054, 0.0023747328425552123
2025-05-21 20:55:48,485 - deteccion - INFO - logger:info:79 - Rentabilidad Bruta: 4.728619%
2025-05-21 20:55:48,485 - deteccion - INFO - logger:info:79 - Oportunidad encontrada (A->B->C->A): BNB -> ADA -> ETH -> BNB
2025-05-21 20:55:48,485 - deteccion - INFO - logger:info:79 - Pares: ADABNB, ADAETH, BNBETH
2025-05-21 20:55:48,485 - deteccion - INFO - logger:info:79 - Precios: 0.001146, 0.0003008, 0.2621
2025-05-21 20:55:48,485 - deteccion - INFO - logger:info:79 - Factores: 872.6003490401396, 0.0003008, 3.8153376573826785
2025-05-21 20:55:48,485 - deteccion - INFO - logger:info:79 - Rentabilidad Bruta: 0.144290%
2025-05-21 20:55:48,486 - deteccion - INFO - logger:info:79 - Oportunidad encontrada (A->B->C->A): BNB -> ADA -> BUSD -> BNB
2025-05-21 20:55:48,486 - deteccion - INFO - logger:info:79 - Pares: ADABNB, ADABUSD, BNBBUSD
2025-05-21 20:55:48,486 - deteccion - INFO - logger:info:79 - Precios: 0.001146, 0.6374, 251.8
2025-05-21 20:55:48,486 - deteccion - INFO - logger:info:79 - Factores: 872.6003490401396, 0.6374, 0.003971405877680699
2025-05-21 20:55:48,486 - deteccion - INFO - logger:info:79 - Rentabilidad Bruta: 120.887793%
2025-05-21 20:55:48,486 - deteccion - INFO - logger:info:79 - Oportunidad encontrada (A->B->C->A): BNB -> ADA -> BTC -> BNB
2025-05-21 20:55:48,486 - deteccion - INFO - logger:info:79 - Pares: ADABNB, ADABTC, BNBBTC
2025-05-21 20:55:48,486 - deteccion - INFO - logger:info:79 - Precios: 0.001146, 7.06e-06, 0.006155
2025-05-21 20:55:48,487 - deteccion - INFO - logger:info:79 - Factores: 872.6003490401396, 7.06e-06, 162.46953696181967
2025-05-21 20:55:48,487 - deteccion - INFO - logger:info:79 - Rentabilidad Bruta: 0.090308%
2025-05-21 20:55:48,487 - deteccion - INFO - logger:info:79 - Oportunidad encontrada (A->B->C->A): BNB -> LINK -> EUR -> BNB
2025-05-21 20:55:48,487 - deteccion - INFO - logger:info:79 - Pares: LINKBNB, LINKEUR, BNBEUR
2025-05-21 20:55:48,488 - deteccion - INFO - logger:info:79 - Precios: 0.02402, 14.31, 595.69
2025-05-21 20:55:48,488 - deteccion - INFO - logger:info:79 - Factores: 41.631973355537056, 14.31, 0.0016787255115915994
2025-05-21 20:55:48,488 - deteccion - INFO - logger:info:79 - Rentabilidad Bruta: 0.010666%
2025-05-21 20:55:48,488 - deteccion - INFO - logger:info:79 - Oportunidad encontrada (A->B->C->A): BNB -> LINK -> ETH -> BNB
2025-05-21 20:55:48,489 - deteccion - INFO - logger:info:79 - Pares: LINKBNB, LINKETH, BNBETH
2025-05-21 20:55:48,489 - deteccion - INFO - logger:info:79 - Precios: 0.02402, 0.006297, 0.2621
2025-05-21 20:55:48,489 - deteccion - INFO - logger:info:79 - Factores: 41.631973355537056, 0.006297, 3.8153376573826785
2025-05-21 20:55:48,489 - deteccion - INFO - logger:info:79 - Rentabilidad Bruta: 0.021570%
2025-05-21 20:55:48,490 - deteccion - INFO - logger:info:79 - Oportunidad encontrada (A->B->C->A): BNB -> LINK -> BUSD -> BNB
2025-05-21 20:55:48,490 - deteccion - INFO - logger:info:79 - Pares: LINKBNB, LINKBUSD, BNBBUSD
2025-05-21 20:55:48,490 - deteccion - INFO - logger:info:79 - Precios: 0.02402, 14.071, 251.8
2025-05-21 20:55:48,490 - deteccion - INFO - logger:info:79 - Factores: 41.631973355537056, 14.071, 0.003971405877680699
2025-05-21 20:55:48,490 - deteccion - INFO - logger:info:79 - Rentabilidad Bruta: 132.646345%
2025-05-21 20:55:48,491 - deteccion - INFO - logger:info:79 - Oportunidad encontrada (A->B->C->A): BNB -> LINK -> BTC -> BNB
2025-05-21 20:55:48,491 - deteccion - INFO - logger:info:79 - Pares: LINKBNB, LINKBTC, BNBBTC
2025-05-21 20:55:48,491 - deteccion - INFO - logger:info:79 - Precios: 0.02402, 0.0001479, 0.006155
2025-05-21 20:55:48,491 - deteccion - INFO - logger:info:79 - Factores: 41.631973355537056, 0.0001479, 162.46953696181967
2025-05-21 20:55:48,491 - deteccion - INFO - logger:info:79 - Rentabilidad Bruta: 0.038487%
2025-05-21 20:55:48,491 - deteccion - INFO - logger:info:79 - Oportunidad encontrada (A->B->C->A): BNB -> EUR -> BUSD -> BNB
2025-05-21 20:55:48,492 - deteccion - INFO - logger:info:79 - Pares: BNBEUR, EURBUSD, BNBBUSD
2025-05-21 20:55:48,492 - deteccion - INFO - logger:info:79 - Precios: 595.69, 1.0757, 251.8
2025-05-21 20:55:48,492 - deteccion - INFO - logger:info:79 - Factores: 595.69, 1.0757, 0.003971405877680699
2025-05-21 20:55:48,492 - deteccion - INFO - logger:info:79 - Rentabilidad Bruta: 154.481228%
2025-05-21 20:55:48,493 - deteccion - INFO - logger:info:79 - Oportunidad encontrada (A->B->C->A): BNB -> EUR -> BTC -> BNB
2025-05-21 20:55:48,493 - deteccion - INFO - logger:info:79 - Pares: BNBEUR, BTCEUR, BNBBTC
2025-05-21 20:55:48,493 - deteccion - INFO - logger:info:79 - Precios: 595.69, 96754.25, 0.006155
2025-05-21 20:55:48,493 - deteccion - INFO - logger:info:79 - Factores: 595.69, 1.0335463300061754e-05, 162.46953696181967
2025-05-21 20:55:48,494 - deteccion - INFO - logger:info:79 - Rentabilidad Bruta: 0.028142%
2025-05-21 20:55:48,494 - deteccion - INFO - logger:info:79 - Oportunidad encontrada (A->B->C->A): BNB -> EUR -> ZIL -> BNB
2025-05-21 20:55:48,495 - deteccion - INFO - logger:info:79 - Pares: BNBEUR, ZILEUR, ZILBNB
2025-05-21 20:55:48,495 - deteccion - INFO - logger:info:79 - Precios: 595.69, 0.02063, 8.858e-05
2025-05-21 20:55:48,495 - deteccion - INFO - logger:info:79 - Factores: 595.69, 48.47309743092584, 8.858e-05
2025-05-21 20:55:48,495 - deteccion - INFO - logger:info:79 - Rentabilidad Bruta: 155.774213%
2025-05-21 20:55:48,495 - deteccion - INFO - logger:info:79 - Oportunidad encontrada (A->B->C->A): BNB -> EUR -> WAVES -> BNB
2025-05-21 20:55:48,496 - deteccion - INFO - logger:info:79 - Pares: BNBEUR, WAVESEUR, WAVESBNB
2025-05-21 20:55:48,496 - deteccion - INFO - logger:info:79 - Precios: 595.69, 1.354, 0.00513
2025-05-21 20:55:48,496 - deteccion - INFO - logger:info:79 - Factores: 595.69, 0.7385524372230428, 0.00513
2025-05-21 20:55:48,496 - deteccion - INFO - logger:info:79 - Rentabilidad Bruta: 125.693479%
2025-05-21 20:55:48,497 - deteccion - INFO - logger:info:79 - Oportunidad encontrada (A->B->C->A): BNB -> EUR -> THETA -> BNB
2025-05-21 20:55:48,497 - deteccion - INFO - logger:info:79 - Pares: BNBEUR, THETAEUR, THETABNB
2025-05-21 20:55:48,497 - deteccion - INFO - logger:info:79 - Precios: 595.69, 0.614, 0.002736
2025-05-21 20:55:48,497 - deteccion - INFO - logger:info:79 - Factores: 595.69, 1.6286644951140066, 0.002736
2025-05-21 20:55:48,497 - deteccion - INFO - logger:info:79 - Rentabilidad Bruta: 165.441016%
2025-05-21 20:55:48,497 - deteccion - INFO - logger:info:79 - Oportunidad encontrada (A->B->C->A): BNB -> AUD -> BUSD -> BNB
2025-05-21 20:55:48,498 - deteccion - INFO - logger:info:79 - Pares: BNBAUD, AUDBUSD, BNBBUSD
2025-05-21 20:55:48,498 - deteccion - INFO - logger:info:79 - Precios: 421.1, 0.7255, 251.8
2025-05-21 20:55:48,498 - deteccion - INFO - logger:info:79 - Factores: 421.1, 0.7255, 0.003971405877680699
2025-05-21 20:55:48,498 - deteccion - INFO - logger:info:79 - Rentabilidad Bruta: 21.329647%
2025-05-21 20:55:48,498 - deteccion - INFO - logger:info:79 - Oportunidad encontrada (A->B->C->A): BNB -> AUD -> BTC -> BNB
2025-05-21 20:55:48,499 - deteccion - INFO - logger:info:79 - Pares: BNBAUD, BTCAUD, BNBBTC
2025-05-21 20:55:48,499 - deteccion - INFO - logger:info:79 - Precios: 421.1, 37210.08, 0.006155
2025-05-21 20:55:48,499 - deteccion - INFO - logger:info:79 - Factores: 421.1, 2.6874438324239024e-05, 162.46953696181967
2025-05-21 20:55:48,499 - deteccion - INFO - logger:info:79 - Rentabilidad Bruta: 83.863948%
2025-05-21 20:55:48,500 - deteccion - INFO - logger:info:79 - Oportunidad encontrada (A->B->C->A): BNB -> AUD -> FTM -> BNB
2025-05-21 20:55:48,500 - deteccion - INFO - logger:info:79 - Pares: BNBAUD, FTMAUD, FTMBNB
2025-05-21 20:55:48,500 - deteccion - INFO - logger:info:79 - Precios: 421.1, 0.42, 0.0010144
2025-05-21 20:55:48,500 - deteccion - INFO - logger:info:79 - Factores: 421.1, 2.380952380952381, 0.0010144
2025-05-21 20:55:48,500 - deteccion - INFO - logger:info:79 - Rentabilidad Bruta: 1.705676%
2025-05-21 20:55:48,501 - deteccion - INFO - logger:info:79 - Oportunidad encontrada (A->B->C->A): BNB -> ETH -> BUSD -> BNB
2025-05-21 20:55:48,501 - deteccion - INFO - logger:info:79 - Pares: BNBETH, ETHBUSD, BNBBUSD
2025-05-21 20:55:48,501 - deteccion - INFO - logger:info:79 - Precios: 0.2621, 2281.12, 251.8
2025-05-21 20:55:48,501 - deteccion - INFO - logger:info:79 - Factores: 0.2621, 2281.12, 0.003971405877680699
2025-05-21 20:55:48,501 - deteccion - INFO - logger:info:79 - Rentabilidad Bruta: 137.443031%
2025-05-21 20:55:48,502 - deteccion - INFO - logger:info:79 - Oportunidad encontrada (A->B->C->A): BNB -> ETH -> BTC -> BNB
2025-05-21 20:55:48,502 - deteccion - INFO - logger:info:79 - Pares: BNBETH, ETHBTC, BNBBTC
2025-05-21 20:55:48,502 - deteccion - INFO - logger:info:79 - Precios: 0.2621, 0.0235, 0.006155
2025-05-21 20:55:48,502 - deteccion - INFO - logger:info:79 - Factores: 0.2621, 0.0235, 162.46953696181967
2025-05-21 20:55:48,502 - deteccion - INFO - logger:info:79 - Rentabilidad Bruta: 0.070674%
2025-05-21 20:55:48,503 - deteccion - INFO - logger:info:79 - Oportunidad encontrada (A->B->C->A): BNB -> ETH -> FTT -> BNB
2025-05-21 20:55:48,503 - deteccion - INFO - logger:info:79 - Pares: BNBETH, FTTETH, FTTBNB
2025-05-21 20:55:48,503 - deteccion - INFO - logger:info:79 - Precios: 0.2621, 0.001141, 0.00513
2025-05-21 20:55:48,503 - deteccion - INFO - logger:info:79 - Factores: 0.2621, 876.4241893076248, 0.00513
2025-05-21 20:55:48,503 - deteccion - INFO - logger:info:79 - Rentabilidad Bruta: 17.841630%
2025-05-21 20:55:48,504 - deteccion - INFO - logger:info:79 - Oportunidad encontrada (A->B->C->A): BNB -> ETH -> FTM -> BNB
2025-05-21 20:55:48,504 - deteccion - INFO - logger:info:79 - Pares: BNBETH, FTMETH, FTMBNB
2025-05-21 20:55:48,504 - deteccion - INFO - logger:info:79 - Precios: 0.2621, 0.0002148, 0.0010144
2025-05-21 20:55:48,505 - deteccion - INFO - logger:info:79 - Factores: 0.2621, 4655.493482309125, 0.0010144
2025-05-21 20:55:48,505 - deteccion - INFO - logger:info:79 - Rentabilidad Bruta: 23.777579%
2025-05-21 20:55:48,505 - deteccion - INFO - logger:info:79 - Oportunidad encontrada (A->B->C->A): BNB -> ETH -> ZIL -> BNB
2025-05-21 20:55:48,505 - deteccion - INFO - logger:info:79 - Pares: BNBETH, ZILETH, ZILBNB
2025-05-21 20:55:48,505 - deteccion - INFO - logger:info:79 - Precios: 0.2621, 5.14e-06, 8.858e-05
2025-05-21 20:55:48,505 - deteccion - INFO - logger:info:79 - Factores: 0.2621, 194552.52918287937, 8.858e-05
2025-05-21 20:55:48,506 - deteccion - INFO - logger:info:79 - Rentabilidad Bruta: 351.689066%
2025-05-21 20:55:48,506 - deteccion - INFO - logger:info:79 - Oportunidad encontrada (A->B->C->A): BNB -> ETH -> XTZ -> BNB
2025-05-21 20:55:48,506 - deteccion - INFO - logger:info:79 - Pares: BNBETH, XTZETH, XTZBNB
2025-05-21 20:55:48,506 - deteccion - INFO - logger:info:79 - Precios: 0.2621, 0.00044, 0.002883
2025-05-21 20:55:48,506 - deteccion - INFO - logger:info:79 - Factores: 0.2621, 2272.7272727272725, 0.002883
2025-05-21 20:55:48,506 - deteccion - INFO - logger:info:79 - Rentabilidad Bruta: 71.735068%
2025-05-21 20:55:48,506 - deteccion - INFO - logger:info:79 - Oportunidad encontrada (A->B->C->A): BNB -> ETH -> CHR -> BNB
2025-05-21 20:55:48,506 - deteccion - INFO - logger:info:79 - Pares: BNBETH, CHRETH, CHRBNB
2025-05-21 20:55:48,507 - deteccion - INFO - logger:info:79 - Precios: 0.2621, 7.08e-05, 0.0004377
2025-05-21 20:55:48,507 - deteccion - INFO - logger:info:79 - Factores: 0.2621, 14124.293785310734, 0.0004377
2025-05-21 20:55:48,507 - deteccion - INFO - logger:info:79 - Rentabilidad Bruta: 62.035551%
2025-05-21 20:55:48,507 - deteccion - INFO - logger:info:79 - Oportunidad encontrada (A->B->C->A): BNB -> ETH -> ZEN -> BNB
2025-05-21 20:55:48,507 - deteccion - INFO - logger:info:79 - Pares: BNBETH, ZENETH, ZENBNB
2025-05-21 20:55:48,507 - deteccion - INFO - logger:info:79 - Precios: 0.2621, 0.003991, 0.0329
2025-05-21 20:55:48,508 - deteccion - INFO - logger:info:79 - Factores: 0.2621, 250.56376847907794, 0.0329
2025-05-21 20:55:48,508 - deteccion - INFO - logger:info:79 - Rentabilidad Bruta: 116.063393%
2025-05-21 20:55:48,508 - deteccion - INFO - logger:info:79 - Oportunidad encontrada (A->B->C->A): BNB -> ETH -> ARPA -> BNB
2025-05-21 20:55:48,508 - deteccion - INFO - logger:info:79 - Pares: BNBETH, ARPAETH, ARPABNB
2025-05-21 20:55:48,508 - deteccion - INFO - logger:info:79 - Precios: 0.2621, 2.363e-05, 0.0001547
2025-05-21 20:55:48,509 - deteccion - INFO - logger:info:79 - Factores: 0.2621, 42319.0859077444, 0.0001547
2025-05-21 20:55:48,509 - deteccion - INFO - logger:info:79 - Rentabilidad Bruta: 71.590647%
2025-05-21 20:55:48,509 - deteccion - INFO - logger:info:79 - Oportunidad encontrada (A->B->C->A): BNB -> ETH -> CELR -> BNB
2025-05-21 20:55:48,509 - deteccion - INFO - logger:info:79 - Pares: BNBETH, CELRETH, CELRBNB
2025-05-21 20:55:48,510 - deteccion - INFO - logger:info:79 - Precios: 0.2621, 7.89e-06, 5.294e-05
2025-05-21 20:55:48,510 - deteccion - INFO - logger:info:79 - Factores: 0.2621, 126742.71229404309, 5.294e-05
2025-05-21 20:55:48,510 - deteccion - INFO - logger:info:79 - Rentabilidad Bruta: 75.862788%
2025-05-21 20:55:48,510 - deteccion - INFO - logger:info:79 - Oportunidad encontrada (A->B->C->A): BNB -> ETH -> NEO -> BNB
2025-05-21 20:55:48,511 - deteccion - INFO - logger:info:79 - Pares: BNBETH, NEOETH, NEOBNB
2025-05-21 20:55:48,511 - deteccion - INFO - logger:info:79 - Precios: 0.2621, 0.004775, 0.03836
2025-05-21 20:55:48,511 - deteccion - INFO - logger:info:79 - Factores: 0.2621, 209.4240837696335, 0.03836
2025-05-21 20:55:48,512 - deteccion - INFO - logger:info:79 - Rentabilidad Bruta: 110.558241%
2025-05-21 20:55:48,512 - deteccion - INFO - logger:info:79 - Oportunidad encontrada (A->B->C->A): BNB -> ETH -> MANA -> BNB
2025-05-21 20:55:48,512 - deteccion - INFO - logger:info:79 - Pares: BNBETH, MANAETH, MANABNB
2025-05-21 20:55:48,513 - deteccion - INFO - logger:info:79 - Precios: 0.2621, 0.0001265, 0.00155
2025-05-21 20:55:48,513 - deteccion - INFO - logger:info:79 - Factores: 0.2621, 7905.138339920948, 0.00155
2025-05-21 20:55:48,513 - deteccion - INFO - logger:info:79 - Rentabilidad Bruta: 221.150198%
2025-05-21 20:55:48,513 - deteccion - INFO - logger:info:79 - Oportunidad encontrada (A->B->C->A): BNB -> ETH -> WAVES -> BNB
2025-05-21 20:55:48,514 - deteccion - INFO - logger:info:79 - Pares: BNBETH, WAVESETH, WAVESBNB
2025-05-21 20:55:48,514 - deteccion - INFO - logger:info:79 - Precios: 0.2621, 0.000298, 0.00513
2025-05-21 20:55:48,514 - deteccion - INFO - logger:info:79 - Factores: 0.2621, 3355.7046979865772, 0.00513
2025-05-21 20:55:48,514 - deteccion - INFO - logger:info:79 - Rentabilidad Bruta: 351.198993%
2025-05-21 20:55:48,515 - deteccion - INFO - logger:info:79 - Oportunidad encontrada (A->B->C->A): BNB -> ETH -> SNX -> BNB
2025-05-21 20:55:48,515 - deteccion - INFO - logger:info:79 - Pares: BNBETH, SNXETH, SNXBNB
2025-05-21 20:55:48,515 - deteccion - INFO - logger:info:79 - Precios: 0.2621, 0.000768, 0.01057
2025-05-21 20:55:48,515 - deteccion - INFO - logger:info:79 - Factores: 0.2621, 1302.0833333333333, 0.01057
2025-05-21 20:55:48,516 - deteccion - INFO - logger:info:79 - Rentabilidad Bruta: 260.728776%
2025-05-21 20:55:48,516 - deteccion - INFO - logger:info:79 - Oportunidad encontrada (A->B->C->A): BNB -> ETH -> IOTA -> BNB
2025-05-21 20:55:48,516 - deteccion - INFO - logger:info:79 - Pares: BNBETH, IOTAETH, IOTABNB
2025-05-21 20:55:48,516 - deteccion - INFO - logger:info:79 - Precios: 0.2621, 8.965e-05, 0.000717
2025-05-21 20:55:48,516 - deteccion - INFO - logger:info:79 - Factores: 0.2621, 11154.489682097044, 0.000717
2025-05-21 20:55:48,517 - deteccion - INFO - logger:info:79 - Rentabilidad Bruta: 109.621528%
2025-05-21 20:55:48,517 - deteccion - INFO - logger:info:79 - Oportunidad encontrada (A->B->C->A): BNB -> ETH -> FUN -> BNB
2025-05-21 20:55:48,517 - deteccion - INFO - logger:info:79 - Pares: BNBETH, FUNETH, FUNBNB
2025-05-21 20:55:48,517 - deteccion - INFO - logger:info:79 - Precios: 0.2621, 1.46e-06, 1.888e-05
2025-05-21 20:55:48,518 - deteccion - INFO - logger:info:79 - Factores: 0.2621, 684931.506849315, 1.888e-05
2025-05-21 20:55:48,518 - deteccion - INFO - logger:info:79 - Rentabilidad Bruta: 238.934795%
2025-05-21 20:55:48,518 - deteccion - INFO - logger:info:79 - Oportunidad encontrada (A->B->C->A): BNB -> ETH -> THETA -> BNB
2025-05-21 20:55:48,518 - deteccion - INFO - logger:info:79 - Pares: BNBETH, THETAETH, THETABNB
2025-05-21 20:55:48,519 - deteccion - INFO - logger:info:79 - Precios: 0.2621, 0.0005017, 0.002736
2025-05-21 20:55:48,519 - deteccion - INFO - logger:info:79 - Factores: 0.2621, 1993.2230416583616, 0.002736
2025-05-21 20:55:48,519 - deteccion - INFO - logger:info:79 - Rentabilidad Bruta: 42.935141%
2025-05-21 20:55:48,519 - deteccion - INFO - logger:info:79 - Oportunidad encontrada (A->B->C->A): BNB -> BUSD -> FTT -> BNB
2025-05-21 20:55:48,519 - deteccion - INFO - logger:info:79 - Pares: BNBBUSD, FTTBUSD, FTTBNB
2025-05-21 20:55:48,520 - deteccion - INFO - logger:info:79 - Precios: 251.8, 1.13, 0.00513
2025-05-21 20:55:48,520 - deteccion - INFO - logger:info:79 - Factores: 251.8, 0.8849557522123894, 0.00513
2025-05-21 20:55:48,520 - deteccion - INFO - logger:info:79 - Rentabilidad Bruta: 14.312743%
2025-05-21 20:55:48,520 - deteccion - INFO - logger:info:79 - Oportunidad encontrada (A->B->C->A): BNB -> BUSD -> ZIL -> BNB
2025-05-21 20:55:48,520 - deteccion - INFO - logger:info:79 - Pares: BNBBUSD, ZILBUSD, ZILBNB
2025-05-21 20:55:48,521 - deteccion - INFO - logger:info:79 - Precios: 251.8, 0.01583, 8.858e-05
2025-05-21 20:55:48,521 - deteccion - INFO - logger:info:79 - Factores: 251.8, 63.171193935565384, 8.858e-05
2025-05-21 20:55:48,521 - deteccion - INFO - logger:info:79 - Rentabilidad Bruta: 40.899836%
2025-05-21 20:55:48,521 - deteccion - INFO - logger:info:79 - Oportunidad encontrada (A->B->C->A): BNB -> BUSD -> XTZ -> BNB
2025-05-21 20:55:48,522 - deteccion - INFO - logger:info:79 - Pares: BNBBUSD, XTZBUSD, XTZBNB
2025-05-21 20:55:48,522 - deteccion - INFO - logger:info:79 - Precios: 251.8, 0.671, 0.002883
2025-05-21 20:55:48,522 - deteccion - INFO - logger:info:79 - Factores: 251.8, 1.4903129657228018, 0.002883
2025-05-21 20:55:48,522 - deteccion - INFO - logger:info:79 - Rentabilidad Bruta: 8.187690%
2025-05-21 20:55:48,522 - deteccion - INFO - logger:info:79 - Oportunidad encontrada (A->B->C->A): BNB -> BUSD -> CHR -> BNB
2025-05-21 20:55:48,523 - deteccion - INFO - logger:info:79 - Pares: BNBBUSD, CHRBUSD, CHRBNB
2025-05-21 20:55:48,523 - deteccion - INFO - logger:info:79 - Precios: 251.8, 0.1085, 0.0004377
2025-05-21 20:55:48,523 - deteccion - INFO - logger:info:79 - Factores: 251.8, 9.216589861751153, 0.0004377
2025-05-21 20:55:48,523 - deteccion - INFO - logger:info:79 - Rentabilidad Bruta: 1.578673%
2025-05-21 20:55:48,524 - deteccion - INFO - logger:info:79 - Oportunidad encontrada (A->B->C->A): BNB -> BUSD -> SRM -> BNB
2025-05-21 20:55:48,524 - deteccion - INFO - logger:info:79 - Pares: BNBBUSD, SRMBUSD, SRMBNB
2025-05-21 20:55:48,524 - deteccion - INFO - logger:info:79 - Precios: 251.8, 0.0353, 0.00084
2025-05-21 20:55:48,524 - deteccion - INFO - logger:info:79 - Factores: 251.8, 28.328611898016998, 0.00084
2025-05-21 20:55:48,524 - deteccion - INFO - logger:info:79 - Rentabilidad Bruta: 499.184136%
2025-05-21 20:55:48,525 - deteccion - INFO - logger:info:79 - Oportunidad encontrada (A->B->C->A): BNB -> BUSD -> HBAR -> BNB
2025-05-21 20:55:48,525 - deteccion - INFO - logger:info:79 - Pares: BNBBUSD, HBARBUSD, HBARBNB
2025-05-21 20:55:48,525 - deteccion - INFO - logger:info:79 - Precios: 251.8, 0.0602, 0.00029419
2025-05-21 20:55:48,525 - deteccion - INFO - logger:info:79 - Factores: 251.8, 16.611295681063122, 0.00029419
2025-05-21 20:55:48,525 - deteccion - INFO - logger:info:79 - Rentabilidad Bruta: 23.051565%
2025-05-21 20:55:48,526 - deteccion - INFO - logger:info:79 - Oportunidad encontrada (A->B->C->A): BNB -> BUSD -> ZEN -> BNB
2025-05-21 20:55:48,526 - deteccion - INFO - logger:info:79 - Pares: BNBBUSD, ZENBUSD, ZENBNB
2025-05-21 20:55:48,526 - deteccion - INFO - logger:info:79 - Precios: 251.8, 7.19, 0.0329
2025-05-21 20:55:48,527 - deteccion - INFO - logger:info:79 - Factores: 251.8, 0.13908205841446453, 0.0329
2025-05-21 20:55:48,527 - deteccion - INFO - logger:info:79 - Rentabilidad Bruta: 15.218637%
2025-05-21 20:55:48,528 - deteccion - INFO - logger:info:79 - Oportunidad encontrada (A->B->C->A): BNB -> BUSD -> ANKR -> BNB
2025-05-21 20:55:48,528 - deteccion - INFO - logger:info:79 - Pares: BNBBUSD, ANKRBUSD, ANKRBNB
2025-05-21 20:55:48,528 - deteccion - INFO - logger:info:79 - Precios: 251.8, 0.01906, 8.56e-05
2025-05-21 20:55:48,528 - deteccion - INFO - logger:info:79 - Factores: 251.8, 52.46589716684155, 8.56e-05
2025-05-21 20:55:48,528 - deteccion - INFO - logger:info:79 - Rentabilidad Bruta: 13.085414%
2025-05-21 20:55:48,529 - deteccion - INFO - logger:info:79 - Oportunidad encontrada (A->B->C->A): BNB -> BUSD -> COTI -> BNB
2025-05-21 20:55:48,529 - deteccion - INFO - logger:info:79 - Pares: BNBBUSD, COTIBUSD, COTIBNB
2025-05-21 20:55:48,529 - deteccion - INFO - logger:info:79 - Precios: 251.8, 0.03732, 0.0002123
2025-05-21 20:55:48,529 - deteccion - INFO - logger:info:79 - Factores: 251.8, 26.79528403001072, 0.0002123
2025-05-21 20:55:48,530 - deteccion - INFO - logger:info:79 - Rentabilidad Bruta: 43.239925%
2025-05-21 20:55:48,530 - deteccion - INFO - logger:info:79 - Oportunidad encontrada (A->B->C->A): BNB -> BUSD -> CELR -> BNB
2025-05-21 20:55:48,530 - deteccion - INFO - logger:info:79 - Pares: BNBBUSD, CELRBUSD, CELRBNB
2025-05-21 20:55:48,530 - deteccion - INFO - logger:info:79 - Precios: 251.8, 0.01148, 5.294e-05
2025-05-21 20:55:48,531 - deteccion - INFO - logger:info:79 - Factores: 251.8, 87.10801393728222, 5.294e-05
2025-05-21 20:55:48,531 - deteccion - INFO - logger:info:79 - Rentabilidad Bruta: 16.117526%
2025-05-21 20:55:48,531 - deteccion - INFO - logger:info:79 - Oportunidad encontrada (A->B->C->A): BNB -> BUSD -> NEO -> BNB
2025-05-21 20:55:48,532 - deteccion - INFO - logger:info:79 - Pares: BNBBUSD, NEOBUSD, NEOBNB
2025-05-21 20:55:48,532 - deteccion - INFO - logger:info:79 - Precios: 251.8, 6.73, 0.03836
2025-05-21 20:55:48,532 - deteccion - INFO - logger:info:79 - Factores: 251.8, 0.1485884101040119, 0.03836
2025-05-21 20:55:48,532 - deteccion - INFO - logger:info:79 - Rentabilidad Bruta: 43.522259%
2025-05-21 20:55:48,533 - deteccion - INFO - logger:info:79 - Oportunidad encontrada (A->B->C->A): BNB -> BUSD -> SNX -> BNB
2025-05-21 20:55:48,533 - deteccion - INFO - logger:info:79 - Pares: BNBBUSD, SNXBUSD, SNXBNB
2025-05-21 20:55:48,533 - deteccion - INFO - logger:info:79 - Precios: 251.8, 1.936, 0.01057
2025-05-21 20:55:48,533 - deteccion - INFO - logger:info:79 - Factores: 251.8, 0.5165289256198348, 0.01057
2025-05-21 20:55:48,533 - deteccion - INFO - logger:info:79 - Rentabilidad Bruta: 37.475517%
2025-05-21 20:55:48,534 - deteccion - INFO - logger:info:79 - Oportunidad encontrada (A->B->C->A): BNB -> BUSD -> IOTA -> BNB
2025-05-21 20:55:48,534 - deteccion - INFO - logger:info:79 - Pares: BNBBUSD, IOTABUSD, IOTABNB
2025-05-21 20:55:48,534 - deteccion - INFO - logger:info:79 - Precios: 251.8, 0.1431, 0.000717
2025-05-21 20:55:48,534 - deteccion - INFO - logger:info:79 - Factores: 251.8, 6.988120195667365, 0.000717
2025-05-21 20:55:48,534 - deteccion - INFO - logger:info:79 - Rentabilidad Bruta: 26.163941%
2025-05-21 20:55:48,535 - deteccion - INFO - logger:info:79 - Oportunidad encontrada (A->B->C->A): BNB -> BUSD -> THETA -> BNB
2025-05-21 20:55:48,535 - deteccion - INFO - logger:info:79 - Pares: BNBBUSD, THETABUSD, THETABNB
2025-05-21 20:55:48,535 - deteccion - INFO - logger:info:79 - Precios: 251.8, 0.616, 0.002736
2025-05-21 20:55:48,535 - deteccion - INFO - logger:info:79 - Factores: 251.8, 1.6233766233766234, 0.002736
2025-05-21 20:55:48,536 - deteccion - INFO - logger:info:79 - Rentabilidad Bruta: 11.838442%
2025-05-21 20:55:48,536 - deteccion - INFO - logger:info:79 - Oportunidad encontrada (A->B->C->A): BNB -> BTC -> ZIL -> BNB
2025-05-21 20:55:48,536 - deteccion - INFO - logger:info:79 - Pares: BNBBTC, ZILBTC, ZILBNB
2025-05-21 20:55:48,536 - deteccion - INFO - logger:info:79 - Precios: 0.006155, 1.3e-07, 8.858e-05
2025-05-21 20:55:48,537 - deteccion - INFO - logger:info:79 - Factores: 0.006155, 7692307.692307692, 8.858e-05
2025-05-21 20:55:48,537 - deteccion - INFO - logger:info:79 - Rentabilidad Bruta: 319.392231%
2025-05-21 20:55:48,537 - deteccion - INFO - logger:info:79 - Oportunidad encontrada (A->B->C->A): BNB -> BTC -> XTZ -> BNB
2025-05-21 20:55:48,537 - deteccion - INFO - logger:info:79 - Pares: BNBBTC, XTZBTC, XTZBNB
2025-05-21 20:55:48,537 - deteccion - INFO - logger:info:79 - Precios: 0.006155, 5.85e-06, 0.002883
2025-05-21 20:55:48,538 - deteccion - INFO - logger:info:79 - Factores: 0.006155, 170940.17094017094, 0.002883
2025-05-21 20:55:48,538 - deteccion - INFO - logger:info:79 - Rentabilidad Bruta: 203.331026%
2025-05-21 20:55:48,538 - deteccion - INFO - logger:info:79 - Oportunidad encontrada (A->B->C->A): BNB -> BTC -> CHR -> BNB
2025-05-21 20:55:48,538 - deteccion - INFO - logger:info:79 - Pares: BNBBTC, CHRBTC, CHRBNB
2025-05-21 20:55:48,538 - deteccion - INFO - logger:info:79 - Precios: 0.006155, 9.7e-07, 0.0004377
2025-05-21 20:55:48,539 - deteccion - INFO - logger:info:79 - Factores: 0.006155, 1030927.8350515463, 0.0004377
2025-05-21 20:55:48,539 - deteccion - INFO - logger:info:79 - Rentabilidad Bruta: 177.736443%
2025-05-21 20:55:48,539 - deteccion - INFO - logger:info:79 - Oportunidad encontrada (A->B->C->A): BNB -> BTC -> HBAR -> BNB
2025-05-21 20:55:48,539 - deteccion - INFO - logger:info:79 - Pares: BNBBTC, HBARBTC, HBARBNB
2025-05-21 20:55:48,540 - deteccion - INFO - logger:info:79 - Precios: 0.006155, 1.81e-06, 0.00029419
2025-05-21 20:55:48,540 - deteccion - INFO - logger:info:79 - Factores: 0.006155, 552486.1878453039, 0.00029419
2025-05-21 20:55:48,540 - deteccion - INFO - logger:info:79 - Rentabilidad Bruta: 0.040854%
2025-05-21 20:55:48,540 - deteccion - INFO - logger:info:79 - Oportunidad encontrada (A->B->C->A): BNB -> BTC -> ZEN -> BNB
2025-05-21 20:55:48,540 - deteccion - INFO - logger:info:79 - Pares: BNBBTC, ZENBTC, ZENBNB
2025-05-21 20:55:48,541 - deteccion - INFO - logger:info:79 - Precios: 0.006155, 9.05e-05, 0.0329
2025-05-21 20:55:48,541 - deteccion - INFO - logger:info:79 - Factores: 0.006155, 11049.723756906076, 0.0329
2025-05-21 20:55:48,541 - deteccion - INFO - logger:info:79 - Rentabilidad Bruta: 123.756354%
2025-05-21 20:55:48,541 - deteccion - INFO - logger:info:79 - Oportunidad encontrada (A->B->C->A): BNB -> BTC -> ARPA -> BNB
2025-05-21 20:55:48,542 - deteccion - INFO - logger:info:79 - Pares: BNBBTC, ARPABTC, ARPABNB
2025-05-21 20:55:48,542 - deteccion - INFO - logger:info:79 - Precios: 0.006155, 2.4e-07, 0.0001547
2025-05-21 20:55:48,543 - deteccion - INFO - logger:info:79 - Factores: 0.006155, 4166666.666666667, 0.0001547
2025-05-21 20:55:48,543 - deteccion - INFO - logger:info:79 - Rentabilidad Bruta: 296.741042%
2025-05-21 20:55:48,544 - deteccion - INFO - logger:info:79 - Oportunidad encontrada (A->B->C->A): BNB -> BTC -> ANKR -> BNB
2025-05-21 20:55:48,544 - deteccion - INFO - logger:info:79 - Pares: BNBBTC, ANKRBTC, ANKRBNB
2025-05-21 20:55:48,545 - deteccion - INFO - logger:info:79 - Precios: 0.006155, 1.7e-07, 8.56e-05
2025-05-21 20:55:48,545 - deteccion - INFO - logger:info:79 - Factores: 0.006155, 5882352.941176471, 8.56e-05
2025-05-21 20:55:48,545 - deteccion - INFO - logger:info:79 - Rentabilidad Bruta: 209.922353%
2025-05-21 20:55:48,545 - deteccion - INFO - logger:info:79 - Oportunidad encontrada (A->B->C->A): BNB -> BTC -> COTI -> BNB
2025-05-21 20:55:48,546 - deteccion - INFO - logger:info:79 - Pares: BNBBTC, COTIBTC, COTIBNB
2025-05-21 20:55:48,546 - deteccion - INFO - logger:info:79 - Precios: 0.006155, 6.6e-07, 0.0002123
2025-05-21 20:55:48,546 - deteccion - INFO - logger:info:79 - Factores: 0.006155, 1515151.5151515151, 0.0002123
2025-05-21 20:55:48,546 - deteccion - INFO - logger:info:79 - Rentabilidad Bruta: 97.985833%
2025-05-21 20:55:48,547 - deteccion - INFO - logger:info:79 - Oportunidad encontrada (A->B->C->A): BNB -> BTC -> CELR -> BNB
2025-05-21 20:55:48,547 - deteccion - INFO - logger:info:79 - Pares: BNBBTC, CELRBTC, CELRBNB
2025-05-21 20:55:48,547 - deteccion - INFO - logger:info:79 - Precios: 0.006155, 9e-08, 5.294e-05
2025-05-21 20:55:48,547 - deteccion - INFO - logger:info:79 - Factores: 0.006155, 11111111.111111112, 5.294e-05
2025-05-21 20:55:48,548 - deteccion - INFO - logger:info:79 - Rentabilidad Bruta: 262.050778%
2025-05-21 20:55:48,548 - deteccion - INFO - logger:info:79 - Oportunidad encontrada (A->B->C->A): BNB -> BTC -> NEO -> BNB
2025-05-21 20:55:48,548 - deteccion - INFO - logger:info:79 - Pares: BNBBTC, NEOBTC, NEOBNB
2025-05-21 20:55:48,549 - deteccion - INFO - logger:info:79 - Precios: 0.006155, 6.14e-05, 0.03836
2025-05-21 20:55:48,549 - deteccion - INFO - logger:info:79 - Factores: 0.006155, 16286.644951140064, 0.03836
2025-05-21 20:55:48,549 - deteccion - INFO - logger:info:79 - Rentabilidad Bruta: 284.537134%
2025-05-21 20:55:48,549 - deteccion - INFO - logger:info:79 - Oportunidad encontrada (A->B->C->A): BNB -> BTC -> MANA -> BNB
2025-05-21 20:55:48,550 - deteccion - INFO - logger:info:79 - Pares: BNBBTC, MANABTC, MANABNB
2025-05-21 20:55:48,550 - deteccion - INFO - logger:info:79 - Precios: 0.006155, 2.97e-06, 0.00155
2025-05-21 20:55:48,550 - deteccion - INFO - logger:info:79 - Factores: 0.006155, 336700.3367003367, 0.00155
2025-05-21 20:55:48,550 - deteccion - INFO - logger:info:79 - Rentabilidad Bruta: 221.220539%
2025-05-21 20:55:48,551 - deteccion - INFO - logger:info:79 - Oportunidad encontrada (A->B->C->A): BNB -> BTC -> WAVES -> BNB
2025-05-21 20:55:48,551 - deteccion - INFO - logger:info:79 - Pares: BNBBTC, WAVESBTC, WAVESBNB
2025-05-21 20:55:48,551 - deteccion - INFO - logger:info:79 - Precios: 0.006155, 1.626e-05, 0.00513
2025-05-21 20:55:48,551 - deteccion - INFO - logger:info:79 - Factores: 0.006155, 61500.61500615006, 0.00513
2025-05-21 20:55:48,551 - deteccion - INFO - logger:info:79 - Rentabilidad Bruta: 94.189114%
2025-05-21 20:55:48,552 - deteccion - INFO - logger:info:79 - Oportunidad encontrada (A->B->C->A): BNB -> BTC -> SNX -> BNB
2025-05-21 20:55:48,552 - deteccion - INFO - logger:info:79 - Pares: BNBBTC, SNXBTC, SNXBNB
2025-05-21 20:55:48,552 - deteccion - INFO - logger:info:79 - Precios: 0.006155, 7.52e-06, 0.01057
2025-05-21 20:55:48,553 - deteccion - INFO - logger:info:79 - Factores: 0.006155, 132978.72340425532, 0.01057
2025-05-21 20:55:48,553 - deteccion - INFO - logger:info:79 - Rentabilidad Bruta: 765.137633%
2025-05-21 20:55:48,553 - deteccion - INFO - logger:info:79 - Oportunidad encontrada (A->B->C->A): BNB -> BTC -> IOTA -> BNB
2025-05-21 20:55:48,553 - deteccion - INFO - logger:info:79 - Pares: BNBBTC, IOTABTC, IOTABNB
2025-05-21 20:55:48,554 - deteccion - INFO - logger:info:79 - Precios: 0.006155, 2.09e-06, 0.000717
2025-05-21 20:55:48,554 - deteccion - INFO - logger:info:79 - Factores: 0.006155, 478468.89952153113, 0.000717
2025-05-21 20:55:48,554 - deteccion - INFO - logger:info:79 - Rentabilidad Bruta: 111.154785%
2025-05-21 20:55:48,554 - deteccion - INFO - logger:info:79 - Oportunidad encontrada (A->B->C->A): BNB -> BTC -> THETA -> BNB
2025-05-21 20:55:48,555 - deteccion - INFO - logger:info:79 - Pares: BNBBTC, THETABTC, THETABNB
2025-05-21 20:55:48,555 - deteccion - INFO - logger:info:79 - Precios: 0.006155, 8.41e-06, 0.002736
2025-05-21 20:55:48,555 - deteccion - INFO - logger:info:79 - Factores: 0.006155, 118906.06420927466, 0.002736
2025-05-21 20:55:48,555 - deteccion - INFO - logger:info:79 - Rentabilidad Bruta: 100.238763%
2025-05-21 20:55:48,555 - deteccion - INFO - logger:info:79 - Oportunidad encontrada (A->B->C->A): BNB -> BTC -> FET -> BNB
2025-05-21 20:55:48,556 - deteccion - INFO - logger:info:79 - Pares: BNBBTC, FETBTC, FETBNB
2025-05-21 20:55:48,556 - deteccion - INFO - logger:info:79 - Precios: 0.006155, 7.48e-06, 0.001216
2025-05-21 20:55:48,556 - deteccion - INFO - logger:info:79 - Factores: 0.006155, 133689.83957219252, 0.001216
2025-05-21 20:55:48,556 - deteccion - INFO - logger:info:79 - Rentabilidad Bruta: 0.059893%
2025-05-21 20:55:48,558 - deteccion - INFO - logger:info:79 - Oportunidad encontrada (A->B->C->A): USDC -> USDT -> ALGO -> USDC
2025-05-21 20:55:48,558 - deteccion - INFO - logger:info:79 - Pares: USDCUSDT, ALGOUSDT, ALGOUSDC
2025-05-21 20:55:48,559 - deteccion - INFO - logger:info:79 - Precios: 0.9996, 0.2323, 0.2325
2025-05-21 20:55:48,559 - deteccion - INFO - logger:info:79 - Factores: 0.9996, 4.304778303917348, 0.2325
2025-05-21 20:55:48,559 - deteccion - INFO - logger:info:79 - Rentabilidad Bruta: 0.046061%
2025-05-21 20:55:48,560 - deteccion - INFO - logger:info:79 - Oportunidad encontrada (A->B->C->A): USDC -> USDT -> ADA -> USDC
2025-05-21 20:55:48,560 - deteccion - INFO - logger:info:79 - Pares: USDCUSDT, ADAUSDT, ADAUSDC
2025-05-21 20:55:48,560 - deteccion - INFO - logger:info:79 - Precios: 0.9996, 0.7754, 0.7758
2025-05-21 20:55:48,560 - deteccion - INFO - logger:info:79 - Factores: 0.9996, 1.2896569512509672, 0.7758
2025-05-21 20:55:48,561 - deteccion - INFO - logger:info:79 - Rentabilidad Bruta: 0.011566%
2025-05-21 20:55:48,561 - deteccion - INFO - logger:info:79 - Oportunidad encontrada (A->B->C->A): USDC -> USDT -> LINK -> USDC
2025-05-21 20:55:48,561 - deteccion - INFO - logger:info:79 - Pares: USDCUSDT, LINKUSDT, LINKUSDC
2025-05-21 20:55:48,562 - deteccion - INFO - logger:info:79 - Precios: 0.9996, 16.23, 16.24
2025-05-21 20:55:48,562 - deteccion - INFO - logger:info:79 - Factores: 0.9996, 0.061614294516327786, 16.24
2025-05-21 20:55:48,562 - deteccion - INFO - logger:info:79 - Rentabilidad Bruta: 0.021590%
2025-05-21 20:55:48,563 - deteccion - INFO - logger:info:79 - Oportunidad encontrada (A->B->C->A): USDC -> USDT -> ETH -> USDC
2025-05-21 20:55:48,563 - deteccion - INFO - logger:info:79 - Pares: USDCUSDT, ETHUSDT, ETHUSDC
2025-05-21 20:55:48,563 - deteccion - INFO - logger:info:79 - Precios: 0.9996, 2578.27, 2579.48
2025-05-21 20:55:48,563 - deteccion - INFO - logger:info:79 - Factores: 0.9996, 0.00038785697386231854, 2579.48
2025-05-21 20:55:48,564 - deteccion - INFO - logger:info:79 - Rentabilidad Bruta: 0.006912%
2025-05-21 20:55:48,564 - deteccion - INFO - logger:info:79 - Oportunidad encontrada (A->B->C->A): USDC -> USDT -> LTC -> USDC
2025-05-21 20:55:48,564 - deteccion - INFO - logger:info:79 - Pares: USDCUSDT, LTCUSDT, LTCUSDC
2025-05-21 20:55:48,564 - deteccion - INFO - logger:info:79 - Precios: 0.9996, 97.78, 97.82
2025-05-21 20:55:48,565 - deteccion - INFO - logger:info:79 - Factores: 0.9996, 0.010227040294538761, 97.82
2025-05-21 20:55:48,565 - deteccion - INFO - logger:info:79 - Rentabilidad Bruta: 0.000892%
2025-05-21 20:55:48,565 - deteccion - INFO - logger:info:79 - Oportunidad encontrada (A->B->C->A): USDC -> USDT -> XTZ -> USDC
2025-05-21 20:55:48,565 - deteccion - INFO - logger:info:79 - Pares: USDCUSDT, XTZUSDT, XTZUSDC
2025-05-21 20:55:48,566 - deteccion - INFO - logger:info:79 - Precios: 0.9996, 0.6419, 0.6424
2025-05-21 20:55:48,566 - deteccion - INFO - logger:info:79 - Factores: 0.9996, 1.5578750584203147, 0.6424
2025-05-21 20:55:48,566 - deteccion - INFO - logger:info:79 - Rentabilidad Bruta: 0.037863%
2025-05-21 20:55:48,567 - deteccion - INFO - logger:info:79 - Oportunidad encontrada (A->B->C->A): USDC -> USDT -> HIVE -> USDC
2025-05-21 20:55:48,567 - deteccion - INFO - logger:info:79 - Pares: USDCUSDT, HIVEUSDT, HIVEUSDC
2025-05-21 20:55:48,567 - deteccion - INFO - logger:info:79 - Precios: 0.9996, 0.2643, 0.2645
2025-05-21 20:55:48,567 - deteccion - INFO - logger:info:79 - Factores: 0.9996, 3.783579265985623, 0.2645
2025-05-21 20:55:48,567 - deteccion - INFO - logger:info:79 - Rentabilidad Bruta: 0.035641%
2025-05-21 20:55:48,568 - deteccion - INFO - logger:info:79 - Oportunidad encontrada (A->B->C->A): USDC -> USDT -> MKR -> USDC
2025-05-21 20:55:48,568 - deteccion - INFO - logger:info:79 - Pares: USDCUSDT, MKRUSDT, MKRUSDC
2025-05-21 20:55:48,568 - deteccion - INFO - logger:info:79 - Precios: 0.9996, 1756.0, 1757.0
2025-05-21 20:55:48,569 - deteccion - INFO - logger:info:79 - Factores: 0.9996, 0.0005694760820045558, 1757.0
2025-05-21 20:55:48,569 - deteccion - INFO - logger:info:79 - Rentabilidad Bruta: 0.016925%
2025-05-21 20:55:48,569 - deteccion - INFO - logger:info:79 - Oportunidad encontrada (A->B->C->A): USDC -> USDT -> RUNE -> USDC
2025-05-21 20:55:48,569 - deteccion - INFO - logger:info:79 - Pares: USDCUSDT, RUNEUSDT, RUNEUSDC
2025-05-21 20:55:48,570 - deteccion - INFO - logger:info:79 - Precios: 0.9996, 1.961, 1.962
2025-05-21 20:55:48,570 - deteccion - INFO - logger:info:79 - Factores: 0.9996, 0.5099439061703213, 1.962
2025-05-21 20:55:48,570 - deteccion - INFO - logger:info:79 - Rentabilidad Bruta: 0.010974%
2025-05-21 20:55:48,570 - deteccion - INFO - logger:info:79 - Oportunidad encontrada (A->B->C->A): USDC -> USDT -> IOTA -> USDC
2025-05-21 20:55:48,571 - deteccion - INFO - logger:info:79 - Pares: USDCUSDT, IOTAUSDT, IOTAUSDC
2025-05-21 20:55:48,571 - deteccion - INFO - logger:info:79 - Precios: 0.9996, 0.2301, 0.2302
2025-05-21 20:55:48,571 - deteccion - INFO - logger:info:79 - Factores: 0.9996, 4.34593654932638, 0.2302
2025-05-21 20:55:48,571 - deteccion - INFO - logger:info:79 - Rentabilidad Bruta: 0.003442%
2025-05-21 20:55:48,572 - deteccion - INFO - logger:info:79 - Oportunidad encontrada (A->B->C->A): USDC -> USDT -> THETA -> USDC
2025-05-21 20:55:48,572 - deteccion - INFO - logger:info:79 - Pares: USDCUSDT, THETAUSDT, THETAUSDC
2025-05-21 20:55:48,572 - deteccion - INFO - logger:info:79 - Precios: 0.9996, 0.923, 0.924
2025-05-21 20:55:48,572 - deteccion - INFO - logger:info:79 - Factores: 0.9996, 1.0834236186348862, 0.924
2025-05-21 20:55:48,573 - deteccion - INFO - logger:info:79 - Rentabilidad Bruta: 0.068299%
2025-05-21 20:55:48,573 - deteccion - INFO - logger:info:79 - Oportunidad encontrada (A->B->C->A): USDC -> USDT -> FET -> USDC
2025-05-21 20:55:48,573 - deteccion - INFO - logger:info:79 - Pares: USDCUSDT, FETUSDT, FETUSDC
2025-05-21 20:55:48,573 - deteccion - INFO - logger:info:79 - Precios: 0.9996, 0.821, 0.822
2025-05-21 20:55:48,574 - deteccion - INFO - logger:info:79 - Factores: 0.9996, 1.218026796589525, 0.822
2025-05-21 20:55:48,574 - deteccion - INFO - logger:info:79 - Rentabilidad Bruta: 0.081754%
2025-05-21 20:55:48,574 - deteccion - INFO - logger:info:79 - Oportunidad encontrada (A->B->C->A): USDC -> ADA -> EUR -> USDC
2025-05-21 20:55:48,574 - deteccion - INFO - logger:info:79 - Pares: ADAUSDC, ADAEUR, EURUSDC
2025-05-21 20:55:48,575 - deteccion - INFO - logger:info:79 - Precios: 0.7758, 0.6839, 1.1346
2025-05-21 20:55:48,575 - deteccion - INFO - logger:info:79 - Factores: 1.2889920082495487, 0.6839, 1.1346
2025-05-21 20:55:48,575 - deteccion - INFO - logger:info:79 - Rentabilidad Bruta: 0.019714%
2025-05-21 20:55:48,576 - deteccion - INFO - logger:info:79 - Oportunidad encontrada (A->B->C->A): USDC -> ADA -> ETH -> USDC
2025-05-21 20:55:48,576 - deteccion - INFO - logger:info:79 - Pares: ADAUSDC, ADAETH, ETHUSDC
2025-05-21 20:55:48,576 - deteccion - INFO - logger:info:79 - Precios: 0.7758, 0.0003008, 2579.48
2025-05-21 20:55:48,577 - deteccion - INFO - logger:info:79 - Factores: 1.2889920082495487, 0.0003008, 2579.48
2025-05-21 20:55:48,577 - deteccion - INFO - logger:info:79 - Rentabilidad Bruta: 0.013867%
2025-05-21 20:55:48,578 - deteccion - INFO - logger:info:79 - Oportunidad encontrada (A->B->C->A): USDC -> LINK -> ETH -> USDC
2025-05-21 20:55:48,578 - deteccion - INFO - logger:info:79 - Pares: LINKUSDC, LINKETH, ETHUSDC
2025-05-21 20:55:48,578 - deteccion - INFO - logger:info:79 - Precios: 16.24, 0.006297, 2579.48
2025-05-21 20:55:48,579 - deteccion - INFO - logger:info:79 - Factores: 0.061576354679802964, 0.006297, 2579.48
2025-05-21 20:55:48,579 - deteccion - INFO - logger:info:79 - Rentabilidad Bruta: 0.018384%
2025-05-21 20:55:48,579 - deteccion - INFO - logger:info:79 - Oportunidad encontrada (A->B->C->A): USDC -> EUR -> ETH -> USDC
2025-05-21 20:55:48,580 - deteccion - INFO - logger:info:79 - Pares: EURUSDC, ETHEUR, ETHUSDC
2025-05-21 20:55:48,580 - deteccion - INFO - logger:info:79 - Precios: 1.1346, 2273.37, 2579.48
2025-05-21 20:55:48,580 - deteccion - INFO - logger:info:79 - Factores: 0.8813678829543451, 0.0004398756031794209, 2579.48
2025-05-21 20:55:48,580 - deteccion - INFO - logger:info:79 - Rentabilidad Bruta: 0.004435%
2025-05-21 20:55:48,581 - deteccion - INFO - logger:info:79 - Oportunidad encontrada (A->B->C->A): USDC -> EUR -> BTC -> USDC
2025-05-21 20:55:48,581 - deteccion - INFO - logger:info:79 - Pares: EURUSDC, BTCEUR, BTCUSDC
2025-05-21 20:55:48,581 - deteccion - INFO - logger:info:79 - Precios: 1.1346, 96754.25, 109798.12
2025-05-21 20:55:48,581 - deteccion - INFO - logger:info:79 - Factores: 0.8813678829543451, 1.0335463300061754e-05, 109798.12
2025-05-21 20:55:48,581 - deteccion - INFO - logger:info:79 - Rentabilidad Bruta: 0.018900%
2025-05-21 20:55:48,582 - deteccion - INFO - logger:info:79 - Oportunidad encontrada (A->B->C->A): USDC -> EUR -> THETA -> USDC
2025-05-21 20:55:48,582 - deteccion - INFO - logger:info:79 - Pares: EURUSDC, THETAEUR, THETAUSDC
2025-05-21 20:55:48,582 - deteccion - INFO - logger:info:79 - Precios: 1.1346, 0.614, 0.924
2025-05-21 20:55:48,582 - deteccion - INFO - logger:info:79 - Factores: 0.8813678829543451, 1.6286644951140066, 0.924
2025-05-21 20:55:48,583 - deteccion - INFO - logger:info:79 - Rentabilidad Bruta: 32.635818%
2025-05-21 20:55:48,583 - deteccion - INFO - logger:info:79 - Oportunidad encontrada (A->B->C->A): USDC -> AUD -> ETH -> USDC
2025-05-21 20:55:48,583 - deteccion - INFO - logger:info:79 - Pares: AUDUSDC, ETHAUD, ETHUSDC
2025-05-21 20:55:48,583 - deteccion - INFO - logger:info:79 - Precios: 0.6477, 2565.09, 2579.48
2025-05-21 20:55:48,583 - deteccion - INFO - logger:info:79 - Factores: 1.543924656476764, 0.0003898498688155191, 2579.48
2025-05-21 20:55:48,584 - deteccion - INFO - logger:info:79 - Rentabilidad Bruta: 55.258598%
2025-05-21 20:55:48,584 - deteccion - INFO - logger:info:79 - Oportunidad encontrada (A->B->C->A): USDC -> AUD -> BUSD -> USDC
2025-05-21 20:55:48,584 - deteccion - INFO - logger:info:79 - Pares: AUDUSDC, AUDBUSD, USDCBUSD
2025-05-21 20:55:48,584 - deteccion - INFO - logger:info:79 - Precios: 0.6477, 0.7255, 0.9999
2025-05-21 20:55:48,584 - deteccion - INFO - logger:info:79 - Factores: 1.543924656476764, 0.7255, 1.000100010001
2025-05-21 20:55:48,584 - deteccion - INFO - logger:info:79 - Rentabilidad Bruta: 12.022936%
2025-05-21 20:55:48,585 - deteccion - INFO - logger:info:79 - Oportunidad encontrada (A->B->C->A): USDC -> AUD -> BTC -> USDC
2025-05-21 20:55:48,585 - deteccion - INFO - logger:info:79 - Pares: AUDUSDC, BTCAUD, BTCUSDC
2025-05-21 20:55:48,585 - deteccion - INFO - logger:info:79 - Precios: 0.6477, 37210.08, 109798.12
2025-05-21 20:55:48,585 - deteccion - INFO - logger:info:79 - Factores: 1.543924656476764, 2.6874438324239024e-05, 109798.12
2025-05-21 20:55:48,586 - deteccion - INFO - logger:info:79 - Rentabilidad Bruta: 355.575545%
2025-05-21 20:55:48,586 - deteccion - INFO - logger:info:79 - Oportunidad encontrada (A->B->C->A): USDC -> AUD -> FTM -> USDC
2025-05-21 20:55:48,586 - deteccion - INFO - logger:info:79 - Pares: AUDUSDC, FTMAUD, FTMUSDC
2025-05-21 20:55:48,586 - deteccion - INFO - logger:info:79 - Precios: 0.6477, 0.42, 0.6986
2025-05-21 20:55:48,586 - deteccion - INFO - logger:info:79 - Factores: 1.543924656476764, 2.380952380952381, 0.6986
2025-05-21 20:55:48,586 - deteccion - INFO - logger:info:79 - Rentabilidad Bruta: 156.806135%
2025-05-21 20:55:48,587 - deteccion - INFO - logger:info:79 - Oportunidad encontrada (A->B->C->A): USDC -> ETH -> BTC -> USDC
2025-05-21 20:55:48,587 - deteccion - INFO - logger:info:79 - Pares: ETHUSDC, ETHBTC, BTCUSDC
2025-05-21 20:55:48,587 - deteccion - INFO - logger:info:79 - Precios: 2579.48, 0.0235, 109798.12
2025-05-21 20:55:48,587 - deteccion - INFO - logger:info:79 - Factores: 0.0003876750352784282, 0.0235, 109798.12
2025-05-21 20:55:48,587 - deteccion - INFO - logger:info:79 - Rentabilidad Bruta: 0.030077%
2025-05-21 20:55:48,588 - deteccion - INFO - logger:info:79 - Oportunidad encontrada (A->B->C->A): USDC -> ETH -> FTM -> USDC
2025-05-21 20:55:48,588 - deteccion - INFO - logger:info:79 - Pares: ETHUSDC, FTMETH, FTMUSDC
2025-05-21 20:55:48,588 - deteccion - INFO - logger:info:79 - Precios: 2579.48, 0.0002148, 0.6986
2025-05-21 20:55:48,588 - deteccion - INFO - logger:info:79 - Factores: 0.0003876750352784282, 4655.493482309125, 0.6986
2025-05-21 20:55:48,588 - deteccion - INFO - logger:info:79 - Rentabilidad Bruta: 26.084627%
2025-05-21 20:55:48,589 - deteccion - INFO - logger:info:79 - Oportunidad encontrada (A->B->C->A): USDC -> BUSD -> BTC -> USDC
2025-05-21 20:55:48,589 - deteccion - INFO - logger:info:79 - Pares: USDCBUSD, BTCBUSD, BTCUSDC
2025-05-21 20:55:48,589 - deteccion - INFO - logger:info:79 - Precios: 0.9999, 42769.4, 109798.12
2025-05-21 20:55:48,589 - deteccion - INFO - logger:info:79 - Factores: 0.9999, 2.338120244847952e-05, 109798.12
2025-05-21 20:55:48,589 - deteccion - INFO - logger:info:79 - Rentabilidad Bruta: 156.695535%
2025-05-21 20:55:48,590 - deteccion - INFO - logger:info:79 - Oportunidad encontrada (A->B->C->A): USDC -> BUSD -> LTC -> USDC
2025-05-21 20:55:48,590 - deteccion - INFO - logger:info:79 - Pares: USDCBUSD, LTCBUSD, LTCUSDC
2025-05-21 20:55:48,590 - deteccion - INFO - logger:info:79 - Precios: 0.9999, 72.37, 97.82
2025-05-21 20:55:48,590 - deteccion - INFO - logger:info:79 - Factores: 0.9999, 0.01381788033715628, 97.82
2025-05-21 20:55:48,590 - deteccion - INFO - logger:info:79 - Rentabilidad Bruta: 35.152989%
2025-05-21 20:55:48,590 - deteccion - INFO - logger:info:79 - Oportunidad encontrada (A->B->C->A): USDC -> BUSD -> FTM -> USDC
2025-05-21 20:55:48,590 - deteccion - INFO - logger:info:79 - Pares: USDCBUSD, FTMBUSD, FTMUSDC
2025-05-21 20:55:48,591 - deteccion - INFO - logger:info:79 - Precios: 0.9999, 0.4218, 0.6986
2025-05-21 20:55:48,591 - deteccion - INFO - logger:info:79 - Factores: 0.9999, 2.370791844476055, 0.6986
2025-05-21 20:55:48,591 - deteccion - INFO - logger:info:79 - Rentabilidad Bruta: 65.606956%
2025-05-21 20:55:48,591 - deteccion - INFO - logger:info:79 - Oportunidad encontrada (A->B->C->A): USDC -> BUSD -> HBAR -> USDC
2025-05-21 20:55:48,591 - deteccion - INFO - logger:info:79 - Pares: USDCBUSD, HBARBUSD, HBARUSDC
2025-05-21 20:55:48,591 - deteccion - INFO - logger:info:79 - Precios: 0.9999, 0.0602, 0.19886
2025-05-21 20:55:48,591 - deteccion - INFO - logger:info:79 - Factores: 0.9999, 16.611295681063122, 0.19886
2025-05-21 20:55:48,592 - deteccion - INFO - logger:info:79 - Rentabilidad Bruta: 230.299193%
2025-05-21 20:55:48,592 - deteccion - INFO - logger:info:79 - Oportunidad encontrada (A->B->C->A): USDC -> BUSD -> ZEN -> USDC
2025-05-21 20:55:48,592 - deteccion - INFO - logger:info:79 - Pares: USDCBUSD, ZENBUSD, ZENUSDC
2025-05-21 20:55:48,592 - deteccion - INFO - logger:info:79 - Precios: 0.9999, 7.19, 9.98
2025-05-21 20:55:48,593 - deteccion - INFO - logger:info:79 - Factores: 0.9999, 0.13908205841446453, 9.98
2025-05-21 20:55:48,593 - deteccion - INFO - logger:info:79 - Rentabilidad Bruta: 38.790014%
2025-05-21 20:55:48,594 - deteccion - INFO - logger:info:79 - Oportunidad encontrada (A->B->C->A): USDC -> BUSD -> NEO -> USDC
2025-05-21 20:55:48,594 - deteccion - INFO - logger:info:79 - Pares: USDCBUSD, NEOBUSD, NEOUSDC
2025-05-21 20:55:48,594 - deteccion - INFO - logger:info:79 - Precios: 0.9999, 6.73, 6.75
2025-05-21 20:55:48,595 - deteccion - INFO - logger:info:79 - Factores: 0.9999, 0.1485884101040119, 6.75
2025-05-21 20:55:48,595 - deteccion - INFO - logger:info:79 - Rentabilidad Bruta: 0.287147%
2025-05-21 20:55:48,595 - deteccion - INFO - logger:info:79 - Oportunidad encontrada (A->B->C->A): USDC -> BUSD -> MKR -> USDC
2025-05-21 20:55:48,595 - deteccion - INFO - logger:info:79 - Pares: USDCBUSD, MKRBUSD, MKRUSDC
2025-05-21 20:55:48,596 - deteccion - INFO - logger:info:79 - Precios: 0.9999, 1293.0, 1757.0
2025-05-21 20:55:48,596 - deteccion - INFO - logger:info:79 - Factores: 0.9999, 0.0007733952049497294, 1757.0
2025-05-21 20:55:48,596 - deteccion - INFO - logger:info:79 - Rentabilidad Bruta: 35.871949%
2025-05-21 20:55:48,597 - deteccion - INFO - logger:info:79 - Oportunidad encontrada (A->B->C->A): USDC -> BUSD -> XLM -> USDC
2025-05-21 20:55:48,597 - deteccion - INFO - logger:info:79 - Pares: USDCBUSD, XLMBUSD, XLMUSDC
2025-05-21 20:55:48,597 - deteccion - INFO - logger:info:79 - Precios: 0.9999, 0.1197, 0.2952
2025-05-21 20:55:48,597 - deteccion - INFO - logger:info:79 - Factores: 0.9999, 8.35421888053467, 0.2952
2025-05-21 20:55:48,597 - deteccion - INFO - logger:info:79 - Rentabilidad Bruta: 146.591880%
2025-05-21 20:55:48,598 - deteccion - INFO - logger:info:79 - Oportunidad encontrada (A->B->C->A): USDC -> BUSD -> IOTA -> USDC
2025-05-21 20:55:48,598 - deteccion - INFO - logger:info:79 - Pares: USDCBUSD, IOTABUSD, IOTAUSDC
2025-05-21 20:55:48,598 - deteccion - INFO - logger:info:79 - Precios: 0.9999, 0.1431, 0.2302
2025-05-21 20:55:48,598 - deteccion - INFO - logger:info:79 - Factores: 0.9999, 6.988120195667365, 0.2302
2025-05-21 20:55:48,599 - deteccion - INFO - logger:info:79 - Rentabilidad Bruta: 60.850440%
2025-05-21 20:55:48,599 - deteccion - INFO - logger:info:79 - Oportunidad encontrada (A->B->C->A): USDC -> BUSD -> THETA -> USDC
2025-05-21 20:55:48,599 - deteccion - INFO - logger:info:79 - Pares: USDCBUSD, THETABUSD, THETAUSDC
2025-05-21 20:55:48,599 - deteccion - INFO - logger:info:79 - Precios: 0.9999, 0.616, 0.924
2025-05-21 20:55:48,600 - deteccion - INFO - logger:info:79 - Factores: 0.9999, 1.6233766233766234, 0.924
2025-05-21 20:55:48,600 - deteccion - INFO - logger:info:79 - Rentabilidad Bruta: 49.985000%
2025-05-21 20:55:48,600 - deteccion - INFO - logger:info:79 - Oportunidad encontrada (A->B->C->A): USDC -> BUSD -> FET -> USDC
2025-05-21 20:55:48,600 - deteccion - INFO - logger:info:79 - Pares: USDCBUSD, FETBUSD, FETUSDC
2025-05-21 20:55:48,600 - deteccion - INFO - logger:info:79 - Precios: 0.9999, 0.4915, 0.822
2025-05-21 20:55:48,601 - deteccion - INFO - logger:info:79 - Factores: 0.9999, 2.034587995930824, 0.822
2025-05-21 20:55:48,601 - deteccion - INFO - logger:info:79 - Rentabilidad Bruta: 67.226409%
2025-05-21 20:55:48,601 - deteccion - INFO - logger:info:79 - Oportunidad encontrada (A->B->C->A): USDC -> BTC -> XTZ -> USDC
2025-05-21 20:55:48,601 - deteccion - INFO - logger:info:79 - Pares: BTCUSDC, XTZBTC, XTZUSDC
2025-05-21 20:55:48,602 - deteccion - INFO - logger:info:79 - Precios: 109798.12, 5.85e-06, 0.6424
2025-05-21 20:55:48,602 - deteccion - INFO - logger:info:79 - Factores: 9.107624064965775e-06, 170940.17094017094, 0.6424
2025-05-21 20:55:48,602 - deteccion - INFO - logger:info:79 - Rentabilidad Bruta: 0.012610%
2025-05-21 20:55:48,602 - deteccion - INFO - logger:info:79 - Oportunidad encontrada (A->B->C->A): USDC -> BTC -> STEEM -> USDC
2025-05-21 20:55:48,603 - deteccion - INFO - logger:info:79 - Pares: BTCUSDC, STEEMBTC, STEEMUSDC
2025-05-21 20:55:48,603 - deteccion - INFO - logger:info:79 - Precios: 109798.12, 1.39e-06, 0.1529
2025-05-21 20:55:48,603 - deteccion - INFO - logger:info:79 - Factores: 9.107624064965775e-06, 719424.4604316547, 0.1529
2025-05-21 20:55:48,603 - deteccion - INFO - logger:info:79 - Rentabilidad Bruta: 0.183865%
2025-05-21 20:55:48,603 - deteccion - INFO - logger:info:79 - Oportunidad encontrada (A->B->C->A): USDC -> BTC -> HBAR -> USDC
2025-05-21 20:55:48,603 - deteccion - INFO - logger:info:79 - Pares: BTCUSDC, HBARBTC, HBARUSDC
2025-05-21 20:55:48,604 - deteccion - INFO - logger:info:79 - Precios: 109798.12, 1.81e-06, 0.19886
2025-05-21 20:55:48,604 - deteccion - INFO - logger:info:79 - Factores: 9.107624064965775e-06, 552486.1878453039, 0.19886
2025-05-21 20:55:48,604 - deteccion - INFO - logger:info:79 - Rentabilidad Bruta: 0.063101%
2025-05-21 20:55:48,604 - deteccion - INFO - logger:info:79 - Oportunidad encontrada (A->B->C->A): USDC -> BTC -> ZEN -> USDC
2025-05-21 20:55:48,604 - deteccion - INFO - logger:info:79 - Pares: BTCUSDC, ZENBTC, ZENUSDC
2025-05-21 20:55:48,604 - deteccion - INFO - logger:info:79 - Precios: 109798.12, 9.05e-05, 9.98
2025-05-21 20:55:48,605 - deteccion - INFO - logger:info:79 - Factores: 9.107624064965775e-06, 11049.723756906076, 9.98
2025-05-21 20:55:48,605 - deteccion - INFO - logger:info:79 - Rentabilidad Bruta: 0.435457%
2025-05-21 20:55:48,605 - deteccion - INFO - logger:info:79 - Oportunidad encontrada (A->B->C->A): USDC -> BTC -> ONT -> USDC
2025-05-21 20:55:48,605 - deteccion - INFO - logger:info:79 - Pares: BTCUSDC, ONTBTC, ONTUSDC
2025-05-21 20:55:48,605 - deteccion - INFO - logger:info:79 - Precios: 109798.12, 1.4e-06, 0.1546
2025-05-21 20:55:48,605 - deteccion - INFO - logger:info:79 - Factores: 9.107624064965775e-06, 714285.7142857143, 0.1546
2025-05-21 20:55:48,605 - deteccion - INFO - logger:info:79 - Rentabilidad Bruta: 0.574191%
2025-05-21 20:55:48,605 - deteccion - INFO - logger:info:79 - Oportunidad encontrada (A->B->C->A): USDC -> BTC -> HIVE -> USDC
2025-05-21 20:55:48,606 - deteccion - INFO - logger:info:79 - Pares: BTCUSDC, HIVEBTC, HIVEUSDC
2025-05-21 20:55:48,606 - deteccion - INFO - logger:info:79 - Precios: 109798.12, 2.4e-06, 0.2645
2025-05-21 20:55:48,606 - deteccion - INFO - logger:info:79 - Factores: 9.107624064965775e-06, 416666.6666666667, 0.2645
2025-05-21 20:55:48,606 - deteccion - INFO - logger:info:79 - Rentabilidad Bruta: 0.373607%
2025-05-21 20:55:48,606 - deteccion - INFO - logger:info:79 - Oportunidad encontrada (A->B->C->A): USDC -> BTC -> NEO -> USDC
2025-05-21 20:55:48,606 - deteccion - INFO - logger:info:79 - Pares: BTCUSDC, NEOBTC, NEOUSDC
2025-05-21 20:55:48,606 - deteccion - INFO - logger:info:79 - Precios: 109798.12, 6.14e-05, 6.75
2025-05-21 20:55:48,606 - deteccion - INFO - logger:info:79 - Factores: 9.107624064965775e-06, 16286.644951140064, 6.75
2025-05-21 20:55:48,607 - deteccion - INFO - logger:info:79 - Rentabilidad Bruta: 0.124532%
2025-05-21 20:55:48,607 - deteccion - INFO - logger:info:79 - Oportunidad encontrada (A->B->C->A): USDC -> BTC -> MKR -> USDC
2025-05-21 20:55:48,607 - deteccion - INFO - logger:info:79 - Pares: BTCUSDC, MKRBTC, MKRUSDC
2025-05-21 20:55:48,607 - deteccion - INFO - logger:info:79 - Precios: 109798.12, 0.016, 1757.0
2025-05-21 20:55:48,607 - deteccion - INFO - logger:info:79 - Factores: 9.107624064965775e-06, 62.5, 1757.0
2025-05-21 20:55:48,607 - deteccion - INFO - logger:info:79 - Rentabilidad Bruta: 0.013097%
2025-05-21 20:55:48,608 - deteccion - INFO - logger:info:79 - Oportunidad encontrada (A->B->C->A): USDC -> BTC -> IOTA -> USDC
2025-05-21 20:55:48,608 - deteccion - INFO - logger:info:79 - Pares: BTCUSDC, IOTABTC, IOTAUSDC
2025-05-21 20:55:48,608 - deteccion - INFO - logger:info:79 - Precios: 109798.12, 2.09e-06, 0.2302
2025-05-21 20:55:48,608 - deteccion - INFO - logger:info:79 - Factores: 9.107624064965775e-06, 478468.89952153113, 0.2302
2025-05-21 20:55:48,608 - deteccion - INFO - logger:info:79 - Rentabilidad Bruta: 0.314596%
2025-05-21 20:55:48,608 - deteccion - INFO - logger:info:79 - Oportunidad encontrada (A->B->C->A): USDC -> BTC -> THETA -> USDC
2025-05-21 20:55:48,609 - deteccion - INFO - logger:info:79 - Pares: BTCUSDC, THETABTC, THETAUSDC
2025-05-21 20:55:48,609 - deteccion - INFO - logger:info:79 - Precios: 109798.12, 8.41e-06, 0.924
2025-05-21 20:55:48,609 - deteccion - INFO - logger:info:79 - Factores: 9.107624064965775e-06, 118906.06420927466, 0.924
2025-05-21 20:55:48,610 - deteccion - INFO - logger:info:79 - Rentabilidad Bruta: 0.064740%
2025-05-21 20:55:48,610 - deteccion - INFO - logger:info:79 - Oportunidad encontrada (A->B->C->A): USDC -> BTC -> FET -> USDC
2025-05-21 20:55:48,611 - deteccion - INFO - logger:info:79 - Pares: BTCUSDC, FETBTC, FETUSDC
2025-05-21 20:55:48,611 - deteccion - INFO - logger:info:79 - Precios: 109798.12, 7.48e-06, 0.822
2025-05-21 20:55:48,611 - deteccion - INFO - logger:info:79 - Factores: 9.107624064965775e-06, 133689.83957219252, 0.822
2025-05-21 20:55:48,612 - deteccion - INFO - logger:info:79 - Rentabilidad Bruta: 0.086457%
2025-05-21 20:55:48,613 - deteccion - INFO - logger:info:79 - Oportunidad encontrada (A->B->C->A): USDT -> ETC -> EUR -> USDT
2025-05-21 20:55:48,613 - deteccion - INFO - logger:info:79 - Pares: ETCUSDT, ETCEUR, EURUSDT
2025-05-21 20:55:48,614 - deteccion - INFO - logger:info:79 - Precios: 19.19, 20.0, 1.1343
2025-05-21 20:55:48,614 - deteccion - INFO - logger:info:79 - Factores: 0.05211047420531526, 20.0, 1.1343
2025-05-21 20:55:48,614 - deteccion - INFO - logger:info:79 - Rentabilidad Bruta: 18.217822%
2025-05-21 20:55:48,615 - deteccion - INFO - logger:info:79 - Oportunidad encontrada (A->B->C->A): USDT -> ETC -> ETH -> USDT
2025-05-21 20:55:48,615 - deteccion - INFO - logger:info:79 - Pares: ETCUSDT, ETCETH, ETHUSDT
2025-05-21 20:55:48,615 - deteccion - INFO - logger:info:79 - Precios: 19.19, 0.00746, 2578.27
2025-05-21 20:55:48,615 - deteccion - INFO - logger:info:79 - Factores: 0.05211047420531526, 0.00746, 2578.27
2025-05-21 20:55:48,616 - deteccion - INFO - logger:info:79 - Rentabilidad Bruta: 0.228735%
2025-05-21 20:55:48,616 - deteccion - INFO - logger:info:79 - Oportunidad encontrada (A->B->C->A): USDT -> ETC -> BTC -> USDT
2025-05-21 20:55:48,616 - deteccion - INFO - logger:info:79 - Pares: ETCUSDT, ETCBTC, BTCUSDT
2025-05-21 20:55:48,616 - deteccion - INFO - logger:info:79 - Precios: 19.19, 0.0001749, 109756.79
2025-05-21 20:55:48,616 - deteccion - INFO - logger:info:79 - Factores: 0.05211047420531526, 0.0001749, 109756.79
2025-05-21 20:55:48,617 - deteccion - INFO - logger:info:79 - Rentabilidad Bruta: 0.033677%
2025-05-21 20:55:48,617 - deteccion - INFO - logger:info:79 - Oportunidad encontrada (A->B->C->A): USDT -> ADA -> EUR -> USDT
2025-05-21 20:55:48,617 - deteccion - INFO - logger:info:79 - Pares: ADAUSDT, ADAEUR, EURUSDT
2025-05-21 20:55:48,617 - deteccion - INFO - logger:info:79 - Precios: 0.7754, 0.6839, 1.1343
2025-05-21 20:55:48,618 - deteccion - INFO - logger:info:79 - Factores: 1.2896569512509672, 0.6839, 1.1343
2025-05-21 20:55:48,618 - deteccion - INFO - logger:info:79 - Rentabilidad Bruta: 0.044850%
2025-05-21 20:55:48,618 - deteccion - INFO - logger:info:79 - Oportunidad encontrada (A->B->C->A): USDT -> ADA -> ETH -> USDT
2025-05-21 20:55:48,618 - deteccion - INFO - logger:info:79 - Pares: ADAUSDT, ADAETH, ETHUSDT
2025-05-21 20:55:48,618 - deteccion - INFO - logger:info:79 - Precios: 0.7754, 0.0003008, 2578.27
2025-05-21 20:55:48,619 - deteccion - INFO - logger:info:79 - Factores: 1.2896569512509672, 0.0003008, 2578.27
2025-05-21 20:55:48,619 - deteccion - INFO - logger:info:79 - Rentabilidad Bruta: 0.018522%
2025-05-21 20:55:48,619 - deteccion - INFO - logger:info:79 - Oportunidad encontrada (A->B->C->A): USDT -> LINK -> EUR -> USDT
2025-05-21 20:55:48,619 - deteccion - INFO - logger:info:79 - Pares: LINKUSDT, LINKEUR, EURUSDT
2025-05-21 20:55:48,619 - deteccion - INFO - logger:info:79 - Precios: 16.23, 14.31, 1.1343
2025-05-21 20:55:48,620 - deteccion - INFO - logger:info:79 - Factores: 0.061614294516327786, 14.31, 1.1343
2025-05-21 20:55:48,620 - deteccion - INFO - logger:info:79 - Rentabilidad Bruta: 0.011294%
2025-05-21 20:55:48,620 - deteccion - INFO - logger:info:79 - Oportunidad encontrada (A->B->C->A): USDT -> LINK -> ETH -> USDT
2025-05-21 20:55:48,620 - deteccion - INFO - logger:info:79 - Pares: LINKUSDT, LINKETH, ETHUSDT
2025-05-21 20:55:48,621 - deteccion - INFO - logger:info:79 - Precios: 16.23, 0.006297, 2578.27
2025-05-21 20:55:48,621 - deteccion - INFO - logger:info:79 - Factores: 0.061614294516327786, 0.006297, 2578.27
2025-05-21 20:55:48,621 - deteccion - INFO - logger:info:79 - Rentabilidad Bruta: 0.033063%
2025-05-21 20:55:48,621 - deteccion - INFO - logger:info:79 - Oportunidad encontrada (A->B->C->A): USDT -> LINK -> BTC -> USDT
2025-05-21 20:55:48,621 - deteccion - INFO - logger:info:79 - Pares: LINKUSDT, LINKBTC, BTCUSDT
2025-05-21 20:55:48,621 - deteccion - INFO - logger:info:79 - Precios: 16.23, 0.0001479, 109756.79
2025-05-21 20:55:48,622 - deteccion - INFO - logger:info:79 - Factores: 0.061614294516327786, 0.0001479, 109756.79
2025-05-21 20:55:48,622 - deteccion - INFO - logger:info:79 - Rentabilidad Bruta: 0.018664%
2025-05-21 20:55:48,622 - deteccion - INFO - logger:info:79 - Oportunidad encontrada (A->B->C->A): USDT -> EUR -> BTC -> USDT
2025-05-21 20:55:48,622 - deteccion - INFO - logger:info:79 - Pares: EURUSDT, BTCEUR, BTCUSDT
2025-05-21 20:55:48,623 - deteccion - INFO - logger:info:79 - Precios: 1.1343, 96754.25, 109756.79
2025-05-21 20:55:48,623 - deteccion - INFO - logger:info:79 - Factores: 0.8816009873931058, 1.0335463300061754e-05, 109756.79
2025-05-21 20:55:48,623 - deteccion - INFO - logger:info:79 - Rentabilidad Bruta: 0.007694%
2025-05-21 20:55:48,623 - deteccion - INFO - logger:info:79 - Oportunidad encontrada (A->B->C->A): USDT -> EUR -> THETA -> USDT
2025-05-21 20:55:48,624 - deteccion - INFO - logger:info:79 - Pares: EURUSDT, THETAEUR, THETAUSDT
2025-05-21 20:55:48,624 - deteccion - INFO - logger:info:79 - Precios: 1.1343, 0.614, 0.923
2025-05-21 20:55:48,624 - deteccion - INFO - logger:info:79 - Factores: 0.8816009873931058, 1.6286644951140066, 0.923
2025-05-21 20:55:48,624 - deteccion - INFO - logger:info:79 - Rentabilidad Bruta: 32.527315%
2025-05-21 20:55:48,625 - deteccion - INFO - logger:info:79 - Oportunidad encontrada (A->B->C->A): USDT -> AUD -> ETH -> USDT
2025-05-21 20:55:48,625 - deteccion - INFO - logger:info:79 - Pares: AUDUSDT, ETHAUD, ETHUSDT
2025-05-21 20:55:48,625 - deteccion - INFO - logger:info:79 - Precios: 0.7252, 2565.09, 2578.27
2025-05-21 20:55:48,626 - deteccion - INFO - logger:info:79 - Factores: 1.378929950358522, 0.0003898498688155191, 2578.27
2025-05-21 20:55:48,626 - deteccion - INFO - logger:info:79 - Rentabilidad Bruta: 38.601520%
2025-05-21 20:55:48,626 - deteccion - INFO - logger:info:79 - Oportunidad encontrada (A->B->C->A): USDT -> AUD -> BUSD -> USDT
2025-05-21 20:55:48,627 - deteccion - INFO - logger:info:79 - Pares: AUDUSDT, AUDBUSD, BUSDUSDT
2025-05-21 20:55:48,627 - deteccion - INFO - logger:info:79 - Precios: 0.7252, 0.7255, 1.0003
2025-05-21 20:55:48,627 - deteccion - INFO - logger:info:79 - Factores: 1.378929950358522, 0.7255, 1.0003
2025-05-21 20:55:48,627 - deteccion - INFO - logger:info:79 - Rentabilidad Bruta: 0.071380%
2025-05-21 20:55:48,628 - deteccion - INFO - logger:info:79 - Oportunidad encontrada (A->B->C->A): USDT -> AUD -> BTC -> USDT
2025-05-21 20:55:48,628 - deteccion - INFO - logger:info:79 - Pares: AUDUSDT, BTCAUD, BTCUSDT
2025-05-21 20:55:48,628 - deteccion - INFO - logger:info:79 - Precios: 0.7252, 37210.08, 109756.79
2025-05-21 20:55:48,628 - deteccion - INFO - logger:info:79 - Factores: 1.378929950358522, 2.6874438324239024e-05, 109756.79
2025-05-21 20:55:48,629 - deteccion - INFO - logger:info:79 - Rentabilidad Bruta: 306.736360%
2025-05-21 20:55:48,629 - deteccion - INFO - logger:info:79 - Oportunidad encontrada (A->B->C->A): USDT -> AUD -> FTM -> USDT
2025-05-21 20:55:48,629 - deteccion - INFO - logger:info:79 - Pares: AUDUSDT, FTMAUD, FTMUSDT
2025-05-21 20:55:48,630 - deteccion - INFO - logger:info:79 - Precios: 0.7252, 0.42, 0.6994
2025-05-21 20:55:48,630 - deteccion - INFO - logger:info:79 - Factores: 1.378929950358522, 2.380952380952381, 0.6994
2025-05-21 20:55:48,630 - deteccion - INFO - logger:info:79 - Rentabilidad Bruta: 129.624668%
2025-05-21 20:55:48,630 - deteccion - INFO - logger:info:79 - Oportunidad encontrada (A->B->C->A): USDT -> ETH -> BTC -> USDT
2025-05-21 20:55:48,631 - deteccion - INFO - logger:info:79 - Pares: ETHUSDT, ETHBTC, BTCUSDT
2025-05-21 20:55:48,631 - deteccion - INFO - logger:info:79 - Precios: 2578.27, 0.0235, 109756.79
2025-05-21 20:55:48,631 - deteccion - INFO - logger:info:79 - Factores: 0.00038785697386231854, 0.0235, 109756.79
2025-05-21 20:55:48,631 - deteccion - INFO - logger:info:79 - Rentabilidad Bruta: 0.039351%
2025-05-21 20:55:48,631 - deteccion - INFO - logger:info:79 - Oportunidad encontrada (A->B->C->A): USDT -> ETH -> RLC -> USDT
2025-05-21 20:55:48,632 - deteccion - INFO - logger:info:79 - Pares: ETHUSDT, RLCETH, RLCUSDT
2025-05-21 20:55:48,632 - deteccion - INFO - logger:info:79 - Precios: 2578.27, 0.0004748, 1.226
2025-05-21 20:55:48,632 - deteccion - INFO - logger:info:79 - Factores: 0.00038785697386231854, 2106.149957877001, 1.226
2025-05-21 20:55:48,632 - deteccion - INFO - logger:info:79 - Rentabilidad Bruta: 0.150095%
2025-05-21 20:55:48,633 - deteccion - INFO - logger:info:79 - Oportunidad encontrada (A->B->C->A): USDT -> ETH -> FTM -> USDT
2025-05-21 20:55:48,633 - deteccion - INFO - logger:info:79 - Pares: ETHUSDT, FTMETH, FTMUSDT
2025-05-21 20:55:48,633 - deteccion - INFO - logger:info:79 - Precios: 2578.27, 0.0002148, 0.6994
2025-05-21 20:55:48,633 - deteccion - INFO - logger:info:79 - Factores: 0.00038785697386231854, 4655.493482309125, 0.6994
2025-05-21 20:55:48,633 - deteccion - INFO - logger:info:79 - Rentabilidad Bruta: 26.288253%
2025-05-21 20:55:48,634 - deteccion - INFO - logger:info:79 - Oportunidad encontrada (A->B->C->A): USDT -> ETH -> ZIL -> USDT
2025-05-21 20:55:48,634 - deteccion - INFO - logger:info:79 - Pares: ETHUSDT, ZILETH, ZILUSDT
2025-05-21 20:55:48,634 - deteccion - INFO - logger:info:79 - Precios: 2578.27, 5.14e-06, 0.01332
2025-05-21 20:55:48,634 - deteccion - INFO - logger:info:79 - Factores: 0.00038785697386231854, 194552.52918287937, 0.01332
2025-05-21 20:55:48,635 - deteccion - INFO - logger:info:79 - Rentabilidad Bruta: 0.510796%
2025-05-21 20:55:48,635 - deteccion - INFO - logger:info:79 - Oportunidad encontrada (A->B->C->A): USDT -> ETH -> STEEM -> USDT
2025-05-21 20:55:48,635 - deteccion - INFO - logger:info:79 - Pares: ETHUSDT, STEEMETH, STEEMUSDT
2025-05-21 20:55:48,635 - deteccion - INFO - logger:info:79 - Precios: 2578.27, 5.93e-05, 0.1533
2025-05-21 20:55:48,636 - deteccion - INFO - logger:info:79 - Factores: 0.00038785697386231854, 16863.406408094437, 0.1533
2025-05-21 20:55:48,636 - deteccion - INFO - logger:info:79 - Rentabilidad Bruta: 0.267241%
2025-05-21 20:55:48,636 - deteccion - INFO - logger:info:79 - Oportunidad encontrada (A->B->C->A): USDT -> ETH -> BNT -> USDT
2025-05-21 20:55:48,636 - deteccion - INFO - logger:info:79 - Pares: ETHUSDT, BNTETH, BNTUSDT
2025-05-21 20:55:48,636 - deteccion - INFO - logger:info:79 - Precios: 2578.27, 0.0002026, 0.7263
2025-05-21 20:55:48,637 - deteccion - INFO - logger:info:79 - Factores: 0.00038785697386231854, 4935.834155972359, 0.7263
2025-05-21 20:55:48,637 - deteccion - INFO - logger:info:79 - Rentabilidad Bruta: 39.042705%
2025-05-21 20:55:48,637 - deteccion - INFO - logger:info:79 - Oportunidad encontrada (A->B->C->A): USDT -> ETH -> MANA -> USDT
2025-05-21 20:55:48,637 - deteccion - INFO - logger:info:79 - Pares: ETHUSDT, MANAETH, MANAUSDT
2025-05-21 20:55:48,638 - deteccion - INFO - logger:info:79 - Precios: 2578.27, 0.0001265, 0.3268
2025-05-21 20:55:48,638 - deteccion - INFO - logger:info:79 - Factores: 0.00038785697386231854, 7905.138339920948, 0.3268
2025-05-21 20:55:48,638 - deteccion - INFO - logger:info:79 - Rentabilidad Bruta: 0.198940%
2025-05-21 20:55:48,638 - deteccion - INFO - logger:info:79 - Oportunidad encontrada (A->B->C->A): USDT -> ETH -> WAVES -> USDT
2025-05-21 20:55:48,638 - deteccion - INFO - logger:info:79 - Pares: ETHUSDT, WAVESETH, WAVESUSDT
2025-05-21 20:55:48,639 - deteccion - INFO - logger:info:79 - Precios: 2578.27, 0.000298, 1.076
2025-05-21 20:55:48,639 - deteccion - INFO - logger:info:79 - Factores: 0.00038785697386231854, 3355.7046979865772, 1.076
2025-05-21 20:55:48,639 - deteccion - INFO - logger:info:79 - Rentabilidad Bruta: 40.045001%
2025-05-21 20:55:48,639 - deteccion - INFO - logger:info:79 - Oportunidad encontrada (A->B->C->A): USDT -> ETH -> ZRX -> USDT
2025-05-21 20:55:48,639 - deteccion - INFO - logger:info:79 - Pares: ETHUSDT, ZRXETH, ZRXUSDT
2025-05-21 20:55:48,640 - deteccion - INFO - logger:info:79 - Precios: 2578.27, 9.94e-05, 0.2831
2025-05-21 20:55:48,640 - deteccion - INFO - logger:info:79 - Factores: 0.00038785697386231854, 10060.36217303823, 0.2831
2025-05-21 20:55:48,640 - deteccion - INFO - logger:info:79 - Rentabilidad Bruta: 10.465100%
2025-05-21 20:55:48,640 - deteccion - INFO - logger:info:79 - Oportunidad encontrada (A->B->C->A): USDT -> ETH -> HOT -> USDT
2025-05-21 20:55:48,641 - deteccion - INFO - logger:info:79 - Pares: ETHUSDT, HOTETH, HOTUSDT
2025-05-21 20:55:48,641 - deteccion - INFO - logger:info:79 - Precios: 2578.27, 4.5e-07, 0.001186
2025-05-21 20:55:48,641 - deteccion - INFO - logger:info:79 - Factores: 0.00038785697386231854, 2222222.2222222225, 0.001186
2025-05-21 20:55:48,641 - deteccion - INFO - logger:info:79 - Rentabilidad Bruta: 2.221860%
2025-05-21 20:55:48,642 - deteccion - INFO - logger:info:79 - Oportunidad encontrada (A->B->C->A): USDT -> ETH -> ADX -> USDT
2025-05-21 20:55:48,642 - deteccion - INFO - logger:info:79 - Pares: ETHUSDT, ADXETH, ADXUSDT
2025-05-21 20:55:48,642 - deteccion - INFO - logger:info:79 - Precios: 2578.27, 4.233e-05, 0.1093
2025-05-21 20:55:48,643 - deteccion - INFO - logger:info:79 - Factores: 0.00038785697386231854, 23623.90739428301, 0.1093
2025-05-21 20:55:48,643 - deteccion - INFO - logger:info:79 - Rentabilidad Bruta: 0.148281%
2025-05-21 20:55:48,643 - deteccion - INFO - logger:info:79 - Oportunidad encontrada (A->B->C->A): USDT -> ETH -> FUN -> USDT
2025-05-21 20:55:48,644 - deteccion - INFO - logger:info:79 - Pares: ETHUSDT, FUNETH, FUNUSDT
2025-05-21 20:55:48,644 - deteccion - INFO - logger:info:79 - Precios: 2578.27, 1.46e-06, 0.004526
2025-05-21 20:55:48,644 - deteccion - INFO - logger:info:79 - Factores: 0.00038785697386231854, 684931.506849315, 0.004526
2025-05-21 20:55:48,644 - deteccion - INFO - logger:info:79 - Rentabilidad Bruta: 20.235662%
2025-05-21 20:55:48,645 - deteccion - INFO - logger:info:79 - Oportunidad encontrada (A->B->C->A): USDT -> BUSD -> BTC -> USDT
2025-05-21 20:55:48,645 - deteccion - INFO - logger:info:79 - Pares: BUSDUSDT, BTCBUSD, BTCUSDT
2025-05-21 20:55:48,645 - deteccion - INFO - logger:info:79 - Precios: 1.0003, 42769.4, 109756.79
2025-05-21 20:55:48,645 - deteccion - INFO - logger:info:79 - Factores: 0.9997000899730081, 2.338120244847952e-05, 109756.79
2025-05-21 20:55:48,646 - deteccion - INFO - logger:info:79 - Rentabilidad Bruta: 156.547608%
2025-05-21 20:55:48,646 - deteccion - INFO - logger:info:79 - Oportunidad encontrada (A->B->C->A): USDT -> BUSD -> LTC -> USDT
2025-05-21 20:55:48,646 - deteccion - INFO - logger:info:79 - Pares: BUSDUSDT, LTCBUSD, LTCUSDT
2025-05-21 20:55:48,646 - deteccion - INFO - logger:info:79 - Precios: 1.0003, 72.37, 97.78
2025-05-21 20:55:48,647 - deteccion - INFO - logger:info:79 - Factores: 0.9997000899730081, 0.01381788033715628, 97.78
2025-05-21 20:55:48,647 - deteccion - INFO - logger:info:79 - Rentabilidad Bruta: 35.070713%
2025-05-21 20:55:48,647 - deteccion - INFO - logger:info:79 - Oportunidad encontrada (A->B->C->A): USDT -> BUSD -> FTT -> USDT
2025-05-21 20:55:48,647 - deteccion - INFO - logger:info:79 - Pares: BUSDUSDT, FTTBUSD, FTTUSDT
2025-05-21 20:55:48,647 - deteccion - INFO - logger:info:79 - Precios: 1.0003, 1.13, 1.224
2025-05-21 20:55:48,648 - deteccion - INFO - logger:info:79 - Factores: 0.9997000899730081, 0.8849557522123894, 1.224
2025-05-21 20:55:48,648 - deteccion - INFO - logger:info:79 - Rentabilidad Bruta: 8.286098%
2025-05-21 20:55:48,648 - deteccion - INFO - logger:info:79 - Oportunidad encontrada (A->B->C->A): USDT -> BUSD -> AVA -> USDT
2025-05-21 20:55:48,648 - deteccion - INFO - logger:info:79 - Pares: BUSDUSDT, AVABUSD, AVAUSDT
2025-05-21 20:55:48,649 - deteccion - INFO - logger:info:79 - Precios: 1.0003, 0.47, 0.6384
2025-05-21 20:55:48,649 - deteccion - INFO - logger:info:79 - Factores: 0.9997000899730081, 2.127659574468085, 0.6384
2025-05-21 20:55:48,649 - deteccion - INFO - logger:info:79 - Rentabilidad Bruta: 35.789051%
2025-05-21 20:55:48,649 - deteccion - INFO - logger:info:79 - Oportunidad encontrada (A->B->C->A): USDT -> BUSD -> FTM -> USDT
2025-05-21 20:55:48,649 - deteccion - INFO - logger:info:79 - Pares: BUSDUSDT, FTMBUSD, FTMUSDT
2025-05-21 20:55:48,650 - deteccion - INFO - logger:info:79 - Precios: 1.0003, 0.4218, 0.6994
2025-05-21 20:55:48,650 - deteccion - INFO - logger:info:79 - Factores: 0.9997000899730081, 2.370791844476055, 0.6994
2025-05-21 20:55:48,650 - deteccion - INFO - logger:info:79 - Rentabilidad Bruta: 65.763453%
2025-05-21 20:55:48,650 - deteccion - INFO - logger:info:79 - Oportunidad encontrada (A->B->C->A): USDT -> BUSD -> SRM -> USDT
2025-05-21 20:55:48,651 - deteccion - INFO - logger:info:79 - Pares: BUSDUSDT, SRMBUSD, SRMUSDT
2025-05-21 20:55:48,651 - deteccion - INFO - logger:info:79 - Precios: 1.0003, 0.0353, 0.24442
2025-05-21 20:55:48,651 - deteccion - INFO - logger:info:79 - Factores: 0.9997000899730081, 28.328611898016998, 0.24442
2025-05-21 20:55:48,651 - deteccion - INFO - logger:info:79 - Rentabilidad Bruta: 592.200272%
2025-05-21 20:55:48,652 - deteccion - INFO - logger:info:79 - Oportunidad encontrada (A->B->C->A): USDT -> BUSD -> LOOM -> USDT
2025-05-21 20:55:48,652 - deteccion - INFO - logger:info:79 - Pares: BUSDUSDT, LOOMBUSD, LOOMUSDT
2025-05-21 20:55:48,652 - deteccion - INFO - logger:info:79 - Precios: 1.0003, 0.04003, 0.04831
2025-05-21 20:55:48,652 - deteccion - INFO - logger:info:79 - Factores: 0.9997000899730081, 24.981264051961027, 0.04831
2025-05-21 20:55:48,652 - deteccion - INFO - logger:info:79 - Rentabilidad Bruta: 20.648292%
2025-05-21 20:55:48,653 - deteccion - INFO - logger:info:79 - Oportunidad encontrada (A->B->C->A): USDT -> BUSD -> HBAR -> USDT
2025-05-21 20:55:48,653 - deteccion - INFO - logger:info:79 - Pares: BUSDUSDT, HBARBUSD, HBARUSDT
2025-05-21 20:55:48,653 - deteccion - INFO - logger:info:79 - Precios: 1.0003, 0.0602, 0.1988
2025-05-21 20:55:48,653 - deteccion - INFO - logger:info:79 - Factores: 0.9997000899730081, 16.611295681063122, 0.1988
2025-05-21 20:55:48,653 - deteccion - INFO - logger:info:79 - Rentabilidad Bruta: 230.133518%
2025-05-21 20:55:48,653 - deteccion - INFO - logger:info:79 - Oportunidad encontrada (A->B->C->A): USDT -> BUSD -> ZEN -> USDT
2025-05-21 20:55:48,654 - deteccion - INFO - logger:info:79 - Pares: BUSDUSDT, ZENBUSD, ZENUSDT
2025-05-21 20:55:48,654 - deteccion - INFO - logger:info:79 - Precios: 1.0003, 7.19, 9.99
2025-05-21 20:55:48,654 - deteccion - INFO - logger:info:79 - Factores: 0.9997000899730081, 0.13908205841446453, 9.99
2025-05-21 20:55:48,654 - deteccion - INFO - logger:info:79 - Rentabilidad Bruta: 38.901306%
2025-05-21 20:55:48,654 - deteccion - INFO - logger:info:79 - Oportunidad encontrada (A->B->C->A): USDT -> BUSD -> BLZ -> USDT
2025-05-21 20:55:48,655 - deteccion - INFO - logger:info:79 - Pares: BUSDUSDT, BLZBUSD, BLZUSDT
2025-05-21 20:55:48,655 - deteccion - INFO - logger:info:79 - Precios: 1.0003, 0.0553, 0.0582
2025-05-21 20:55:48,655 - deteccion - INFO - logger:info:79 - Factores: 0.9997000899730081, 18.083182640144663, 0.0582
2025-05-21 20:55:48,655 - deteccion - INFO - logger:info:79 - Rentabilidad Bruta: 5.212559%
2025-05-21 20:55:48,655 - deteccion - INFO - logger:info:79 - Oportunidad encontrada (A->B->C->A): USDT -> BUSD -> COTI -> USDT
2025-05-21 20:55:48,656 - deteccion - INFO - logger:info:79 - Pares: BUSDUSDT, COTIBUSD, COTIUSDT
2025-05-21 20:55:48,656 - deteccion - INFO - logger:info:79 - Precios: 1.0003, 0.03732, 0.073
2025-05-21 20:55:48,656 - deteccion - INFO - logger:info:79 - Factores: 0.9997000899730081, 26.79528403001072, 0.073
2025-05-21 20:55:48,656 - deteccion - INFO - logger:info:79 - Rentabilidad Bruta: 95.546909%
2025-05-21 20:55:48,656 - deteccion - INFO - logger:info:79 - Oportunidad encontrada (A->B->C->A): USDT -> BUSD -> BNT -> USDT
2025-05-21 20:55:48,656 - deteccion - INFO - logger:info:79 - Pares: BUSDUSDT, BNTBUSD, BNTUSDT
2025-05-21 20:55:48,657 - deteccion - INFO - logger:info:79 - Precios: 1.0003, 0.3599, 0.7263
2025-05-21 20:55:48,657 - deteccion - INFO - logger:info:79 - Factores: 0.9997000899730081, 2.7785495971103082, 0.7263
2025-05-21 20:55:48,657 - deteccion - INFO - logger:info:79 - Rentabilidad Bruta: 101.745534%
2025-05-21 20:55:48,657 - deteccion - INFO - logger:info:79 - Oportunidad encontrada (A->B->C->A): USDT -> BUSD -> NEO -> USDT
2025-05-21 20:55:48,658 - deteccion - INFO - logger:info:79 - Pares: BUSDUSDT, NEOBUSD, NEOUSDT
2025-05-21 20:55:48,658 - deteccion - INFO - logger:info:79 - Precios: 1.0003, 6.73, 6.75
2025-05-21 20:55:48,658 - deteccion - INFO - logger:info:79 - Factores: 0.9997000899730081, 0.1485884101040119, 6.75
2025-05-21 20:55:48,658 - deteccion - INFO - logger:info:79 - Rentabilidad Bruta: 0.267097%
2025-05-21 20:55:48,658 - deteccion - INFO - logger:info:79 - Oportunidad encontrada (A->B->C->A): USDT -> BUSD -> MKR -> USDT
2025-05-21 20:55:48,659 - deteccion - INFO - logger:info:79 - Pares: BUSDUSDT, MKRBUSD, MKRUSDT
2025-05-21 20:55:48,659 - deteccion - INFO - logger:info:79 - Precios: 1.0003, 1293.0, 1756.0
2025-05-21 20:55:48,659 - deteccion - INFO - logger:info:79 - Factores: 0.9997000899730081, 0.0007733952049497294, 1756.0
2025-05-21 20:55:48,659 - deteccion - INFO - logger:info:79 - Rentabilidad Bruta: 35.767468%
2025-05-21 20:55:48,660 - deteccion - INFO - logger:info:79 - Oportunidad encontrada (A->B->C->A): USDT -> BUSD -> REQ -> USDT
2025-05-21 20:55:48,660 - deteccion - INFO - logger:info:79 - Pares: BUSDUSDT, REQBUSD, REQUSDT
2025-05-21 20:55:48,661 - deteccion - INFO - logger:info:79 - Precios: 1.0003, 0.0633, 0.1583
2025-05-21 20:55:48,661 - deteccion - INFO - logger:info:79 - Factores: 0.9997000899730081, 15.797788309636653, 0.1583
2025-05-21 20:55:48,661 - deteccion - INFO - logger:info:79 - Rentabilidad Bruta: 150.003988%
2025-05-21 20:55:48,662 - deteccion - INFO - logger:info:79 - Oportunidad encontrada (A->B->C->A): USDT -> BUSD -> NEBL -> USDT
2025-05-21 20:55:48,662 - deteccion - INFO - logger:info:79 - Pares: BUSDUSDT, NEBLBUSD, NEBLUSDT
2025-05-21 20:55:48,662 - deteccion - INFO - logger:info:79 - Precios: 1.0003, 0.354, 0.355
2025-05-21 20:55:48,663 - deteccion - INFO - logger:info:79 - Factores: 0.9997000899730081, 2.824858757062147, 0.355
2025-05-21 20:55:48,663 - deteccion - INFO - logger:info:79 - Rentabilidad Bruta: 0.252410%
2025-05-21 20:55:48,663 - deteccion - INFO - logger:info:79 - Oportunidad encontrada (A->B->C->A): USDT -> BUSD -> XLM -> USDT
2025-05-21 20:55:48,663 - deteccion - INFO - logger:info:79 - Pares: BUSDUSDT, XLMBUSD, XLMUSDT
2025-05-21 20:55:48,664 - deteccion - INFO - logger:info:79 - Precios: 1.0003, 0.1197, 0.2951
2025-05-21 20:55:48,664 - deteccion - INFO - logger:info:79 - Factores: 0.9997000899730081, 8.35421888053467, 0.2951
2025-05-21 20:55:48,664 - deteccion - INFO - logger:info:79 - Rentabilidad Bruta: 146.459061%
2025-05-21 20:55:48,664 - deteccion - INFO - logger:info:79 - Oportunidad encontrada (A->B->C->A): USDT -> BUSD -> STORJ -> USDT
2025-05-21 20:55:48,665 - deteccion - INFO - logger:info:79 - Pares: BUSDUSDT, STORJBUSD, STORJUSDT
2025-05-21 20:55:48,665 - deteccion - INFO - logger:info:79 - Precios: 1.0003, 0.2371, 0.3063
2025-05-21 20:55:48,665 - deteccion - INFO - logger:info:79 - Factores: 0.9997000899730081, 4.217629692113032, 0.3063
2025-05-21 20:55:48,665 - deteccion - INFO - logger:info:79 - Rentabilidad Bruta: 29.147253%
2025-05-21 20:55:48,666 - deteccion - INFO - logger:info:79 - Oportunidad encontrada (A->B->C->A): USDT -> BUSD -> ZRX -> USDT
2025-05-21 20:55:48,666 - deteccion - INFO - logger:info:79 - Pares: BUSDUSDT, ZRXBUSD, ZRXUSDT
2025-05-21 20:55:48,666 - deteccion - INFO - logger:info:79 - Precios: 1.0003, 0.1689, 0.2831
2025-05-21 20:55:48,666 - deteccion - INFO - logger:info:79 - Factores: 0.9997000899730081, 5.920663114268798, 0.2831
2025-05-21 20:55:48,666 - deteccion - INFO - logger:info:79 - Rentabilidad Bruta: 67.563704%
2025-05-21 20:55:48,667 - deteccion - INFO - logger:info:79 - Oportunidad encontrada (A->B->C->A): USDT -> BUSD -> DGB -> USDT
2025-05-21 20:55:48,667 - deteccion - INFO - logger:info:79 - Pares: BUSDUSDT, DGBBUSD, DGBUSDT
2025-05-21 20:55:48,667 - deteccion - INFO - logger:info:79 - Precios: 1.0003, 0.00632, 0.01037
2025-05-21 20:55:48,667 - deteccion - INFO - logger:info:79 - Factores: 0.9997000899730081, 158.2278481012658, 0.01037
2025-05-21 20:55:48,668 - deteccion - INFO - logger:info:79 - Rentabilidad Bruta: 64.033069%
2025-05-21 20:55:48,668 - deteccion - INFO - logger:info:79 - Oportunidad encontrada (A->B->C->A): USDT -> BUSD -> HOT -> USDT
2025-05-21 20:55:48,668 - deteccion - INFO - logger:info:79 - Pares: BUSDUSDT, HOTBUSD, HOTUSDT
2025-05-21 20:55:48,668 - deteccion - INFO - logger:info:79 - Precios: 1.0003, 0.001058, 0.001186
2025-05-21 20:55:48,668 - deteccion - INFO - logger:info:79 - Factores: 0.9997000899730081, 945.179584120983, 0.001186
2025-05-21 20:55:48,669 - deteccion - INFO - logger:info:79 - Rentabilidad Bruta: 12.064679%
2025-05-21 20:55:48,669 - deteccion - INFO - logger:info:79 - Oportunidad encontrada (A->B->C->A): USDT -> BUSD -> BTG -> USDT
2025-05-21 20:55:48,669 - deteccion - INFO - logger:info:79 - Pares: BUSDUSDT, BTGBUSD, BTGUSDT
2025-05-21 20:55:48,670 - deteccion - INFO - logger:info:79 - Precios: 1.0003, 17.62, 17.65
2025-05-21 20:55:48,670 - deteccion - INFO - logger:info:79 - Factores: 0.9997000899730081, 0.056753688989784334, 17.65
2025-05-21 20:55:48,670 - deteccion - INFO - logger:info:79 - Rentabilidad Bruta: 0.140219%
2025-05-21 20:55:48,670 - deteccion - INFO - logger:info:79 - Oportunidad encontrada (A->B->C->A): USDT -> BUSD -> IOTA -> USDT
2025-05-21 20:55:48,671 - deteccion - INFO - logger:info:79 - Pares: BUSDUSDT, IOTABUSD, IOTAUSDT
2025-05-21 20:55:48,671 - deteccion - INFO - logger:info:79 - Precios: 1.0003, 0.1431, 0.2301
2025-05-21 20:55:48,671 - deteccion - INFO - logger:info:79 - Factores: 0.9997000899730081, 6.988120195667365, 0.2301
2025-05-21 20:55:48,671 - deteccion - INFO - logger:info:79 - Rentabilidad Bruta: 60.748421%
2025-05-21 20:55:48,671 - deteccion - INFO - logger:info:79 - Oportunidad encontrada (A->B->C->A): USDT -> BUSD -> THETA -> USDT
2025-05-21 20:55:48,672 - deteccion - INFO - logger:info:79 - Pares: BUSDUSDT, THETABUSD, THETAUSDT
2025-05-21 20:55:48,672 - deteccion - INFO - logger:info:79 - Precios: 1.0003, 0.616, 0.923
2025-05-21 20:55:48,672 - deteccion - INFO - logger:info:79 - Factores: 0.9997000899730081, 1.6233766233766234, 0.923
2025-05-21 20:55:48,672 - deteccion - INFO - logger:info:79 - Rentabilidad Bruta: 49.792725%
2025-05-21 20:55:48,672 - deteccion - INFO - logger:info:79 - Oportunidad encontrada (A->B->C->A): USDT -> BUSD -> DENT -> USDT
2025-05-21 20:55:48,673 - deteccion - INFO - logger:info:79 - Pares: BUSDUSDT, DENTBUSD, DENTUSDT
2025-05-21 20:55:48,673 - deteccion - INFO - logger:info:79 - Precios: 1.0003, 0.000707, 0.000864
2025-05-21 20:55:48,673 - deteccion - INFO - logger:info:79 - Factores: 0.9997000899730081, 1414.4271570014146, 0.000864
2025-05-21 20:55:48,673 - deteccion - INFO - logger:info:79 - Rentabilidad Bruta: 22.169855%
2025-05-21 20:55:48,673 - deteccion - INFO - logger:info:79 - Oportunidad encontrada (A->B->C->A): USDT -> BUSD -> SNT -> USDT
2025-05-21 20:55:48,674 - deteccion - INFO - logger:info:79 - Pares: BUSDUSDT, SNTBUSD, SNTUSDT
2025-05-21 20:55:48,674 - deteccion - INFO - logger:info:79 - Precios: 1.0003, 0.02283, 0.0272
2025-05-21 20:55:48,674 - deteccion - INFO - logger:info:79 - Factores: 0.9997000899730081, 43.802014892685065, 0.0272
2025-05-21 20:55:48,674 - deteccion - INFO - logger:info:79 - Rentabilidad Bruta: 19.105749%
2025-05-21 20:55:48,674 - deteccion - INFO - logger:info:79 - Oportunidad encontrada (A->B->C->A): USDT -> BUSD -> FET -> USDT
2025-05-21 20:55:48,675 - deteccion - INFO - logger:info:79 - Pares: BUSDUSDT, FETBUSD, FETUSDT
2025-05-21 20:55:48,675 - deteccion - INFO - logger:info:79 - Precios: 1.0003, 0.4915, 0.821
2025-05-21 20:55:48,675 - deteccion - INFO - logger:info:79 - Factores: 0.9997000899730081, 2.034587995930824, 0.821
2025-05-21 20:55:48,675 - deteccion - INFO - logger:info:79 - Rentabilidad Bruta: 66.989578%
2025-05-21 20:55:48,676 - deteccion - INFO - logger:info:79 - Oportunidad encontrada (A->B->C->A): USDT -> BTC -> RLC -> USDT
2025-05-21 20:55:48,676 - deteccion - INFO - logger:info:79 - Pares: BTCUSDT, RLCBTC, RLCUSDT
2025-05-21 20:55:48,676 - deteccion - INFO - logger:info:79 - Precios: 109756.79, 1.112e-05, 1.226
2025-05-21 20:55:48,677 - deteccion - INFO - logger:info:79 - Factores: 9.111053630486096e-06, 89928.05755395684, 1.226
2025-05-21 20:55:48,677 - deteccion - INFO - logger:info:79 - Rentabilidad Bruta: 0.451005%
2025-05-21 20:55:48,678 - deteccion - INFO - logger:info:79 - Oportunidad encontrada (A->B->C->A): USDT -> BTC -> AVA -> USDT
2025-05-21 20:55:48,678 - deteccion - INFO - logger:info:79 - Pares: BTCUSDT, AVABTC, AVAUSDT
2025-05-21 20:55:48,678 - deteccion - INFO - logger:info:79 - Precios: 109756.79, 5.78e-06, 0.6384
2025-05-21 20:55:48,679 - deteccion - INFO - logger:info:79 - Factores: 9.111053630486096e-06, 173010.38062283737, 0.6384
2025-05-21 20:55:48,679 - deteccion - INFO - logger:info:79 - Rentabilidad Bruta: 0.631430%
2025-05-21 20:55:48,679 - deteccion - INFO - logger:info:79 - Oportunidad encontrada (A->B->C->A): USDT -> BTC -> STEEM -> USDT
2025-05-21 20:55:48,679 - deteccion - INFO - logger:info:79 - Pares: BTCUSDT, STEEMBTC, STEEMUSDT
2025-05-21 20:55:48,680 - deteccion - INFO - logger:info:79 - Precios: 109756.79, 1.39e-06, 0.1533
2025-05-21 20:55:48,680 - deteccion - INFO - logger:info:79 - Factores: 9.111053630486096e-06, 719424.4604316547, 0.1533
2025-05-21 20:55:48,680 - deteccion - INFO - logger:info:79 - Rentabilidad Bruta: 0.483779%
2025-05-21 20:55:48,681 - deteccion - INFO - logger:info:79 - Oportunidad encontrada (A->B->C->A): USDT -> BTC -> HBAR -> USDT
2025-05-21 20:55:48,681 - deteccion - INFO - logger:info:79 - Pares: BTCUSDT, HBARBTC, HBARUSDT
2025-05-21 20:55:48,681 - deteccion - INFO - logger:info:79 - Precios: 109756.79, 1.81e-06, 0.1988
2025-05-21 20:55:48,681 - deteccion - INFO - logger:info:79 - Factores: 9.111053630486096e-06, 552486.1878453039, 0.1988
2025-05-21 20:55:48,682 - deteccion - INFO - logger:info:79 - Rentabilidad Bruta: 0.070578%
2025-05-21 20:55:48,682 - deteccion - INFO - logger:info:79 - Oportunidad encontrada (A->B->C->A): USDT -> BTC -> BAT -> USDT
2025-05-21 20:55:48,682 - deteccion - INFO - logger:info:79 - Pares: BTCUSDT, BATBTC, BATUSDT
2025-05-21 20:55:48,682 - deteccion - INFO - logger:info:79 - Precios: 109756.79, 1.37e-06, 0.1514
2025-05-21 20:55:48,683 - deteccion - INFO - logger:info:79 - Factores: 9.111053630486096e-06, 729927.00729927, 0.1514
2025-05-21 20:55:48,683 - deteccion - INFO - logger:info:79 - Rentabilidad Bruta: 0.687118%
2025-05-21 20:55:48,683 - deteccion - INFO - logger:info:79 - Oportunidad encontrada (A->B->C->A): USDT -> BTC -> ZEN -> USDT
2025-05-21 20:55:48,683 - deteccion - INFO - logger:info:79 - Pares: BTCUSDT, ZENBTC, ZENUSDT
2025-05-21 20:55:48,683 - deteccion - INFO - logger:info:79 - Precios: 109756.79, 9.05e-05, 9.99
2025-05-21 20:55:48,684 - deteccion - INFO - logger:info:79 - Factores: 9.111053630486096e-06, 11049.723756906076, 9.99
2025-05-21 20:55:48,684 - deteccion - INFO - logger:info:79 - Rentabilidad Bruta: 0.573951%
2025-05-21 20:55:48,684 - deteccion - INFO - logger:info:79 - Oportunidad encontrada (A->B->C->A): USDT -> BTC -> ONT -> USDT
2025-05-21 20:55:48,684 - deteccion - INFO - logger:info:79 - Pares: BTCUSDT, ONTBTC, ONTUSDT
2025-05-21 20:55:48,684 - deteccion - INFO - logger:info:79 - Precios: 109756.79, 1.4e-06, 0.1546
2025-05-21 20:55:48,685 - deteccion - INFO - logger:info:79 - Factores: 9.111053630486096e-06, 714285.7142857143, 0.1546
2025-05-21 20:55:48,685 - deteccion - INFO - logger:info:79 - Rentabilidad Bruta: 0.612064%
2025-05-21 20:55:48,685 - deteccion - INFO - logger:info:79 - Oportunidad encontrada (A->B->C->A): USDT -> BTC -> RVN -> USDT
2025-05-21 20:55:48,686 - deteccion - INFO - logger:info:79 - Pares: BTCUSDT, RVNBTC, RVNUSDT
2025-05-21 20:55:48,686 - deteccion - INFO - logger:info:79 - Precios: 109756.79, 1.1e-07, 0.01294
2025-05-21 20:55:48,686 - deteccion - INFO - logger:info:79 - Factores: 9.111053630486096e-06, 9090909.09090909, 0.01294
2025-05-21 20:55:48,686 - deteccion - INFO - logger:info:79 - Rentabilidad Bruta: 7.179122%
2025-05-21 20:55:48,686 - deteccion - INFO - logger:info:79 - Oportunidad encontrada (A->B->C->A): USDT -> BTC -> ANKR -> USDT
2025-05-21 20:55:48,687 - deteccion - INFO - logger:info:79 - Pares: BTCUSDT, ANKRBTC, ANKRUSDT
2025-05-21 20:55:48,687 - deteccion - INFO - logger:info:79 - Precios: 109756.79, 1.7e-07, 0.01893
2025-05-21 20:55:48,687 - deteccion - INFO - logger:info:79 - Factores: 9.111053630486096e-06, 5882352.941176471, 0.01893
2025-05-21 20:55:48,687 - deteccion - INFO - logger:info:79 - Rentabilidad Bruta: 1.454262%
2025-05-21 20:55:48,687 - deteccion - INFO - logger:info:79 - Oportunidad encontrada (A->B->C->A): USDT -> BTC -> COTI -> USDT
2025-05-21 20:55:48,687 - deteccion - INFO - logger:info:79 - Pares: BTCUSDT, COTIBTC, COTIUSDT
2025-05-21 20:55:48,687 - deteccion - INFO - logger:info:79 - Precios: 109756.79, 6.6e-07, 0.073
2025-05-21 20:55:48,688 - deteccion - INFO - logger:info:79 - Factores: 9.111053630486096e-06, 1515151.5151515151, 0.073
2025-05-21 20:55:48,688 - deteccion - INFO - logger:info:79 - Rentabilidad Bruta: 0.773775%
2025-05-21 20:55:48,688 - deteccion - INFO - logger:info:79 - Oportunidad encontrada (A->B->C->A): USDT -> BTC -> CELR -> USDT
2025-05-21 20:55:48,688 - deteccion - INFO - logger:info:79 - Pares: BTCUSDT, CELRBTC, CELRUSDT
2025-05-21 20:55:48,688 - deteccion - INFO - logger:info:79 - Precios: 109756.79, 9e-08, 0.01048
2025-05-21 20:55:48,688 - deteccion - INFO - logger:info:79 - Factores: 9.111053630486096e-06, 11111111.111111112, 0.01048
2025-05-21 20:55:48,688 - deteccion - INFO - logger:info:79 - Rentabilidad Bruta: 6.093158%
2025-05-21 20:55:48,689 - deteccion - INFO - logger:info:79 - Oportunidad encontrada (A->B->C->A): USDT -> BTC -> HIVE -> USDT
2025-05-21 20:55:48,689 - deteccion - INFO - logger:info:79 - Pares: BTCUSDT, HIVEBTC, HIVEUSDT
2025-05-21 20:55:48,689 - deteccion - INFO - logger:info:79 - Precios: 109756.79, 2.4e-06, 0.2643
2025-05-21 20:55:48,689 - deteccion - INFO - logger:info:79 - Factores: 9.111053630486096e-06, 416666.6666666667, 0.2643
2025-05-21 20:55:48,689 - deteccion - INFO - logger:info:79 - Rentabilidad Bruta: 0.335478%
2025-05-21 20:55:48,689 - deteccion - INFO - logger:info:79 - Oportunidad encontrada (A->B->C->A): USDT -> BTC -> NEO -> USDT
2025-05-21 20:55:48,689 - deteccion - INFO - logger:info:79 - Pares: BTCUSDT, NEOBTC, NEOUSDT
2025-05-21 20:55:48,690 - deteccion - INFO - logger:info:79 - Precios: 109756.79, 6.14e-05, 6.75
2025-05-21 20:55:48,690 - deteccion - INFO - logger:info:79 - Factores: 9.111053630486096e-06, 16286.644951140064, 6.75
2025-05-21 20:55:48,690 - deteccion - INFO - logger:info:79 - Rentabilidad Bruta: 0.162235%
2025-05-21 20:55:48,690 - deteccion - INFO - logger:info:79 - Oportunidad encontrada (A->B->C->A): USDT -> BTC -> ARDR -> USDT
2025-05-21 20:55:48,691 - deteccion - INFO - logger:info:79 - Pares: BTCUSDT, ARDRBTC, ARDRUSDT
2025-05-21 20:55:48,691 - deteccion - INFO - logger:info:79 - Precios: 109756.79, 8.8e-07, 0.09672
2025-05-21 20:55:48,691 - deteccion - INFO - logger:info:79 - Factores: 9.111053630486096e-06, 1136363.6363636362, 0.09672
2025-05-21 20:55:48,691 - deteccion - INFO - logger:info:79 - Rentabilidad Bruta: 0.138762%
2025-05-21 20:55:48,692 - deteccion - INFO - logger:info:79 - Oportunidad encontrada (A->B->C->A): USDT -> BTC -> REQ -> USDT
2025-05-21 20:55:48,692 - deteccion - INFO - logger:info:79 - Pares: BTCUSDT, REQBTC, REQUSDT
2025-05-21 20:55:48,692 - deteccion - INFO - logger:info:79 - Precios: 109756.79, 1.44e-06, 0.1583
2025-05-21 20:55:48,692 - deteccion - INFO - logger:info:79 - Factores: 9.111053630486096e-06, 694444.4444444445, 0.1583
2025-05-21 20:55:48,693 - deteccion - INFO - logger:info:79 - Rentabilidad Bruta: 0.158319%
2025-05-21 20:55:48,693 - deteccion - INFO - logger:info:79 - Oportunidad encontrada (A->B->C->A): USDT -> BTC -> FIO -> USDT
2025-05-21 20:55:48,694 - deteccion - INFO - logger:info:79 - Pares: BTCUSDT, FIOBTC, FIOUSDT
2025-05-21 20:55:48,694 - deteccion - INFO - logger:info:79 - Precios: 109756.79, 1.6e-07, 0.01885
2025-05-21 20:55:48,694 - deteccion - INFO - logger:info:79 - Factores: 9.111053630486096e-06, 6250000.0, 0.01885
2025-05-21 20:55:48,694 - deteccion - INFO - logger:info:79 - Rentabilidad Bruta: 7.339601%
2025-05-21 20:55:48,695 - deteccion - INFO - logger:info:79 - Oportunidad encontrada (A->B->C->A): USDT -> BTC -> ONG -> USDT
2025-05-21 20:55:48,695 - deteccion - INFO - logger:info:79 - Pares: BTCUSDT, ONGBTC, ONGUSDT
2025-05-21 20:55:48,695 - deteccion - INFO - logger:info:79 - Precios: 109756.79, 1.93e-06, 0.2127
2025-05-21 20:55:48,696 - deteccion - INFO - logger:info:79 - Factores: 9.111053630486096e-06, 518134.7150259067, 0.2127
2025-05-21 20:55:48,696 - deteccion - INFO - logger:info:79 - Rentabilidad Bruta: 0.410420%
2025-05-21 20:55:48,696 - deteccion - INFO - logger:info:79 - Oportunidad encontrada (A->B->C->A): USDT -> BTC -> WAN -> USDT
2025-05-21 20:55:48,696 - deteccion - INFO - logger:info:79 - Pares: BTCUSDT, WANBTC, WANUSDT
2025-05-21 20:55:48,697 - deteccion - INFO - logger:info:79 - Precios: 109756.79, 1.16e-06, 0.128
2025-05-21 20:55:48,697 - deteccion - INFO - logger:info:79 - Factores: 9.111053630486096e-06, 862068.9655172415, 0.128
2025-05-21 20:55:48,697 - deteccion - INFO - logger:info:79 - Rentabilidad Bruta: 0.535764%
2025-05-21 20:55:48,697 - deteccion - INFO - logger:info:79 - Oportunidad encontrada (A->B->C->A): USDT -> BTC -> NKN -> USDT
2025-05-21 20:55:48,697 - deteccion - INFO - logger:info:79 - Pares: BTCUSDT, NKNBTC, NKNUSDT
2025-05-21 20:55:48,698 - deteccion - INFO - logger:info:79 - Precios: 109756.79, 3.4e-07, 0.0376
2025-05-21 20:55:48,698 - deteccion - INFO - logger:info:79 - Factores: 9.111053630486096e-06, 2941176.4705882357, 0.0376
2025-05-21 20:55:48,698 - deteccion - INFO - logger:info:79 - Rentabilidad Bruta: 0.757534%
2025-05-21 20:55:48,698 - deteccion - INFO - logger:info:79 - Oportunidad encontrada (A->B->C->A): USDT -> BTC -> MANA -> USDT
2025-05-21 20:55:48,698 - deteccion - INFO - logger:info:79 - Pares: BTCUSDT, MANABTC, MANAUSDT
2025-05-21 20:55:48,699 - deteccion - INFO - logger:info:79 - Precios: 109756.79, 2.97e-06, 0.3268
2025-05-21 20:55:48,699 - deteccion - INFO - logger:info:79 - Factores: 9.111053630486096e-06, 336700.3367003367, 0.3268
2025-05-21 20:55:48,699 - deteccion - INFO - logger:info:79 - Rentabilidad Bruta: 0.252267%
2025-05-21 20:55:48,699 - deteccion - INFO - logger:info:79 - Oportunidad encontrada (A->B->C->A): USDT -> BTC -> STORJ -> USDT
2025-05-21 20:55:48,700 - deteccion - INFO - logger:info:79 - Pares: BTCUSDT, STORJBTC, STORJUSDT
2025-05-21 20:55:48,700 - deteccion - INFO - logger:info:79 - Precios: 109756.79, 2.79e-06, 0.3063
2025-05-21 20:55:48,700 - deteccion - INFO - logger:info:79 - Factores: 9.111053630486096e-06, 358422.93906810036, 0.3063
2025-05-21 20:55:48,700 - deteccion - INFO - logger:info:79 - Rentabilidad Bruta: 0.025653%
2025-05-21 20:55:48,701 - deteccion - INFO - logger:info:79 - Oportunidad encontrada (A->B->C->A): USDT -> BTC -> ZRX -> USDT
2025-05-21 20:55:48,701 - deteccion - INFO - logger:info:79 - Pares: BTCUSDT, ZRXBTC, ZRXUSDT
2025-05-21 20:55:48,701 - deteccion - INFO - logger:info:79 - Precios: 109756.79, 2.57e-06, 0.2831
2025-05-21 20:55:48,701 - deteccion - INFO - logger:info:79 - Factores: 9.111053630486096e-06, 389105.05836575874, 0.2831
2025-05-21 20:55:48,701 - deteccion - INFO - logger:info:79 - Rentabilidad Bruta: 0.363396%
2025-05-21 20:55:48,702 - deteccion - INFO - logger:info:79 - Oportunidad encontrada (A->B->C->A): USDT -> BTC -> DGB -> USDT
2025-05-21 20:55:48,702 - deteccion - INFO - logger:info:79 - Pares: BTCUSDT, DGBBTC, DGBUSDT
2025-05-21 20:55:48,702 - deteccion - INFO - logger:info:79 - Precios: 109756.79, 9e-08, 0.01037
2025-05-21 20:55:48,702 - deteccion - INFO - logger:info:79 - Factores: 9.111053630486096e-06, 11111111.111111112, 0.01037
2025-05-21 20:55:48,702 - deteccion - INFO - logger:info:79 - Rentabilidad Bruta: 4.979585%
2025-05-21 20:55:48,703 - deteccion - INFO - logger:info:79 - Oportunidad encontrada (A->B->C->A): USDT -> BTC -> SNX -> USDT
2025-05-21 20:55:48,703 - deteccion - INFO - logger:info:79 - Pares: BTCUSDT, SNXBTC, SNXUSDT
2025-05-21 20:55:48,703 - deteccion - INFO - logger:info:79 - Precios: 109756.79, 7.52e-06, 0.827
2025-05-21 20:55:48,703 - deteccion - INFO - logger:info:79 - Factores: 9.111053630486096e-06, 132978.72340425532, 0.827
2025-05-21 20:55:48,703 - deteccion - INFO - logger:info:79 - Rentabilidad Bruta: 0.197358%
2025-05-21 20:55:48,704 - deteccion - INFO - logger:info:79 - Oportunidad encontrada (A->B->C->A): USDT -> BTC -> GAS -> USDT
2025-05-21 20:55:48,704 - deteccion - INFO - logger:info:79 - Pares: BTCUSDT, GASBTC, GASUSDT
2025-05-21 20:55:48,704 - deteccion - INFO - logger:info:79 - Precios: 109756.79, 3.11e-05, 3.431
2025-05-21 20:55:48,704 - deteccion - INFO - logger:info:79 - Factores: 9.111053630486096e-06, 32154.340836012863, 3.431
2025-05-21 20:55:48,704 - deteccion - INFO - logger:info:79 - Rentabilidad Bruta: 0.514550%
2025-05-21 20:55:48,705 - deteccion - INFO - logger:info:79 - Oportunidad encontrada (A->B->C->A): USDT -> BTC -> IOTA -> USDT
2025-05-21 20:55:48,705 - deteccion - INFO - logger:info:79 - Pares: BTCUSDT, IOTABTC, IOTAUSDT
2025-05-21 20:55:48,705 - deteccion - INFO - logger:info:79 - Precios: 109756.79, 2.09e-06, 0.2301
2025-05-21 20:55:48,705 - deteccion - INFO - logger:info:79 - Factores: 9.111053630486096e-06, 478468.89952153113, 0.2301
2025-05-21 20:55:48,706 - deteccion - INFO - logger:info:79 - Rentabilidad Bruta: 0.308777%
2025-05-21 20:55:48,706 - deteccion - INFO - logger:info:79 - Oportunidad encontrada (A->B->C->A): USDT -> BTC -> SYS -> USDT
2025-05-21 20:55:48,706 - deteccion - INFO - logger:info:79 - Pares: BTCUSDT, SYSBTC, SYSUSDT
2025-05-21 20:55:48,706 - deteccion - INFO - logger:info:79 - Precios: 109756.79, 4.9e-07, 0.0547
2025-05-21 20:55:48,706 - deteccion - INFO - logger:info:79 - Factores: 9.111053630486096e-06, 2040816.3265306123, 0.0547
2025-05-21 20:55:48,707 - deteccion - INFO - logger:info:79 - Rentabilidad Bruta: 1.709109%
2025-05-21 20:55:48,707 - deteccion - INFO - logger:info:79 - Oportunidad encontrada (A->B->C->A): USDT -> BTC -> ADX -> USDT
2025-05-21 20:55:48,707 - deteccion - INFO - logger:info:79 - Pares: BTCUSDT, ADXBTC, ADXUSDT
2025-05-21 20:55:48,707 - deteccion - INFO - logger:info:79 - Precios: 109756.79, 9.9e-07, 0.1093
2025-05-21 20:55:48,708 - deteccion - INFO - logger:info:79 - Factores: 9.111053630486096e-06, 1010101.0101010101, 0.1093
2025-05-21 20:55:48,708 - deteccion - INFO - logger:info:79 - Rentabilidad Bruta: 0.589713%
2025-05-21 20:55:48,708 - deteccion - INFO - logger:info:79 - Oportunidad encontrada (A->B->C->A): USDT -> BTC -> FET -> USDT
2025-05-21 20:55:48,708 - deteccion - INFO - logger:info:79 - Pares: BTCUSDT, FETBTC, FETUSDT
2025-05-21 20:55:48,708 - deteccion - INFO - logger:info:79 - Precios: 109756.79, 7.48e-06, 0.821
2025-05-21 20:55:48,709 - deteccion - INFO - logger:info:79 - Factores: 9.111053630486096e-06, 133689.83957219252, 0.821
2025-05-21 20:55:48,709 - deteccion - INFO - logger:info:79 - Rentabilidad Bruta: 0.002340%
2025-05-21 20:55:48,709 - deteccion - INFO - logger:info:79 - Oportunidad encontrada (A->B->C->A): USDT -> BTC -> PHB -> USDT
2025-05-21 20:55:48,709 - deteccion - INFO - logger:info:79 - Pares: BTCUSDT, PHBBTC, PHBUSDT
2025-05-21 20:55:48,710 - deteccion - INFO - logger:info:79 - Precios: 109756.79, 5.71e-06, 0.628
2025-05-21 20:55:48,710 - deteccion - INFO - logger:info:79 - Factores: 9.111053630486096e-06, 175131.34851138352, 0.628
2025-05-21 20:55:48,710 - deteccion - INFO - logger:info:79 - Rentabilidad Bruta: 0.205634%
2025-05-21 20:55:48,712 - deteccion - INFO - logger:info:79 - Oportunidad encontrada (A->B->C->A): ALGO -> BUSD -> BTC -> ALGO
2025-05-21 20:55:48,713 - deteccion - INFO - logger:info:79 - Pares: ALGOBUSD, BTCBUSD, ALGOBTC
2025-05-21 20:55:48,713 - deteccion - INFO - logger:info:79 - Precios: 0.2071, 42769.4, 2.11e-06
2025-05-21 20:55:48,713 - deteccion - INFO - logger:info:79 - Factores: 0.2071, 2.338120244847952e-05, 473933.6492890995
2025-05-21 20:55:48,713 - deteccion - INFO - logger:info:79 - Rentabilidad Bruta: 129.490380%
2025-05-21 20:55:48,714 - deteccion - INFO - logger:info:79 - Oportunidad encontrada (A->B->C->A): ETC -> EUR -> ETH -> ETC
2025-05-21 20:55:48,714 - deteccion - INFO - logger:info:79 - Pares: ETCEUR, ETHEUR, ETCETH
2025-05-21 20:55:48,714 - deteccion - INFO - logger:info:79 - Precios: 20.0, 2273.37, 0.00746
2025-05-21 20:55:48,715 - deteccion - INFO - logger:info:79 - Factores: 20.0, 0.0004398756031794209, 134.04825737265415
2025-05-21 20:55:48,715 - deteccion - INFO - logger:info:79 - Rentabilidad Bruta: 17.929116%
2025-05-21 20:55:48,715 - deteccion - INFO - logger:info:79 - Oportunidad encontrada (A->B->C->A): ETC -> EUR -> BUSD -> ETC
2025-05-21 20:55:48,715 - deteccion - INFO - logger:info:79 - Pares: ETCEUR, EURBUSD, ETCBUSD
2025-05-21 20:55:48,716 - deteccion - INFO - logger:info:79 - Precios: 20.0, 1.0757, 19.03
2025-05-21 20:55:48,716 - deteccion - INFO - logger:info:79 - Factores: 20.0, 1.0757, 0.05254860746190226
2025-05-21 20:55:48,716 - deteccion - INFO - logger:info:79 - Rentabilidad Bruta: 13.053074%
2025-05-21 20:55:48,716 - deteccion - INFO - logger:info:79 - Oportunidad encontrada (A->B->C->A): ETC -> EUR -> BTC -> ETC
2025-05-21 20:55:48,716 - deteccion - INFO - logger:info:79 - Pares: ETCEUR, BTCEUR, ETCBTC
2025-05-21 20:55:48,717 - deteccion - INFO - logger:info:79 - Precios: 20.0, 96754.25, 0.0001749
2025-05-21 20:55:48,717 - deteccion - INFO - logger:info:79 - Factores: 20.0, 1.0335463300061754e-05, 5717.552887364208
2025-05-21 20:55:48,717 - deteccion - INFO - logger:info:79 - Rentabilidad Bruta: 18.187116%
2025-05-21 20:55:48,717 - deteccion - INFO - logger:info:79 - Oportunidad encontrada (A->B->C->A): ETC -> ETH -> BTC -> ETC
2025-05-21 20:55:48,717 - deteccion - INFO - logger:info:79 - Pares: ETCETH, ETHBTC, ETCBTC
2025-05-21 20:55:48,717 - deteccion - INFO - logger:info:79 - Precios: 0.00746, 0.0235, 0.0001749
2025-05-21 20:55:48,718 - deteccion - INFO - logger:info:79 - Factores: 0.00746, 0.0235, 5717.552887364208
2025-05-21 20:55:48,718 - deteccion - INFO - logger:info:79 - Rentabilidad Bruta: 0.234420%
2025-05-21 20:55:48,718 - deteccion - INFO - logger:info:79 - Oportunidad encontrada (A->B->C->A): ETC -> BUSD -> BTC -> ETC
2025-05-21 20:55:48,718 - deteccion - INFO - logger:info:79 - Pares: ETCBUSD, BTCBUSD, ETCBTC
2025-05-21 20:55:48,718 - deteccion - INFO - logger:info:79 - Precios: 19.03, 42769.4, 0.0001749
2025-05-21 20:55:48,718 - deteccion - INFO - logger:info:79 - Factores: 19.03, 2.338120244847952e-05, 5717.552887364208
2025-05-21 20:55:48,719 - deteccion - INFO - logger:info:79 - Rentabilidad Bruta: 154.399247%
2025-05-21 20:55:48,719 - deteccion - INFO - logger:info:79 - Oportunidad encontrada (A->B->C->A): ADA -> EUR -> ETH -> ADA
2025-05-21 20:55:48,719 - deteccion - INFO - logger:info:79 - Pares: ADAEUR, ETHEUR, ADAETH
2025-05-21 20:55:48,720 - deteccion - INFO - logger:info:79 - Precios: 0.6839, 2273.37, 0.0003008
2025-05-21 20:55:48,720 - deteccion - INFO - logger:info:79 - Factores: 0.6839, 0.0004398756031794209, 3324.468085106383
2025-05-21 20:55:48,720 - deteccion - INFO - logger:info:79 - Rentabilidad Bruta: 0.010281%
2025-05-21 20:55:48,720 - deteccion - INFO - logger:info:79 - Oportunidad encontrada (A->B->C->A): ADA -> EUR -> BUSD -> ADA
2025-05-21 20:55:48,720 - deteccion - INFO - logger:info:79 - Pares: ADAEUR, EURBUSD, ADABUSD
2025-05-21 20:55:48,721 - deteccion - INFO - logger:info:79 - Precios: 0.6839, 1.0757, 0.6374
2025-05-21 20:55:48,721 - deteccion - INFO - logger:info:79 - Factores: 0.6839, 1.0757, 1.5688735487919674
2025-05-21 20:55:48,721 - deteccion - INFO - logger:info:79 - Rentabilidad Bruta: 15.417513%
2025-05-21 20:55:48,721 - deteccion - INFO - logger:info:79 - Oportunidad encontrada (A->B->C->A): ADA -> EUR -> BTC -> ADA
2025-05-21 20:55:48,721 - deteccion - INFO - logger:info:79 - Pares: ADAEUR, BTCEUR, ADABTC
2025-05-21 20:55:48,721 - deteccion - INFO - logger:info:79 - Precios: 0.6839, 96754.25, 7.06e-06
2025-05-21 20:55:48,721 - deteccion - INFO - logger:info:79 - Factores: 0.6839, 1.0335463300061754e-05, 141643.05949008497
2025-05-21 20:55:48,721 - deteccion - INFO - logger:info:79 - Rentabilidad Bruta: 0.119311%
2025-05-21 20:55:48,722 - deteccion - INFO - logger:info:79 - Oportunidad encontrada (A->B->C->A): ADA -> AUD -> BTC -> ADA
2025-05-21 20:55:48,722 - deteccion - INFO - logger:info:79 - Pares: ADAAUD, BTCAUD, ADABTC
2025-05-21 20:55:48,722 - deteccion - INFO - logger:info:79 - Precios: 0.5054, 37210.08, 7.06e-06
2025-05-21 20:55:48,722 - deteccion - INFO - logger:info:79 - Factores: 0.5054, 2.6874438324239024e-05, 141643.05949008497
2025-05-21 20:55:48,722 - deteccion - INFO - logger:info:79 - Rentabilidad Bruta: 92.384435%
2025-05-21 20:55:48,723 - deteccion - INFO - logger:info:79 - Oportunidad encontrada (A->B->C->A): ADA -> ETH -> BUSD -> ADA
2025-05-21 20:55:48,723 - deteccion - INFO - logger:info:79 - Pares: ADAETH, ETHBUSD, ADABUSD
2025-05-21 20:55:48,723 - deteccion - INFO - logger:info:79 - Precios: 0.0003008, 2281.12, 0.6374
2025-05-21 20:55:48,723 - deteccion - INFO - logger:info:79 - Factores: 0.0003008, 2281.12, 1.5688735487919674
2025-05-21 20:55:48,723 - deteccion - INFO - logger:info:79 - Rentabilidad Bruta: 7.649968%
2025-05-21 20:55:48,723 - deteccion - INFO - logger:info:79 - Oportunidad encontrada (A->B->C->A): ADA -> ETH -> BTC -> ADA
2025-05-21 20:55:48,724 - deteccion - INFO - logger:info:79 - Pares: ADAETH, ETHBTC, ADABTC
2025-05-21 20:55:48,724 - deteccion - INFO - logger:info:79 - Precios: 0.0003008, 0.0235, 7.06e-06
2025-05-21 20:55:48,724 - deteccion - INFO - logger:info:79 - Factores: 0.0003008, 0.0235, 141643.05949008497
2025-05-21 20:55:48,724 - deteccion - INFO - logger:info:79 - Rentabilidad Bruta: 0.124646%
2025-05-21 20:55:48,725 - deteccion - INFO - logger:info:79 - Oportunidad encontrada (A->B->C->A): ADA -> BUSD -> BTC -> ADA
2025-05-21 20:55:48,725 - deteccion - INFO - logger:info:79 - Pares: ADABUSD, BTCBUSD, ADABTC
2025-05-21 20:55:48,725 - deteccion - INFO - logger:info:79 - Precios: 0.6374, 42769.4, 7.06e-06
2025-05-21 20:55:48,725 - deteccion - INFO - logger:info:79 - Factores: 0.6374, 2.338120244847952e-05, 141643.05949008497
2025-05-21 20:55:48,726 - deteccion - INFO - logger:info:79 - Rentabilidad Bruta: 111.093179%
2025-05-21 20:55:48,727 - deteccion - INFO - logger:info:79 - Oportunidad encontrada (A->B->C->A): LINK -> EUR -> BUSD -> LINK
2025-05-21 20:55:48,728 - deteccion - INFO - logger:info:79 - Pares: LINKEUR, EURBUSD, LINKBUSD
2025-05-21 20:55:48,729 - deteccion - INFO - logger:info:79 - Precios: 14.31, 1.0757, 14.071
2025-05-21 20:55:48,730 - deteccion - INFO - logger:info:79 - Factores: 14.31, 1.0757, 0.07106815436003128
2025-05-21 20:55:48,730 - deteccion - INFO - logger:info:79 - Rentabilidad Bruta: 9.397108%
2025-05-21 20:55:48,730 - deteccion - INFO - logger:info:79 - Oportunidad encontrada (A->B->C->A): LINK -> EUR -> BTC -> LINK
2025-05-21 20:55:48,731 - deteccion - INFO - logger:info:79 - Pares: LINKEUR, BTCEUR, LINKBTC
2025-05-21 20:55:48,731 - deteccion - INFO - logger:info:79 - Precios: 14.31, 96754.25, 0.0001479
2025-05-21 20:55:48,731 - deteccion - INFO - logger:info:79 - Factores: 14.31, 1.0335463300061754e-05, 6761.32521974307
2025-05-21 20:55:48,732 - deteccion - INFO - logger:info:79 - Rentabilidad Bruta: 0.000324%
2025-05-21 20:55:48,732 - deteccion - INFO - logger:info:79 - Oportunidad encontrada (A->B->C->A): LINK -> AUD -> BTC -> LINK
2025-05-21 20:55:48,733 - deteccion - INFO - logger:info:79 - Pares: LINKAUD, BTCAUD, LINKBTC
2025-05-21 20:55:48,733 - deteccion - INFO - logger:info:79 - Precios: 7.986, 37210.08, 0.0001479
2025-05-21 20:55:48,733 - deteccion - INFO - logger:info:79 - Factores: 7.986, 2.6874438324239024e-05, 6761.32521974307
2025-05-21 20:55:48,733 - deteccion - INFO - logger:info:79 - Rentabilidad Bruta: 45.111065%
2025-05-21 20:55:48,734 - deteccion - INFO - logger:info:79 - Oportunidad encontrada (A->B->C->A): LINK -> ETH -> BUSD -> LINK
2025-05-21 20:55:48,734 - deteccion - INFO - logger:info:79 - Pares: LINKETH, ETHBUSD, LINKBUSD
2025-05-21 20:55:48,734 - deteccion - INFO - logger:info:79 - Precios: 0.006297, 2281.12, 14.071
2025-05-21 20:55:48,735 - deteccion - INFO - logger:info:79 - Factores: 0.006297, 2281.12, 0.07106815436003128
2025-05-21 20:55:48,735 - deteccion - INFO - logger:info:79 - Rentabilidad Bruta: 2.083808%
2025-05-21 20:55:48,735 - deteccion - INFO - logger:info:79 - Oportunidad encontrada (A->B->C->A): LINK -> ETH -> BTC -> LINK
2025-05-21 20:55:48,735 - deteccion - INFO - logger:info:79 - Pares: LINKETH, ETHBTC, LINKBTC
2025-05-21 20:55:48,736 - deteccion - INFO - logger:info:79 - Precios: 0.006297, 0.0235, 0.0001479
2025-05-21 20:55:48,736 - deteccion - INFO - logger:info:79 - Factores: 0.006297, 0.0235, 6761.32521974307
2025-05-21 20:55:48,736 - deteccion - INFO - logger:info:79 - Rentabilidad Bruta: 0.053753%
2025-05-21 20:55:48,736 - deteccion - INFO - logger:info:79 - Oportunidad encontrada (A->B->C->A): LINK -> BUSD -> BTC -> LINK
2025-05-21 20:55:48,737 - deteccion - INFO - logger:info:79 - Pares: LINKBUSD, BTCBUSD, LINKBTC
2025-05-21 20:55:48,737 - deteccion - INFO - logger:info:79 - Precios: 14.071, 42769.4, 0.0001479
2025-05-21 20:55:48,737 - deteccion - INFO - logger:info:79 - Factores: 14.071, 2.338120244847952e-05, 6761.32521974307
2025-05-21 20:55:48,738 - deteccion - INFO - logger:info:79 - Rentabilidad Bruta: 122.445503%
2025-05-21 20:55:48,739 - deteccion - INFO - logger:info:79 - Oportunidad encontrada (A->B->C->A): EUR -> ETH -> BTC -> EUR
2025-05-21 20:55:48,739 - deteccion - INFO - logger:info:79 - Pares: ETHEUR, ETHBTC, BTCEUR
2025-05-21 20:55:48,739 - deteccion - INFO - logger:info:79 - Precios: 2273.37, 0.0235, 96754.25
2025-05-21 20:55:48,739 - deteccion - INFO - logger:info:79 - Factores: 0.0004398756031794209, 0.0235, 96754.25
2025-05-21 20:55:48,740 - deteccion - INFO - logger:info:79 - Rentabilidad Bruta: 0.015610%
2025-05-21 20:55:48,740 - deteccion - INFO - logger:info:79 - Oportunidad encontrada (A->B->C->A): EUR -> ETH -> FTM -> EUR
2025-05-21 20:55:48,740 - deteccion - INFO - logger:info:79 - Pares: ETHEUR, FTMETH, FTMEUR
2025-05-21 20:55:48,740 - deteccion - INFO - logger:info:79 - Precios: 2273.37, 0.0002148, 0.6809
2025-05-21 20:55:48,741 - deteccion - INFO - logger:info:79 - Factores: 0.0004398756031794209, 4655.493482309125, 0.6809
2025-05-21 20:55:48,741 - deteccion - INFO - logger:info:79 - Rentabilidad Bruta: 39.437290%
2025-05-21 20:55:48,741 - deteccion - INFO - logger:info:79 - Oportunidad encontrada (A->B->C->A): EUR -> ETH -> ZIL -> EUR
2025-05-21 20:55:48,742 - deteccion - INFO - logger:info:79 - Pares: ETHEUR, ZILETH, ZILEUR
2025-05-21 20:55:48,742 - deteccion - INFO - logger:info:79 - Precios: 2273.37, 5.14e-06, 0.02063
2025-05-21 20:55:48,742 - deteccion - INFO - logger:info:79 - Factores: 0.0004398756031794209, 194552.52918287937, 0.02063
2025-05-21 20:55:48,742 - deteccion - INFO - logger:info:79 - Rentabilidad Bruta: 76.549294%
2025-05-21 20:55:48,743 - deteccion - INFO - logger:info:79 - Oportunidad encontrada (A->B->C->A): EUR -> ETH -> RUNE -> EUR
2025-05-21 20:55:48,743 - deteccion - INFO - logger:info:79 - Pares: ETHEUR, RUNEETH, RUNEEUR
2025-05-21 20:55:48,744 - deteccion - INFO - logger:info:79 - Precios: 2273.37, 0.0007617, 3.762
2025-05-21 20:55:48,744 - deteccion - INFO - logger:info:79 - Factores: 0.0004398756031794209, 1312.8528291978469, 3.762
2025-05-21 20:55:48,744 - deteccion - INFO - logger:info:79 - Rentabilidad Bruta: 117.252464%
2025-05-21 20:55:48,745 - deteccion - INFO - logger:info:79 - Oportunidad encontrada (A->B->C->A): EUR -> ETH -> WAVES -> EUR
2025-05-21 20:55:48,745 - deteccion - INFO - logger:info:79 - Pares: ETHEUR, WAVESETH, WAVESEUR
2025-05-21 20:55:48,745 - deteccion - INFO - logger:info:79 - Precios: 2273.37, 0.000298, 1.354
2025-05-21 20:55:48,746 - deteccion - INFO - logger:info:79 - Factores: 0.0004398756031794209, 3355.7046979865772, 1.354
2025-05-21 20:55:48,746 - deteccion - INFO - logger:info:79 - Rentabilidad Bruta: 99.862942%
2025-05-21 20:55:48,746 - deteccion - INFO - logger:info:79 - Oportunidad encontrada (A->B->C->A): EUR -> ETH -> HOT -> EUR
2025-05-21 20:55:48,747 - deteccion - INFO - logger:info:79 - Pares: ETHEUR, HOTETH, HOTEUR
2025-05-21 20:55:48,747 - deteccion - INFO - logger:info:79 - Precios: 2273.37, 4.5e-07, 0.001789
2025-05-21 20:55:48,747 - deteccion - INFO - logger:info:79 - Factores: 0.0004398756031794209, 2222222.2222222225, 0.001789
2025-05-21 20:55:48,747 - deteccion - INFO - logger:info:79 - Rentabilidad Bruta: 74.874990%
2025-05-21 20:55:48,748 - deteccion - INFO - logger:info:79 - Oportunidad encontrada (A->B->C->A): EUR -> BUSD -> BTC -> EUR
2025-05-21 20:55:48,748 - deteccion - INFO - logger:info:79 - Pares: EURBUSD, BTCBUSD, BTCEUR
2025-05-21 20:55:48,748 - deteccion - INFO - logger:info:79 - Precios: 1.0757, 42769.4, 96754.25
2025-05-21 20:55:48,748 - deteccion - INFO - logger:info:79 - Factores: 1.0757, 2.338120244847952e-05, 96754.25
2025-05-21 20:55:48,749 - deteccion - INFO - logger:info:79 - Rentabilidad Bruta: 143.348157%
2025-05-21 20:55:48,749 - deteccion - INFO - logger:info:79 - Oportunidad encontrada (A->B->C->A): EUR -> BUSD -> LTC -> EUR
2025-05-21 20:55:48,749 - deteccion - INFO - logger:info:79 - Pares: EURBUSD, LTCBUSD, LTCEUR
2025-05-21 20:55:48,750 - deteccion - INFO - logger:info:79 - Precios: 1.0757, 72.37, 86.22
2025-05-21 20:55:48,750 - deteccion - INFO - logger:info:79 - Factores: 1.0757, 0.01381788033715628, 86.22
2025-05-21 20:55:48,750 - deteccion - INFO - logger:info:79 - Rentabilidad Bruta: 28.156493%
2025-05-21 20:55:48,750 - deteccion - INFO - logger:info:79 - Oportunidad encontrada (A->B->C->A): EUR -> BUSD -> FTM -> EUR
2025-05-21 20:55:48,751 - deteccion - INFO - logger:info:79 - Pares: EURBUSD, FTMBUSD, FTMEUR
2025-05-21 20:55:48,751 - deteccion - INFO - logger:info:79 - Precios: 1.0757, 0.4218, 0.6809
2025-05-21 20:55:48,751 - deteccion - INFO - logger:info:79 - Factores: 1.0757, 2.370791844476055, 0.6809
2025-05-21 20:55:48,751 - deteccion - INFO - logger:info:79 - Rentabilidad Bruta: 73.647257%
2025-05-21 20:55:48,752 - deteccion - INFO - logger:info:79 - Oportunidad encontrada (A->B->C->A): EUR -> BUSD -> ZIL -> EUR
2025-05-21 20:55:48,752 - deteccion - INFO - logger:info:79 - Pares: EURBUSD, ZILBUSD, ZILEUR
2025-05-21 20:55:48,752 - deteccion - INFO - logger:info:79 - Precios: 1.0757, 0.01583, 0.02063
2025-05-21 20:55:48,752 - deteccion - INFO - logger:info:79 - Factores: 1.0757, 63.171193935565384, 0.02063
2025-05-21 20:55:48,753 - deteccion - INFO - logger:info:79 - Rentabilidad Bruta: 40.187562%
2025-05-21 20:55:48,753 - deteccion - INFO - logger:info:79 - Oportunidad encontrada (A->B->C->A): EUR -> BUSD -> XLM -> EUR
2025-05-21 20:55:48,753 - deteccion - INFO - logger:info:79 - Pares: EURBUSD, XLMBUSD, XLMEUR
2025-05-21 20:55:48,753 - deteccion - INFO - logger:info:79 - Precios: 1.0757, 0.1197, 0.2602
2025-05-21 20:55:48,754 - deteccion - INFO - logger:info:79 - Factores: 1.0757, 8.35421888053467, 0.2602
2025-05-21 20:55:48,754 - deteccion - INFO - logger:info:79 - Rentabilidad Bruta: 133.832197%
2025-05-21 20:55:48,754 - deteccion - INFO - logger:info:79 - Oportunidad encontrada (A->B->C->A): EUR -> BUSD -> HOT -> EUR
2025-05-21 20:55:48,754 - deteccion - INFO - logger:info:79 - Pares: EURBUSD, HOTBUSD, HOTEUR
2025-05-21 20:55:48,755 - deteccion - INFO - logger:info:79 - Precios: 1.0757, 0.001058, 0.001789
2025-05-21 20:55:48,755 - deteccion - INFO - logger:info:79 - Factores: 1.0757, 945.179584120983, 0.001789
2025-05-21 20:55:48,755 - deteccion - INFO - logger:info:79 - Rentabilidad Bruta: 81.892940%
2025-05-21 20:55:48,756 - deteccion - INFO - logger:info:79 - Oportunidad encontrada (A->B->C->A): EUR -> BUSD -> THETA -> EUR
2025-05-21 20:55:48,756 - deteccion - INFO - logger:info:79 - Pares: EURBUSD, THETABUSD, THETAEUR
2025-05-21 20:55:48,756 - deteccion - INFO - logger:info:79 - Precios: 1.0757, 0.616, 0.614
2025-05-21 20:55:48,756 - deteccion - INFO - logger:info:79 - Factores: 1.0757, 1.6233766233766234, 0.614
2025-05-21 20:55:48,756 - deteccion - INFO - logger:info:79 - Rentabilidad Bruta: 7.220747%
2025-05-21 20:55:48,757 - deteccion - INFO - logger:info:79 - Oportunidad encontrada (A->B->C->A): EUR -> BTC -> LTC -> EUR
2025-05-21 20:55:48,757 - deteccion - INFO - logger:info:79 - Pares: BTCEUR, LTCBTC, LTCEUR
2025-05-21 20:55:48,757 - deteccion - INFO - logger:info:79 - Precios: 96754.25, 0.000891, 86.22
2025-05-21 20:55:48,757 - deteccion - INFO - logger:info:79 - Factores: 1.0335463300061754e-05, 1122.3344556677891, 86.22
2025-05-21 20:55:48,758 - deteccion - INFO - logger:info:79 - Rentabilidad Bruta: 0.013877%
2025-05-21 20:55:48,758 - deteccion - INFO - logger:info:79 - Oportunidad encontrada (A->B->C->A): EUR -> BTC -> ZIL -> EUR
2025-05-21 20:55:48,758 - deteccion - INFO - logger:info:79 - Pares: BTCEUR, ZILBTC, ZILEUR
2025-05-21 20:55:48,759 - deteccion - INFO - logger:info:79 - Precios: 96754.25, 1.3e-07, 0.02063
2025-05-21 20:55:48,759 - deteccion - INFO - logger:info:79 - Factores: 1.0335463300061754e-05, 7692307.692307692, 0.02063
2025-05-21 20:55:48,759 - deteccion - INFO - logger:info:79 - Rentabilidad Bruta: 64.015852%
2025-05-21 20:55:48,760 - deteccion - INFO - logger:info:79 - Oportunidad encontrada (A->B->C->A): EUR -> BTC -> RUNE -> EUR
2025-05-21 20:55:48,760 - deteccion - INFO - logger:info:79 - Pares: BTCEUR, RUNEBTC, RUNEEUR
2025-05-21 20:55:48,760 - deteccion - INFO - logger:info:79 - Precios: 96754.25, 1.79e-05, 3.762
2025-05-21 20:55:48,761 - deteccion - INFO - logger:info:79 - Factores: 1.0335463300061754e-05, 55865.92178770949, 3.762
2025-05-21 20:55:48,761 - deteccion - INFO - logger:info:79 - Rentabilidad Bruta: 117.217949%
2025-05-21 20:55:48,762 - deteccion - INFO - logger:info:79 - Oportunidad encontrada (A->B->C->A): AUD -> ETH -> BUSD -> AUD
2025-05-21 20:55:48,763 - deteccion - INFO - logger:info:79 - Pares: ETHAUD, ETHBUSD, AUDBUSD
2025-05-21 20:55:48,763 - deteccion - INFO - logger:info:79 - Precios: 2565.09, 2281.12, 0.7255
2025-05-21 20:55:48,763 - deteccion - INFO - logger:info:79 - Factores: 0.0003898498688155191, 2281.12, 1.3783597518952446
2025-05-21 20:55:48,763 - deteccion - INFO - logger:info:79 - Rentabilidad Bruta: 22.576752%
2025-05-21 20:55:48,764 - deteccion - INFO - logger:info:79 - Oportunidad encontrada (A->B->C->A): AUD -> BTC -> FTM -> AUD
2025-05-21 20:55:48,764 - deteccion - INFO - logger:info:79 - Pares: BTCAUD, FTMBTC, FTMAUD
2025-05-21 20:55:48,764 - deteccion - INFO - logger:info:79 - Precios: 37210.08, 7.43e-06, 0.42
2025-05-21 20:55:48,765 - deteccion - INFO - logger:info:79 - Factores: 2.6874438324239024e-05, 134589.50201884253, 0.42
2025-05-21 20:55:48,765 - deteccion - INFO - logger:info:79 - Rentabilidad Bruta: 51.914725%
2025-05-21 20:55:48,766 - deteccion - INFO - logger:info:79 - Oportunidad encontrada (A->B->C->A): ETH -> BUSD -> BTC -> ETH
2025-05-21 20:55:48,766 - deteccion - INFO - logger:info:79 - Pares: ETHBUSD, BTCBUSD, ETHBTC
2025-05-21 20:55:48,766 - deteccion - INFO - logger:info:79 - Precios: 2281.12, 42769.4, 0.0235
2025-05-21 20:55:48,766 - deteccion - INFO - logger:info:79 - Factores: 2281.12, 2.338120244847952e-05, 42.5531914893617
2025-05-21 20:55:48,767 - deteccion - INFO - logger:info:79 - Rentabilidad Bruta: 126.958845%
2025-05-21 20:55:48,767 - deteccion - INFO - logger:info:79 - Oportunidad encontrada (A->B->C->A): ETH -> BUSD -> LTC -> ETH
2025-05-21 20:55:48,767 - deteccion - INFO - logger:info:79 - Pares: ETHBUSD, LTCBUSD, LTCETH
2025-05-21 20:55:48,767 - deteccion - INFO - logger:info:79 - Precios: 2281.12, 72.37, 0.03793
2025-05-21 20:55:48,767 - deteccion - INFO - logger:info:79 - Factores: 2281.12, 0.01381788033715628, 0.03793
2025-05-21 20:55:48,768 - deteccion - INFO - logger:info:79 - Rentabilidad Bruta: 19.556282%
2025-05-21 20:55:48,768 - deteccion - INFO - logger:info:79 - Oportunidad encontrada (A->B->C->A): ETH -> BUSD -> FTT -> ETH
2025-05-21 20:55:48,768 - deteccion - INFO - logger:info:79 - Pares: ETHBUSD, FTTBUSD, FTTETH
2025-05-21 20:55:48,768 - deteccion - INFO - logger:info:79 - Precios: 2281.12, 1.13, 0.001141
2025-05-21 20:55:48,768 - deteccion - INFO - logger:info:79 - Factores: 2281.12, 0.8849557522123894, 0.001141
2025-05-21 20:55:48,768 - deteccion - INFO - logger:info:79 - Rentabilidad Bruta: 130.332559%
2025-05-21 20:55:48,769 - deteccion - INFO - logger:info:79 - Oportunidad encontrada (A->B->C->A): ETH -> BUSD -> FTM -> ETH
2025-05-21 20:55:48,769 - deteccion - INFO - logger:info:79 - Pares: ETHBUSD, FTMBUSD, FTMETH
2025-05-21 20:55:48,769 - deteccion - INFO - logger:info:79 - Precios: 2281.12, 0.4218, 0.0002148
2025-05-21 20:55:48,769 - deteccion - INFO - logger:info:79 - Factores: 2281.12, 2.370791844476055, 0.0002148
2025-05-21 20:55:48,770 - deteccion - INFO - logger:info:79 - Rentabilidad Bruta: 16.165144%
2025-05-21 20:55:48,770 - deteccion - INFO - logger:info:79 - Oportunidad encontrada (A->B->C->A): ETH -> BUSD -> XTZ -> ETH
2025-05-21 20:55:48,770 - deteccion - INFO - logger:info:79 - Pares: ETHBUSD, XTZBUSD, XTZETH
2025-05-21 20:55:48,770 - deteccion - INFO - logger:info:79 - Precios: 2281.12, 0.671, 0.00044
2025-05-21 20:55:48,770 - deteccion - INFO - logger:info:79 - Factores: 2281.12, 1.4903129657228018, 0.00044
2025-05-21 20:55:48,770 - deteccion - INFO - logger:info:79 - Rentabilidad Bruta: 49.581639%
2025-05-21 20:55:48,770 - deteccion - INFO - logger:info:79 - Oportunidad encontrada (A->B->C->A): ETH -> BUSD -> CHR -> ETH
2025-05-21 20:55:48,771 - deteccion - INFO - logger:info:79 - Pares: ETHBUSD, CHRBUSD, CHRETH
2025-05-21 20:55:48,772 - deteccion - INFO - logger:info:79 - Precios: 2281.12, 0.1085, 7.08e-05
2025-05-21 20:55:48,773 - deteccion - INFO - logger:info:79 - Factores: 2281.12, 9.216589861751153, 7.08e-05
2025-05-21 20:55:48,773 - deteccion - INFO - logger:info:79 - Rentabilidad Bruta: 48.850964%
2025-05-21 20:55:48,773 - deteccion - INFO - logger:info:79 - Oportunidad encontrada (A->B->C->A): ETH -> BUSD -> LOOM -> ETH
2025-05-21 20:55:48,774 - deteccion - INFO - logger:info:79 - Pares: ETHBUSD, LOOMBUSD, LOOMETH
2025-05-21 20:55:48,774 - deteccion - INFO - logger:info:79 - Precios: 2281.12, 0.04003, 3.231e-05
2025-05-21 20:55:48,774 - deteccion - INFO - logger:info:79 - Factores: 2281.12, 24.981264051961027, 3.231e-05
2025-05-21 20:55:48,774 - deteccion - INFO - logger:info:79 - Rentabilidad Bruta: 84.119378%
2025-05-21 20:55:48,775 - deteccion - INFO - logger:info:79 - Oportunidad encontrada (A->B->C->A): ETH -> BUSD -> BAT -> ETH
2025-05-21 20:55:48,775 - deteccion - INFO - logger:info:79 - Pares: ETHBUSD, BATBUSD, BATETH
2025-05-21 20:55:48,775 - deteccion - INFO - logger:info:79 - Precios: 2281.12, 0.1709, 0.0001063
2025-05-21 20:55:48,776 - deteccion - INFO - logger:info:79 - Factores: 2281.12, 5.851375073142188, 0.0001063
2025-05-21 20:55:48,776 - deteccion - INFO - logger:info:79 - Rentabilidad Bruta: 41.885931%
2025-05-21 20:55:48,776 - deteccion - INFO - logger:info:79 - Oportunidad encontrada (A->B->C->A): ETH -> BUSD -> ZEN -> ETH
2025-05-21 20:55:48,777 - deteccion - INFO - logger:info:79 - Pares: ETHBUSD, ZENBUSD, ZENETH
2025-05-21 20:55:48,777 - deteccion - INFO - logger:info:79 - Precios: 2281.12, 7.19, 0.003991
2025-05-21 20:55:48,777 - deteccion - INFO - logger:info:79 - Factores: 2281.12, 0.13908205841446453, 0.003991
2025-05-21 20:55:48,778 - deteccion - INFO - logger:info:79 - Rentabilidad Bruta: 26.619609%
2025-05-21 20:55:48,778 - deteccion - INFO - logger:info:79 - Oportunidad encontrada (A->B->C->A): ETH -> BUSD -> ONT -> ETH
2025-05-21 20:55:48,778 - deteccion - INFO - logger:info:79 - Pares: ETHBUSD, ONTBUSD, ONTETH
2025-05-21 20:55:48,778 - deteccion - INFO - logger:info:79 - Precios: 2281.12, 0.1574, 0.0001253
2025-05-21 20:55:48,779 - deteccion - INFO - logger:info:79 - Factores: 2281.12, 6.353240152477763, 0.0001253
2025-05-21 20:55:48,779 - deteccion - INFO - logger:info:79 - Rentabilidad Bruta: 81.591065%
2025-05-21 20:55:48,779 - deteccion - INFO - logger:info:79 - Oportunidad encontrada (A->B->C->A): ETH -> BUSD -> ARPA -> ETH
2025-05-21 20:55:48,779 - deteccion - INFO - logger:info:79 - Pares: ETHBUSD, ARPABUSD, ARPAETH
2025-05-21 20:55:48,780 - deteccion - INFO - logger:info:79 - Precios: 2281.12, 0.0466, 2.363e-05
2025-05-21 20:55:48,780 - deteccion - INFO - logger:info:79 - Factores: 2281.12, 21.459227467811157, 2.363e-05
2025-05-21 20:55:48,780 - deteccion - INFO - logger:info:79 - Rentabilidad Bruta: 15.671385%
2025-05-21 20:55:48,781 - deteccion - INFO - logger:info:79 - Oportunidad encontrada (A->B->C->A): ETH -> BUSD -> BLZ -> ETH
2025-05-21 20:55:48,781 - deteccion - INFO - logger:info:79 - Pares: ETHBUSD, BLZBUSD, BLZETH
2025-05-21 20:55:48,781 - deteccion - INFO - logger:info:79 - Precios: 2281.12, 0.0553, 4.159e-05
2025-05-21 20:55:48,781 - deteccion - INFO - logger:info:79 - Factores: 2281.12, 18.083182640144663, 4.159e-05
2025-05-21 20:55:48,782 - deteccion - INFO - logger:info:79 - Rentabilidad Bruta: 71.558374%
2025-05-21 20:55:48,782 - deteccion - INFO - logger:info:79 - Oportunidad encontrada (A->B->C->A): ETH -> BUSD -> CELR -> ETH
2025-05-21 20:55:48,782 - deteccion - INFO - logger:info:79 - Pares: ETHBUSD, CELRBUSD, CELRETH
2025-05-21 20:55:48,783 - deteccion - INFO - logger:info:79 - Precios: 2281.12, 0.01148, 7.89e-06
2025-05-21 20:55:48,783 - deteccion - INFO - logger:info:79 - Factores: 2281.12, 87.10801393728222, 7.89e-06
2025-05-21 20:55:48,783 - deteccion - INFO - logger:info:79 - Rentabilidad Bruta: 56.777324%
2025-05-21 20:55:48,783 - deteccion - INFO - logger:info:79 - Oportunidad encontrada (A->B->C->A): ETH -> BUSD -> BNT -> ETH
2025-05-21 20:55:48,783 - deteccion - INFO - logger:info:79 - Pares: ETHBUSD, BNTBUSD, BNTETH
2025-05-21 20:55:48,784 - deteccion - INFO - logger:info:79 - Precios: 2281.12, 0.3599, 0.0002026
2025-05-21 20:55:48,784 - deteccion - INFO - logger:info:79 - Factores: 2281.12, 2.7785495971103082, 0.0002026
2025-05-21 20:55:48,784 - deteccion - INFO - logger:info:79 - Rentabilidad Bruta: 28.412034%
2025-05-21 20:55:48,785 - deteccion - INFO - logger:info:79 - Oportunidad encontrada (A->B->C->A): ETH -> BUSD -> NEO -> ETH
2025-05-21 20:55:48,785 - deteccion - INFO - logger:info:79 - Pares: ETHBUSD, NEOBUSD, NEOETH
2025-05-21 20:55:48,785 - deteccion - INFO - logger:info:79 - Precios: 2281.12, 6.73, 0.004775
2025-05-21 20:55:48,785 - deteccion - INFO - logger:info:79 - Factores: 2281.12, 0.1485884101040119, 0.004775
2025-05-21 20:55:48,786 - deteccion - INFO - logger:info:79 - Rentabilidad Bruta: 61.847667%
2025-05-21 20:55:48,786 - deteccion - INFO - logger:info:79 - Oportunidad encontrada (A->B->C->A): ETH -> BUSD -> DATA -> ETH
2025-05-21 20:55:48,786 - deteccion - INFO - logger:info:79 - Pares: ETHBUSD, DATABUSD, DATAETH
2025-05-21 20:55:48,786 - deteccion - INFO - logger:info:79 - Precios: 2281.12, 0.02344, 2.034e-05
2025-05-21 20:55:48,787 - deteccion - INFO - logger:info:79 - Factores: 2281.12, 42.66211604095563, 2.034e-05
2025-05-21 20:55:48,787 - deteccion - INFO - logger:info:79 - Rentabilidad Bruta: 97.943604%
2025-05-21 20:55:48,787 - deteccion - INFO - logger:info:79 - Oportunidad encontrada (A->B->C->A): ETH -> BUSD -> XLM -> ETH
2025-05-21 20:55:48,787 - deteccion - INFO - logger:info:79 - Pares: ETHBUSD, XLMBUSD, XLMETH
2025-05-21 20:55:48,787 - deteccion - INFO - logger:info:79 - Precios: 2281.12, 0.1197, 0.00011448
2025-05-21 20:55:48,788 - deteccion - INFO - logger:info:79 - Factores: 2281.12, 8.35421888053467, 0.00011448
2025-05-21 20:55:48,788 - deteccion - INFO - logger:info:79 - Rentabilidad Bruta: 118.164259%
2025-05-21 20:55:48,788 - deteccion - INFO - logger:info:79 - Oportunidad encontrada (A->B->C->A): ETH -> BUSD -> ZRX -> ETH
2025-05-21 20:55:48,788 - deteccion - INFO - logger:info:79 - Pares: ETHBUSD, ZRXBUSD, ZRXETH
2025-05-21 20:55:48,788 - deteccion - INFO - logger:info:79 - Precios: 2281.12, 0.1689, 9.94e-05
2025-05-21 20:55:48,789 - deteccion - INFO - logger:info:79 - Factores: 2281.12, 5.920663114268798, 9.94e-05
2025-05-21 20:55:48,789 - deteccion - INFO - logger:info:79 - Rentabilidad Bruta: 34.247086%
2025-05-21 20:55:48,789 - deteccion - INFO - logger:info:79 - Oportunidad encontrada (A->B->C->A): ETH -> BUSD -> IOTA -> ETH
2025-05-21 20:55:48,789 - deteccion - INFO - logger:info:79 - Pares: ETHBUSD, IOTABUSD, IOTAETH
2025-05-21 20:55:48,790 - deteccion - INFO - logger:info:79 - Precios: 2281.12, 0.1431, 8.965e-05
2025-05-21 20:55:48,790 - deteccion - INFO - logger:info:79 - Factores: 2281.12, 6.988120195667365, 8.965e-05
2025-05-21 20:55:48,790 - deteccion - INFO - logger:info:79 - Rentabilidad Bruta: 42.908741%
2025-05-21 20:55:48,790 - deteccion - INFO - logger:info:79 - Oportunidad encontrada (A->B->C->A): ETH -> BUSD -> THETA -> ETH
2025-05-21 20:55:48,791 - deteccion - INFO - logger:info:79 - Pares: ETHBUSD, THETABUSD, THETAETH
2025-05-21 20:55:48,791 - deteccion - INFO - logger:info:79 - Precios: 2281.12, 0.616, 0.0005017
2025-05-21 20:55:48,791 - deteccion - INFO - logger:info:79 - Factores: 2281.12, 1.6233766233766234, 0.0005017
2025-05-21 20:55:48,792 - deteccion - INFO - logger:info:79 - Rentabilidad Bruta: 85.785374%
2025-05-21 20:55:48,792 - deteccion - INFO - logger:info:79 - Oportunidad encontrada (A->B->C->A): ETH -> BUSD -> DENT -> ETH
2025-05-21 20:55:48,792 - deteccion - INFO - logger:info:79 - Pares: ETHBUSD, DENTBUSD, DENTETH
2025-05-21 20:55:48,792 - deteccion - INFO - logger:info:79 - Precios: 2281.12, 0.000707, 3.4e-07
2025-05-21 20:55:48,793 - deteccion - INFO - logger:info:79 - Factores: 2281.12, 1414.4271570014146, 3.4e-07
2025-05-21 20:55:48,793 - deteccion - INFO - logger:info:79 - Rentabilidad Bruta: 9.700255%
2025-05-21 20:55:48,793 - deteccion - INFO - logger:info:79 - Oportunidad encontrada (A->B->C->A): ETH -> BUSD -> SNT -> ETH
2025-05-21 20:55:48,794 - deteccion - INFO - logger:info:79 - Pares: ETHBUSD, SNTBUSD, SNTETH
2025-05-21 20:55:48,794 - deteccion - INFO - logger:info:79 - Precios: 2281.12, 0.02283, 1.7e-05
2025-05-21 20:55:48,794 - deteccion - INFO - logger:info:79 - Factores: 2281.12, 43.802014892685065, 1.7e-05
2025-05-21 20:55:48,795 - deteccion - INFO - logger:info:79 - Rentabilidad Bruta: 69.860009%
2025-05-21 20:55:48,795 - deteccion - INFO - logger:info:79 - Oportunidad encontrada (A->B->C->A): ETH -> BTC -> LTC -> ETH
2025-05-21 20:55:48,795 - deteccion - INFO - logger:info:79 - Pares: ETHBTC, LTCBTC, LTCETH
2025-05-21 20:55:48,796 - deteccion - INFO - logger:info:79 - Precios: 0.0235, 0.000891, 0.03793
2025-05-21 20:55:48,796 - deteccion - INFO - logger:info:79 - Factores: 0.0235, 1122.3344556677891, 0.03793
2025-05-21 20:55:48,796 - deteccion - INFO - logger:info:79 - Rentabilidad Bruta: 0.039843%
2025-05-21 20:55:48,796 - deteccion - INFO - logger:info:79 - Oportunidad encontrada (A->B->C->A): ETH -> BTC -> RLC -> ETH
2025-05-21 20:55:48,797 - deteccion - INFO - logger:info:79 - Pares: ETHBTC, RLCBTC, RLCETH
2025-05-21 20:55:48,797 - deteccion - INFO - logger:info:79 - Precios: 0.0235, 1.112e-05, 0.0004748
2025-05-21 20:55:48,797 - deteccion - INFO - logger:info:79 - Factores: 0.0235, 89928.05755395684, 0.0004748
2025-05-21 20:55:48,797 - deteccion - INFO - logger:info:79 - Rentabilidad Bruta: 0.339928%
2025-05-21 20:55:48,798 - deteccion - INFO - logger:info:79 - Oportunidad encontrada (A->B->C->A): ETH -> BTC -> XTZ -> ETH
2025-05-21 20:55:48,798 - deteccion - INFO - logger:info:79 - Pares: ETHBTC, XTZBTC, XTZETH
2025-05-21 20:55:48,798 - deteccion - INFO - logger:info:79 - Precios: 0.0235, 5.85e-06, 0.00044
2025-05-21 20:55:48,798 - deteccion - INFO - logger:info:79 - Factores: 0.0235, 170940.17094017094, 0.00044
2025-05-21 20:55:48,798 - deteccion - INFO - logger:info:79 - Rentabilidad Bruta: 76.752137%
2025-05-21 20:55:48,799 - deteccion - INFO - logger:info:79 - Oportunidad encontrada (A->B->C->A): ETH -> BTC -> CHR -> ETH
2025-05-21 20:55:48,799 - deteccion - INFO - logger:info:79 - Pares: ETHBTC, CHRBTC, CHRETH
2025-05-21 20:55:48,799 - deteccion - INFO - logger:info:79 - Precios: 0.0235, 9.7e-07, 7.08e-05
2025-05-21 20:55:48,799 - deteccion - INFO - logger:info:79 - Factores: 0.0235, 1030927.8350515463, 7.08e-05
2025-05-21 20:55:48,800 - deteccion - INFO - logger:info:79 - Rentabilidad Bruta: 71.525773%
2025-05-21 20:55:48,800 - deteccion - INFO - logger:info:79 - Oportunidad encontrada (A->B->C->A): ETH -> BTC -> STEEM -> ETH
2025-05-21 20:55:48,800 - deteccion - INFO - logger:info:79 - Pares: ETHBTC, STEEMBTC, STEEMETH
2025-05-21 20:55:48,800 - deteccion - INFO - logger:info:79 - Precios: 0.0235, 1.39e-06, 5.93e-05
2025-05-21 20:55:48,801 - deteccion - INFO - logger:info:79 - Factores: 0.0235, 719424.4604316547, 5.93e-05
2025-05-21 20:55:48,801 - deteccion - INFO - logger:info:79 - Rentabilidad Bruta: 0.255396%
2025-05-21 20:55:48,801 - deteccion - INFO - logger:info:79 - Oportunidad encontrada (A->B->C->A): ETH -> BTC -> LOOM -> ETH
2025-05-21 20:55:48,801 - deteccion - INFO - logger:info:79 - Pares: ETHBTC, LOOMBTC, LOOMETH
2025-05-21 20:55:48,802 - deteccion - INFO - logger:info:79 - Precios: 0.0235, 7.5e-07, 3.231e-05
2025-05-21 20:55:48,802 - deteccion - INFO - logger:info:79 - Factores: 0.0235, 1333333.3333333333, 3.231e-05
2025-05-21 20:55:48,802 - deteccion - INFO - logger:info:79 - Rentabilidad Bruta: 1.238000%
2025-05-21 20:55:48,802 - deteccion - INFO - logger:info:79 - Oportunidad encontrada (A->B->C->A): ETH -> BTC -> BAT -> ETH
2025-05-21 20:55:48,803 - deteccion - INFO - logger:info:79 - Pares: ETHBTC, BATBTC, BATETH
2025-05-21 20:55:48,803 - deteccion - INFO - logger:info:79 - Precios: 0.0235, 1.37e-06, 0.0001063
2025-05-21 20:55:48,803 - deteccion - INFO - logger:info:79 - Factores: 0.0235, 729927.00729927, 0.0001063
2025-05-21 20:55:48,803 - deteccion - INFO - logger:info:79 - Rentabilidad Bruta: 82.339416%
2025-05-21 20:55:48,804 - deteccion - INFO - logger:info:79 - Oportunidad encontrada (A->B->C->A): ETH -> BTC -> ZEN -> ETH
2025-05-21 20:55:48,804 - deteccion - INFO - logger:info:79 - Pares: ETHBTC, ZENBTC, ZENETH
2025-05-21 20:55:48,804 - deteccion - INFO - logger:info:79 - Precios: 0.0235, 9.05e-05, 0.003991
2025-05-21 20:55:48,804 - deteccion - INFO - logger:info:79 - Factores: 0.0235, 11049.723756906076, 0.003991
2025-05-21 20:55:48,804 - deteccion - INFO - logger:info:79 - Rentabilidad Bruta: 3.633702%
2025-05-21 20:55:48,805 - deteccion - INFO - logger:info:79 - Oportunidad encontrada (A->B->C->A): ETH -> BTC -> ONT -> ETH
2025-05-21 20:55:48,805 - deteccion - INFO - logger:info:79 - Pares: ETHBTC, ONTBTC, ONTETH
2025-05-21 20:55:48,805 - deteccion - INFO - logger:info:79 - Precios: 0.0235, 1.4e-06, 0.0001253
2025-05-21 20:55:48,806 - deteccion - INFO - logger:info:79 - Factores: 0.0235, 714285.7142857143, 0.0001253
2025-05-21 20:55:48,806 - deteccion - INFO - logger:info:79 - Rentabilidad Bruta: 110.325000%
2025-05-21 20:55:48,806 - deteccion - INFO - logger:info:79 - Oportunidad encontrada (A->B->C->A): ETH -> BTC -> ARPA -> ETH
2025-05-21 20:55:48,806 - deteccion - INFO - logger:info:79 - Pares: ETHBTC, ARPABTC, ARPAETH
2025-05-21 20:55:48,806 - deteccion - INFO - logger:info:79 - Precios: 0.0235, 2.4e-07, 2.363e-05
2025-05-21 20:55:48,807 - deteccion - INFO - logger:info:79 - Factores: 0.0235, 4166666.666666667, 2.363e-05
2025-05-21 20:55:48,807 - deteccion - INFO - logger:info:79 - Rentabilidad Bruta: 131.377083%
2025-05-21 20:55:48,807 - deteccion - INFO - logger:info:79 - Oportunidad encontrada (A->B->C->A): ETH -> BTC -> BLZ -> ETH
2025-05-21 20:55:48,807 - deteccion - INFO - logger:info:79 - Pares: ETHBTC, BLZBTC, BLZETH
2025-05-21 20:55:48,807 - deteccion - INFO - logger:info:79 - Precios: 0.0235, 6e-07, 4.159e-05
2025-05-21 20:55:48,808 - deteccion - INFO - logger:info:79 - Factores: 0.0235, 1666666.6666666667, 4.159e-05
2025-05-21 20:55:48,808 - deteccion - INFO - logger:info:79 - Rentabilidad Bruta: 62.894167%
2025-05-21 20:55:48,808 - deteccion - INFO - logger:info:79 - Oportunidad encontrada (A->B->C->A): ETH -> BTC -> CELR -> ETH
2025-05-21 20:55:48,808 - deteccion - INFO - logger:info:79 - Pares: ETHBTC, CELRBTC, CELRETH
2025-05-21 20:55:48,808 - deteccion - INFO - logger:info:79 - Precios: 0.0235, 9e-08, 7.89e-06
2025-05-21 20:55:48,809 - deteccion - INFO - logger:info:79 - Factores: 0.0235, 11111111.111111112, 7.89e-06
2025-05-21 20:55:48,809 - deteccion - INFO - logger:info:79 - Rentabilidad Bruta: 106.016667%
2025-05-21 20:55:48,809 - deteccion - INFO - logger:info:79 - Oportunidad encontrada (A->B->C->A): ETH -> BTC -> NEO -> ETH
2025-05-21 20:55:48,809 - deteccion - INFO - logger:info:79 - Pares: ETHBTC, NEOBTC, NEOETH
2025-05-21 20:55:48,810 - deteccion - INFO - logger:info:79 - Precios: 0.0235, 6.14e-05, 0.004775
2025-05-21 20:55:48,810 - deteccion - INFO - logger:info:79 - Factores: 0.0235, 16286.644951140064, 0.004775
2025-05-21 20:55:48,810 - deteccion - INFO - logger:info:79 - Rentabilidad Bruta: 82.756515%
2025-05-21 20:55:48,811 - deteccion - INFO - logger:info:79 - Oportunidad encontrada (A->B->C->A): ETH -> BTC -> ELF -> ETH
2025-05-21 20:55:48,811 - deteccion - INFO - logger:info:79 - Pares: ETHBTC, ELFBTC, ELFETH
2025-05-21 20:55:48,811 - deteccion - INFO - logger:info:79 - Precios: 0.0235, 2.74e-06, 0.0001433
2025-05-21 20:55:48,812 - deteccion - INFO - logger:info:79 - Factores: 0.0235, 364963.503649635, 0.0001433
2025-05-21 20:55:48,812 - deteccion - INFO - logger:info:79 - Rentabilidad Bruta: 22.903285%
2025-05-21 20:55:48,812 - deteccion - INFO - logger:info:79 - Oportunidad encontrada (A->B->C->A): ETH -> BTC -> DATA -> ETH
2025-05-21 20:55:48,812 - deteccion - INFO - logger:info:79 - Pares: ETHBTC, DATABTC, DATAETH
2025-05-21 20:55:48,813 - deteccion - INFO - logger:info:79 - Precios: 0.0235, 1.7e-07, 2.034e-05
2025-05-21 20:55:48,813 - deteccion - INFO - logger:info:79 - Factores: 0.0235, 5882352.941176471, 2.034e-05
2025-05-21 20:55:48,813 - deteccion - INFO - logger:info:79 - Rentabilidad Bruta: 181.170588%
2025-05-21 20:55:48,813 - deteccion - INFO - logger:info:79 - Oportunidad encontrada (A->B->C->A): ETH -> BTC -> XLM -> ETH
2025-05-21 20:55:48,814 - deteccion - INFO - logger:info:79 - Pares: ETHBTC, XLMBTC, XLMETH
2025-05-21 20:55:48,814 - deteccion - INFO - logger:info:79 - Precios: 0.0235, 2.69e-06, 0.00011448
2025-05-21 20:55:48,814 - deteccion - INFO - logger:info:79 - Factores: 0.0235, 371747.2118959108, 0.00011448
2025-05-21 20:55:48,814 - deteccion - INFO - logger:info:79 - Rentabilidad Bruta: 0.010409%
2025-05-21 20:55:48,815 - deteccion - INFO - logger:info:79 - Oportunidad encontrada (A->B->C->A): ETH -> BTC -> WAN -> ETH
2025-05-21 20:55:48,815 - deteccion - INFO - logger:info:79 - Pares: ETHBTC, WANBTC, WANETH
2025-05-21 20:55:48,815 - deteccion - INFO - logger:info:79 - Precios: 0.0235, 1.16e-06, 9.27e-05
2025-05-21 20:55:48,816 - deteccion - INFO - logger:info:79 - Factores: 0.0235, 862068.9655172415, 9.27e-05
2025-05-21 20:55:48,816 - deteccion - INFO - logger:info:79 - Rentabilidad Bruta: 87.797414%
2025-05-21 20:55:48,816 - deteccion - INFO - logger:info:79 - Oportunidad encontrada (A->B->C->A): ETH -> BTC -> MANA -> ETH
2025-05-21 20:55:48,816 - deteccion - INFO - logger:info:79 - Pares: ETHBTC, MANABTC, MANAETH
2025-05-21 20:55:48,817 - deteccion - INFO - logger:info:79 - Precios: 0.0235, 2.97e-06, 0.0001265
2025-05-21 20:55:48,817 - deteccion - INFO - logger:info:79 - Factores: 0.0235, 336700.3367003367, 0.0001265
2025-05-21 20:55:48,817 - deteccion - INFO - logger:info:79 - Rentabilidad Bruta: 0.092593%
2025-05-21 20:55:48,817 - deteccion - INFO - logger:info:79 - Oportunidad encontrada (A->B->C->A): ETH -> BTC -> SNX -> ETH
2025-05-21 20:55:48,817 - deteccion - INFO - logger:info:79 - Pares: ETHBTC, SNXBTC, SNXETH
2025-05-21 20:55:48,818 - deteccion - INFO - logger:info:79 - Precios: 0.0235, 7.52e-06, 0.000768
2025-05-21 20:55:48,818 - deteccion - INFO - logger:info:79 - Factores: 0.0235, 132978.72340425532, 0.000768
2025-05-21 20:55:48,818 - deteccion - INFO - logger:info:79 - Rentabilidad Bruta: 140.000000%
2025-05-21 20:55:48,818 - deteccion - INFO - logger:info:79 - Oportunidad encontrada (A->B->C->A): ETH -> BTC -> IOTA -> ETH
2025-05-21 20:55:48,818 - deteccion - INFO - logger:info:79 - Pares: ETHBTC, IOTABTC, IOTAETH
2025-05-21 20:55:48,819 - deteccion - INFO - logger:info:79 - Precios: 0.0235, 2.09e-06, 8.965e-05
2025-05-21 20:55:48,819 - deteccion - INFO - logger:info:79 - Factores: 0.0235, 478468.89952153113, 8.965e-05
2025-05-21 20:55:48,819 - deteccion - INFO - logger:info:79 - Rentabilidad Bruta: 0.802632%
2025-05-21 20:55:48,819 - deteccion - INFO - logger:info:79 - Oportunidad encontrada (A->B->C->A): ETH -> BTC -> ADX -> ETH
2025-05-21 20:55:48,819 - deteccion - INFO - logger:info:79 - Pares: ETHBTC, ADXBTC, ADXETH
2025-05-21 20:55:48,820 - deteccion - INFO - logger:info:79 - Precios: 0.0235, 9.9e-07, 4.233e-05
2025-05-21 20:55:48,820 - deteccion - INFO - logger:info:79 - Factores: 0.0235, 1010101.0101010101, 4.233e-05
2025-05-21 20:55:48,820 - deteccion - INFO - logger:info:79 - Rentabilidad Bruta: 0.480303%
2025-05-21 20:55:48,821 - deteccion - INFO - logger:info:79 - Oportunidad encontrada (A->B->C->A): ETH -> BTC -> THETA -> ETH
2025-05-21 20:55:48,821 - deteccion - INFO - logger:info:79 - Pares: ETHBTC, THETABTC, THETAETH
2025-05-21 20:55:48,821 - deteccion - INFO - logger:info:79 - Precios: 0.0235, 8.41e-06, 0.0005017
2025-05-21 20:55:48,821 - deteccion - INFO - logger:info:79 - Factores: 0.0235, 118906.06420927466, 0.0005017
2025-05-21 20:55:48,822 - deteccion - INFO - logger:info:79 - Rentabilidad Bruta: 40.189655%
2025-05-21 20:55:48,822 - deteccion - INFO - logger:info:79 - Oportunidad encontrada (A->B->C->A): ETH -> BTC -> SNT -> ETH
2025-05-21 20:55:48,822 - deteccion - INFO - logger:info:79 - Pares: ETHBTC, SNTBTC, SNTETH
2025-05-21 20:55:48,822 - deteccion - INFO - logger:info:79 - Precios: 0.0235, 3.2e-07, 1.7e-05
2025-05-21 20:55:48,822 - deteccion - INFO - logger:info:79 - Factores: 0.0235, 3125000.0, 1.7e-05
2025-05-21 20:55:48,823 - deteccion - INFO - logger:info:79 - Rentabilidad Bruta: 24.843750%
2025-05-21 20:55:48,824 - deteccion - INFO - logger:info:79 - Oportunidad encontrada (A->B->C->A): BUSD -> BTC -> LTC -> BUSD
2025-05-21 20:55:48,825 - deteccion - INFO - logger:info:79 - Pares: BTCBUSD, LTCBTC, LTCBUSD
2025-05-21 20:55:48,825 - deteccion - INFO - logger:info:79 - Precios: 42769.4, 0.000891, 72.37
2025-05-21 20:55:48,825 - deteccion - INFO - logger:info:79 - Factores: 2.338120244847952e-05, 1122.3344556677891, 72.37
2025-05-21 20:55:48,826 - deteccion - INFO - logger:info:79 - Rentabilidad Bruta: 89.909946%
2025-05-21 20:55:48,826 - deteccion - INFO - logger:info:79 - Oportunidad encontrada (A->B->C->A): BUSD -> BTC -> AVA -> BUSD
2025-05-21 20:55:48,826 - deteccion - INFO - logger:info:79 - Pares: BTCBUSD, AVABTC, AVABUSD
2025-05-21 20:55:48,826 - deteccion - INFO - logger:info:79 - Precios: 42769.4, 5.78e-06, 0.47
2025-05-21 20:55:48,827 - deteccion - INFO - logger:info:79 - Factores: 2.338120244847952e-05, 173010.38062283737, 0.47
2025-05-21 20:55:48,827 - deteccion - INFO - logger:info:79 - Rentabilidad Bruta: 90.123965%
2025-05-21 20:55:48,827 - deteccion - INFO - logger:info:79 - Oportunidad encontrada (A->B->C->A): BUSD -> BTC -> FTM -> BUSD
2025-05-21 20:55:48,828 - deteccion - INFO - logger:info:79 - Pares: BTCBUSD, FTMBTC, FTMBUSD
2025-05-21 20:55:48,828 - deteccion - INFO - logger:info:79 - Precios: 42769.4, 7.43e-06, 0.4218
2025-05-21 20:55:48,828 - deteccion - INFO - logger:info:79 - Factores: 2.338120244847952e-05, 134589.50201884253, 0.4218
2025-05-21 20:55:48,829 - deteccion - INFO - logger:info:79 - Rentabilidad Bruta: 32.734740%
2025-05-21 20:55:48,829 - deteccion - INFO - logger:info:79 - Oportunidad encontrada (A->B->C->A): BUSD -> BTC -> ZIL -> BUSD
2025-05-21 20:55:48,829 - deteccion - INFO - logger:info:79 - Pares: BTCBUSD, ZILBTC, ZILBUSD
2025-05-21 20:55:48,829 - deteccion - INFO - logger:info:79 - Precios: 42769.4, 1.3e-07, 0.01583
2025-05-21 20:55:48,830 - deteccion - INFO - logger:info:79 - Factores: 2.338120244847952e-05, 7692307.692307692, 0.01583
2025-05-21 20:55:48,830 - deteccion - INFO - logger:info:79 - Rentabilidad Bruta: 184.711104%
2025-05-21 20:55:48,830 - deteccion - INFO - logger:info:79 - Oportunidad encontrada (A->B->C->A): BUSD -> BTC -> XTZ -> BUSD
2025-05-21 20:55:48,831 - deteccion - INFO - logger:info:79 - Pares: BTCBUSD, XTZBTC, XTZBUSD
2025-05-21 20:55:48,831 - deteccion - INFO - logger:info:79 - Precios: 42769.4, 5.85e-06, 0.671
2025-05-21 20:55:48,831 - deteccion - INFO - logger:info:79 - Factores: 2.338120244847952e-05, 170940.17094017094, 0.671
2025-05-21 20:55:48,831 - deteccion - INFO - logger:info:79 - Rentabilidad Bruta: 168.184390%
2025-05-21 20:55:48,832 - deteccion - INFO - logger:info:79 - Oportunidad encontrada (A->B->C->A): BUSD -> BTC -> CHR -> BUSD
2025-05-21 20:55:48,832 - deteccion - INFO - logger:info:79 - Pares: BTCBUSD, CHRBTC, CHRBUSD
2025-05-21 20:55:48,832 - deteccion - INFO - logger:info:79 - Precios: 42769.4, 9.7e-07, 0.1085
2025-05-21 20:55:48,832 - deteccion - INFO - logger:info:79 - Factores: 2.338120244847952e-05, 1030927.8350515463, 0.1085
2025-05-21 20:55:48,832 - deteccion - INFO - logger:info:79 - Rentabilidad Bruta: 161.532007%
2025-05-21 20:55:48,833 - deteccion - INFO - logger:info:79 - Oportunidad encontrada (A->B->C->A): BUSD -> BTC -> STEEM -> BUSD
2025-05-21 20:55:48,833 - deteccion - INFO - logger:info:79 - Pares: BTCBUSD, STEEMBTC, STEEMBUSD
2025-05-21 20:55:48,833 - deteccion - INFO - logger:info:79 - Precios: 42769.4, 1.39e-06, 0.1847
2025-05-21 20:55:48,833 - deteccion - INFO - logger:info:79 - Factores: 2.338120244847952e-05, 719424.4604316547, 0.1847
2025-05-21 20:55:48,833 - deteccion - INFO - logger:info:79 - Rentabilidad Bruta: 210.684035%
2025-05-21 20:55:48,834 - deteccion - INFO - logger:info:79 - Oportunidad encontrada (A->B->C->A): BUSD -> BTC -> LOOM -> BUSD
2025-05-21 20:55:48,834 - deteccion - INFO - logger:info:79 - Pares: BTCBUSD, LOOMBTC, LOOMBUSD
2025-05-21 20:55:48,834 - deteccion - INFO - logger:info:79 - Precios: 42769.4, 7.5e-07, 0.04003
2025-05-21 20:55:48,834 - deteccion - INFO - logger:info:79 - Factores: 2.338120244847952e-05, 1333333.3333333333, 0.04003
2025-05-21 20:55:48,834 - deteccion - INFO - logger:info:79 - Rentabilidad Bruta: 24.793271%
2025-05-21 20:55:48,835 - deteccion - INFO - logger:info:79 - Oportunidad encontrada (A->B->C->A): BUSD -> BTC -> BAT -> BUSD
2025-05-21 20:55:48,835 - deteccion - INFO - logger:info:79 - Pares: BTCBUSD, BATBTC, BATBUSD
2025-05-21 20:55:48,835 - deteccion - INFO - logger:info:79 - Precios: 42769.4, 1.37e-06, 0.1709
2025-05-21 20:55:48,835 - deteccion - INFO - logger:info:79 - Factores: 2.338120244847952e-05, 729927.00729927, 0.1709
2025-05-21 20:55:48,836 - deteccion - INFO - logger:info:79 - Rentabilidad Bruta: 191.667701%
2025-05-21 20:55:48,836 - deteccion - INFO - logger:info:79 - Oportunidad encontrada (A->B->C->A): BUSD -> BTC -> ZEN -> BUSD
2025-05-21 20:55:48,836 - deteccion - INFO - logger:info:79 - Pares: BTCBUSD, ZENBTC, ZENBUSD
2025-05-21 20:55:48,836 - deteccion - INFO - logger:info:79 - Precios: 42769.4, 9.05e-05, 7.19
2025-05-21 20:55:48,836 - deteccion - INFO - logger:info:79 - Factores: 2.338120244847952e-05, 11049.723756906076, 7.19
2025-05-21 20:55:48,837 - deteccion - INFO - logger:info:79 - Rentabilidad Bruta: 85.757840%
2025-05-21 20:55:48,837 - deteccion - INFO - logger:info:79 - Oportunidad encontrada (A->B->C->A): BUSD -> BTC -> ONT -> BUSD
2025-05-21 20:55:48,837 - deteccion - INFO - logger:info:79 - Pares: BTCBUSD, ONTBTC, ONTBUSD
2025-05-21 20:55:48,837 - deteccion - INFO - logger:info:79 - Precios: 42769.4, 1.4e-06, 0.1574
2025-05-21 20:55:48,837 - deteccion - INFO - logger:info:79 - Factores: 2.338120244847952e-05, 714285.7142857143, 0.1574
2025-05-21 20:55:48,837 - deteccion - INFO - logger:info:79 - Rentabilidad Bruta: 162.871519%
2025-05-21 20:55:48,838 - deteccion - INFO - logger:info:79 - Oportunidad encontrada (A->B->C->A): BUSD -> BTC -> ARPA -> BUSD
2025-05-21 20:55:48,838 - deteccion - INFO - logger:info:79 - Pares: BTCBUSD, ARPABTC, ARPABUSD
2025-05-21 20:55:48,838 - deteccion - INFO - logger:info:79 - Precios: 42769.4, 2.4e-07, 0.0466
2025-05-21 20:55:48,838 - deteccion - INFO - logger:info:79 - Factores: 2.338120244847952e-05, 4166666.666666667, 0.0466
2025-05-21 20:55:48,839 - deteccion - INFO - logger:info:79 - Rentabilidad Bruta: 353.985014%
2025-05-21 20:55:48,839 - deteccion - INFO - logger:info:79 - Oportunidad encontrada (A->B->C->A): BUSD -> BTC -> RVN -> BUSD
2025-05-21 20:55:48,839 - deteccion - INFO - logger:info:79 - Pares: BTCBUSD, RVNBTC, RVNBUSD
2025-05-21 20:55:48,839 - deteccion - INFO - logger:info:79 - Precios: 42769.4, 1.1e-07, 0.01525
2025-05-21 20:55:48,839 - deteccion - INFO - logger:info:79 - Factores: 2.338120244847952e-05, 9090909.09090909, 0.01525
2025-05-21 20:55:48,840 - deteccion - INFO - logger:info:79 - Rentabilidad Bruta: 224.148488%
2025-05-21 20:55:48,840 - deteccion - INFO - logger:info:79 - Oportunidad encontrada (A->B->C->A): BUSD -> BTC -> BLZ -> BUSD
2025-05-21 20:55:48,840 - deteccion - INFO - logger:info:79 - Pares: BTCBUSD, BLZBTC, BLZBUSD
2025-05-21 20:55:48,840 - deteccion - INFO - logger:info:79 - Precios: 42769.4, 6e-07, 0.0553
2025-05-21 20:55:48,841 - deteccion - INFO - logger:info:79 - Factores: 2.338120244847952e-05, 1666666.6666666667, 0.0553
2025-05-21 20:55:48,841 - deteccion - INFO - logger:info:79 - Rentabilidad Bruta: 115.496749%
2025-05-21 20:55:48,841 - deteccion - INFO - logger:info:79 - Oportunidad encontrada (A->B->C->A): BUSD -> BTC -> ANKR -> BUSD
2025-05-21 20:55:48,842 - deteccion - INFO - logger:info:79 - Pares: BTCBUSD, ANKRBTC, ANKRBUSD
2025-05-21 20:55:48,842 - deteccion - INFO - logger:info:79 - Precios: 42769.4, 1.7e-07, 0.01906
2025-05-21 20:55:48,842 - deteccion - INFO - logger:info:79 - Factores: 2.338120244847952e-05, 5882352.941176471, 0.01906
2025-05-21 20:55:48,842 - deteccion - INFO - logger:info:79 - Rentabilidad Bruta: 162.144540%
2025-05-21 20:55:48,843 - deteccion - INFO - logger:info:79 - Oportunidad encontrada (A->B->C->A): BUSD -> BTC -> COTI -> BUSD
2025-05-21 20:55:48,843 - deteccion - INFO - logger:info:79 - Pares: BTCBUSD, COTIBTC, COTIBUSD
2025-05-21 20:55:48,843 - deteccion - INFO - logger:info:79 - Precios: 42769.4, 6.6e-07, 0.03732
2025-05-21 20:55:48,843 - deteccion - INFO - logger:info:79 - Factores: 2.338120244847952e-05, 1515151.5151515151, 0.03732
2025-05-21 20:55:48,844 - deteccion - INFO - logger:info:79 - Rentabilidad Bruta: 32.210072%
2025-05-21 20:55:48,844 - deteccion - INFO - logger:info:79 - Oportunidad encontrada (A->B->C->A): BUSD -> BTC -> CELR -> BUSD
2025-05-21 20:55:48,844 - deteccion - INFO - logger:info:79 - Pares: BTCBUSD, CELRBTC, CELRBUSD
2025-05-21 20:55:48,845 - deteccion - INFO - logger:info:79 - Precios: 42769.4, 9e-08, 0.01148
2025-05-21 20:55:48,845 - deteccion - INFO - logger:info:79 - Factores: 2.338120244847952e-05, 11111111.111111112, 0.01148
2025-05-21 20:55:48,845 - deteccion - INFO - logger:info:79 - Rentabilidad Bruta: 198.240227%
2025-05-21 20:55:48,845 - deteccion - INFO - logger:info:79 - Oportunidad encontrada (A->B->C->A): BUSD -> BTC -> HIVE -> BUSD
2025-05-21 20:55:48,846 - deteccion - INFO - logger:info:79 - Pares: BTCBUSD, HIVEBTC, HIVEBUSD
2025-05-21 20:55:48,846 - deteccion - INFO - logger:info:79 - Precios: 42769.4, 2.4e-06, 0.2758
2025-05-21 20:55:48,846 - deteccion - INFO - logger:info:79 - Factores: 2.338120244847952e-05, 416666.6666666667, 0.2758
2025-05-21 20:55:48,847 - deteccion - INFO - logger:info:79 - Rentabilidad Bruta: 168.688985%
2025-05-21 20:55:48,847 - deteccion - INFO - logger:info:79 - Oportunidad encontrada (A->B->C->A): BUSD -> BTC -> BNT -> BUSD
2025-05-21 20:55:48,847 - deteccion - INFO - logger:info:79 - Pares: BTCBUSD, BNTBTC, BNTBUSD
2025-05-21 20:55:48,847 - deteccion - INFO - logger:info:79 - Precios: 42769.4, 7.94e-06, 0.3599
2025-05-21 20:55:48,848 - deteccion - INFO - logger:info:79 - Factores: 2.338120244847952e-05, 125944.58438287153, 0.3599
2025-05-21 20:55:48,848 - deteccion - INFO - logger:info:79 - Rentabilidad Bruta: 5.981042%
2025-05-21 20:55:48,848 - deteccion - INFO - logger:info:79 - Oportunidad encontrada (A->B->C->A): BUSD -> BTC -> NEO -> BUSD
2025-05-21 20:55:48,848 - deteccion - INFO - logger:info:79 - Pares: BTCBUSD, NEOBTC, NEOBUSD
2025-05-21 20:55:48,848 - deteccion - INFO - logger:info:79 - Precios: 42769.4, 6.14e-05, 6.73
2025-05-21 20:55:48,849 - deteccion - INFO - logger:info:79 - Factores: 2.338120244847952e-05, 16286.644951140064, 6.73
2025-05-21 20:55:48,849 - deteccion - INFO - logger:info:79 - Rentabilidad Bruta: 156.279304%
2025-05-21 20:55:48,849 - deteccion - INFO - logger:info:79 - Oportunidad encontrada (A->B->C->A): BUSD -> BTC -> MKR -> BUSD
2025-05-21 20:55:48,849 - deteccion - INFO - logger:info:79 - Pares: BTCBUSD, MKRBTC, MKRBUSD
2025-05-21 20:55:48,850 - deteccion - INFO - logger:info:79 - Precios: 42769.4, 0.016, 1293.0
2025-05-21 20:55:48,850 - deteccion - INFO - logger:info:79 - Factores: 2.338120244847952e-05, 62.5, 1293.0
2025-05-21 20:55:48,850 - deteccion - INFO - logger:info:79 - Rentabilidad Bruta: 88.949342%
2025-05-21 20:55:48,850 - deteccion - INFO - logger:info:79 - Oportunidad encontrada (A->B->C->A): BUSD -> BTC -> REQ -> BUSD
2025-05-21 20:55:48,851 - deteccion - INFO - logger:info:79 - Pares: BTCBUSD, REQBTC, REQBUSD
2025-05-21 20:55:48,851 - deteccion - INFO - logger:info:79 - Precios: 42769.4, 1.44e-06, 0.0633
2025-05-21 20:55:48,851 - deteccion - INFO - logger:info:79 - Factores: 2.338120244847952e-05, 694444.4444444445, 0.0633
2025-05-21 20:55:48,851 - deteccion - INFO - logger:info:79 - Rentabilidad Bruta: 2.779869%
2025-05-21 20:55:48,852 - deteccion - INFO - logger:info:79 - Oportunidad encontrada (A->B->C->A): BUSD -> BTC -> ELF -> BUSD
2025-05-21 20:55:48,852 - deteccion - INFO - logger:info:79 - Pares: BTCBUSD, ELFBTC, ELFBUSD
2025-05-21 20:55:48,852 - deteccion - INFO - logger:info:79 - Precios: 42769.4, 2.74e-06, 0.3403
2025-05-21 20:55:48,853 - deteccion - INFO - logger:info:79 - Factores: 2.338120244847952e-05, 364963.503649635, 0.3403
2025-05-21 20:55:48,853 - deteccion - INFO - logger:info:79 - Rentabilidad Bruta: 190.387708%
2025-05-21 20:55:48,853 - deteccion - INFO - logger:info:79 - Oportunidad encontrada (A->B->C->A): BUSD -> BTC -> FIO -> BUSD
2025-05-21 20:55:48,853 - deteccion - INFO - logger:info:79 - Pares: BTCBUSD, FIOBTC, FIOBUSD
2025-05-21 20:55:48,853 - deteccion - INFO - logger:info:79 - Precios: 42769.4, 1.6e-07, 0.01922
2025-05-21 20:55:48,853 - deteccion - INFO - logger:info:79 - Factores: 2.338120244847952e-05, 6250000.0, 0.01922
2025-05-21 20:55:48,854 - deteccion - INFO - logger:info:79 - Rentabilidad Bruta: 180.866694%
2025-05-21 20:55:48,854 - deteccion - INFO - logger:info:79 - Oportunidad encontrada (A->B->C->A): BUSD -> BTC -> DATA -> BUSD
2025-05-21 20:55:48,854 - deteccion - INFO - logger:info:79 - Pares: BTCBUSD, DATABTC, DATABUSD
2025-05-21 20:55:48,854 - deteccion - INFO - logger:info:79 - Precios: 42769.4, 1.7e-07, 0.02344
2025-05-21 20:55:48,854 - deteccion - INFO - logger:info:79 - Factores: 2.338120244847952e-05, 5882352.941176471, 0.02344
2025-05-21 20:55:48,854 - deteccion - INFO - logger:info:79 - Rentabilidad Bruta: 222.385521%
2025-05-21 20:55:48,855 - deteccion - INFO - logger:info:79 - Oportunidad encontrada (A->B->C->A): BUSD -> BTC -> XLM -> BUSD
2025-05-21 20:55:48,855 - deteccion - INFO - logger:info:79 - Pares: BTCBUSD, XLMBTC, XLMBUSD
2025-05-21 20:55:48,855 - deteccion - INFO - logger:info:79 - Precios: 42769.4, 2.69e-06, 0.1197
2025-05-21 20:55:48,855 - deteccion - INFO - logger:info:79 - Factores: 2.338120244847952e-05, 371747.2118959108, 0.1197
2025-05-21 20:55:48,856 - deteccion - INFO - logger:info:79 - Rentabilidad Bruta: 4.042005%
2025-05-21 20:55:48,856 - deteccion - INFO - logger:info:79 - Oportunidad encontrada (A->B->C->A): BUSD -> BTC -> RUNE -> BUSD
2025-05-21 20:55:48,856 - deteccion - INFO - logger:info:79 - Pares: BTCBUSD, RUNEBTC, RUNEBUSD
2025-05-21 20:55:48,856 - deteccion - INFO - logger:info:79 - Precios: 42769.4, 1.79e-05, 5.462
2025-05-21 20:55:48,857 - deteccion - INFO - logger:info:79 - Factores: 2.338120244847952e-05, 55865.92178770949, 5.462
2025-05-21 20:55:48,857 - deteccion - INFO - logger:info:79 - Rentabilidad Bruta: 613.453228%
2025-05-21 20:55:48,857 - deteccion - INFO - logger:info:79 - Oportunidad encontrada (A->B->C->A): BUSD -> BTC -> REN -> BUSD
2025-05-21 20:55:48,857 - deteccion - INFO - logger:info:79 - Pares: BTCBUSD, RENBTC, RENBUSD
2025-05-21 20:55:48,858 - deteccion - INFO - logger:info:79 - Precios: 42769.4, 4.3e-07, 0.045398
2025-05-21 20:55:48,858 - deteccion - INFO - logger:info:79 - Factores: 2.338120244847952e-05, 2325581.395348837, 0.045398
2025-05-21 20:55:48,858 - deteccion - INFO - logger:info:79 - Rentabilidad Bruta: 146.851123%
2025-05-21 20:55:48,858 - deteccion - INFO - logger:info:79 - Oportunidad encontrada (A->B->C->A): BUSD -> BTC -> MDT -> BUSD
2025-05-21 20:55:48,858 - deteccion - INFO - logger:info:79 - Pares: BTCBUSD, MDTBTC, MDTBUSD
2025-05-21 20:55:48,858 - deteccion - INFO - logger:info:79 - Precios: 42769.4, 3e-07, 0.04578
2025-05-21 20:55:48,858 - deteccion - INFO - logger:info:79 - Factores: 2.338120244847952e-05, 3333333.3333333335, 0.04578
2025-05-21 20:55:48,859 - deteccion - INFO - logger:info:79 - Rentabilidad Bruta: 256.797149%
2025-05-21 20:55:48,859 - deteccion - INFO - logger:info:79 - Oportunidad encontrada (A->B->C->A): BUSD -> BTC -> NKN -> BUSD
2025-05-21 20:55:48,859 - deteccion - INFO - logger:info:79 - Pares: BTCBUSD, NKNBTC, NKNBUSD
2025-05-21 20:55:48,859 - deteccion - INFO - logger:info:79 - Precios: 42769.4, 3.4e-07, 0.0972
2025-05-21 20:55:48,860 - deteccion - INFO - logger:info:79 - Factores: 2.338120244847952e-05, 2941176.4705882357, 0.0972
2025-05-21 20:55:48,860 - deteccion - INFO - logger:info:79 - Rentabilidad Bruta: 568.427317%
2025-05-21 20:55:48,861 - deteccion - INFO - logger:info:79 - Oportunidad encontrada (A->B->C->A): BUSD -> BTC -> MANA -> BUSD
2025-05-21 20:55:48,861 - deteccion - INFO - logger:info:79 - Pares: BTCBUSD, MANABTC, MANABUSD
2025-05-21 20:55:48,861 - deteccion - INFO - logger:info:79 - Precios: 42769.4, 2.97e-06, 0.4388
2025-05-21 20:55:48,862 - deteccion - INFO - logger:info:79 - Factores: 2.338120244847952e-05, 336700.3367003367, 0.4388
2025-05-21 20:55:48,862 - deteccion - INFO - logger:info:79 - Rentabilidad Bruta: 245.443489%
2025-05-21 20:55:48,862 - deteccion - INFO - logger:info:79 - Oportunidad encontrada (A->B->C->A): BUSD -> BTC -> STORJ -> BUSD
2025-05-21 20:55:48,862 - deteccion - INFO - logger:info:79 - Pares: BTCBUSD, STORJBTC, STORJBUSD
2025-05-21 20:55:48,863 - deteccion - INFO - logger:info:79 - Precios: 42769.4, 2.79e-06, 0.2371
2025-05-21 20:55:48,863 - deteccion - INFO - logger:info:79 - Factores: 2.338120244847952e-05, 358422.93906810036, 0.2371
2025-05-21 20:55:48,863 - deteccion - INFO - logger:info:79 - Rentabilidad Bruta: 98.698319%
2025-05-21 20:55:48,864 - deteccion - INFO - logger:info:79 - Oportunidad encontrada (A->B->C->A): BUSD -> BTC -> TOMO -> BUSD
2025-05-21 20:55:48,864 - deteccion - INFO - logger:info:79 - Pares: BTCBUSD, TOMOBTC, TOMOBUSD
2025-05-21 20:55:48,864 - deteccion - INFO - logger:info:79 - Precios: 42769.4, 3.699e-05, 1.7807
2025-05-21 20:55:48,864 - deteccion - INFO - logger:info:79 - Factores: 2.338120244847952e-05, 27034.333603676667, 1.7807
2025-05-21 20:55:48,865 - deteccion - INFO - logger:info:79 - Rentabilidad Bruta: 12.557197%
2025-05-21 20:55:48,865 - deteccion - INFO - logger:info:79 - Oportunidad encontrada (A->B->C->A): BUSD -> BTC -> WAVES -> BUSD
2025-05-21 20:55:48,865 - deteccion - INFO - logger:info:79 - Pares: BTCBUSD, WAVESBTC, WAVESBUSD
2025-05-21 20:55:48,866 - deteccion - INFO - logger:info:79 - Precios: 42769.4, 1.626e-05, 2.216
2025-05-21 20:55:48,866 - deteccion - INFO - logger:info:79 - Factores: 2.338120244847952e-05, 61500.61500615006, 2.216
2025-05-21 20:55:48,866 - deteccion - INFO - logger:info:79 - Rentabilidad Bruta: 218.651566%
2025-05-21 20:55:48,867 - deteccion - INFO - logger:info:79 - Oportunidad encontrada (A->B->C->A): BUSD -> BTC -> ZRX -> BUSD
2025-05-21 20:55:48,867 - deteccion - INFO - logger:info:79 - Pares: BTCBUSD, ZRXBTC, ZRXBUSD
2025-05-21 20:55:48,867 - deteccion - INFO - logger:info:79 - Precios: 42769.4, 2.57e-06, 0.1689
2025-05-21 20:55:48,867 - deteccion - INFO - logger:info:79 - Factores: 2.338120244847952e-05, 389105.05836575874, 0.1689
2025-05-21 20:55:48,868 - deteccion - INFO - logger:info:79 - Rentabilidad Bruta: 53.660899%
2025-05-21 20:55:48,868 - deteccion - INFO - logger:info:79 - Oportunidad encontrada (A->B->C->A): BUSD -> BTC -> LTO -> BUSD
2025-05-21 20:55:48,868 - deteccion - INFO - logger:info:79 - Pares: BTCBUSD, LTOBTC, LTOBUSD
2025-05-21 20:55:48,868 - deteccion - INFO - logger:info:79 - Precios: 42769.4, 4e-07, 0.0559
2025-05-21 20:55:48,869 - deteccion - INFO - logger:info:79 - Factores: 2.338120244847952e-05, 2500000.0, 0.0559
2025-05-21 20:55:48,869 - deteccion - INFO - logger:info:79 - Rentabilidad Bruta: 226.752304%
2025-05-21 20:55:48,869 - deteccion - INFO - logger:info:79 - Oportunidad encontrada (A->B->C->A): BUSD -> BTC -> DGB -> BUSD
2025-05-21 20:55:48,870 - deteccion - INFO - logger:info:79 - Pares: BTCBUSD, DGBBTC, DGBBUSD
2025-05-21 20:55:48,870 - deteccion - INFO - logger:info:79 - Precios: 42769.4, 9e-08, 0.00632
2025-05-21 20:55:48,870 - deteccion - INFO - logger:info:79 - Factores: 2.338120244847952e-05, 11111111.111111112, 0.00632
2025-05-21 20:55:48,871 - deteccion - INFO - logger:info:79 - Rentabilidad Bruta: 64.187999%
2025-05-21 20:55:48,871 - deteccion - INFO - logger:info:79 - Oportunidad encontrada (A->B->C->A): BUSD -> BTC -> SNX -> BUSD
2025-05-21 20:55:48,871 - deteccion - INFO - logger:info:79 - Pares: BTCBUSD, SNXBTC, SNXBUSD
2025-05-21 20:55:48,871 - deteccion - INFO - logger:info:79 - Precios: 42769.4, 7.52e-06, 1.936
2025-05-21 20:55:48,872 - deteccion - INFO - logger:info:79 - Factores: 2.338120244847952e-05, 132978.72340425532, 1.936
2025-05-21 20:55:48,872 - deteccion - INFO - logger:info:79 - Rentabilidad Bruta: 501.941595%
2025-05-21 20:55:48,872 - deteccion - INFO - logger:info:79 - Oportunidad encontrada (A->B->C->A): BUSD -> BTC -> BAL -> BUSD
2025-05-21 20:55:48,873 - deteccion - INFO - logger:info:79 - Pares: BTCBUSD, BALBTC, BALBUSD
2025-05-21 20:55:48,873 - deteccion - INFO - logger:info:79 - Precios: 42769.4, 3.122e-05, 3.15
2025-05-21 20:55:48,873 - deteccion - INFO - logger:info:79 - Factores: 2.338120244847952e-05, 32030.749519538753, 3.15
2025-05-21 20:55:48,873 - deteccion - INFO - logger:info:79 - Rentabilidad Bruta: 135.908993%
2025-05-21 20:55:48,874 - deteccion - INFO - logger:info:79 - Oportunidad encontrada (A->B->C->A): BUSD -> BTC -> GAS -> BUSD
2025-05-21 20:55:48,874 - deteccion - INFO - logger:info:79 - Pares: BTCBUSD, GASBTC, GASBUSD
2025-05-21 20:55:48,874 - deteccion - INFO - logger:info:79 - Precios: 42769.4, 3.11e-05, 9.216
2025-05-21 20:55:48,874 - deteccion - INFO - logger:info:79 - Factores: 2.338120244847952e-05, 32154.340836012863, 9.216
2025-05-21 20:55:48,875 - deteccion - INFO - logger:info:79 - Rentabilidad Bruta: 592.865472%
2025-05-21 20:55:48,875 - deteccion - INFO - logger:info:79 - Oportunidad encontrada (A->B->C->A): BUSD -> BTC -> IOTA -> BUSD
2025-05-21 20:55:48,875 - deteccion - INFO - logger:info:79 - Pares: BTCBUSD, IOTABTC, IOTABUSD
2025-05-21 20:55:48,876 - deteccion - INFO - logger:info:79 - Precios: 42769.4, 2.09e-06, 0.1431
2025-05-21 20:55:48,876 - deteccion - INFO - logger:info:79 - Factores: 2.338120244847952e-05, 478468.89952153113, 0.1431
2025-05-21 20:55:48,876 - deteccion - INFO - logger:info:79 - Rentabilidad Bruta: 60.088520%
2025-05-21 20:55:48,877 - deteccion - INFO - logger:info:79 - Oportunidad encontrada (A->B->C->A): BUSD -> BTC -> CTXC -> BUSD
2025-05-21 20:55:48,877 - deteccion - INFO - logger:info:79 - Pares: BTCBUSD, CTXCBTC, CTXCBUSD
2025-05-21 20:55:48,878 - deteccion - INFO - logger:info:79 - Precios: 42769.4, 7.5e-07, 0.115
2025-05-21 20:55:48,878 - deteccion - INFO - logger:info:79 - Factores: 2.338120244847952e-05, 1333333.3333333333, 0.115
2025-05-21 20:55:48,878 - deteccion - INFO - logger:info:79 - Rentabilidad Bruta: 258.511771%
2025-05-21 20:55:48,879 - deteccion - INFO - logger:info:79 - Oportunidad encontrada (A->B->C->A): BUSD -> BTC -> SYS -> BUSD
2025-05-21 20:55:48,879 - deteccion - INFO - logger:info:79 - Pares: BTCBUSD, SYSBTC, SYSBUSD
2025-05-21 20:55:48,879 - deteccion - INFO - logger:info:79 - Precios: 42769.4, 4.9e-07, 0.0818
2025-05-21 20:55:48,879 - deteccion - INFO - logger:info:79 - Factores: 2.338120244847952e-05, 2040816.3265306123, 0.0818
2025-05-21 20:55:48,880 - deteccion - INFO - logger:info:79 - Rentabilidad Bruta: 290.322931%
2025-05-21 20:55:48,880 - deteccion - INFO - logger:info:79 - Oportunidad encontrada (A->B->C->A): BUSD -> BTC -> ADX -> BUSD
2025-05-21 20:55:48,880 - deteccion - INFO - logger:info:79 - Pares: BTCBUSD, ADXBTC, ADXBUSD
2025-05-21 20:55:48,881 - deteccion - INFO - logger:info:79 - Precios: 42769.4, 9.9e-07, 0.1334
2025-05-21 20:55:48,881 - deteccion - INFO - logger:info:79 - Factores: 2.338120244847952e-05, 1010101.0101010101, 0.1334
2025-05-21 20:55:48,881 - deteccion - INFO - logger:info:79 - Rentabilidad Bruta: 215.055799%
2025-05-21 20:55:48,882 - deteccion - INFO - logger:info:79 - Oportunidad encontrada (A->B->C->A): BUSD -> BTC -> THETA -> BUSD
2025-05-21 20:55:48,882 - deteccion - INFO - logger:info:79 - Pares: BTCBUSD, THETABTC, THETABUSD
2025-05-21 20:55:48,882 - deteccion - INFO - logger:info:79 - Precios: 42769.4, 8.41e-06, 0.616
2025-05-21 20:55:48,883 - deteccion - INFO - logger:info:79 - Factores: 2.338120244847952e-05, 118906.06420927466, 0.616
2025-05-21 20:55:48,883 - deteccion - INFO - logger:info:79 - Rentabilidad Bruta: 71.258272%
2025-05-21 20:55:48,883 - deteccion - INFO - logger:info:79 - Oportunidad encontrada (A->B->C->A): BUSD -> BTC -> SNT -> BUSD
2025-05-21 20:55:48,884 - deteccion - INFO - logger:info:79 - Pares: BTCBUSD, SNTBTC, SNTBUSD
2025-05-21 20:55:48,884 - deteccion - INFO - logger:info:79 - Precios: 42769.4, 3.2e-07, 0.02283
2025-05-21 20:55:48,884 - deteccion - INFO - logger:info:79 - Factores: 2.338120244847952e-05, 3125000.0, 0.02283
2025-05-21 20:55:48,885 - deteccion - INFO - logger:info:79 - Rentabilidad Bruta: 66.810266%
2025-05-21 20:55:48,885 - deteccion - INFO - logger:info:79 - Oportunidad encontrada (A->B->C->A): BUSD -> BTC -> FET -> BUSD
2025-05-21 20:55:48,885 - deteccion - INFO - logger:info:79 - Pares: BTCBUSD, FETBTC, FETBUSD
2025-05-21 20:55:48,885 - deteccion - INFO - logger:info:79 - Precios: 42769.4, 7.48e-06, 0.4915
2025-05-21 20:55:48,886 - deteccion - INFO - logger:info:79 - Factores: 2.338120244847952e-05, 133689.83957219252, 0.4915
2025-05-21 20:55:48,886 - deteccion - INFO - logger:info:79 - Rentabilidad Bruta: 53.634505%
2025-05-21 20:55:48,886 - deteccion - INFO - logger:info:79 - Oportunidad encontrada (A->B->C->A): BUSD -> BTC -> PHB -> BUSD
2025-05-21 20:55:48,887 - deteccion - INFO - logger:info:79 - Pares: BTCBUSD, PHBBTC, PHBBUSD
2025-05-21 20:55:48,887 - deteccion - INFO - logger:info:79 - Precios: 42769.4, 5.71e-06, 0.6588
2025-05-21 20:55:48,887 - deteccion - INFO - logger:info:79 - Factores: 2.338120244847952e-05, 175131.34851138352, 0.6588
2025-05-21 20:55:48,887 - deteccion - INFO - logger:info:79 - Rentabilidad Bruta: 169.764206%
2025-05-21 20:55:48,915 - deteccion - INFO - logger:info:79 - Se filtraron 155 oportunidades con rentabilidad negativa o cero.
2025-05-21 20:55:48,916 - deteccion - INFO - logger:info:79 - === BÚSQUEDA DE OPORTUNIDADES TRIANGULARES FINALIZADA. Oportunidades encontradas: 325 ===
