2025-05-15 00:09:18,727 - deteccion - INFO - Fetching market data (symbols and tickers), prioritizing Mobula...
2025-05-15 00:09:21,548 - deteccion - INFO - Obtenidos 400 símbolos desde Mobula.
2025-05-15 00:09:22,088 - deteccion - INFO - Obtenidos 3101 tickers desde Binance.
2025-05-15 00:09:22,089 - deteccion - INFO - Market data fetch complete. Symbols: 400, Tickers: 3101.
2025-05-15 00:09:24,817 - deteccion - INFO - Finding triangular opportunities...
2025-05-15 00:09:24,818 - deteccion - INFO - Identified 10 unique coins.
2025-05-15 00:09:24,819 - deteccion - INFO - Detección de oportunidades finalizada. Oportunidades encontradas: 0
2025-05-15 00:55:42,177 - deteccion - INFO - Fetching market data (symbols and tickers), prioritizing Mobula...
2025-05-15 00:55:44,840 - deteccion - INFO - Obtenidos 400 símbolos desde Mobula.
2025-05-15 00:55:45,357 - deteccion - INFO - Obtenidos 3101 tickers desde Binance.
2025-05-15 00:55:45,358 - deteccion - INFO - Market data fetch complete. Symbols: 400, Tickers: 3101.
2025-05-15 00:55:47,616 - deteccion - INFO - Finding triangular opportunities...
2025-05-15 00:55:47,616 - deteccion - INFO - Identified 10 unique coins.
2025-05-15 00:55:47,617 - deteccion - INFO - Detección de oportunidades finalizada. Oportunidades encontradas: 0
2025-05-15 00:56:32,869 - deteccion - INFO - Finding triangular opportunities...
2025-05-15 00:56:32,870 - deteccion - INFO - Identified 10 unique coins.
2025-05-15 00:56:32,871 - deteccion - INFO - Detección de oportunidades finalizada. Oportunidades encontradas: 0
2025-05-15 00:56:47,923 - deteccion - INFO - Finding triangular opportunities...
2025-05-15 00:56:47,924 - deteccion - INFO - Identified 10 unique coins.
2025-05-15 00:56:47,925 - deteccion - INFO - Detección de oportunidades finalizada. Oportunidades encontradas: 0
2025-05-15 00:59:13,732 - deteccion - INFO - Finding triangular opportunities...
2025-05-15 00:59:13,733 - deteccion - INFO - Identified 10 unique coins.
2025-05-15 00:59:13,733 - deteccion - INFO - Detección de oportunidades finalizada. Oportunidades encontradas: 0
2025-05-15 00:59:47,373 - deteccion - INFO - Finding triangular opportunities...
2025-05-15 00:59:47,374 - deteccion - INFO - Identified 10 unique coins.
2025-05-15 00:59:47,375 - deteccion - INFO - Detección de oportunidades finalizada. Oportunidades encontradas: 0
2025-05-15 01:00:15,475 - deteccion - INFO - Finding triangular opportunities...
2025-05-15 01:00:15,476 - deteccion - INFO - Identified 10 unique coins.
2025-05-15 01:00:15,477 - deteccion - INFO - Detección de oportunidades finalizada. Oportunidades encontradas: 0
2025-05-15 01:00:42,611 - deteccion - INFO - Finding triangular opportunities...
2025-05-15 01:00:42,611 - deteccion - INFO - Identified 10 unique coins.
2025-05-15 01:00:42,612 - deteccion - INFO - Detección de oportunidades finalizada. Oportunidades encontradas: 0
2025-05-15 01:01:08,527 - deteccion - INFO - Finding triangular opportunities...
2025-05-15 01:01:08,528 - deteccion - INFO - Identified 10 unique coins.
2025-05-15 01:01:08,529 - deteccion - INFO - Detección de oportunidades finalizada. Oportunidades encontradas: 0
2025-05-15 12:55:00,013 - deteccion - INFO - Fetching market data (symbols and tickers), prioritizing Mobula...
2025-05-15 12:55:01,537 - deteccion - INFO - Obtenidos 400 símbolos desde Mobula.
2025-05-15 12:55:02,009 - deteccion - INFO - Obtenidos 3106 tickers desde Binance.
2025-05-15 12:55:02,009 - deteccion - INFO - Market data fetch complete. Symbols: 400, Tickers: 3106.
2025-05-15 12:55:44,575 - deteccion - INFO - Finding triangular opportunities...
2025-05-15 12:55:44,576 - deteccion - INFO - Identified 0 unique coins.
2025-05-15 12:55:44,576 - deteccion - INFO - Detección de oportunidades finalizada. Oportunidades encontradas: 0
2025-05-15 13:05:01,358 - deteccion - INFO - Finding triangular opportunities...
2025-05-15 13:05:01,358 - deteccion - INFO - Identified 8 unique coins.
2025-05-15 13:05:01,359 - deteccion - INFO - Detección de oportunidades finalizada. Oportunidades encontradas: 0
2025-05-15 13:46:37,803 - deteccion - INFO - Fetching market data (symbols and tickers), prioritizing Mobula...
2025-05-15 13:46:39,235 - deteccion - INFO - Obtenidos 1000 símbolos desde Mobula.
2025-05-15 13:46:39,704 - deteccion - INFO - Obtenidos 3106 tickers desde Binance.
2025-05-15 13:46:39,705 - deteccion - INFO - Market data fetch complete. Symbols: 1000, Tickers: 3106.
2025-05-15 13:47:20,098 - deteccion - INFO - Finding triangular opportunities...
2025-05-15 13:47:20,098 - deteccion - INFO - Identified 20 unique coins.
2025-05-15 13:47:20,099 - deteccion - INFO - Detección de oportunidades finalizada. Oportunidades encontradas: 0
2025-05-15 13:51:55,979 - deteccion - INFO - Finding triangular opportunities...
2025-05-15 13:51:55,979 - deteccion - INFO - Identified 20 unique coins.
2025-05-15 13:51:55,980 - deteccion - INFO - Detección de oportunidades finalizada. Oportunidades encontradas: 0
2025-05-15 15:14:08,985 - deteccion - INFO - Fetching market data (symbols and tickers), prioritizing Mobula...
2025-05-15 15:14:11,390 - deteccion - INFO - Obtenidos 1000 símbolos desde Mobula.
2025-05-15 15:14:11,912 - deteccion - INFO - Obtenidos 3106 tickers desde Binance.
2025-05-15 15:14:11,912 - deteccion - INFO - Market data fetch complete. Symbols: 1000, Tickers: 3106.
2025-05-15 15:15:13,060 - deteccion - INFO - Finding triangular opportunities...
2025-05-15 15:15:13,061 - deteccion - INFO - Identified 23 unique coins.
2025-05-15 15:15:13,063 - deteccion - INFO - Detección de oportunidades finalizada. Oportunidades encontradas: 0
2025-05-15 15:54:24,838 - deteccion - INFO - Fetching market data (symbols and tickers), prioritizing Mobula...
2025-05-15 15:54:26,309 - deteccion - INFO - Obtenidos 500 símbolos desde Mobula.
2025-05-15 15:54:26,788 - deteccion - INFO - Obtenidos 2497 tickers válidos desde Binance (de 3106 totales).
2025-05-15 15:54:26,788 - deteccion - INFO - Market data fetch complete. Symbols: 500, Tickers: 2497.
2025-05-15 15:54:26,788 - deteccion - INFO - Sample symbols: ['ALGO', 'SAFU', 'FLD', 'VERSA', 'ASTRO']
2025-05-15 15:54:26,789 - deteccion - INFO - Sample tickers: {'ETHBTC': 0.02449, 'LTCBTC': 0.000961, 'BNBBTC': 0.006319, 'NEOBTC': 6.56e-05, 'QTUMETH': 0.000938}
2025-05-15 15:54:52,675 - deteccion - INFO - Finding triangular opportunities...
2025-05-15 15:54:52,676 - deteccion - INFO - Símbolos activos con ticker válido: 0 de 8
2025-05-15 15:54:52,676 - deteccion - INFO - Identificadas 0 monedas únicas. Símbolos parseados: 0, Fallos: 0
2025-05-15 15:54:52,676 - deteccion - INFO - Pares disponibles para arbitraje: 0 (con precios válidos)
2025-05-15 15:54:52,677 - deteccion - INFO - Detección de oportunidades finalizada:
2025-05-15 15:54:52,677 - deteccion - INFO - - Combinaciones totales analizadas: 0
2025-05-15 15:54:52,677 - deteccion - INFO - - Triángulos válidos encontrados: 0
2025-05-15 15:54:52,677 - deteccion - INFO - - Oportunidades por encima del umbral (0.5%): 0
2025-05-15 15:54:52,677 - deteccion - INFO - - Oportunidades con la mejor rentabilidad seleccionadas: 0
2025-05-15 16:26:21,644 - deteccion - INFO - Fetching market data (symbols and tickers), prioritizing Mobula...
2025-05-15 16:26:30,106 - deteccion - INFO - Obtenidos 500 símbolos desde Mobula.
2025-05-15 16:26:30,621 - deteccion - INFO - Obtenidos 2497 tickers válidos desde Binance (de 3106 totales).
2025-05-15 16:26:30,621 - deteccion - INFO - Market data fetch complete. Symbols: 500, Tickers: 2497.
2025-05-15 16:26:30,621 - deteccion - INFO - Sample symbols: ['ALGO', 'SAFU', 'FLD', 'VERSA', 'ASTRO']
2025-05-15 16:26:30,622 - deteccion - INFO - Sample tickers: {'ETHBTC': 0.02455, 'LTCBTC': 0.000969, 'BNBBTC': 0.006319, 'NEOBTC': 6.54e-05, 'QTUMETH': 0.000942}
2025-05-15 16:26:56,252 - deteccion - INFO - Finding triangular opportunities...
2025-05-15 16:26:56,253 - deteccion - INFO - Análisis de coincidencia de símbolos (muestra de 8 símbolos):
2025-05-15 16:26:56,253 - deteccion - INFO - - Símbolo: EXAWBTC, Existe en tickers: False, Precio: None, Precio válido: False
2025-05-15 16:26:56,254 - deteccion - INFO - - Símbolo: BTCMEME, Existe en tickers: False, Precio: None, Precio válido: False
2025-05-15 16:26:56,255 - deteccion - INFO - - Símbolo: APXETH, Existe en tickers: False, Precio: None, Precio válido: False
2025-05-15 16:26:56,255 - deteccion - INFO - - Símbolo: DETH, Existe en tickers: False, Precio: None, Precio válido: False
2025-05-15 16:26:56,255 - deteccion - INFO - - Símbolo: KETH, Existe en tickers: False, Precio: None, Precio válido: False
2025-05-15 16:26:56,255 - deteccion - INFO - - Símbolo: BNB, Existe en tickers: False, Precio: None, Precio válido: False
2025-05-15 16:26:56,256 - deteccion - INFO - - Símbolo: BBTC, Existe en tickers: False, Precio: None, Precio válido: False
2025-05-15 16:26:56,256 - deteccion - INFO - - Símbolo: shiBTC, Existe en tickers: False, Precio: None, Precio válido: False
2025-05-15 16:26:56,256 - deteccion - INFO - De la muestra analizada: 0 existen en tickers, 0 tienen precio válido
2025-05-15 16:26:56,257 - deteccion - INFO - Pocas coincidencias exactas, probando con coincidencia flexible de símbolos
2025-05-15 16:26:56,257 - deteccion - INFO - Coincidencia flexible: 'BNB' → 'BNBBTC' (precio: 0.006319)
2025-05-15 16:26:56,257 - deteccion - INFO - Coincidencia flexible: 'BNB' → 'BNBETH' (precio: 0.2574)
2025-05-15 16:26:56,257 - deteccion - INFO - Coincidencia flexible: 'KETH' → 'LINKETH' (precio: 0.006379)
2025-05-15 16:26:56,257 - deteccion - INFO - Coincidencia flexible: 'BBTC' → 'VIBBTC' (precio: 5.1e-07)
2025-05-15 16:26:56,257 - deteccion - INFO - Coincidencia flexible: 'BNB' → 'BNBUSDT' (precio: 653.03)
2025-05-15 16:26:56,258 - deteccion - INFO - Coincidencia flexible: 'BBTC' → 'AMBBTC' (precio: 1e-07)
2025-05-15 16:26:56,258 - deteccion - INFO - Coincidencia flexible: 'BNB' → 'NEOBNB' (precio: 0.03836)
2025-05-15 16:26:56,258 - deteccion - INFO - Coincidencia flexible: 'KETH' → 'LSKETH' (precio: 0.0003373)
2025-05-15 16:26:56,258 - deteccion - INFO - Coincidencia flexible: 'BNB' → 'IOTABNB' (precio: 0.000717)
2025-05-15 16:26:56,258 - deteccion - INFO - Coincidencia flexible: 'BNB' → 'XLMBNB' (precio: 0.0003036)
2025-05-15 16:26:56,258 - deteccion - INFO - Coincidencia flexible: 'BNB' → 'LTCBNB' (precio: 0.1535)
2025-05-15 16:26:56,258 - deteccion - INFO - Coincidencia flexible: 'BNB' → 'WAVESBNB' (precio: 0.00513)
2025-05-15 16:26:56,258 - deteccion - INFO - Coincidencia flexible: 'BNB' → 'ZILBNB' (precio: 8.858e-05)
2025-05-15 16:26:56,258 - deteccion - INFO - Coincidencia flexible: 'BNB' → 'ADABNB' (precio: 0.001185)
2025-05-15 16:26:56,258 - deteccion - INFO - Coincidencia flexible: 'BNB' → 'ZENBNB' (precio: 0.0329)
2025-05-15 16:26:56,259 - deteccion - INFO - Coincidencia flexible: 'BNB' → 'EOSBNB' (precio: 0.002583)
2025-05-15 16:26:56,259 - deteccion - INFO - Coincidencia flexible: 'BNB' → 'THETABNB' (precio: 0.002736)
2025-05-15 16:26:56,259 - deteccion - INFO - Coincidencia flexible: 'BNB' → 'XRPBNB' (precio: 0.00375)
2025-05-15 16:26:56,259 - deteccion - INFO - Coincidencia flexible: 'BNB' → 'ENJBNB' (precio: 0.001368)
2025-05-15 16:26:56,259 - deteccion - INFO - Coincidencia flexible: 'BNB' → 'TRXBNB' (precio: 0.00042)
2025-05-15 16:26:56,260 - deteccion - INFO - Símbolos activos con ticker válido: 225 de 8
2025-05-15 16:26:56,260 - deteccion - INFO - Identificadas 221 monedas únicas. Símbolos parseados: 225, Fallos: 0
2025-05-15 16:26:56,260 - deteccion - INFO - Limitando a 100 monedas para combinaciones de arbitraje
2025-05-15 16:26:56,261 - deteccion - INFO - Usando 225 símbolos activos para available_pairs
2025-05-15 16:26:56,261 - deteccion - INFO - Pares disponibles para arbitraje: 225 (con precios válidos)
2025-05-15 16:26:56,261 - deteccion - INFO - Ejemplos de monedas: ['LTC', 'ETH', 'ATOM', 'DAI', 'DOT']
2025-05-15 16:26:56,261 - deteccion - INFO - De la muestra de monedas, se encontraron 0 pares en available_pairs
2025-05-15 16:26:56,262 - deteccion - INFO - Primer triángulo encontrado: ETH-BNB-LINK
2025-05-15 16:26:56,263 - deteccion - INFO - Pares: BNBETH, LINKBNB, LINKETH
2025-05-15 16:26:56,263 - deteccion - INFO - Precios: 0.2574, 0.02479, 0.006379
2025-05-15 16:42:47,135 - deteccion - INFO - Fetching market data (symbols and tickers), prioritizing Mobula...
2025-05-15 16:42:48,976 - deteccion - INFO - Obtenidos 500 símbolos desde Mobula.
2025-05-15 16:42:49,472 - deteccion - INFO - Obtenidos 2497 tickers válidos desde Binance (de 3106 totales).
2025-05-15 16:42:49,473 - deteccion - INFO - Market data fetch complete. Symbols: 500, Tickers: 2497.
2025-05-15 16:42:49,473 - deteccion - INFO - Sample symbols: ['ALGO', 'SAFU', 'FLD', 'VERSA', 'ASTRO']
2025-05-15 16:42:49,473 - deteccion - INFO - Sample tickers: {'ETHBTC': 0.02449, 'LTCBTC': 0.000961, 'BNBBTC': 0.006305, 'NEOBTC': 6.51e-05, 'QTUMETH': 0.000942}
2025-05-15 16:46:22,393 - deteccion - INFO - Fetching market data (symbols and tickers), prioritizing Mobula...
2025-05-15 16:46:41,459 - deteccion - WARNING - No se pudieron obtener símbolos desde Mobula. Fallback a Binance.
2025-05-15 16:46:55,714 - deteccion - ERROR - No se pudieron obtener los tickers desde Binance.
2025-05-15 16:49:37,210 - deteccion - INFO - Fetching market data (symbols and tickers), prioritizing Mobula...
2025-05-15 16:49:38,509 - deteccion - INFO - Obtenidos 400 símbolos desde Mobula.
2025-05-15 16:49:39,056 - deteccion - INFO - Obtenidos 2497 tickers válidos desde Binance (de 3106 totales).
2025-05-15 16:49:39,056 - deteccion - INFO - Market data fetch complete. Symbols: 400, Tickers: 2497.
2025-05-15 16:49:39,056 - deteccion - INFO - Sample symbols: ['ALGO', 'SAFU', 'FLD', 'VERSA', 'ASTRO']
2025-05-15 16:49:39,057 - deteccion - INFO - Sample tickers: {'ETHBTC': 0.02453, 'LTCBTC': 0.000959, 'BNBBTC': 0.006309, 'NEOBTC': 6.52e-05, 'QTUMETH': 0.000942}
2025-05-15 16:50:01,651 - deteccion - INFO - Finding triangular opportunities...
2025-05-15 16:50:01,651 - deteccion - INFO - Análisis de coincidencia de símbolos (muestra de 7 símbolos):
2025-05-15 16:50:01,652 - deteccion - INFO - - Símbolo: EXAWBTC, Existe en tickers: False, Precio: None, Precio válido: False
2025-05-15 16:50:01,652 - deteccion - INFO - - Símbolo: BTCMEME, Existe en tickers: False, Precio: None, Precio válido: False
2025-05-15 16:50:01,652 - deteccion - INFO - - Símbolo: APXETH, Existe en tickers: False, Precio: None, Precio válido: False
2025-05-15 16:50:01,652 - deteccion - INFO - - Símbolo: DETH, Existe en tickers: False, Precio: None, Precio válido: False
2025-05-15 16:50:01,652 - deteccion - INFO - - Símbolo: KETH, Existe en tickers: False, Precio: None, Precio válido: False
2025-05-15 16:50:01,652 - deteccion - INFO - - Símbolo: BNB, Existe en tickers: False, Precio: None, Precio válido: False
2025-05-15 16:50:01,653 - deteccion - INFO - - Símbolo: BBTC, Existe en tickers: False, Precio: None, Precio válido: False
2025-05-15 16:50:01,653 - deteccion - INFO - De la muestra analizada: 0 existen en tickers, 0 tienen precio válido
2025-05-15 16:50:01,653 - deteccion - INFO - Pocas coincidencias exactas, probando con coincidencia flexible de símbolos
2025-05-15 16:50:01,654 - deteccion - INFO - Coincidencia flexible: 'BNB' → 'BNBBTC' (precio: 0.006309)
2025-05-15 16:50:01,654 - deteccion - INFO - Coincidencia flexible: 'BNB' → 'BNBETH' (precio: 0.2573)
2025-05-15 16:50:01,654 - deteccion - INFO - Coincidencia flexible: 'KETH' → 'LINKETH' (precio: 0.006335)
2025-05-15 16:50:01,654 - deteccion - INFO - Coincidencia flexible: 'BBTC' → 'VIBBTC' (precio: 5.1e-07)
2025-05-15 16:50:01,654 - deteccion - INFO - Coincidencia flexible: 'BNB' → 'BNBUSDT' (precio: 652.65)
2025-05-15 16:50:01,654 - deteccion - INFO - Coincidencia flexible: 'BBTC' → 'AMBBTC' (precio: 1e-07)
2025-05-15 16:50:01,655 - deteccion - INFO - Coincidencia flexible: 'BNB' → 'NEOBNB' (precio: 0.03836)
2025-05-15 16:50:01,655 - deteccion - INFO - Coincidencia flexible: 'KETH' → 'LSKETH' (precio: 0.0003373)
2025-05-15 16:50:01,655 - deteccion - INFO - Coincidencia flexible: 'BNB' → 'IOTABNB' (precio: 0.000717)
2025-05-15 16:50:01,655 - deteccion - INFO - Coincidencia flexible: 'BNB' → 'XLMBNB' (precio: 0.0003036)
2025-05-15 16:50:01,655 - deteccion - INFO - Coincidencia flexible: 'BNB' → 'LTCBNB' (precio: 0.152)
2025-05-15 16:50:01,655 - deteccion - INFO - Coincidencia flexible: 'BNB' → 'WAVESBNB' (precio: 0.00513)
2025-05-15 16:50:01,655 - deteccion - INFO - Coincidencia flexible: 'BNB' → 'ZILBNB' (precio: 8.858e-05)
2025-05-15 16:50:01,655 - deteccion - INFO - Coincidencia flexible: 'BNB' → 'ADABNB' (precio: 0.001174)
2025-05-15 16:50:01,656 - deteccion - INFO - Coincidencia flexible: 'BNB' → 'ZENBNB' (precio: 0.0329)
2025-05-15 16:50:01,656 - deteccion - INFO - Coincidencia flexible: 'BNB' → 'EOSBNB' (precio: 0.002583)
2025-05-15 16:50:01,656 - deteccion - INFO - Coincidencia flexible: 'BNB' → 'THETABNB' (precio: 0.002736)
2025-05-15 16:50:01,656 - deteccion - INFO - Coincidencia flexible: 'BNB' → 'XRPBNB' (precio: 0.0037377)
2025-05-15 16:50:01,656 - deteccion - INFO - Coincidencia flexible: 'BNB' → 'ENJBNB' (precio: 0.001368)
2025-05-15 16:50:01,656 - deteccion - INFO - Coincidencia flexible: 'BNB' → 'TRXBNB' (precio: 0.0004191)
2025-05-15 16:50:01,657 - deteccion - INFO - Símbolos activos con ticker válido: 224 de 7
2025-05-15 16:50:01,657 - deteccion - INFO - Identificadas 221 monedas únicas. Símbolos parseados: 224, Fallos: 0
2025-05-15 16:50:01,657 - deteccion - INFO - Limitando a 100 monedas para combinaciones de arbitraje
2025-05-15 16:50:01,657 - deteccion - INFO - Usando 224 símbolos activos para available_pairs
2025-05-15 16:50:01,658 - deteccion - INFO - Pares disponibles para arbitraje: 224 (con precios válidos)
2025-05-15 16:50:01,658 - deteccion - INFO - Ejemplos de monedas: ['RUB', 'MATIC', 'EUR', 'VET', 'ETH']
2025-05-15 16:50:01,658 - deteccion - INFO - De la muestra de monedas, se encontraron 0 pares en available_pairs
2025-05-15 16:50:01,661 - deteccion - INFO - Primer triángulo encontrado: ETH-LINK-BNB
2025-05-15 16:50:01,661 - deteccion - INFO - Pares: LINKETH, LINKBNB, BNBETH
2025-05-15 16:50:01,662 - deteccion - INFO - Precios: 0.006335, 0.02463, 0.2573
2025-05-15 16:50:01,662 - deteccion - INFO - Oportunidad encontrada (A->B->C->A): ETH -> LINK -> BNB -> ETH
2025-05-15 16:50:01,662 - deteccion - INFO - Pares: LINKETH, LINKBNB, BNBETH
2025-05-15 16:50:01,662 - deteccion - INFO - Precios: 0.006335, 0.02463, 0.2573
2025-05-15 16:50:01,662 - deteccion - INFO - Factores: 157.85319652722967, 0.02463, 0.2573
2025-05-15 16:50:01,662 - deteccion - INFO - Rentabilidad Bruta: 0.036290%
2025-05-15 20:01:06,321 - deteccion - INFO - Fetching market data (symbols and tickers), prioritizing Mobula...
2025-05-15 20:01:08,602 - deteccion - INFO - Obtenidos 200 símbolos desde Mobula.
2025-05-15 20:01:09,145 - deteccion - INFO - Obtenidos 2497 tickers válidos desde Binance (de 3106 totales).
2025-05-15 20:01:09,146 - deteccion - INFO - Market data fetch complete. Symbols: 200, Tickers: 2497.
2025-05-15 20:01:09,146 - deteccion - INFO - Sample symbols: ['ALGO', 'SAFU', 'FLD', 'VERSA', 'ASTRO']
2025-05-15 20:01:09,146 - deteccion - INFO - Sample tickers: {'ETHBTC': 0.02457, 'LTCBTC': 0.000957, 'BNBBTC': 0.006286, 'NEOBTC': 6.47e-05, 'QTUMETH': 0.000937}
2025-05-15 20:01:45,959 - deteccion - INFO - Finding triangular opportunities...
2025-05-15 20:01:45,959 - deteccion - INFO - Análisis de coincidencia de símbolos (muestra de 5 símbolos):
2025-05-15 20:01:45,959 - deteccion - INFO - - Símbolo: EXAWBTC, Existe en tickers: False, Precio: None, Precio válido: False
2025-05-15 20:01:45,959 - deteccion - INFO - - Símbolo: BTCMEME, Existe en tickers: False, Precio: None, Precio válido: False
2025-05-15 20:01:45,960 - deteccion - INFO - - Símbolo: APXETH, Existe en tickers: False, Precio: None, Precio válido: False
2025-05-15 20:01:45,960 - deteccion - INFO - - Símbolo: DETH, Existe en tickers: False, Precio: None, Precio válido: False
2025-05-15 20:01:45,960 - deteccion - INFO - - Símbolo: KETH, Existe en tickers: False, Precio: None, Precio válido: False
2025-05-15 20:01:45,960 - deteccion - INFO - De la muestra analizada: 0 existen en tickers, 0 tienen precio válido
2025-05-15 20:01:45,960 - deteccion - INFO - Pocas coincidencias exactas, probando con coincidencia flexible de símbolos
2025-05-15 20:01:45,961 - deteccion - INFO - Coincidencia flexible: 'KETH' → 'LINKETH' (precio: 0.006293)
2025-05-15 20:01:45,961 - deteccion - INFO - Coincidencia flexible: 'KETH' → 'LSKETH' (precio: 0.0003373)
2025-05-15 20:01:45,961 - deteccion - INFO - Coincidencia flexible: 'DETH' → 'SANDETH' (precio: 0.0001466)
2025-05-15 20:01:45,961 - deteccion - INFO - Coincidencia flexible: 'DETH' → 'EGLDETH' (precio: 0.00756)
2025-05-15 20:01:45,962 - deteccion - INFO - Coincidencia flexible: 'DETH' → 'BONDETH' (precio: 0.002665)
2025-05-15 20:01:45,962 - deteccion - INFO - Coincidencia flexible: 'EXAWBTC' → 'WBTC' (precio: 9.4e-07)
2025-05-15 20:01:45,962 - deteccion - INFO - Símbolos activos con ticker válido: 6 de 5
2025-05-15 20:01:45,962 - deteccion - INFO - Muy pocos símbolos activos (6). Extrayendo monedas directamente de tickers
2025-05-15 20:01:45,968 - deteccion - INFO - Analizando 500 tickers para extraer monedas
2025-05-15 20:01:45,968 - deteccion - INFO - Extraídas 164 monedas directamente de tickers
2025-05-15 20:01:45,969 - deteccion - INFO - Identificadas 164 monedas únicas. Símbolos parseados: 0, Fallos: 0
2025-05-15 20:01:45,970 - deteccion - INFO - Limitando a 100 monedas para combinaciones de arbitraje
2025-05-15 20:01:45,970 - deteccion - INFO - Usando todos los 2497 tickers válidos para available_pairs
2025-05-15 20:01:45,970 - deteccion - INFO - Pares disponibles para arbitraje: 2497 (con precios válidos)
2025-05-15 20:01:45,970 - deteccion - INFO - Ejemplos de monedas: ['ATOM', 'XRP', 'LINK', 'USDC', 'USDT']
2025-05-15 20:01:45,971 - deteccion - INFO - Par encontrado: ATOMUSDC (precio: 4.861)
2025-05-15 20:01:45,971 - deteccion - INFO - Par encontrado: ATOMUSDT (precio: 4.86)
2025-05-15 20:01:45,971 - deteccion - INFO - Par encontrado: XRPUSDC (precio: 2.3843)
2025-05-15 20:01:45,971 - deteccion - INFO - Par encontrado: XRPUSDT (precio: 2.3835)
2025-05-15 20:01:45,972 - deteccion - INFO - Par encontrado: LINKUSDC (precio: 16.03)
2025-05-15 20:01:45,972 - deteccion - INFO - Par encontrado: LINKUSDT (precio: 16.02)
2025-05-15 20:01:45,972 - deteccion - INFO - Par encontrado: ATOMUSDC (precio: 4.861)
2025-05-15 20:01:45,973 - deteccion - INFO - Par encontrado: XRPUSDC (precio: 2.3843)
2025-05-15 20:01:45,973 - deteccion - INFO - Par encontrado: LINKUSDC (precio: 16.03)
2025-05-15 20:01:45,973 - deteccion - INFO - Par encontrado: USDCUSDT (precio: 0.9998)
2025-05-15 20:01:45,973 - deteccion - INFO - Par encontrado: ATOMUSDT (precio: 4.86)
2025-05-15 20:01:45,973 - deteccion - INFO - Par encontrado: XRPUSDT (precio: 2.3835)
2025-05-15 20:01:45,973 - deteccion - INFO - Par encontrado: LINKUSDT (precio: 16.02)
2025-05-15 20:01:45,973 - deteccion - INFO - Par encontrado: USDCUSDT (precio: 0.9998)
2025-05-15 20:01:45,973 - deteccion - INFO - De la muestra de monedas, se encontraron 14 pares en available_pairs
2025-05-15 20:01:45,974 - deteccion - INFO - Primer triángulo encontrado: ATOM-USDC-USDT
2025-05-15 20:01:45,974 - deteccion - INFO - Pares: ATOMUSDC, USDCUSDT, ATOMUSDT
2025-05-15 20:01:45,974 - deteccion - INFO - Precios: 4.861, 0.9998, 4.86
2025-05-15 20:01:45,974 - deteccion - INFO - Oportunidad encontrada (A->B->C->A): ATOM -> USDC -> USDT -> ATOM
2025-05-15 20:01:45,974 - deteccion - INFO - Pares: ATOMUSDC, USDCUSDT, ATOMUSDT
2025-05-15 20:01:45,974 - deteccion - INFO - Precios: 4.861, 0.9998, 4.86
2025-05-15 20:01:45,974 - deteccion - INFO - Factores: 4.861, 0.9998, 0.20576131687242796
2025-05-15 20:01:45,974 - deteccion - INFO - Rentabilidad Bruta: 0.000572%
2025-05-15 20:01:45,975 - deteccion - INFO - Oportunidad encontrada (A->B->C->A): ATOM -> USDC -> BTC -> ATOM
2025-05-15 20:01:45,975 - deteccion - INFO - Pares: ATOMUSDC, BTCUSDC, ATOMBTC
2025-05-15 20:01:45,975 - deteccion - INFO - Precios: 4.861, 103691.99, 4.68e-05
2025-05-15 20:01:45,975 - deteccion - INFO - Factores: 4.861, 9.643946461052585e-06, 21367.521367521367
2025-05-15 20:01:45,975 - deteccion - INFO - Rentabilidad Bruta: 0.169282%
2025-05-15 20:01:45,976 - deteccion - INFO - Oportunidad encontrada (A->B->C->A): ATOM -> USDC -> BNB -> ATOM
2025-05-15 20:01:45,976 - deteccion - INFO - Pares: ATOMUSDC, BNBUSDC, ATOMBNB
2025-05-15 20:01:45,976 - deteccion - INFO - Precios: 4.861, 651.97, 0.00739
2025-05-15 20:01:45,976 - deteccion - INFO - Factores: 4.861, 0.001533812905501787, 135.31799729364005
2025-05-15 20:01:45,976 - deteccion - INFO - Rentabilidad Bruta: 0.891266%
2025-05-15 20:01:45,976 - deteccion - INFO - Oportunidad encontrada (A->B->C->A): ATOM -> USDC -> EUR -> ATOM
2025-05-15 20:01:45,976 - deteccion - INFO - Pares: ATOMUSDC, EURUSDC, ATOMEUR
2025-05-15 20:01:45,976 - deteccion - INFO - Precios: 4.861, 1.119, 4.332
2025-05-15 20:01:45,976 - deteccion - INFO - Factores: 4.861, 0.8936550491510277, 0.23084025854108958
2025-05-15 20:01:45,977 - deteccion - INFO - Rentabilidad Bruta: 0.278329%
2025-05-15 20:01:45,977 - deteccion - INFO - Oportunidad encontrada (A->B->C->A): ATOM -> USDT -> BTC -> ATOM
2025-05-15 20:01:45,977 - deteccion - INFO - Pares: ATOMUSDT, BTCUSDT, ATOMBTC
2025-05-15 20:01:45,977 - deteccion - INFO - Precios: 4.86, 103664.41, 4.68e-05
2025-05-15 20:01:45,977 - deteccion - INFO - Factores: 4.86, 9.646512240797009e-06, 21367.521367521367
2025-05-15 20:01:45,977 - deteccion - INFO - Rentabilidad Bruta: 0.175319%
2025-05-15 20:01:45,977 - deteccion - INFO - Oportunidad encontrada (A->B->C->A): ATOM -> USDT -> BNB -> ATOM
2025-05-15 20:01:45,977 - deteccion - INFO - Pares: ATOMUSDT, BNBUSDT, ATOMBNB
2025-05-15 20:01:45,978 - deteccion - INFO - Precios: 4.86, 651.75, 0.00739
2025-05-15 20:01:45,978 - deteccion - INFO - Factores: 4.86, 0.0015343306482546988, 135.31799729364005
2025-05-15 20:01:45,978 - deteccion - INFO - Rentabilidad Bruta: 0.904560%
2025-05-15 20:01:45,978 - deteccion - INFO - Oportunidad encontrada (A->B->C->A): ATOM -> USDT -> EUR -> ATOM
2025-05-15 20:01:45,978 - deteccion - INFO - Pares: ATOMUSDT, EURUSDT, ATOMEUR
2025-05-15 20:01:45,978 - deteccion - INFO - Precios: 4.86, 1.1185, 4.332
2025-05-15 20:01:45,979 - deteccion - INFO - Factores: 4.86, 0.8940545373267769, 0.23084025854108958
2025-05-15 20:01:45,979 - deteccion - INFO - Rentabilidad Bruta: 0.302517%
2025-05-15 20:01:45,979 - deteccion - INFO - Oportunidad encontrada (A->B->C->A): ATOM -> BTC -> BNB -> ATOM
2025-05-15 20:01:45,979 - deteccion - INFO - Pares: ATOMBTC, BNBBTC, ATOMBNB
2025-05-15 20:01:45,979 - deteccion - INFO - Precios: 4.68e-05, 0.006286, 0.00739
2025-05-15 20:01:45,980 - deteccion - INFO - Factores: 4.68e-05, 159.0836780146357, 135.31799729364005
2025-05-15 20:01:45,980 - deteccion - INFO - Rentabilidad Bruta: 0.745820%
2025-05-15 20:01:45,980 - deteccion - INFO - Oportunidad encontrada (A->B->C->A): ATOM -> BTC -> EUR -> ATOM
2025-05-15 20:01:45,980 - deteccion - INFO - Pares: ATOMBTC, BTCEUR, ATOMEUR
2025-05-15 20:01:45,980 - deteccion - INFO - Precios: 4.68e-05, 92662.31, 4.332
2025-05-15 20:01:45,980 - deteccion - INFO - Factores: 4.68e-05, 92662.31, 0.23084025854108958
2025-05-15 20:01:45,980 - deteccion - INFO - Rentabilidad Bruta: 0.106097%
2025-05-15 20:01:45,981 - deteccion - INFO - Oportunidad encontrada (A->B->C->A): ATOM -> ETH -> BNB -> ATOM
2025-05-15 20:01:45,981 - deteccion - INFO - Pares: ATOMETH, BNBETH, ATOMBNB
2025-05-15 20:01:45,981 - deteccion - INFO - Precios: 0.001908, 0.2558, 0.00739
2025-05-15 20:01:45,981 - deteccion - INFO - Factores: 0.001908, 3.909304143862392, 135.31799729364005
2025-05-15 20:01:45,981 - deteccion - INFO - Rentabilidad Bruta: 0.933049%
2025-05-15 20:01:45,981 - deteccion - INFO - Oportunidad encontrada (A->B->C->A): ATOM -> ETH -> EUR -> ATOM
2025-05-15 20:01:45,981 - deteccion - INFO - Pares: ATOMETH, ETHEUR, ATOMEUR
2025-05-15 20:01:45,981 - deteccion - INFO - Precios: 0.001908, 2277.33, 4.332
2025-05-15 20:01:45,982 - deteccion - INFO - Factores: 0.001908, 2277.33, 0.23084025854108958
2025-05-15 20:01:45,982 - deteccion - INFO - Rentabilidad Bruta: 0.303454%
2025-05-15 20:01:45,982 - deteccion - INFO - Oportunidad encontrada (A->B->C->A): ATOM -> BUSD -> EUR -> ATOM
2025-05-15 20:01:45,982 - deteccion - INFO - Pares: ATOMBUSD, EURBUSD, ATOMEUR
2025-05-15 20:01:45,983 - deteccion - INFO - Precios: 11.219, 1.0757, 4.332
2025-05-15 20:01:45,983 - deteccion - INFO - Factores: 11.219, 0.9296272194849864, 0.23084025854108958
2025-05-15 20:01:45,983 - deteccion - INFO - Rentabilidad Bruta: 140.754565%
2025-05-15 20:01:45,984 - deteccion - INFO - Oportunidad encontrada (A->B->C->A): XRP -> USDC -> USDT -> XRP
2025-05-15 20:01:45,984 - deteccion - INFO - Pares: XRPUSDC, USDCUSDT, XRPUSDT
2025-05-15 20:01:45,984 - deteccion - INFO - Precios: 2.3843, 0.9998, 2.3835
2025-05-15 20:01:45,984 - deteccion - INFO - Factores: 2.3843, 0.9998, 0.4195510803440319
2025-05-15 20:01:45,985 - deteccion - INFO - Rentabilidad Bruta: 0.013557%
2025-05-15 20:01:45,985 - deteccion - INFO - Oportunidad encontrada (A->B->C->A): XRP -> USDC -> TRX -> XRP
2025-05-15 20:01:45,985 - deteccion - INFO - Pares: XRPUSDC, TRXUSDC, TRXXRP
2025-05-15 20:01:45,985 - deteccion - INFO - Precios: 2.3843, 0.2728, 0.1145
2025-05-15 20:01:45,985 - deteccion - INFO - Factores: 2.3843, 3.6656891495601176, 0.1145
2025-05-15 20:01:45,985 - deteccion - INFO - Rentabilidad Bruta: 0.074175%
2025-05-15 20:01:45,985 - deteccion - INFO - Oportunidad encontrada (A->B->C->A): XRP -> USDC -> AUD -> XRP
2025-05-15 20:01:45,985 - deteccion - INFO - Pares: XRPUSDC, AUDUSDC, XRPAUD
2025-05-15 20:01:45,985 - deteccion - INFO - Precios: 2.3843, 0.6477, 0.7
2025-05-15 20:01:45,986 - deteccion - INFO - Factores: 2.3843, 1.543924656476764, 1.4285714285714286
2025-05-15 20:01:45,986 - deteccion - INFO - Rentabilidad Bruta: 425.882794%
2025-05-15 20:01:45,986 - deteccion - INFO - Oportunidad encontrada (A->B->C->A): XRP -> USDC -> BUSD -> XRP
2025-05-15 20:01:45,986 - deteccion - INFO - Pares: XRPUSDC, USDCBUSD, XRPBUSD
2025-05-15 20:01:45,986 - deteccion - INFO - Precios: 2.3843, 0.9999, 0.6345
2025-05-15 20:01:45,986 - deteccion - INFO - Factores: 2.3843, 0.9999, 1.5760441292356187
2025-05-15 20:01:45,986 - deteccion - INFO - Rentabilidad Bruta: 275.738624%
2025-05-15 20:01:45,986 - deteccion - INFO - Oportunidad encontrada (A->B->C->A): XRP -> USDC -> EUR -> XRP
2025-05-15 20:01:45,987 - deteccion - INFO - Pares: XRPUSDC, EURUSDC, XRPEUR
2025-05-15 20:01:45,987 - deteccion - INFO - Precios: 2.3843, 1.119, 2.1306
2025-05-15 20:01:45,987 - deteccion - INFO - Factores: 2.3843, 0.8936550491510277, 0.4693513564254201
2025-05-15 20:01:45,987 - deteccion - INFO - Rentabilidad Bruta: 0.006652%
2025-05-15 20:01:45,987 - deteccion - INFO - Oportunidad encontrada (A->B->C->A): XRP -> USDT -> TUSD -> XRP
2025-05-15 20:01:45,988 - deteccion - INFO - Pares: XRPUSDT, TUSDUSDT, XRPTUSD
2025-05-15 20:01:45,988 - deteccion - INFO - Precios: 2.3835, 0.9982, 2.387
2025-05-15 20:01:45,988 - deteccion - INFO - Factores: 2.3835, 1.0018032458425166, 0.41893590280687054
2025-05-15 20:01:45,988 - deteccion - INFO - Rentabilidad Bruta: 0.033433%
2025-05-15 20:01:45,988 - deteccion - INFO - Oportunidad encontrada (A->B->C->A): XRP -> USDT -> TRX -> XRP
2025-05-15 20:01:45,988 - deteccion - INFO - Pares: XRPUSDT, TRXUSDT, TRXXRP
2025-05-15 20:01:45,989 - deteccion - INFO - Precios: 2.3835, 0.2727, 0.1145
2025-05-15 20:01:45,989 - deteccion - INFO - Factores: 2.3835, 3.6670333700036672, 0.1145
2025-05-15 20:01:45,989 - deteccion - INFO - Rentabilidad Bruta: 0.077283%
2025-05-15 20:01:45,989 - deteccion - INFO - Oportunidad encontrada (A->B->C->A): XRP -> USDT -> AUD -> XRP
2025-05-15 20:01:45,990 - deteccion - INFO - Pares: XRPUSDT, AUDUSDT, XRPAUD
2025-05-15 20:01:45,990 - deteccion - INFO - Precios: 2.3835, 0.7252, 0.7
2025-05-15 20:01:45,990 - deteccion - INFO - Factores: 2.3835, 1.378929950358522, 1.4285714285714286
2025-05-15 20:01:45,990 - deteccion - INFO - Rentabilidad Bruta: 369.525648%
2025-05-15 20:01:45,990 - deteccion - INFO - Oportunidad encontrada (A->B->C->A): XRP -> USDT -> GBP -> XRP
2025-05-15 20:01:45,990 - deteccion - INFO - Pares: XRPUSDT, GBPUSDT, XRPGBP
2025-05-15 20:01:45,990 - deteccion - INFO - Precios: 2.3835, 1.18, 0.5257
2025-05-15 20:01:45,990 - deteccion - INFO - Factores: 2.3835, 0.8474576271186441, 1.9022256039566294
2025-05-15 20:01:45,990 - deteccion - INFO - Rentabilidad Bruta: 284.233451%
2025-05-15 20:01:45,991 - deteccion - INFO - Oportunidad encontrada (A->B->C->A): XRP -> USDT -> BUSD -> XRP
2025-05-15 20:01:45,991 - deteccion - INFO - Pares: XRPUSDT, BUSDUSDT, XRPBUSD
2025-05-15 20:01:45,991 - deteccion - INFO - Precios: 2.3835, 1.0003, 0.6345
2025-05-15 20:01:45,991 - deteccion - INFO - Factores: 2.3835, 0.9997000899730081, 1.5760441292356187
2025-05-15 20:01:45,991 - deteccion - INFO - Rentabilidad Bruta: 275.537457%
2025-05-15 20:01:45,991 - deteccion - INFO - Oportunidad encontrada (A->B->C->A): XRP -> USDT -> EUR -> XRP
2025-05-15 20:01:45,992 - deteccion - INFO - Pares: XRPUSDT, EURUSDT, XRPEUR
2025-05-15 20:01:45,992 - deteccion - INFO - Precios: 2.3835, 1.1185, 2.1306
2025-05-15 20:01:45,992 - deteccion - INFO - Factores: 2.3835, 0.8940545373267769, 0.4693513564254201
2025-05-15 20:01:45,992 - deteccion - INFO - Rentabilidad Bruta: 0.017788%
2025-05-15 20:01:45,992 - deteccion - INFO - Oportunidad encontrada (A->B->C->A): XRP -> BTC -> TUSD -> XRP
2025-05-15 20:01:45,993 - deteccion - INFO - Pares: XRPBTC, BTCTUSD, XRPTUSD
2025-05-15 20:01:45,993 - deteccion - INFO - Precios: 2.3e-05, 103965.63, 2.387
2025-05-15 20:01:45,993 - deteccion - INFO - Factores: 2.3e-05, 103965.63, 0.41893590280687054
2025-05-15 20:01:45,993 - deteccion - INFO - Rentabilidad Bruta: 0.176351%
2025-05-15 20:01:45,993 - deteccion - INFO - Oportunidad encontrada (A->B->C->A): XRP -> BTC -> ETH -> XRP
2025-05-15 20:01:45,993 - deteccion - INFO - Pares: XRPBTC, ETHBTC, XRPETH
2025-05-15 20:01:45,993 - deteccion - INFO - Precios: 2.3e-05, 0.02457, 0.0009359
2025-05-15 20:01:45,994 - deteccion - INFO - Factores: 2.3e-05, 40.700040700040695, 1068.4902233144567
2025-05-15 20:01:45,994 - deteccion - INFO - Rentabilidad Bruta: 0.021470%
2025-05-15 20:01:45,994 - deteccion - INFO - Oportunidad encontrada (A->B->C->A): XRP -> BTC -> TRX -> XRP
2025-05-15 20:01:45,994 - deteccion - INFO - Pares: XRPBTC, TRXBTC, TRXXRP
2025-05-15 20:01:45,994 - deteccion - INFO - Precios: 2.3e-05, 2.63e-06, 0.1145
2025-05-15 20:01:45,994 - deteccion - INFO - Factores: 2.3e-05, 380228.1368821293, 0.1145
2025-05-15 20:01:45,995 - deteccion - INFO - Rentabilidad Bruta: 0.133080%
2025-05-15 20:01:45,995 - deteccion - INFO - Oportunidad encontrada (A->B->C->A): XRP -> BTC -> AUD -> XRP
2025-05-15 20:01:45,995 - deteccion - INFO - Pares: XRPBTC, BTCAUD, XRPAUD
2025-05-15 20:01:45,996 - deteccion - INFO - Precios: 2.3e-05, 37210.08, 0.7
2025-05-15 20:01:45,996 - deteccion - INFO - Factores: 2.3e-05, 37210.08, 1.4285714285714286
2025-05-15 20:01:45,996 - deteccion - INFO - Rentabilidad Bruta: 22.261691%
2025-05-15 20:01:45,996 - deteccion - INFO - Oportunidad encontrada (A->B->C->A): XRP -> BTC -> BNB -> XRP
2025-05-15 20:01:45,997 - deteccion - INFO - Pares: XRPBTC, BNBBTC, XRPBNB
2025-05-15 20:01:45,997 - deteccion - INFO - Precios: 2.3e-05, 0.006286, 0.0036577
2025-05-15 20:01:45,997 - deteccion - INFO - Factores: 2.3e-05, 159.0836780146357, 273.3958498509993
2025-05-15 20:01:45,997 - deteccion - INFO - Rentabilidad Bruta: 0.033480%
2025-05-15 20:01:45,997 - deteccion - INFO - Oportunidad encontrada (A->B->C->A): XRP -> BTC -> GBP -> XRP
2025-05-15 20:01:45,997 - deteccion - INFO - Pares: XRPBTC, BTCGBP, XRPGBP
2025-05-15 20:01:45,998 - deteccion - INFO - Precios: 2.3e-05, 35986.75, 0.5257
2025-05-15 20:01:45,998 - deteccion - INFO - Factores: 2.3e-05, 35986.75, 1.9022256039566294
2025-05-15 20:01:45,998 - deteccion - INFO - Rentabilidad Bruta: 57.446310%
2025-05-15 20:01:45,998 - deteccion - INFO - Oportunidad encontrada (A->B->C->A): XRP -> BTC -> BUSD -> XRP
2025-05-15 20:01:45,998 - deteccion - INFO - Pares: XRPBTC, BTCBUSD, XRPBUSD
2025-05-15 20:01:45,998 - deteccion - INFO - Precios: 2.3e-05, 42769.4, 0.6345
2025-05-15 20:01:45,998 - deteccion - INFO - Factores: 2.3e-05, 42769.4, 1.5760441292356187
2025-05-15 20:01:45,998 - deteccion - INFO - Rentabilidad Bruta: 55.034862%
2025-05-15 20:01:45,999 - deteccion - INFO - Oportunidad encontrada (A->B->C->A): XRP -> BTC -> EUR -> XRP
2025-05-15 20:01:45,999 - deteccion - INFO - Pares: XRPBTC, BTCEUR, XRPEUR
2025-05-15 20:01:45,999 - deteccion - INFO - Precios: 2.3e-05, 92662.31, 2.1306
2025-05-15 20:01:45,999 - deteccion - INFO - Factores: 2.3e-05, 92662.31, 0.4693513564254201
2025-05-15 20:01:45,999 - deteccion - INFO - Rentabilidad Bruta: 0.029716%
2025-05-15 20:01:45,999 - deteccion - INFO - Oportunidad encontrada (A->B->C->A): XRP -> TUSD -> ETH -> XRP
2025-05-15 20:01:46,000 - deteccion - INFO - Pares: XRPTUSD, ETHTUSD, XRPETH
2025-05-15 20:01:46,000 - deteccion - INFO - Precios: 2.387, 2544.59, 0.0009359
2025-05-15 20:01:46,000 - deteccion - INFO - Factores: 2.387, 0.00039299061931391695, 1068.4902233144567
2025-05-15 20:01:46,000 - deteccion - INFO - Rentabilidad Bruta: 0.231714%
2025-05-15 20:01:46,000 - deteccion - INFO - Oportunidad encontrada (A->B->C->A): XRP -> TUSD -> TRX -> XRP
2025-05-15 20:01:46,000 - deteccion - INFO - Pares: XRPTUSD, TRXTUSD, TRXXRP
2025-05-15 20:01:46,001 - deteccion - INFO - Precios: 2.387, 0.05986, 0.1145
2025-05-15 20:01:46,001 - deteccion - INFO - Factores: 2.387, 16.70564650851988, 0.1145
2025-05-15 20:01:46,001 - deteccion - INFO - Rentabilidad Bruta: 356.584531%
2025-05-15 20:01:46,001 - deteccion - INFO - Oportunidad encontrada (A->B->C->A): XRP -> TUSD -> BUSD -> XRP
2025-05-15 20:01:46,001 - deteccion - INFO - Pares: XRPTUSD, TUSDBUSD, XRPBUSD
2025-05-15 20:01:46,001 - deteccion - INFO - Precios: 2.387, 0.9966, 0.6345
2025-05-15 20:01:46,002 - deteccion - INFO - Factores: 2.387, 0.9966, 1.5760441292356187
2025-05-15 20:01:46,002 - deteccion - INFO - Rentabilidad Bruta: 274.922648%
2025-05-15 20:01:46,002 - deteccion - INFO - Oportunidad encontrada (A->B->C->A): XRP -> ETH -> TRX -> XRP
2025-05-15 20:01:46,003 - deteccion - INFO - Pares: XRPETH, TRXETH, TRXXRP
2025-05-15 20:01:46,003 - deteccion - INFO - Precios: 0.0009359, 0.00010708, 0.1145
2025-05-15 20:01:46,003 - deteccion - INFO - Factores: 0.0009359, 9338.812103100487, 0.1145
2025-05-15 20:01:46,003 - deteccion - INFO - Rentabilidad Bruta: 0.075224%
2025-05-15 20:01:46,004 - deteccion - INFO - Oportunidad encontrada (A->B->C->A): XRP -> ETH -> AUD -> XRP
2025-05-15 20:01:46,004 - deteccion - INFO - Pares: XRPETH, ETHAUD, XRPAUD
2025-05-15 20:01:46,004 - deteccion - INFO - Precios: 0.0009359, 2565.09, 0.7
2025-05-15 20:01:46,004 - deteccion - INFO - Factores: 0.0009359, 2565.09, 1.4285714285714286
2025-05-15 20:01:46,004 - deteccion - INFO - Rentabilidad Bruta: 242.952533%
2025-05-15 20:01:46,004 - deteccion - INFO - Oportunidad encontrada (A->B->C->A): XRP -> ETH -> BNB -> XRP
2025-05-15 20:01:46,005 - deteccion - INFO - Pares: XRPETH, BNBETH, XRPBNB
2025-05-15 20:01:46,005 - deteccion - INFO - Precios: 0.0009359, 0.2558, 0.0036577
2025-05-15 20:01:46,005 - deteccion - INFO - Factores: 0.0009359, 3.909304143862392, 273.3958498509993
2025-05-15 20:01:46,005 - deteccion - INFO - Rentabilidad Bruta: 0.027825%
2025-05-15 20:01:46,005 - deteccion - INFO - Oportunidad encontrada (A->B->C->A): XRP -> ETH -> GBP -> XRP
2025-05-15 20:01:46,005 - deteccion - INFO - Pares: XRPETH, ETHGBP, XRPGBP
2025-05-15 20:01:46,005 - deteccion - INFO - Precios: 0.0009359, 1974.32, 0.5257
2025-05-15 20:01:46,006 - deteccion - INFO - Factores: 0.0009359, 1974.32, 1.9022256039566294
2025-05-15 20:01:46,006 - deteccion - INFO - Rentabilidad Bruta: 251.486796%
2025-05-15 20:01:46,006 - deteccion - INFO - Oportunidad encontrada (A->B->C->A): XRP -> ETH -> BUSD -> XRP
2025-05-15 20:01:46,006 - deteccion - INFO - Pares: XRPETH, ETHBUSD, XRPBUSD
2025-05-15 20:01:46,006 - deteccion - INFO - Precios: 0.0009359, 2281.12, 0.6345
2025-05-15 20:01:46,006 - deteccion - INFO - Factores: 0.0009359, 2281.12, 1.5760441292356187
2025-05-15 20:01:46,006 - deteccion - INFO - Rentabilidad Bruta: 236.469694%
2025-05-15 20:01:46,006 - deteccion - INFO - Oportunidad encontrada (A->B->C->A): XRP -> ETH -> EUR -> XRP
2025-05-15 20:01:46,007 - deteccion - INFO - Pares: XRPETH, ETHEUR, XRPEUR
2025-05-15 20:01:46,007 - deteccion - INFO - Precios: 0.0009359, 2277.33, 2.1306
2025-05-15 20:01:46,007 - deteccion - INFO - Factores: 0.0009359, 2277.33, 0.4693513564254201
2025-05-15 20:01:46,007 - deteccion - INFO - Rentabilidad Bruta: 0.035349%
2025-05-15 20:01:46,007 - deteccion - INFO - Oportunidad encontrada (A->B->C->A): XRP -> TRX -> BUSD -> XRP
2025-05-15 20:01:46,007 - deteccion - INFO - Pares: TRXXRP, TRXBUSD, XRPBUSD
2025-05-15 20:01:46,007 - deteccion - INFO - Precios: 0.1145, 0.10329, 0.6345
2025-05-15 20:01:46,007 - deteccion - INFO - Factores: 8.73362445414847, 0.10329, 1.5760441292356187
2025-05-15 20:01:46,007 - deteccion - INFO - Rentabilidad Bruta: 42.174321%
2025-05-15 20:01:46,008 - deteccion - INFO - Oportunidad encontrada (A->B->C->A): XRP -> BNB -> GBP -> XRP
2025-05-15 20:01:46,008 - deteccion - INFO - Pares: XRPBNB, BNBGBP, XRPGBP
2025-05-15 20:01:46,008 - deteccion - INFO - Precios: 0.0036577, 267.4, 0.5257
2025-05-15 20:01:46,008 - deteccion - INFO - Factores: 0.0036577, 267.4, 1.9022256039566294
2025-05-15 20:01:46,008 - deteccion - INFO - Rentabilidad Bruta: 86.050786%
2025-05-15 20:01:46,008 - deteccion - INFO - Oportunidad encontrada (A->B->C->A): XRP -> BNB -> BUSD -> XRP
2025-05-15 20:01:46,008 - deteccion - INFO - Pares: XRPBNB, BNBBUSD, XRPBUSD
2025-05-15 20:01:46,008 - deteccion - INFO - Precios: 0.0036577, 251.8, 0.6345
2025-05-15 20:01:46,008 - deteccion - INFO - Factores: 0.0036577, 251.8, 1.5760441292356187
2025-05-15 20:01:46,009 - deteccion - INFO - Rentabilidad Bruta: 45.155061%
2025-05-15 20:01:46,009 - deteccion - INFO - Oportunidad encontrada (A->B->C->A): XRP -> BNB -> EUR -> XRP
2025-05-15 20:01:46,009 - deteccion - INFO - Pares: XRPBNB, BNBEUR, XRPEUR
2025-05-15 20:01:46,009 - deteccion - INFO - Precios: 0.0036577, 582.68, 2.1306
2025-05-15 20:01:46,009 - deteccion - INFO - Factores: 0.0036577, 582.68, 0.4693513564254201
2025-05-15 20:01:46,009 - deteccion - INFO - Rentabilidad Bruta: 0.031383%
2025-05-15 20:01:46,010 - deteccion - INFO - Oportunidad encontrada (A->B->C->A): XRP -> GBP -> BUSD -> XRP
2025-05-15 20:01:46,010 - deteccion - INFO - Pares: XRPGBP, GBPBUSD, XRPBUSD
2025-05-15 20:01:46,010 - deteccion - INFO - Precios: 0.5257, 1.239, 0.6345
2025-05-15 20:01:46,010 - deteccion - INFO - Factores: 0.5257, 1.239, 1.5760441292356187
2025-05-15 20:01:46,010 - deteccion - INFO - Rentabilidad Bruta: 2.654421%
2025-05-15 20:01:46,011 - deteccion - INFO - Oportunidad encontrada (A->B->C->A): LINK -> USDC -> USDT -> LINK
2025-05-15 20:01:46,011 - deteccion - INFO - Pares: LINKUSDC, USDCUSDT, LINKUSDT
2025-05-15 20:01:46,011 - deteccion - INFO - Precios: 16.03, 0.9998, 16.02
2025-05-15 20:01:46,011 - deteccion - INFO - Factores: 16.03, 0.9998, 0.062421972534332085
2025-05-15 20:01:46,011 - deteccion - INFO - Rentabilidad Bruta: 0.042409%
2025-05-15 20:01:46,011 - deteccion - INFO - Oportunidad encontrada (A->B->C->A): LINK -> USDC -> BTC -> LINK
2025-05-15 20:01:46,011 - deteccion - INFO - Pares: LINKUSDC, BTCUSDC, LINKBTC
2025-05-15 20:01:46,012 - deteccion - INFO - Precios: 16.03, 103691.99, 0.0001544
2025-05-15 20:01:46,012 - deteccion - INFO - Factores: 16.03, 9.643946461052585e-06, 6476.683937823834
2025-05-15 20:01:46,012 - deteccion - INFO - Rentabilidad Bruta: 0.124651%
2025-05-15 20:01:46,012 - deteccion - INFO - Oportunidad encontrada (A->B->C->A): LINK -> USDC -> AUD -> LINK
2025-05-15 20:01:46,012 - deteccion - INFO - Pares: LINKUSDC, AUDUSDC, LINKAUD
2025-05-15 20:01:46,013 - deteccion - INFO - Precios: 16.03, 0.6477, 7.986
2025-05-15 20:01:46,013 - deteccion - INFO - Factores: 16.03, 1.543924656476764, 0.12521913348359628
2025-05-15 20:01:46,013 - deteccion - INFO - Rentabilidad Bruta: 209.906239%
2025-05-15 20:01:46,013 - deteccion - INFO - Oportunidad encontrada (A->B->C->A): LINK -> USDC -> BUSD -> LINK
2025-05-15 20:01:46,014 - deteccion - INFO - Pares: LINKUSDC, USDCBUSD, LINKBUSD
2025-05-15 20:01:46,014 - deteccion - INFO - Precios: 16.03, 0.9999, 14.071
2025-05-15 20:01:46,014 - deteccion - INFO - Factores: 16.03, 0.9999, 0.07106815436003128
2025-05-15 20:01:46,014 - deteccion - INFO - Rentabilidad Bruta: 13.910859%
2025-05-15 20:01:46,014 - deteccion - INFO - Oportunidad encontrada (A->B->C->A): LINK -> USDT -> BTC -> LINK
2025-05-15 20:01:46,015 - deteccion - INFO - Pares: LINKUSDT, BTCUSDT, LINKBTC
2025-05-15 20:01:46,015 - deteccion - INFO - Precios: 16.02, 103664.41, 0.0001544
2025-05-15 20:01:46,015 - deteccion - INFO - Factores: 16.02, 9.646512240797009e-06, 6476.683937823834
2025-05-15 20:01:46,015 - deteccion - INFO - Rentabilidad Bruta: 0.088812%
2025-05-15 20:01:46,015 - deteccion - INFO - Oportunidad encontrada (A->B->C->A): LINK -> USDT -> TUSD -> LINK
2025-05-15 20:01:46,016 - deteccion - INFO - Pares: LINKUSDT, TUSDUSDT, LINKTUSD
2025-05-15 20:01:46,016 - deteccion - INFO - Precios: 16.02, 0.9982, 14.423
2025-05-15 20:01:46,016 - deteccion - INFO - Factores: 16.02, 1.0018032458425166, 0.06933370311308328
2025-05-15 20:01:46,017 - deteccion - INFO - Rentabilidad Bruta: 11.272884%
2025-05-15 20:01:46,017 - deteccion - INFO - Oportunidad encontrada (A->B->C->A): LINK -> USDT -> AUD -> LINK
2025-05-15 20:01:46,017 - deteccion - INFO - Pares: LINKUSDT, AUDUSDT, LINKAUD
2025-05-15 20:01:46,017 - deteccion - INFO - Precios: 16.02, 0.7252, 7.986
2025-05-15 20:01:46,017 - deteccion - INFO - Factores: 16.02, 1.378929950358522, 0.12521913348359628
2025-05-15 20:01:46,017 - deteccion - INFO - Rentabilidad Bruta: 176.614798%
2025-05-15 20:01:46,018 - deteccion - INFO - Oportunidad encontrada (A->B->C->A): LINK -> USDT -> GBP -> LINK
2025-05-15 20:01:46,018 - deteccion - INFO - Pares: LINKUSDT, GBPUSDT, LINKGBP
2025-05-15 20:01:46,018 - deteccion - INFO - Precios: 16.02, 1.18, 13.173
2025-05-15 20:01:46,018 - deteccion - INFO - Factores: 16.02, 0.8474576271186441, 0.07591285204585137
2025-05-15 20:01:46,019 - deteccion - INFO - Rentabilidad Bruta: 3.061347%
2025-05-15 20:01:46,019 - deteccion - INFO - Oportunidad encontrada (A->B->C->A): LINK -> USDT -> BUSD -> LINK
2025-05-15 20:01:46,019 - deteccion - INFO - Pares: LINKUSDT, BUSDUSDT, LINKBUSD
2025-05-15 20:01:46,019 - deteccion - INFO - Precios: 16.02, 1.0003, 14.071
2025-05-15 20:01:46,020 - deteccion - INFO - Factores: 16.02, 0.9997000899730081, 0.07106815436003128
2025-05-15 20:01:46,020 - deteccion - INFO - Rentabilidad Bruta: 13.817038%
2025-05-15 20:01:46,020 - deteccion - INFO - Oportunidad encontrada (A->B->C->A): LINK -> BTC -> TUSD -> LINK
2025-05-15 20:01:46,020 - deteccion - INFO - Pares: LINKBTC, BTCTUSD, LINKTUSD
2025-05-15 20:01:46,020 - deteccion - INFO - Precios: 0.0001544, 103965.63, 14.423
2025-05-15 20:01:46,021 - deteccion - INFO - Factores: 0.0001544, 103965.63, 0.06933370311308328
2025-05-15 20:01:46,021 - deteccion - INFO - Rentabilidad Bruta: 11.296494%
2025-05-15 20:01:46,021 - deteccion - INFO - Oportunidad encontrada (A->B->C->A): LINK -> TUSD -> BUSD -> LINK
2025-05-15 20:01:46,021 - deteccion - INFO - Pares: LINKTUSD, TUSDBUSD, LINKBUSD
2025-05-15 20:01:46,021 - deteccion - INFO - Precios: 14.423, 0.9966, 14.071
2025-05-15 20:01:46,021 - deteccion - INFO - Factores: 14.423, 0.9966, 0.07106815436003128
2025-05-15 20:01:46,021 - deteccion - INFO - Rentabilidad Bruta: 2.153094%
2025-05-15 20:01:46,022 - deteccion - INFO - Oportunidad encontrada (A->B->C->A): LINK -> ETH -> AUD -> LINK
2025-05-15 20:01:46,022 - deteccion - INFO - Pares: LINKETH, ETHAUD, LINKAUD
2025-05-15 20:01:46,022 - deteccion - INFO - Precios: 0.006293, 2565.09, 7.986
2025-05-15 20:01:46,022 - deteccion - INFO - Factores: 0.006293, 2565.09, 0.12521913348359628
2025-05-15 20:01:46,022 - deteccion - INFO - Rentabilidad Bruta: 102.130120%
2025-05-15 20:01:46,022 - deteccion - INFO - Oportunidad encontrada (A->B->C->A): LINK -> ETH -> BNB -> LINK
2025-05-15 20:01:46,022 - deteccion - INFO - Pares: LINKETH, BNBETH, LINKBNB
2025-05-15 20:01:46,023 - deteccion - INFO - Precios: 0.006293, 0.2558, 0.02459
2025-05-15 20:01:46,023 - deteccion - INFO - Factores: 0.006293, 3.909304143862392, 40.6669377795852
2025-05-15 20:01:46,023 - deteccion - INFO - Rentabilidad Bruta: 0.045754%
2025-05-15 20:01:46,023 - deteccion - INFO - Oportunidad encontrada (A->B->C->A): LINK -> ETH -> BUSD -> LINK
2025-05-15 20:01:46,023 - deteccion - INFO - Pares: LINKETH, ETHBUSD, LINKBUSD
2025-05-15 20:01:46,023 - deteccion - INFO - Precios: 0.006293, 2281.12, 14.071
2025-05-15 20:01:46,023 - deteccion - INFO - Factores: 0.006293, 2281.12, 0.07106815436003128
2025-05-15 20:01:46,024 - deteccion - INFO - Rentabilidad Bruta: 2.018962%
2025-05-15 20:01:46,024 - deteccion - INFO - Oportunidad encontrada (A->B->C->A): LINK -> ETH -> EUR -> LINK
2025-05-15 20:01:46,024 - deteccion - INFO - Pares: LINKETH, ETHEUR, LINKEUR
2025-05-15 20:01:46,024 - deteccion - INFO - Precios: 0.006293, 2277.33, 14.33
2025-05-15 20:01:46,024 - deteccion - INFO - Factores: 0.006293, 2277.33, 0.06978367062107467
2025-05-15 20:01:46,024 - deteccion - INFO - Rentabilidad Bruta: 0.008637%
2025-05-15 20:01:46,025 - deteccion - INFO - Oportunidad encontrada (A->B->C->A): LINK -> GBP -> BUSD -> LINK
2025-05-15 20:01:46,025 - deteccion - INFO - Pares: LINKGBP, GBPBUSD, LINKBUSD
2025-05-15 20:01:46,025 - deteccion - INFO - Precios: 13.173, 1.239, 14.071
2025-05-15 20:01:46,025 - deteccion - INFO - Factores: 13.173, 1.239, 0.07106815436003128
2025-05-15 20:01:46,025 - deteccion - INFO - Rentabilidad Bruta: 15.992801%
2025-05-15 20:01:46,026 - deteccion - INFO - Oportunidad encontrada (A->B->C->A): USDC -> USDT -> BTC -> USDC
2025-05-15 20:01:46,026 - deteccion - INFO - Pares: USDCUSDT, BTCUSDT, BTCUSDC
2025-05-15 20:01:46,026 - deteccion - INFO - Precios: 0.9998, 103664.41, 103691.99
2025-05-15 20:01:46,026 - deteccion - INFO - Factores: 0.9998, 9.646512240797009e-06, 103691.99
2025-05-15 20:01:46,026 - deteccion - INFO - Rentabilidad Bruta: 0.006600%
2025-05-15 20:01:46,026 - deteccion - INFO - Oportunidad encontrada (A->B->C->A): USDC -> USDT -> ETH -> USDC
2025-05-15 20:01:46,026 - deteccion - INFO - Pares: USDCUSDT, ETHUSDT, ETHUSDC
2025-05-15 20:01:46,027 - deteccion - INFO - Precios: 0.9998, 2547.36, 2548.09
2025-05-15 20:01:46,027 - deteccion - INFO - Factores: 0.9998, 0.0003925632812009296, 2548.09
2025-05-15 20:01:46,027 - deteccion - INFO - Rentabilidad Bruta: 0.008651%
2025-05-15 20:01:46,027 - deteccion - INFO - Oportunidad encontrada (A->B->C->A): USDC -> USDT -> LTC -> USDC
2025-05-15 20:01:46,027 - deteccion - INFO - Pares: USDCUSDT, LTCUSDT, LTCUSDC
2025-05-15 20:01:46,027 - deteccion - INFO - Precios: 0.9998, 99.25, 99.27
2025-05-15 20:01:46,027 - deteccion - INFO - Factores: 0.9998, 0.010075566750629723, 99.27
2025-05-15 20:01:46,027 - deteccion - INFO - Rentabilidad Bruta: 0.000147%
2025-05-15 20:01:46,028 - deteccion - INFO - Oportunidad encontrada (A->B->C->A): USDC -> USDT -> TRX -> USDC
2025-05-15 20:01:46,028 - deteccion - INFO - Pares: USDCUSDT, TRXUSDT, TRXUSDC
2025-05-15 20:01:46,028 - deteccion - INFO - Precios: 0.9998, 0.2727, 0.2728
2025-05-15 20:01:46,028 - deteccion - INFO - Factores: 0.9998, 3.6670333700036672, 0.2728
2025-05-15 20:01:46,028 - deteccion - INFO - Rentabilidad Bruta: 0.016663%
2025-05-15 20:01:46,029 - deteccion - INFO - Oportunidad encontrada (A->B->C->A): USDC -> USDT -> BNB -> USDC
2025-05-15 20:01:46,029 - deteccion - INFO - Pares: USDCUSDT, BNBUSDT, BNBUSDC
2025-05-15 20:01:46,029 - deteccion - INFO - Precios: 0.9998, 651.75, 651.97
2025-05-15 20:01:46,029 - deteccion - INFO - Factores: 0.9998, 0.0015343306482546988, 651.97
2025-05-15 20:01:46,029 - deteccion - INFO - Rentabilidad Bruta: 0.013749%
2025-05-15 20:01:46,029 - deteccion - INFO - Oportunidad encontrada (A->B->C->A): USDC -> USDT -> ADA -> USDC
2025-05-15 20:01:46,029 - deteccion - INFO - Pares: USDCUSDT, ADAUSDT, ADAUSDC
2025-05-15 20:01:46,030 - deteccion - INFO - Precios: 0.9998, 0.7619, 0.7621
2025-05-15 20:01:46,030 - deteccion - INFO - Factores: 0.9998, 1.3125082031762698, 0.7621
2025-05-15 20:01:46,030 - deteccion - INFO - Rentabilidad Bruta: 0.006245%
2025-05-15 20:01:46,030 - deteccion - INFO - Oportunidad encontrada (A->B->C->A): USDC -> USDT -> DOGE -> USDC
2025-05-15 20:01:46,030 - deteccion - INFO - Pares: USDCUSDT, DOGEUSDT, DOGEUSDC
2025-05-15 20:01:46,030 - deteccion - INFO - Precios: 0.9998, 0.21926, 0.21933
2025-05-15 20:01:46,030 - deteccion - INFO - Factores: 0.9998, 4.560795402718234, 0.21933
2025-05-15 20:01:46,031 - deteccion - INFO - Rentabilidad Bruta: 0.011919%
2025-05-15 20:01:46,031 - deteccion - INFO - Oportunidad encontrada (A->B->C->A): USDC -> USDT -> EUR -> USDC
2025-05-15 20:01:46,031 - deteccion - INFO - Pares: USDCUSDT, EURUSDT, EURUSDC
2025-05-15 20:01:46,031 - deteccion - INFO - Precios: 0.9998, 1.1185, 1.119
2025-05-15 20:01:46,031 - deteccion - INFO - Factores: 0.9998, 0.8940545373267769, 1.119
2025-05-15 20:01:46,031 - deteccion - INFO - Rentabilidad Bruta: 0.024694%
2025-05-15 20:01:46,031 - deteccion - INFO - Oportunidad encontrada (A->B->C->A): USDC -> USDT -> VET -> USDC
2025-05-15 20:01:46,032 - deteccion - INFO - Pares: USDCUSDT, VETUSDT, VETUSDC
2025-05-15 20:01:46,032 - deteccion - INFO - Precios: 0.9998, 0.0288, 0.02882
2025-05-15 20:01:46,032 - deteccion - INFO - Factores: 0.9998, 34.72222222222222, 0.02882
2025-05-15 20:01:46,032 - deteccion - INFO - Rentabilidad Bruta: 0.049431%
2025-05-15 20:01:46,032 - deteccion - INFO - Oportunidad encontrada (A->B->C->A): USDC -> USDT -> WIN -> USDC
2025-05-15 20:01:46,032 - deteccion - INFO - Pares: USDCUSDT, WINUSDT, WINUSDC
2025-05-15 20:01:46,033 - deteccion - INFO - Precios: 0.9998, 6.055e-05, 9.73e-05
2025-05-15 20:01:46,033 - deteccion - INFO - Factores: 0.9998, 16515.276630883567, 9.73e-05
2025-05-15 20:01:46,033 - deteccion - INFO - Rentabilidad Bruta: 60.661503%
2025-05-15 20:01:46,033 - deteccion - INFO - Oportunidad encontrada (A->B->C->A): USDC -> USDT -> ZEC -> USDC
2025-05-15 20:01:46,033 - deteccion - INFO - Pares: USDCUSDT, ZECUSDT, ZECUSDC
2025-05-15 20:01:46,033 - deteccion - INFO - Precios: 0.9998, 41.83, 55.8
2025-05-15 20:01:46,033 - deteccion - INFO - Factores: 0.9998, 0.02390628735357399, 55.8
2025-05-15 20:01:46,034 - deteccion - INFO - Rentabilidad Bruta: 33.370404%
2025-05-15 20:01:46,034 - deteccion - INFO - Oportunidad encontrada (A->B->C->A): USDC -> USDT -> ONT -> USDC
2025-05-15 20:01:46,034 - deteccion - INFO - Pares: USDCUSDT, ONTUSDT, ONTUSDC
2025-05-15 20:01:46,034 - deteccion - INFO - Precios: 0.9998, 0.1572, 0.1575
2025-05-15 20:01:46,035 - deteccion - INFO - Factores: 0.9998, 6.361323155216285, 0.1575
2025-05-15 20:01:46,035 - deteccion - INFO - Rentabilidad Bruta: 0.170802%
2025-05-15 20:01:46,035 - deteccion - INFO - Oportunidad encontrada (A->B->C->A): USDC -> BTC -> ETH -> USDC
2025-05-15 20:01:46,035 - deteccion - INFO - Pares: BTCUSDC, ETHBTC, ETHUSDC
2025-05-15 20:01:46,035 - deteccion - INFO - Precios: 103691.99, 0.02457, 2548.09
2025-05-15 20:01:46,035 - deteccion - INFO - Factores: 9.643946461052585e-06, 40.700040700040695, 2548.09
2025-05-15 20:01:46,035 - deteccion - INFO - Rentabilidad Bruta: 0.014829%
2025-05-15 20:01:46,036 - deteccion - INFO - Oportunidad encontrada (A->B->C->A): USDC -> BTC -> LTC -> USDC
2025-05-15 20:01:46,036 - deteccion - INFO - Pares: BTCUSDC, LTCBTC, LTCUSDC
2025-05-15 20:01:46,036 - deteccion - INFO - Precios: 103691.99, 0.000957, 99.27
2025-05-15 20:01:46,036 - deteccion - INFO - Factores: 9.643946461052585e-06, 1044.9320794148382, 99.27
2025-05-15 20:01:46,036 - deteccion - INFO - Rentabilidad Bruta: 0.037050%
2025-05-15 20:01:46,036 - deteccion - INFO - Oportunidad encontrada (A->B->C->A): USDC -> BTC -> TRX -> USDC
2025-05-15 20:01:46,036 - deteccion - INFO - Pares: BTCUSDC, TRXBTC, TRXUSDC
2025-05-15 20:01:46,037 - deteccion - INFO - Precios: 103691.99, 2.63e-06, 0.2728
2025-05-15 20:01:46,037 - deteccion - INFO - Factores: 9.643946461052585e-06, 380228.1368821293, 0.2728
2025-05-15 20:01:46,037 - deteccion - INFO - Rentabilidad Bruta: 0.033026%
2025-05-15 20:01:46,037 - deteccion - INFO - Oportunidad encontrada (A->B->C->A): USDC -> BTC -> BNB -> USDC
2025-05-15 20:01:46,037 - deteccion - INFO - Pares: BTCUSDC, BNBBTC, BNBUSDC
2025-05-15 20:01:46,037 - deteccion - INFO - Precios: 103691.99, 0.006286, 651.97
2025-05-15 20:01:46,037 - deteccion - INFO - Factores: 9.643946461052585e-06, 159.0836780146357, 651.97
2025-05-15 20:01:46,037 - deteccion - INFO - Rentabilidad Bruta: 0.024877%
2025-05-15 20:01:46,038 - deteccion - INFO - Oportunidad encontrada (A->B->C->A): USDC -> BTC -> ALGO -> USDC
2025-05-15 20:01:46,038 - deteccion - INFO - Pares: BTCUSDC, ALGOBTC, ALGOUSDC
2025-05-15 20:01:46,038 - deteccion - INFO - Precios: 103691.99, 2.17e-06, 0.2256
2025-05-15 20:01:46,038 - deteccion - INFO - Factores: 9.643946461052585e-06, 460829.4930875576, 0.2256
2025-05-15 20:01:46,038 - deteccion - INFO - Rentabilidad Bruta: 0.261489%
2025-05-15 20:01:46,038 - deteccion - INFO - Oportunidad encontrada (A->B->C->A): USDC -> BTC -> ADA -> USDC
2025-05-15 20:01:46,039 - deteccion - INFO - Pares: BTCUSDC, ADABTC, ADAUSDC
2025-05-15 20:01:46,039 - deteccion - INFO - Precios: 103691.99, 7.34e-06, 0.7621
2025-05-15 20:01:46,039 - deteccion - INFO - Factores: 9.643946461052585e-06, 136239.78201634876, 0.7621
2025-05-15 20:01:46,039 - deteccion - INFO - Rentabilidad Bruta: 0.131493%
2025-05-15 20:01:46,039 - deteccion - INFO - Oportunidad encontrada (A->B->C->A): USDC -> BTC -> DOGE -> USDC
2025-05-15 20:01:46,039 - deteccion - INFO - Pares: BTCUSDC, DOGEBTC, DOGEUSDC
2025-05-15 20:01:46,039 - deteccion - INFO - Precios: 103691.99, 2.11e-06, 0.21933
2025-05-15 20:01:46,039 - deteccion - INFO - Factores: 9.643946461052585e-06, 473933.6492890995, 0.21933
2025-05-15 20:01:46,040 - deteccion - INFO - Rentabilidad Bruta: 0.246767%
2025-05-15 20:01:46,040 - deteccion - INFO - Oportunidad encontrada (A->B->C->A): USDC -> BTC -> SOL -> USDC
2025-05-15 20:01:46,040 - deteccion - INFO - Pares: BTCUSDC, SOLBTC, SOLUSDC
2025-05-15 20:01:46,040 - deteccion - INFO - Precios: 103691.99, 0.0016291, 168.94
2025-05-15 20:01:46,040 - deteccion - INFO - Factores: 9.643946461052585e-06, 613.8358602909582, 168.94
2025-05-15 20:01:46,040 - deteccion - INFO - Rentabilidad Bruta: 0.009104%
2025-05-15 20:01:46,040 - deteccion - INFO - Oportunidad encontrada (A->B->C->A): USDC -> BTC -> STEEM -> USDC
2025-05-15 20:01:46,040 - deteccion - INFO - Pares: BTCUSDC, STEEMBTC, STEEMUSDC
2025-05-15 20:01:46,041 - deteccion - INFO - Precios: 103691.99, 1.45e-06, 0.1509
2025-05-15 20:01:46,041 - deteccion - INFO - Factores: 9.643946461052585e-06, 689655.172413793, 0.1509
2025-05-15 20:01:46,041 - deteccion - INFO - Rentabilidad Bruta: 0.363553%
2025-05-15 20:01:46,041 - deteccion - INFO - Oportunidad encontrada (A->B->C->A): USDC -> BTC -> FET -> USDC
2025-05-15 20:01:46,041 - deteccion - INFO - Pares: BTCUSDC, FETBTC, FETUSDC
2025-05-15 20:01:46,041 - deteccion - INFO - Precios: 103691.99, 7.53e-06, 0.781
2025-05-15 20:01:46,041 - deteccion - INFO - Factores: 9.643946461052585e-06, 132802.12483399734, 0.781
2025-05-15 20:01:46,041 - deteccion - INFO - Rentabilidad Bruta: 0.025527%
2025-05-15 20:01:46,042 - deteccion - INFO - Oportunidad encontrada (A->B->C->A): USDC -> BTC -> IOTA -> USDC
2025-05-15 20:01:46,042 - deteccion - INFO - Pares: BTCUSDC, IOTABTC, IOTAUSDC
2025-05-15 20:01:46,042 - deteccion - INFO - Precios: 103691.99, 2.19e-06, 0.2271
2025-05-15 20:01:46,042 - deteccion - INFO - Factores: 9.643946461052585e-06, 456621.00456621003, 0.2271
2025-05-15 20:01:46,042 - deteccion - INFO - Rentabilidad Bruta: 0.006404%
2025-05-15 20:01:46,042 - deteccion - INFO - Oportunidad encontrada (A->B->C->A): USDC -> BTC -> ZEC -> USDC
2025-05-15 20:01:46,042 - deteccion - INFO - Pares: BTCUSDC, ZECBTC, ZECUSDC
2025-05-15 20:01:46,042 - deteccion - INFO - Precios: 103691.99, 0.0004032, 55.8
2025-05-15 20:01:46,042 - deteccion - INFO - Factores: 9.643946461052585e-06, 2480.15873015873, 55.8
2025-05-15 20:01:46,043 - deteccion - INFO - Rentabilidad Bruta: 33.465330%
2025-05-15 20:01:46,043 - deteccion - INFO - Oportunidad encontrada (A->B->C->A): USDC -> ETH -> BNB -> USDC
2025-05-15 20:01:46,043 - deteccion - INFO - Pares: ETHUSDC, BNBETH, BNBUSDC
2025-05-15 20:01:46,043 - deteccion - INFO - Precios: 2548.09, 0.2558, 651.97
2025-05-15 20:01:46,043 - deteccion - INFO - Factores: 0.00039245081610147207, 3.909304143862392, 651.97
2025-05-15 20:01:46,043 - deteccion - INFO - Rentabilidad Bruta: 0.025863%
2025-05-15 20:01:46,043 - deteccion - INFO - Oportunidad encontrada (A->B->C->A): USDC -> ETH -> ALGO -> USDC
2025-05-15 20:01:46,044 - deteccion - INFO - Pares: ETHUSDC, ALGOETH, ALGOUSDC
2025-05-15 20:01:46,044 - deteccion - INFO - Precios: 2548.09, 4.447e-05, 0.2256
2025-05-15 20:01:46,044 - deteccion - INFO - Factores: 0.00039245081610147207, 22487.069934787498, 0.2256
2025-05-15 20:01:46,044 - deteccion - INFO - Rentabilidad Bruta: 99.093555%
2025-05-15 20:01:46,044 - deteccion - INFO - Oportunidad encontrada (A->B->C->A): USDC -> ETH -> SOL -> USDC
2025-05-15 20:01:46,044 - deteccion - INFO - Pares: ETHUSDC, SOLETH, SOLUSDC
2025-05-15 20:01:46,044 - deteccion - INFO - Precios: 2548.09, 0.06629, 168.94
2025-05-15 20:01:46,045 - deteccion - INFO - Factores: 0.00039245081610147207, 15.08523155830442, 168.94
2025-05-15 20:01:46,045 - deteccion - INFO - Rentabilidad Bruta: 0.016052%
2025-05-15 20:01:46,045 - deteccion - INFO - Oportunidad encontrada (A->B->C->A): USDC -> ETH -> EUR -> USDC
2025-05-15 20:01:46,045 - deteccion - INFO - Pares: ETHUSDC, ETHEUR, EURUSDC
2025-05-15 20:01:46,046 - deteccion - INFO - Precios: 2548.09, 2277.33, 1.119
2025-05-15 20:01:46,046 - deteccion - INFO - Factores: 0.00039245081610147207, 2277.33, 1.119
2025-05-15 20:01:46,046 - deteccion - INFO - Rentabilidad Bruta: 0.009508%
2025-05-15 20:01:46,046 - deteccion - INFO - Oportunidad encontrada (A->B->C->A): USDC -> ETH -> VET -> USDC
2025-05-15 20:01:46,046 - deteccion - INFO - Pares: ETHUSDC, VETETH, VETUSDC
2025-05-15 20:01:46,047 - deteccion - INFO - Precios: 2548.09, 1.131e-05, 0.02882
2025-05-15 20:01:46,047 - deteccion - INFO - Factores: 0.00039245081610147207, 88417.32979664014, 0.02882
2025-05-15 20:01:46,047 - deteccion - INFO - Rentabilidad Bruta: 0.003824%
2025-05-15 20:01:46,047 - deteccion - INFO - Oportunidad encontrada (A->B->C->A): USDC -> ETH -> STEEM -> USDC
2025-05-15 20:01:46,047 - deteccion - INFO - Pares: ETHUSDC, STEEMETH, STEEMUSDC
2025-05-15 20:01:46,048 - deteccion - INFO - Precios: 2548.09, 5.92e-05, 0.1509
2025-05-15 20:01:46,048 - deteccion - INFO - Factores: 0.00039245081610147207, 16891.89189189189, 0.1509
2025-05-15 20:01:46,048 - deteccion - INFO - Rentabilidad Bruta: 0.035183%
2025-05-15 20:01:46,048 - deteccion - INFO - Oportunidad encontrada (A->B->C->A): USDC -> ETH -> IOTA -> USDC
2025-05-15 20:01:46,048 - deteccion - INFO - Pares: ETHUSDC, IOTAETH, IOTAUSDC
2025-05-15 20:01:46,048 - deteccion - INFO - Precios: 2548.09, 8.9e-05, 0.2271
2025-05-15 20:01:46,048 - deteccion - INFO - Factores: 0.00039245081610147207, 11235.955056179775, 0.2271
2025-05-15 20:01:46,049 - deteccion - INFO - Rentabilidad Bruta: 0.141102%
2025-05-15 20:01:46,049 - deteccion - INFO - Oportunidad encontrada (A->B->C->A): USDC -> ETH -> ZEC -> USDC
2025-05-15 20:01:46,049 - deteccion - INFO - Pares: ETHUSDC, ZECETH, ZECUSDC
2025-05-15 20:01:46,049 - deteccion - INFO - Precios: 2548.09, 0.01666, 55.8
2025-05-15 20:01:46,049 - deteccion - INFO - Factores: 0.00039245081610147207, 60.024009603841534, 55.8
2025-05-15 20:01:46,050 - deteccion - INFO - Rentabilidad Bruta: 31.445111%
2025-05-15 20:01:46,050 - deteccion - INFO - Oportunidad encontrada (A->B->C->A): USDC -> LTC -> EUR -> USDC
2025-05-15 20:01:46,050 - deteccion - INFO - Pares: LTCUSDC, LTCEUR, EURUSDC
2025-05-15 20:01:46,050 - deteccion - INFO - Precios: 99.27, 88.72, 1.119
2025-05-15 20:01:46,050 - deteccion - INFO - Factores: 0.010073536818777073, 88.72, 1.119
2025-05-15 20:01:46,050 - deteccion - INFO - Rentabilidad Bruta: 0.007736%
2025-05-15 20:01:46,051 - deteccion - INFO - Oportunidad encontrada (A->B->C->A): USDC -> TRX -> BNB -> USDC
2025-05-15 20:01:46,051 - deteccion - INFO - Pares: TRXUSDC, TRXBNB, BNBUSDC
2025-05-15 20:01:46,051 - deteccion - INFO - Precios: 0.2728, 0.0004185, 651.97
2025-05-15 20:01:46,051 - deteccion - INFO - Factores: 3.6656891495601176, 0.0004185, 651.97
2025-05-15 20:01:46,051 - deteccion - INFO - Rentabilidad Bruta: 0.018125%
2025-05-15 20:01:46,051 - deteccion - INFO - Oportunidad encontrada (A->B->C->A): USDC -> TRX -> EUR -> USDC
2025-05-15 20:01:46,051 - deteccion - INFO - Pares: TRXUSDC, TRXEUR, EURUSDC
2025-05-15 20:01:46,052 - deteccion - INFO - Precios: 0.2728, 0.2439, 1.119
2025-05-15 20:01:46,052 - deteccion - INFO - Factores: 3.6656891495601176, 0.2439, 1.119
2025-05-15 20:01:46,052 - deteccion - INFO - Rentabilidad Bruta: 0.045491%
2025-05-15 20:01:46,052 - deteccion - INFO - Oportunidad encontrada (A->B->C->A): USDC -> TRX -> WIN -> USDC
2025-05-15 20:01:46,052 - deteccion - INFO - Pares: TRXUSDC, WINTRX, WINUSDC
2025-05-15 20:01:46,052 - deteccion - INFO - Precios: 0.2728, 0.000222, 9.73e-05
2025-05-15 20:01:46,052 - deteccion - INFO - Factores: 3.6656891495601176, 4504.504504504504, 9.73e-05
2025-05-15 20:01:46,052 - deteccion - INFO - Rentabilidad Bruta: 60.662862%
2025-05-15 20:01:46,053 - deteccion - INFO - Oportunidad encontrada (A->B->C->A): USDC -> AUD -> BNB -> USDC
2025-05-15 20:01:46,053 - deteccion - INFO - Pares: AUDUSDC, BNBAUD, BNBUSDC
2025-05-15 20:01:46,053 - deteccion - INFO - Precios: 0.6477, 421.1, 651.97
2025-05-15 20:01:46,053 - deteccion - INFO - Factores: 1.543924656476764, 0.0023747328425552123, 651.97
2025-05-15 20:01:46,053 - deteccion - INFO - Rentabilidad Bruta: 139.038841%
2025-05-15 20:01:46,053 - deteccion - INFO - Oportunidad encontrada (A->B->C->A): USDC -> AUD -> ADA -> USDC
2025-05-15 20:01:46,053 - deteccion - INFO - Pares: AUDUSDC, ADAAUD, ADAUSDC
2025-05-15 20:01:46,053 - deteccion - INFO - Precios: 0.6477, 0.5054, 0.7621
2025-05-15 20:01:46,054 - deteccion - INFO - Factores: 1.543924656476764, 1.9786307874950535, 0.7621
2025-05-15 20:01:46,054 - deteccion - INFO - Rentabilidad Bruta: 132.810641%
2025-05-15 20:01:46,054 - deteccion - INFO - Oportunidad encontrada (A->B->C->A): USDC -> AUD -> DOGE -> USDC
2025-05-15 20:01:46,054 - deteccion - INFO - Pares: AUDUSDC, DOGEAUD, DOGEUSDC
2025-05-15 20:01:46,054 - deteccion - INFO - Precios: 0.6477, 0.09449, 0.21933
2025-05-15 20:01:46,054 - deteccion - INFO - Factores: 1.543924656476764, 10.583130489998942, 0.21933
2025-05-15 20:01:46,054 - deteccion - INFO - Rentabilidad Bruta: 258.375484%
2025-05-15 20:01:46,054 - deteccion - INFO - Oportunidad encontrada (A->B->C->A): USDC -> AUD -> SOL -> USDC
2025-05-15 20:01:46,054 - deteccion - INFO - Pares: AUDUSDC, SOLAUD, SOLUSDC
2025-05-15 20:01:46,055 - deteccion - INFO - Precios: 0.6477, 28.48, 168.94
2025-05-15 20:01:46,055 - deteccion - INFO - Factores: 1.543924656476764, 0.0351123595505618, 168.94
2025-05-15 20:01:46,055 - deteccion - INFO - Rentabilidad Bruta: 815.837891%
2025-05-15 20:01:46,055 - deteccion - INFO - Oportunidad encontrada (A->B->C->A): USDC -> AUD -> BUSD -> USDC
2025-05-15 20:01:46,055 - deteccion - INFO - Pares: AUDUSDC, AUDBUSD, USDCBUSD
2025-05-15 20:01:46,055 - deteccion - INFO - Precios: 0.6477, 0.7255, 0.9999
2025-05-15 20:01:46,055 - deteccion - INFO - Factores: 1.543924656476764, 0.7255, 1.000100010001
2025-05-15 20:01:46,055 - deteccion - INFO - Rentabilidad Bruta: 12.022936%
2025-05-15 20:01:46,056 - deteccion - INFO - Oportunidad encontrada (A->B->C->A): USDC -> BNB -> ADA -> USDC
2025-05-15 20:01:46,056 - deteccion - INFO - Pares: BNBUSDC, ADABNB, ADAUSDC
2025-05-15 20:01:46,056 - deteccion - INFO - Precios: 651.97, 0.001168, 0.7621
2025-05-15 20:01:46,056 - deteccion - INFO - Factores: 0.001533812905501787, 856.1643835616438, 0.7621
2025-05-15 20:01:46,056 - deteccion - INFO - Rentabilidad Bruta: 0.078666%
2025-05-15 20:01:46,056 - deteccion - INFO - Oportunidad encontrada (A->B->C->A): USDC -> BNB -> SOL -> USDC
2025-05-15 20:01:46,056 - deteccion - INFO - Pares: BNBUSDC, SOLBNB, SOLUSDC
2025-05-15 20:01:46,057 - deteccion - INFO - Precios: 651.97, 0.259, 168.94
2025-05-15 20:01:46,057 - deteccion - INFO - Factores: 0.001533812905501787, 3.861003861003861, 168.94
2025-05-15 20:01:46,057 - deteccion - INFO - Rentabilidad Bruta: 0.047240%
2025-05-15 20:01:46,057 - deteccion - INFO - Oportunidad encontrada (A->B->C->A): USDC -> BNB -> EUR -> USDC
2025-05-15 20:01:46,057 - deteccion - INFO - Pares: BNBUSDC, BNBEUR, EURUSDC
2025-05-15 20:01:46,057 - deteccion - INFO - Precios: 651.97, 582.68, 1.119
2025-05-15 20:01:46,057 - deteccion - INFO - Factores: 0.001533812905501787, 582.68, 1.119
2025-05-15 20:01:46,057 - deteccion - INFO - Rentabilidad Bruta: 0.007503%
2025-05-15 20:01:46,057 - deteccion - INFO - Oportunidad encontrada (A->B->C->A): USDC -> BNB -> WIN -> USDC
2025-05-15 20:01:46,058 - deteccion - INFO - Pares: BNBUSDC, WINBNB, WINUSDC
2025-05-15 20:01:46,058 - deteccion - INFO - Precios: 651.97, 1e-07, 9.73e-05
2025-05-15 20:01:46,058 - deteccion - INFO - Factores: 0.001533812905501787, 10000000.0, 9.73e-05
2025-05-15 20:01:46,058 - deteccion - INFO - Rentabilidad Bruta: 49.239996%
2025-05-15 20:01:46,058 - deteccion - INFO - Oportunidad encontrada (A->B->C->A): USDC -> SOL -> EUR -> USDC
2025-05-15 20:01:46,058 - deteccion - INFO - Pares: SOLUSDC, SOLEUR, EURUSDC
2025-05-15 20:01:46,058 - deteccion - INFO - Precios: 168.94, 150.98, 1.119
2025-05-15 20:01:46,058 - deteccion - INFO - Factores: 0.005919261276192731, 150.98, 1.119
2025-05-15 20:01:46,059 - deteccion - INFO - Rentabilidad Bruta: 0.003919%
2025-05-15 20:01:46,059 - deteccion - INFO - Oportunidad encontrada (A->B->C->A): USDC -> MATIC -> BUSD -> USDC
2025-05-15 20:01:46,059 - deteccion - INFO - Pares: MATICUSDC, MATICBUSD, USDCBUSD
2025-05-15 20:01:46,059 - deteccion - INFO - Precios: 0.3791, 0.8659, 0.9999
2025-05-15 20:01:46,059 - deteccion - INFO - Factores: 2.637826431020839, 0.8659, 1.000100010001
2025-05-15 20:01:46,059 - deteccion - INFO - Rentabilidad Bruta: 128.432234%
2025-05-15 20:01:46,059 - deteccion - INFO - Oportunidad encontrada (A->B->C->A): USDC -> MATIC -> EUR -> USDC
2025-05-15 20:01:46,060 - deteccion - INFO - Pares: MATICUSDC, MATICEUR, EURUSDC
2025-05-15 20:01:46,060 - deteccion - INFO - Precios: 0.3791, 0.3444, 1.119
2025-05-15 20:01:46,060 - deteccion - INFO - Factores: 2.637826431020839, 0.3444, 1.119
2025-05-15 20:01:46,060 - deteccion - INFO - Rentabilidad Bruta: 1.657505%
2025-05-15 20:01:46,060 - deteccion - INFO - Oportunidad encontrada (A->B->C->A): USDC -> BUSD -> EUR -> USDC
2025-05-15 20:01:46,060 - deteccion - INFO - Pares: USDCBUSD, EURBUSD, EURUSDC
2025-05-15 20:01:46,060 - deteccion - INFO - Precios: 0.9999, 1.0757, 1.119
2025-05-15 20:01:46,060 - deteccion - INFO - Factores: 0.9999, 0.9296272194849864, 1.119
2025-05-15 20:01:46,060 - deteccion - INFO - Rentabilidad Bruta: 4.014883%
2025-05-15 20:01:46,061 - deteccion - INFO - Oportunidad encontrada (A->B->C->A): USDC -> BUSD -> VET -> USDC
2025-05-15 20:01:46,061 - deteccion - INFO - Pares: USDCBUSD, VETBUSD, VETUSDC
2025-05-15 20:01:46,061 - deteccion - INFO - Precios: 0.9999, 0.0212, 0.02882
2025-05-15 20:01:46,061 - deteccion - INFO - Factores: 0.9999, 47.16981132075472, 0.02882
2025-05-15 20:01:46,061 - deteccion - INFO - Rentabilidad Bruta: 35.929802%
2025-05-15 20:01:46,061 - deteccion - INFO - Oportunidad encontrada (A->B->C->A): USDC -> BUSD -> WIN -> USDC
2025-05-15 20:01:46,062 - deteccion - INFO - Pares: USDCBUSD, WINBUSD, WINUSDC
2025-05-15 20:01:46,062 - deteccion - INFO - Precios: 0.9999, 6.94e-05, 9.73e-05
2025-05-15 20:01:46,062 - deteccion - INFO - Factores: 0.9999, 14409.22190201729, 9.73e-05
2025-05-15 20:01:46,062 - deteccion - INFO - Rentabilidad Bruta: 40.187709%
2025-05-15 20:01:46,063 - deteccion - INFO - Oportunidad encontrada (A->B->C->A): USDC -> BUSD -> CVC -> USDC
2025-05-15 20:01:46,063 - deteccion - INFO - Pares: USDCBUSD, CVCBUSD, CVCUSDC
2025-05-15 20:01:46,063 - deteccion - INFO - Precios: 0.9999, 0.0688, 0.1377
2025-05-15 20:01:46,063 - deteccion - INFO - Factores: 0.9999, 14.534883720930232, 0.1377
2025-05-15 20:01:46,063 - deteccion - INFO - Rentabilidad Bruta: 100.125334%
2025-05-15 20:01:46,064 - deteccion - INFO - Oportunidad encontrada (A->B->C->A): USDC -> BUSD -> FET -> USDC
2025-05-15 20:01:46,064 - deteccion - INFO - Pares: USDCBUSD, FETBUSD, FETUSDC
2025-05-15 20:01:46,064 - deteccion - INFO - Precios: 0.9999, 0.4915, 0.781
2025-05-15 20:01:46,064 - deteccion - INFO - Factores: 0.9999, 2.034587995930824, 0.781
2025-05-15 20:01:46,064 - deteccion - INFO - Rentabilidad Bruta: 58.885432%
2025-05-15 20:01:46,064 - deteccion - INFO - Oportunidad encontrada (A->B->C->A): USDC -> BUSD -> IOTA -> USDC
2025-05-15 20:01:46,064 - deteccion - INFO - Pares: USDCBUSD, IOTABUSD, IOTAUSDC
2025-05-15 20:01:46,065 - deteccion - INFO - Precios: 0.9999, 0.1431, 0.2271
2025-05-15 20:01:46,065 - deteccion - INFO - Factores: 0.9999, 6.988120195667365, 0.2271
2025-05-15 20:01:46,065 - deteccion - INFO - Rentabilidad Bruta: 58.684340%
2025-05-15 20:01:46,065 - deteccion - INFO - Oportunidad encontrada (A->B->C->A): USDC -> BUSD -> ZEC -> USDC
2025-05-15 20:01:46,065 - deteccion - INFO - Pares: USDCBUSD, ZECBUSD, ZECUSDC
2025-05-15 20:01:46,065 - deteccion - INFO - Precios: 0.9999, 25.5, 55.8
2025-05-15 20:01:46,066 - deteccion - INFO - Factores: 0.9999, 0.0392156862745098, 55.8
2025-05-15 20:01:46,066 - deteccion - INFO - Rentabilidad Bruta: 118.801647%
2025-05-15 20:01:46,066 - deteccion - INFO - Oportunidad encontrada (A->B->C->A): USDC -> BUSD -> ONT -> USDC
2025-05-15 20:01:46,066 - deteccion - INFO - Pares: USDCBUSD, ONTBUSD, ONTUSDC
2025-05-15 20:01:46,066 - deteccion - INFO - Precios: 0.9999, 0.1574, 0.1575
2025-05-15 20:01:46,066 - deteccion - INFO - Factores: 0.9999, 6.353240152477763, 0.1575
2025-05-15 20:01:46,066 - deteccion - INFO - Rentabilidad Bruta: 0.053526%
2025-05-15 20:01:46,067 - deteccion - INFO - Oportunidad encontrada (A->B->C->A): USDC -> EUR -> VET -> USDC
2025-05-15 20:01:46,067 - deteccion - INFO - Pares: EURUSDC, VETEUR, VETUSDC
2025-05-15 20:01:46,067 - deteccion - INFO - Precios: 1.119, 0.02574, 0.02882
2025-05-15 20:01:46,067 - deteccion - INFO - Factores: 0.8936550491510277, 38.85003885003885, 0.02882
2025-05-15 20:01:46,067 - deteccion - INFO - Rentabilidad Bruta: 0.058813%
2025-05-15 20:01:46,067 - deteccion - INFO - Oportunidad encontrada (A->B->C->A): USDC -> EUR -> WIN -> USDC
2025-05-15 20:01:46,067 - deteccion - INFO - Pares: EURUSDC, WINEUR, WINUSDC
2025-05-15 20:01:46,068 - deteccion - INFO - Precios: 1.119, 5.411e-05, 9.73e-05
2025-05-15 20:01:46,068 - deteccion - INFO - Factores: 0.8936550491510277, 18480.872297172427, 9.73e-05
2025-05-15 20:01:46,068 - deteccion - INFO - Rentabilidad Bruta: 60.696057%
2025-05-15 20:01:46,069 - deteccion - INFO - Oportunidad encontrada (A->B->C->A): USDT -> BTC -> TUSD -> USDT
2025-05-15 20:01:46,069 - deteccion - INFO - Pares: BTCUSDT, BTCTUSD, TUSDUSDT
2025-05-15 20:01:46,069 - deteccion - INFO - Precios: 103664.41, 103965.63, 0.9982
2025-05-15 20:01:46,069 - deteccion - INFO - Factores: 9.646512240797009e-06, 103965.63, 0.9982
2025-05-15 20:01:46,069 - deteccion - INFO - Rentabilidad Bruta: 0.110049%
2025-05-15 20:01:46,069 - deteccion - INFO - Oportunidad encontrada (A->B->C->A): USDT -> BTC -> ETH -> USDT
2025-05-15 20:01:46,070 - deteccion - INFO - Pares: BTCUSDT, ETHBTC, ETHUSDT
2025-05-15 20:01:46,070 - deteccion - INFO - Precios: 103664.41, 0.02457, 2547.36
2025-05-15 20:01:46,070 - deteccion - INFO - Factores: 9.646512240797009e-06, 40.700040700040695, 2547.36
2025-05-15 20:01:46,070 - deteccion - INFO - Rentabilidad Bruta: 0.012777%
2025-05-15 20:01:46,070 - deteccion - INFO - Oportunidad encontrada (A->B->C->A): USDT -> BTC -> LTC -> USDT
2025-05-15 20:01:46,070 - deteccion - INFO - Pares: BTCUSDT, LTCBTC, LTCUSDT
2025-05-15 20:01:46,070 - deteccion - INFO - Precios: 103664.41, 0.000957, 99.25
2025-05-15 20:01:46,071 - deteccion - INFO - Factores: 9.646512240797009e-06, 1044.9320794148382, 99.25
2025-05-15 20:01:46,071 - deteccion - INFO - Rentabilidad Bruta: 0.043505%
2025-05-15 20:01:46,071 - deteccion - INFO - Oportunidad encontrada (A->B->C->A): USDT -> BTC -> TRX -> USDT
2025-05-15 20:01:46,071 - deteccion - INFO - Pares: BTCUSDT, TRXBTC, TRXUSDT
2025-05-15 20:01:46,071 - deteccion - INFO - Precios: 103664.41, 2.63e-06, 0.2727
2025-05-15 20:01:46,071 - deteccion - INFO - Factores: 9.646512240797009e-06, 380228.1368821293, 0.2727
2025-05-15 20:01:46,071 - deteccion - INFO - Rentabilidad Bruta: 0.022962%
2025-05-15 20:01:46,072 - deteccion - INFO - Oportunidad encontrada (A->B->C->A): USDT -> BTC -> BNB -> USDT
2025-05-15 20:01:46,072 - deteccion - INFO - Pares: BTCUSDT, BNBBTC, BNBUSDT
2025-05-15 20:01:46,072 - deteccion - INFO - Precios: 103664.41, 0.006286, 651.75
2025-05-15 20:01:46,072 - deteccion - INFO - Factores: 9.646512240797009e-06, 159.0836780146357, 651.75
2025-05-15 20:01:46,072 - deteccion - INFO - Rentabilidad Bruta: 0.017728%
2025-05-15 20:01:46,072 - deteccion - INFO - Oportunidad encontrada (A->B->C->A): USDT -> BTC -> ALGO -> USDT
2025-05-15 20:01:46,072 - deteccion - INFO - Pares: BTCUSDT, ALGOBTC, ALGOUSDT
2025-05-15 20:01:46,073 - deteccion - INFO - Precios: 103664.41, 2.17e-06, 0.2256
2025-05-15 20:01:46,073 - deteccion - INFO - Factores: 9.646512240797009e-06, 460829.4930875576, 0.2256
2025-05-15 20:01:46,073 - deteccion - INFO - Rentabilidad Bruta: 0.288164%
2025-05-15 20:01:46,073 - deteccion - INFO - Oportunidad encontrada (A->B->C->A): USDT -> BTC -> ADA -> USDT
2025-05-15 20:01:46,073 - deteccion - INFO - Pares: BTCUSDT, ADABTC, ADAUSDT
2025-05-15 20:01:46,073 - deteccion - INFO - Precios: 103664.41, 7.34e-06, 0.7619
2025-05-15 20:01:46,073 - deteccion - INFO - Factores: 9.646512240797009e-06, 136239.78201634876, 0.7619
2025-05-15 20:01:46,073 - deteccion - INFO - Rentabilidad Bruta: 0.131848%
2025-05-15 20:01:46,074 - deteccion - INFO - Oportunidad encontrada (A->B->C->A): USDT -> BTC -> DOGE -> USDT
2025-05-15 20:01:46,074 - deteccion - INFO - Pares: BTCUSDT, DOGEBTC, DOGEUSDT
2025-05-15 20:01:46,074 - deteccion - INFO - Precios: 103664.41, 2.11e-06, 0.21926
2025-05-15 20:01:46,074 - deteccion - INFO - Factores: 9.646512240797009e-06, 473933.6492890995, 0.21926
2025-05-15 20:01:46,074 - deteccion - INFO - Rentabilidad Bruta: 0.241435%
2025-05-15 20:01:46,074 - deteccion - INFO - Oportunidad encontrada (A->B->C->A): USDT -> BTC -> ETC -> USDT
2025-05-15 20:01:46,074 - deteccion - INFO - Pares: BTCUSDT, ETCBTC, ETCUSDT
2025-05-15 20:01:46,074 - deteccion - INFO - Precios: 103664.41, 0.0001826, 18.96
2025-05-15 20:01:46,075 - deteccion - INFO - Factores: 9.646512240797009e-06, 5476.45125958379, 18.96
2025-05-15 20:01:46,075 - deteccion - INFO - Rentabilidad Bruta: 0.163128%
2025-05-15 20:01:46,075 - deteccion - INFO - Oportunidad encontrada (A->B->C->A): USDT -> BTC -> SOL -> USDT
2025-05-15 20:01:46,075 - deteccion - INFO - Pares: BTCUSDT, SOLBTC, SOLUSDT
2025-05-15 20:01:46,075 - deteccion - INFO - Precios: 103664.41, 0.0016291, 168.91
2025-05-15 20:01:46,075 - deteccion - INFO - Factores: 9.646512240797009e-06, 613.8358602909582, 168.91
2025-05-15 20:01:46,075 - deteccion - INFO - Rentabilidad Bruta: 0.017947%
2025-05-15 20:01:46,075 - deteccion - INFO - Oportunidad encontrada (A->B->C->A): USDT -> BTC -> ONG -> USDT
2025-05-15 20:01:46,076 - deteccion - INFO - Pares: BTCUSDT, ONGBTC, ONGUSDT
2025-05-15 20:01:46,076 - deteccion - INFO - Precios: 103664.41, 2.08e-06, 0.2168
2025-05-15 20:01:46,076 - deteccion - INFO - Factores: 9.646512240797009e-06, 480769.23076923075, 0.2168
2025-05-15 20:01:46,076 - deteccion - INFO - Rentabilidad Bruta: 0.546339%
2025-05-15 20:01:46,076 - deteccion - INFO - Oportunidad encontrada (A->B->C->A): USDT -> BTC -> XTZ -> USDT
2025-05-15 20:01:46,076 - deteccion - INFO - Pares: BTCUSDT, XTZBTC, XTZUSDT
2025-05-15 20:01:46,076 - deteccion - INFO - Precios: 103664.41, 6.16e-06, 0.639
2025-05-15 20:01:46,076 - deteccion - INFO - Factores: 9.646512240797009e-06, 162337.66233766233, 0.639
2025-05-15 20:01:46,077 - deteccion - INFO - Rentabilidad Bruta: 0.066905%
2025-05-15 20:01:46,077 - deteccion - INFO - Oportunidad encontrada (A->B->C->A): USDT -> BTC -> LSK -> USDT
2025-05-15 20:01:46,077 - deteccion - INFO - Pares: BTCUSDT, LSKBTC, LSKUSDT
2025-05-15 20:01:46,077 - deteccion - INFO - Precios: 103664.41, 5.17e-06, 0.536
2025-05-15 20:01:46,077 - deteccion - INFO - Factores: 9.646512240797009e-06, 193423.59767891685, 0.536
2025-05-15 20:01:46,077 - deteccion - INFO - Rentabilidad Bruta: 0.010262%
2025-05-15 20:01:46,077 - deteccion - INFO - Oportunidad encontrada (A->B->C->A): USDT -> BTC -> CELR -> USDT
2025-05-15 20:01:46,077 - deteccion - INFO - Pares: BTCUSDT, CELRBTC, CELRUSDT
2025-05-15 20:01:46,078 - deteccion - INFO - Precios: 103664.41, 9e-08, 0.01089
2025-05-15 20:01:46,078 - deteccion - INFO - Factores: 9.646512240797009e-06, 11111111.111111112, 0.01089
2025-05-15 20:01:46,078 - deteccion - INFO - Rentabilidad Bruta: 16.722798%
2025-05-15 20:01:46,079 - deteccion - INFO - Oportunidad encontrada (A->B->C->A): USDT -> BTC -> RLC -> USDT
2025-05-15 20:01:46,079 - deteccion - INFO - Pares: BTCUSDT, RLCBTC, RLCUSDT
2025-05-15 20:01:46,079 - deteccion - INFO - Precios: 103664.41, 1.218e-05, 1.265
2025-05-15 20:01:46,079 - deteccion - INFO - Factores: 9.646512240797009e-06, 82101.80623973727, 1.265
2025-05-15 20:01:46,080 - deteccion - INFO - Rentabilidad Bruta: 0.187504%
2025-05-15 20:01:46,080 - deteccion - INFO - Oportunidad encontrada (A->B->C->A): USDT -> BTC -> JST -> USDT
2025-05-15 20:01:46,080 - deteccion - INFO - Pares: BTCUSDT, JSTBTC, JSTUSDT
2025-05-15 20:01:46,080 - deteccion - INFO - Precios: 103664.41, 3.5e-07, 0.03644
2025-05-15 20:01:46,080 - deteccion - INFO - Factores: 9.646512240797009e-06, 2857142.8571428573, 0.03644
2025-05-15 20:01:46,080 - deteccion - INFO - Rentabilidad Bruta: 0.433973%
2025-05-15 20:01:46,080 - deteccion - INFO - Oportunidad encontrada (A->B->C->A): USDT -> BTC -> BAT -> USDT
2025-05-15 20:01:46,081 - deteccion - INFO - Pares: BTCUSDT, BATBTC, BATUSDT
2025-05-15 20:01:46,081 - deteccion - INFO - Precios: 103664.41, 1.48e-06, 0.1538
2025-05-15 20:01:46,081 - deteccion - INFO - Factores: 9.646512240797009e-06, 675675.6756756756, 0.1538
2025-05-15 20:01:46,081 - deteccion - INFO - Rentabilidad Bruta: 0.245512%
2025-05-15 20:01:46,081 - deteccion - INFO - Oportunidad encontrada (A->B->C->A): USDT -> BTC -> NKN -> USDT
2025-05-15 20:01:46,081 - deteccion - INFO - Pares: BTCUSDT, NKNBTC, NKNUSDT
2025-05-15 20:01:46,082 - deteccion - INFO - Precios: 103664.41, 3.6e-07, 0.0379
2025-05-15 20:01:46,082 - deteccion - INFO - Factores: 9.646512240797009e-06, 2777777.777777778, 0.0379
2025-05-15 20:01:46,082 - deteccion - INFO - Rentabilidad Bruta: 1.556337%
2025-05-15 20:01:46,082 - deteccion - INFO - Oportunidad encontrada (A->B->C->A): USDT -> BTC -> ZIL -> USDT
2025-05-15 20:01:46,082 - deteccion - INFO - Pares: BTCUSDT, ZILBTC, ZILUSDT
2025-05-15 20:01:46,082 - deteccion - INFO - Precios: 103664.41, 1.3e-07, 0.01358
2025-05-15 20:01:46,083 - deteccion - INFO - Factores: 9.646512240797009e-06, 7692307.692307692, 0.01358
2025-05-15 20:01:46,083 - deteccion - INFO - Rentabilidad Bruta: 0.768951%
2025-05-15 20:01:46,083 - deteccion - INFO - Oportunidad encontrada (A->B->C->A): USDT -> BTC -> DATA -> USDT
2025-05-15 20:01:46,083 - deteccion - INFO - Pares: BTCUSDT, DATABTC, DATAUSDT
2025-05-15 20:01:46,083 - deteccion - INFO - Precios: 103664.41, 1.6e-07, 0.01729
2025-05-15 20:01:46,083 - deteccion - INFO - Factores: 9.646512240797009e-06, 6250000.0, 0.01729
2025-05-15 20:01:46,084 - deteccion - INFO - Rentabilidad Bruta: 4.242623%
2025-05-15 20:01:46,084 - deteccion - INFO - Oportunidad encontrada (A->B->C->A): USDT -> BTC -> LRC -> USDT
2025-05-15 20:01:46,084 - deteccion - INFO - Pares: BTCUSDT, LRCBTC, LRCUSDT
2025-05-15 20:01:46,084 - deteccion - INFO - Precios: 103664.41, 1.08e-06, 0.1121
2025-05-15 20:01:46,084 - deteccion - INFO - Factores: 9.646512240797009e-06, 925925.9259259258, 0.1121
2025-05-15 20:01:46,084 - deteccion - INFO - Rentabilidad Bruta: 0.127224%
2025-05-15 20:01:46,084 - deteccion - INFO - Oportunidad encontrada (A->B->C->A): USDT -> BTC -> STEEM -> USDT
2025-05-15 20:01:46,085 - deteccion - INFO - Pares: BTCUSDT, STEEMBTC, STEEMUSDT
2025-05-15 20:01:46,085 - deteccion - INFO - Precios: 103664.41, 1.45e-06, 0.1509
2025-05-15 20:01:46,085 - deteccion - INFO - Factores: 9.646512240797009e-06, 689655.172413793, 0.1509
2025-05-15 20:01:46,085 - deteccion - INFO - Rentabilidad Bruta: 0.390255%
2025-05-15 20:01:46,085 - deteccion - INFO - Oportunidad encontrada (A->B->C->A): USDT -> BTC -> SYS -> USDT
2025-05-15 20:01:46,085 - deteccion - INFO - Pares: BTCUSDT, SYSBTC, SYSUSDT
2025-05-15 20:01:46,085 - deteccion - INFO - Precios: 103664.41, 5e-07, 0.0534
2025-05-15 20:01:46,086 - deteccion - INFO - Factores: 9.646512240797009e-06, 2000000.0, 0.0534
2025-05-15 20:01:46,086 - deteccion - INFO - Rentabilidad Bruta: 3.024751%
2025-05-15 20:01:46,086 - deteccion - INFO - Oportunidad encontrada (A->B->C->A): USDT -> BTC -> DUSK -> USDT
2025-05-15 20:01:46,086 - deteccion - INFO - Pares: BTCUSDT, DUSKBTC, DUSKUSDT
2025-05-15 20:01:46,086 - deteccion - INFO - Precios: 103664.41, 8.5e-07, 0.0889
2025-05-15 20:01:46,086 - deteccion - INFO - Factores: 9.646512240797009e-06, 1176470.5882352942, 0.0889
2025-05-15 20:01:46,086 - deteccion - INFO - Rentabilidad Bruta: 0.891169%
2025-05-15 20:01:46,086 - deteccion - INFO - Oportunidad encontrada (A->B->C->A): USDT -> BTC -> BAND -> USDT
2025-05-15 20:01:46,087 - deteccion - INFO - Pares: BTCUSDT, BANDBTC, BANDUSDT
2025-05-15 20:01:46,087 - deteccion - INFO - Precios: 103664.41, 7.85e-06, 0.814
2025-05-15 20:01:46,087 - deteccion - INFO - Factores: 9.646512240797009e-06, 127388.53503184715, 0.814
2025-05-15 20:01:46,087 - deteccion - INFO - Rentabilidad Bruta: 0.028802%
2025-05-15 20:01:46,087 - deteccion - INFO - Oportunidad encontrada (A->B->C->A): USDT -> BTC -> FET -> USDT
2025-05-15 20:01:46,087 - deteccion - INFO - Pares: BTCUSDT, FETBTC, FETUSDT
2025-05-15 20:01:46,088 - deteccion - INFO - Precios: 103664.41, 7.53e-06, 0.781
2025-05-15 20:01:46,088 - deteccion - INFO - Factores: 9.646512240797009e-06, 132802.12483399734, 0.781
2025-05-15 20:01:46,088 - deteccion - INFO - Rentabilidad Bruta: 0.052139%
2025-05-15 20:01:46,088 - deteccion - INFO - Oportunidad encontrada (A->B->C->A): USDT -> BTC -> DGB -> USDT
2025-05-15 20:01:46,088 - deteccion - INFO - Pares: BTCUSDT, DGBBTC, DGBUSDT
2025-05-15 20:01:46,088 - deteccion - INFO - Precios: 103664.41, 9e-08, 0.01085
2025-05-15 20:01:46,089 - deteccion - INFO - Factores: 9.646512240797009e-06, 11111111.111111112, 0.01085
2025-05-15 20:01:46,089 - deteccion - INFO - Rentabilidad Bruta: 16.294064%
2025-05-15 20:01:46,089 - deteccion - INFO - Oportunidad encontrada (A->B->C->A): USDT -> BTC -> ICX -> USDT
2025-05-15 20:01:46,089 - deteccion - INFO - Pares: BTCUSDT, ICXBTC, ICXUSDT
2025-05-15 20:01:46,089 - deteccion - INFO - Precios: 103664.41, 1.08e-06, 0.1124
2025-05-15 20:01:46,089 - deteccion - INFO - Factores: 9.646512240797009e-06, 925925.9259259258, 0.1124
2025-05-15 20:01:46,089 - deteccion - INFO - Rentabilidad Bruta: 0.395183%
2025-05-15 20:01:46,090 - deteccion - INFO - Oportunidad encontrada (A->B->C->A): USDT -> BTC -> IOTA -> USDT
2025-05-15 20:01:46,090 - deteccion - INFO - Pares: BTCUSDT, IOTABTC, IOTAUSDT
2025-05-15 20:01:46,090 - deteccion - INFO - Precios: 103664.41, 2.19e-06, 0.2271
2025-05-15 20:01:46,090 - deteccion - INFO - Factores: 9.646512240797009e-06, 456621.00456621003, 0.2271
2025-05-15 20:01:46,090 - deteccion - INFO - Rentabilidad Bruta: 0.033010%
2025-05-15 20:01:46,090 - deteccion - INFO - Oportunidad encontrada (A->B->C->A): USDT -> BTC -> MTL -> USDT
2025-05-15 20:01:46,090 - deteccion - INFO - Pares: BTCUSDT, MTLBTC, MTLUSDT
2025-05-15 20:01:46,091 - deteccion - INFO - Precios: 103664.41, 8.21e-06, 0.855
2025-05-15 20:01:46,091 - deteccion - INFO - Factores: 9.646512240797009e-06, 121802.6796589525, 0.855
2025-05-15 20:01:46,091 - deteccion - INFO - Rentabilidad Bruta: 0.460024%
2025-05-15 20:01:46,091 - deteccion - INFO - Oportunidad encontrada (A->B->C->A): USDT -> BTC -> PIVX -> USDT
2025-05-15 20:01:46,091 - deteccion - INFO - Pares: BTCUSDT, PIVXBTC, PIVXUSDT
2025-05-15 20:01:46,091 - deteccion - INFO - Precios: 103664.41, 1.53e-06, 0.1587
2025-05-15 20:01:46,092 - deteccion - INFO - Factores: 9.646512240797009e-06, 653594.7712418301, 0.1587
2025-05-15 20:01:46,092 - deteccion - INFO - Rentabilidad Bruta: 0.058921%
2025-05-15 20:01:46,092 - deteccion - INFO - Oportunidad encontrada (A->B->C->A): USDT -> BTC -> ARPA -> USDT
2025-05-15 20:01:46,092 - deteccion - INFO - Pares: BTCUSDT, ARPABTC, ARPAUSDT
2025-05-15 20:01:46,092 - deteccion - INFO - Precios: 103664.41, 2.5e-07, 0.02593
2025-05-15 20:01:46,092 - deteccion - INFO - Factores: 9.646512240797009e-06, 4000000.0, 0.02593
2025-05-15 20:01:46,093 - deteccion - INFO - Rentabilidad Bruta: 0.053625%
2025-05-15 20:01:46,093 - deteccion - INFO - Oportunidad encontrada (A->B->C->A): USDT -> BTC -> COTI -> USDT
2025-05-15 20:01:46,093 - deteccion - INFO - Pares: BTCUSDT, COTIBTC, COTIUSDT
2025-05-15 20:01:46,093 - deteccion - INFO - Precios: 103664.41, 7.3e-07, 0.0763
2025-05-15 20:01:46,093 - deteccion - INFO - Factores: 9.646512240797009e-06, 1369863.01369863, 0.0763
2025-05-15 20:01:46,093 - deteccion - INFO - Rentabilidad Bruta: 0.825875%
2025-05-15 20:01:46,094 - deteccion - INFO - Oportunidad encontrada (A->B->C->A): USDT -> BTC -> STORJ -> USDT
2025-05-15 20:01:46,094 - deteccion - INFO - Pares: BTCUSDT, STORJBTC, STORJUSDT
2025-05-15 20:01:46,094 - deteccion - INFO - Precios: 103664.41, 3.01e-06, 0.3133
2025-05-15 20:01:46,094 - deteccion - INFO - Factores: 9.646512240797009e-06, 332225.9136212625, 0.3133
2025-05-15 20:01:46,094 - deteccion - INFO - Rentabilidad Bruta: 0.407053%
2025-05-15 20:01:46,094 - deteccion - INFO - Oportunidad encontrada (A->B->C->A): USDT -> BTC -> ARDR -> USDT
2025-05-15 20:01:46,095 - deteccion - INFO - Pares: BTCUSDT, ARDRBTC, ARDRUSDT
2025-05-15 20:01:46,095 - deteccion - INFO - Precios: 103664.41, 9.8e-07, 0.10168
2025-05-15 20:01:46,095 - deteccion - INFO - Factores: 9.646512240797009e-06, 1020408.1632653062, 0.10168
2025-05-15 20:01:46,095 - deteccion - INFO - Rentabilidad Bruta: 0.087486%
2025-05-15 20:01:46,095 - deteccion - INFO - Oportunidad encontrada (A->B->C->A): USDT -> BTC -> REQ -> USDT
2025-05-15 20:01:46,096 - deteccion - INFO - Pares: BTCUSDT, REQBTC, REQUSDT
2025-05-15 20:01:46,096 - deteccion - INFO - Precios: 103664.41, 1.5e-06, 0.1557
2025-05-15 20:01:46,096 - deteccion - INFO - Factores: 9.646512240797009e-06, 666666.6666666666, 0.1557
2025-05-15 20:01:46,096 - deteccion - INFO - Rentabilidad Bruta: 0.130797%
2025-05-15 20:01:46,096 - deteccion - INFO - Oportunidad encontrada (A->B->C->A): USDT -> BTC -> PHB -> USDT
2025-05-15 20:01:46,096 - deteccion - INFO - Pares: BTCUSDT, PHBBTC, PHBUSDT
2025-05-15 20:01:46,097 - deteccion - INFO - Precios: 103664.41, 6.17e-06, 0.641
2025-05-15 20:01:46,097 - deteccion - INFO - Factores: 9.646512240797009e-06, 162074.55429497568, 0.641
2025-05-15 20:01:46,097 - deteccion - INFO - Rentabilidad Bruta: 0.217412%
2025-05-15 20:01:46,097 - deteccion - INFO - Oportunidad encontrada (A->B->C->A): USDT -> BTC -> ZEC -> USDT
2025-05-15 20:01:46,097 - deteccion - INFO - Pares: BTCUSDT, ZECBTC, ZECUSDT
2025-05-15 20:01:46,097 - deteccion - INFO - Precios: 103664.41, 0.0004032, 41.83
2025-05-15 20:01:46,097 - deteccion - INFO - Factores: 9.646512240797009e-06, 2480.15873015873, 41.83
2025-05-15 20:01:46,097 - deteccion - INFO - Rentabilidad Bruta: 0.077780%
2025-05-15 20:01:46,098 - deteccion - INFO - Oportunidad encontrada (A->B->C->A): USDT -> BTC -> STPT -> USDT
2025-05-15 20:01:46,098 - deteccion - INFO - Pares: BTCUSDT, STPTBTC, STPTUSDT
2025-05-15 20:01:46,098 - deteccion - INFO - Precios: 103664.41, 6.7e-07, 0.06966
2025-05-15 20:01:46,098 - deteccion - INFO - Factores: 9.646512240797009e-06, 1492537.3134328357, 0.06966
2025-05-15 20:01:46,098 - deteccion - INFO - Rentabilidad Bruta: 0.294932%
2025-05-15 20:01:46,098 - deteccion - INFO - Oportunidad encontrada (A->B->C->A): USDT -> BTC -> SNX -> USDT
2025-05-15 20:01:46,098 - deteccion - INFO - Pares: BTCUSDT, SNXBTC, SNXUSDT
2025-05-15 20:01:46,098 - deteccion - INFO - Precios: 103664.41, 7.9e-06, 0.826
2025-05-15 20:01:46,099 - deteccion - INFO - Factores: 9.646512240797009e-06, 126582.27848101265, 0.826
2025-05-15 20:01:46,099 - deteccion - INFO - Rentabilidad Bruta: 0.861001%
2025-05-15 20:01:46,099 - deteccion - INFO - Oportunidad encontrada (A->B->C->A): USDT -> BTC -> KNC -> USDT
2025-05-15 20:01:46,099 - deteccion - INFO - Pares: BTCUSDT, KNCBTC, KNCUSDT
2025-05-15 20:01:46,099 - deteccion - INFO - Precios: 103664.41, 3.7e-06, 0.3847
2025-05-15 20:01:46,099 - deteccion - INFO - Factores: 9.646512240797009e-06, 270270.27027027024, 0.3847
2025-05-15 20:01:46,099 - deteccion - INFO - Rentabilidad Bruta: 0.297656%
2025-05-15 20:01:46,100 - deteccion - INFO - Oportunidad encontrada (A->B->C->A): USDT -> TUSD -> ETH -> USDT
2025-05-15 20:01:46,100 - deteccion - INFO - Pares: TUSDUSDT, ETHTUSD, ETHUSDT
2025-05-15 20:01:46,100 - deteccion - INFO - Precios: 0.9982, 2544.59, 2547.36
2025-05-15 20:01:46,100 - deteccion - INFO - Factores: 1.0018032458425166, 0.00039299061931391695, 2547.36
2025-05-15 20:01:46,100 - deteccion - INFO - Rentabilidad Bruta: 0.289379%
2025-05-15 20:01:46,100 - deteccion - INFO - Oportunidad encontrada (A->B->C->A): USDT -> TUSD -> LTC -> USDT
2025-05-15 20:01:46,100 - deteccion - INFO - Pares: TUSDUSDT, LTCTUSD, LTCUSDT
2025-05-15 20:01:46,100 - deteccion - INFO - Precios: 0.9982, 83.07, 99.25
2025-05-15 20:01:46,101 - deteccion - INFO - Factores: 1.0018032458425166, 0.012038040207054292, 99.25
2025-05-15 20:01:46,101 - deteccion - INFO - Rentabilidad Bruta: 19.692996%
2025-05-15 20:01:46,101 - deteccion - INFO - Oportunidad encontrada (A->B->C->A): USDT -> TUSD -> TRX -> USDT
2025-05-15 20:01:46,101 - deteccion - INFO - Pares: TUSDUSDT, TRXTUSD, TRXUSDT
2025-05-15 20:01:46,101 - deteccion - INFO - Precios: 0.9982, 0.05986, 0.2727
2025-05-15 20:01:46,101 - deteccion - INFO - Factores: 1.0018032458425166, 16.70564650851988, 0.2727
2025-05-15 20:01:46,101 - deteccion - INFO - Rentabilidad Bruta: 356.384472%
2025-05-15 20:01:46,102 - deteccion - INFO - Oportunidad encontrada (A->B->C->A): USDT -> TUSD -> BNB -> USDT
2025-05-15 20:01:46,102 - deteccion - INFO - Pares: TUSDUSDT, BNBTUSD, BNBUSDT
2025-05-15 20:01:46,102 - deteccion - INFO - Precios: 0.9982, 652.62, 651.75
2025-05-15 20:01:46,102 - deteccion - INFO - Factores: 1.0018032458425166, 0.0015322852502221813, 651.75
2025-05-15 20:01:46,102 - deteccion - INFO - Rentabilidad Bruta: 0.046775%
2025-05-15 20:01:46,102 - deteccion - INFO - Oportunidad encontrada (A->B->C->A): USDT -> TUSD -> ADA -> USDT
2025-05-15 20:01:46,102 - deteccion - INFO - Pares: TUSDUSDT, ADATUSD, ADAUSDT
2025-05-15 20:01:46,102 - deteccion - INFO - Precios: 0.9982, 0.3847, 0.7619
2025-05-15 20:01:46,103 - deteccion - INFO - Factores: 1.0018032458425166, 2.5994281258123215, 0.7619
2025-05-15 20:01:46,103 - deteccion - INFO - Rentabilidad Bruta: 98.407563%
2025-05-15 20:01:46,103 - deteccion - INFO - Oportunidad encontrada (A->B->C->A): USDT -> TUSD -> DOGE -> USDT
2025-05-15 20:01:46,103 - deteccion - INFO - Pares: TUSDUSDT, DOGETUSD, DOGEUSDT
2025-05-15 20:01:46,103 - deteccion - INFO - Precios: 0.9982, 0.21915, 0.21926
2025-05-15 20:01:46,103 - deteccion - INFO - Factores: 1.0018032458425166, 4.563084645220169, 0.21926
2025-05-15 20:01:46,104 - deteccion - INFO - Rentabilidad Bruta: 0.230609%
2025-05-15 20:01:46,104 - deteccion - INFO - Oportunidad encontrada (A->B->C->A): USDT -> TUSD -> SOL -> USDT
2025-05-15 20:01:46,104 - deteccion - INFO - Pares: TUSDUSDT, SOLTUSD, SOLUSDT
2025-05-15 20:01:46,104 - deteccion - INFO - Precios: 0.9982, 169.05, 168.91
2025-05-15 20:01:46,104 - deteccion - INFO - Factores: 1.0018032458425166, 0.005915409642117717, 168.91
2025-05-15 20:01:46,104 - deteccion - INFO - Rentabilidad Bruta: 0.097360%
2025-05-15 20:01:46,105 - deteccion - INFO - Oportunidad encontrada (A->B->C->A): USDT -> ETH -> BNB -> USDT
2025-05-15 20:01:46,105 - deteccion - INFO - Pares: ETHUSDT, BNBETH, BNBUSDT
2025-05-15 20:01:46,105 - deteccion - INFO - Precios: 2547.36, 0.2558, 651.75
2025-05-15 20:01:46,105 - deteccion - INFO - Factores: 0.0003925632812009296, 3.909304143862392, 651.75
2025-05-15 20:01:46,105 - deteccion - INFO - Rentabilidad Bruta: 0.020766%
2025-05-15 20:01:46,106 - deteccion - INFO - Oportunidad encontrada (A->B->C->A): USDT -> ETH -> ALGO -> USDT
2025-05-15 20:01:46,106 - deteccion - INFO - Pares: ETHUSDT, ALGOETH, ALGOUSDT
2025-05-15 20:01:46,106 - deteccion - INFO - Precios: 2547.36, 4.447e-05, 0.2256
2025-05-15 20:01:46,106 - deteccion - INFO - Factores: 0.0003925632812009296, 22487.069934787498, 0.2256
2025-05-15 20:01:46,106 - deteccion - INFO - Rentabilidad Bruta: 99.150610%
2025-05-15 20:01:46,106 - deteccion - INFO - Oportunidad encontrada (A->B->C->A): USDT -> ETH -> SOL -> USDT
2025-05-15 20:01:46,107 - deteccion - INFO - Pares: ETHUSDT, SOLETH, SOLUSDT
2025-05-15 20:01:46,107 - deteccion - INFO - Precios: 2547.36, 0.06629, 168.91
2025-05-15 20:01:46,107 - deteccion - INFO - Factores: 0.0003925632812009296, 15.08523155830442, 168.91
2025-05-15 20:01:46,107 - deteccion - INFO - Rentabilidad Bruta: 0.026948%
2025-05-15 20:01:46,107 - deteccion - INFO - Oportunidad encontrada (A->B->C->A): USDT -> ETH -> RLC -> USDT
2025-05-15 20:01:46,107 - deteccion - INFO - Pares: ETHUSDT, RLCETH, RLCUSDT
2025-05-15 20:01:46,108 - deteccion - INFO - Precios: 2547.36, 0.0004956, 1.265
2025-05-15 20:01:46,108 - deteccion - INFO - Factores: 0.0003925632812009296, 2017.7562550443906, 1.265
2025-05-15 20:01:46,108 - deteccion - INFO - Rentabilidad Bruta: 0.200273%
2025-05-15 20:01:46,108 - deteccion - INFO - Oportunidad encontrada (A->B->C->A): USDT -> ETH -> XMR -> USDT
2025-05-15 20:01:46,108 - deteccion - INFO - Pares: ETHUSDT, XMRETH, XMRUSDT
2025-05-15 20:01:46,108 - deteccion - INFO - Precios: 2547.36, 0.04032, 118.7
2025-05-15 20:01:46,109 - deteccion - INFO - Factores: 0.0003925632812009296, 24.8015873015873, 118.7
2025-05-15 20:01:46,109 - deteccion - INFO - Rentabilidad Bruta: 15.568605%
2025-05-15 20:01:46,109 - deteccion - INFO - Oportunidad encontrada (A->B->C->A): USDT -> ETH -> ZIL -> USDT
2025-05-15 20:01:46,110 - deteccion - INFO - Pares: ETHUSDT, ZILETH, ZILUSDT
2025-05-15 20:01:46,110 - deteccion - INFO - Precios: 2547.36, 5.33e-06, 0.01358
2025-05-15 20:01:46,110 - deteccion - INFO - Factores: 0.0003925632812009296, 187617.2607879925, 0.01358
2025-05-15 20:01:46,110 - deteccion - INFO - Rentabilidad Bruta: 0.018937%
2025-05-15 20:01:46,110 - deteccion - INFO - Oportunidad encontrada (A->B->C->A): USDT -> ETH -> DENT -> USDT
2025-05-15 20:01:46,111 - deteccion - INFO - Pares: ETHUSDT, DENTETH, DENTUSDT
2025-05-15 20:01:46,111 - deteccion - INFO - Precios: 2547.36, 3.4e-07, 0.000869
2025-05-15 20:01:46,111 - deteccion - INFO - Factores: 0.0003925632812009296, 2941176.4705882357, 0.000869
2025-05-15 20:01:46,111 - deteccion - INFO - Rentabilidad Bruta: 0.334556%
2025-05-15 20:01:46,112 - deteccion - INFO - Oportunidad encontrada (A->B->C->A): USDT -> ETH -> LRC -> USDT
2025-05-15 20:01:46,112 - deteccion - INFO - Pares: ETHUSDT, LRCETH, LRCUSDT
2025-05-15 20:01:46,112 - deteccion - INFO - Precios: 2547.36, 4.383e-05, 0.1121
2025-05-15 20:01:46,113 - deteccion - INFO - Factores: 0.0003925632812009296, 22815.423226100844, 0.1121
2025-05-15 20:01:46,113 - deteccion - INFO - Rentabilidad Bruta: 0.402336%
2025-05-15 20:01:46,113 - deteccion - INFO - Oportunidad encontrada (A->B->C->A): USDT -> ETH -> STEEM -> USDT
2025-05-15 20:01:46,114 - deteccion - INFO - Pares: ETHUSDT, STEEMETH, STEEMUSDT
2025-05-15 20:01:46,114 - deteccion - INFO - Precios: 2547.36, 5.92e-05, 0.1509
2025-05-15 20:01:46,114 - deteccion - INFO - Factores: 0.0003925632812009296, 16891.89189189189, 0.1509
2025-05-15 20:01:46,114 - deteccion - INFO - Rentabilidad Bruta: 0.063850%
2025-05-15 20:01:46,114 - deteccion - INFO - Oportunidad encontrada (A->B->C->A): USDT -> ETH -> FUN -> USDT
2025-05-15 20:01:46,114 - deteccion - INFO - Pares: ETHUSDT, FUNETH, FUNUSDT
2025-05-15 20:01:46,115 - deteccion - INFO - Precios: 2547.36, 1.46e-06, 0.005496
2025-05-15 20:01:46,115 - deteccion - INFO - Factores: 0.0003925632812009296, 684931.506849315, 0.005496
2025-05-15 20:01:46,115 - deteccion - INFO - Rentabilidad Bruta: 47.775876%
2025-05-15 20:01:46,115 - deteccion - INFO - Oportunidad encontrada (A->B->C->A): USDT -> ETH -> IOTA -> USDT
2025-05-15 20:01:46,115 - deteccion - INFO - Pares: ETHUSDT, IOTAETH, IOTAUSDT
2025-05-15 20:01:46,115 - deteccion - INFO - Precios: 2547.36, 8.9e-05, 0.2271
2025-05-15 20:01:46,115 - deteccion - INFO - Factores: 0.0003925632812009296, 11235.955056179775, 0.2271
2025-05-15 20:01:46,116 - deteccion - INFO - Rentabilidad Bruta: 0.169799%
2025-05-15 20:01:46,116 - deteccion - INFO - Oportunidad encontrada (A->B->C->A): USDT -> TRX -> BNB -> USDT
2025-05-15 20:01:46,116 - deteccion - INFO - Pares: TRXUSDT, TRXBNB, BNBUSDT
2025-05-15 20:01:46,116 - deteccion - INFO - Precios: 0.2727, 0.0004185, 651.75
2025-05-15 20:01:46,116 - deteccion - INFO - Factores: 3.6670333700036672, 0.0004185, 651.75
2025-05-15 20:01:46,116 - deteccion - INFO - Rentabilidad Bruta: 0.021040%
2025-05-15 20:01:46,117 - deteccion - INFO - Oportunidad encontrada (A->B->C->A): USDT -> TRX -> EUR -> USDT
2025-05-15 20:01:46,117 - deteccion - INFO - Pares: TRXUSDT, TRXEUR, EURUSDT
2025-05-15 20:01:46,117 - deteccion - INFO - Precios: 0.2727, 0.2439, 1.1185
2025-05-15 20:01:46,117 - deteccion - INFO - Factores: 3.6670333700036672, 0.2439, 1.1185
2025-05-15 20:01:46,117 - deteccion - INFO - Rentabilidad Bruta: 0.037459%
2025-05-15 20:01:46,117 - deteccion - INFO - Oportunidad encontrada (A->B->C->A): USDT -> TRX -> WIN -> USDT
2025-05-15 20:01:46,117 - deteccion - INFO - Pares: TRXUSDT, WINTRX, WINUSDT
2025-05-15 20:01:46,118 - deteccion - INFO - Precios: 0.2727, 0.000222, 6.055e-05
2025-05-15 20:01:46,118 - deteccion - INFO - Factores: 3.6670333700036672, 4504.504504504504, 6.055e-05
2025-05-15 20:01:46,118 - deteccion - INFO - Rentabilidad Bruta: 0.017509%
2025-05-15 20:01:46,118 - deteccion - INFO - Oportunidad encontrada (A->B->C->A): USDT -> AUD -> BNB -> USDT
2025-05-15 20:01:46,118 - deteccion - INFO - Pares: AUDUSDT, BNBAUD, BNBUSDT
2025-05-15 20:01:46,118 - deteccion - INFO - Precios: 0.7252, 421.1, 651.75
2025-05-15 20:01:46,119 - deteccion - INFO - Factores: 1.378929950358522, 0.0023747328425552123, 651.75
2025-05-15 20:01:46,119 - deteccion - INFO - Rentabilidad Bruta: 113.421419%
2025-05-15 20:01:46,119 - deteccion - INFO - Oportunidad encontrada (A->B->C->A): USDT -> AUD -> ADA -> USDT
2025-05-15 20:01:46,119 - deteccion - INFO - Pares: AUDUSDT, ADAAUD, ADAUSDT
2025-05-15 20:01:46,119 - deteccion - INFO - Precios: 0.7252, 0.5054, 0.7619
2025-05-15 20:01:46,119 - deteccion - INFO - Factores: 1.378929950358522, 1.9786307874950535, 0.7619
2025-05-15 20:01:46,119 - deteccion - INFO - Rentabilidad Bruta: 107.876282%
2025-05-15 20:01:46,120 - deteccion - INFO - Oportunidad encontrada (A->B->C->A): USDT -> AUD -> DOGE -> USDT
2025-05-15 20:01:46,120 - deteccion - INFO - Pares: AUDUSDT, DOGEAUD, DOGEUSDT
2025-05-15 20:01:46,120 - deteccion - INFO - Precios: 0.7252, 0.09449, 0.21926
2025-05-15 20:01:46,120 - deteccion - INFO - Factores: 1.378929950358522, 10.583130489998942, 0.21926
2025-05-15 20:01:46,120 - deteccion - INFO - Rentabilidad Bruta: 219.974792%
2025-05-15 20:01:46,120 - deteccion - INFO - Oportunidad encontrada (A->B->C->A): USDT -> AUD -> SOL -> USDT
2025-05-15 20:01:46,120 - deteccion - INFO - Pares: AUDUSDT, SOLAUD, SOLUSDT
2025-05-15 20:01:46,120 - deteccion - INFO - Precios: 0.7252, 28.48, 168.91
2025-05-15 20:01:46,121 - deteccion - INFO - Factores: 1.378929950358522, 0.0351123595505618, 168.91
2025-05-15 20:01:46,121 - deteccion - INFO - Rentabilidad Bruta: 717.819726%
2025-05-15 20:01:46,121 - deteccion - INFO - Oportunidad encontrada (A->B->C->A): USDT -> AUD -> BUSD -> USDT
2025-05-15 20:01:46,121 - deteccion - INFO - Pares: AUDUSDT, AUDBUSD, BUSDUSDT
2025-05-15 20:01:46,121 - deteccion - INFO - Precios: 0.7252, 0.7255, 1.0003
2025-05-15 20:01:46,121 - deteccion - INFO - Factores: 1.378929950358522, 0.7255, 1.0003
2025-05-15 20:01:46,121 - deteccion - INFO - Rentabilidad Bruta: 0.071380%
2025-05-15 20:01:46,121 - deteccion - INFO - Oportunidad encontrada (A->B->C->A): USDT -> BNB -> ADA -> USDT
2025-05-15 20:01:46,121 - deteccion - INFO - Pares: BNBUSDT, ADABNB, ADAUSDT
2025-05-15 20:01:46,122 - deteccion - INFO - Precios: 651.75, 0.001168, 0.7619
2025-05-15 20:01:46,122 - deteccion - INFO - Factores: 0.0015343306482546988, 856.1643835616438, 0.7619
2025-05-15 20:01:46,122 - deteccion - INFO - Rentabilidad Bruta: 0.086175%
2025-05-15 20:01:46,122 - deteccion - INFO - Oportunidad encontrada (A->B->C->A): USDT -> BNB -> SOL -> USDT
2025-05-15 20:01:46,122 - deteccion - INFO - Pares: BNBUSDT, SOLBNB, SOLUSDT
2025-05-15 20:01:46,122 - deteccion - INFO - Precios: 651.75, 0.259, 168.91
2025-05-15 20:01:46,122 - deteccion - INFO - Factores: 0.0015343306482546988, 3.861003861003861, 168.91
2025-05-15 20:01:46,122 - deteccion - INFO - Rentabilidad Bruta: 0.063239%
2025-05-15 20:01:46,123 - deteccion - INFO - Oportunidad encontrada (A->B->C->A): USDT -> BNB -> FET -> USDT
2025-05-15 20:01:46,123 - deteccion - INFO - Pares: BNBUSDT, FETBNB, FETUSDT
2025-05-15 20:01:46,123 - deteccion - INFO - Precios: 651.75, 0.001198, 0.781
2025-05-15 20:01:46,123 - deteccion - INFO - Factores: 0.0015343306482546988, 834.7245409015025, 0.781
2025-05-15 20:01:46,123 - deteccion - INFO - Rentabilidad Bruta: 0.026063%
2025-05-15 20:01:46,123 - deteccion - INFO - Oportunidad encontrada (A->B->C->A): USDT -> ETC -> BUSD -> USDT
2025-05-15 20:01:46,123 - deteccion - INFO - Pares: ETCUSDT, ETCBUSD, BUSDUSDT
2025-05-15 20:01:46,124 - deteccion - INFO - Precios: 18.96, 19.03, 1.0003
2025-05-15 20:01:46,124 - deteccion - INFO - Factores: 0.05274261603375527, 19.03, 1.0003
2025-05-15 20:01:46,124 - deteccion - INFO - Rentabilidad Bruta: 0.399309%
2025-05-15 20:01:46,124 - deteccion - INFO - Oportunidad encontrada (A->B->C->A): USDT -> ETC -> EUR -> USDT
2025-05-15 20:01:46,124 - deteccion - INFO - Pares: ETCUSDT, ETCEUR, EURUSDT
2025-05-15 20:01:46,125 - deteccion - INFO - Precios: 18.96, 20.0, 1.1185
2025-05-15 20:01:46,125 - deteccion - INFO - Factores: 0.05274261603375527, 20.0, 1.1185
2025-05-15 20:01:46,125 - deteccion - INFO - Rentabilidad Bruta: 17.985232%
2025-05-15 20:01:46,125 - deteccion - INFO - Oportunidad encontrada (A->B->C->A): USDT -> MATIC -> GBP -> USDT
2025-05-15 20:01:46,125 - deteccion - INFO - Pares: MATICUSDT, MATICGBP, GBPUSDT
2025-05-15 20:01:46,125 - deteccion - INFO - Precios: 0.3794, 0.819, 1.18
2025-05-15 20:01:46,125 - deteccion - INFO - Factores: 2.635740643120717, 0.819, 1.18
2025-05-15 20:01:46,126 - deteccion - INFO - Rentabilidad Bruta: 154.723247%
2025-05-15 20:01:46,126 - deteccion - INFO - Oportunidad encontrada (A->B->C->A): USDT -> MATIC -> BUSD -> USDT
2025-05-15 20:01:46,126 - deteccion - INFO - Pares: MATICUSDT, MATICBUSD, BUSDUSDT
2025-05-15 20:01:46,126 - deteccion - INFO - Precios: 0.3794, 0.8659, 1.0003
2025-05-15 20:01:46,126 - deteccion - INFO - Factores: 2.635740643120717, 0.8659, 1.0003
2025-05-15 20:01:46,126 - deteccion - INFO - Rentabilidad Bruta: 128.297251%
2025-05-15 20:01:46,126 - deteccion - INFO - Oportunidad encontrada (A->B->C->A): USDT -> MATIC -> EUR -> USDT
2025-05-15 20:01:46,127 - deteccion - INFO - Pares: MATICUSDT, MATICEUR, EURUSDT
2025-05-15 20:01:46,127 - deteccion - INFO - Precios: 0.3794, 0.3444, 1.1185
2025-05-15 20:01:46,127 - deteccion - INFO - Factores: 2.635740643120717, 0.3444, 1.1185
2025-05-15 20:01:46,127 - deteccion - INFO - Rentabilidad Bruta: 1.531734%
2025-05-15 20:01:46,127 - deteccion - INFO - Oportunidad encontrada (A->B->C->A): USDT -> GBP -> BUSD -> USDT
2025-05-15 20:01:46,127 - deteccion - INFO - Pares: GBPUSDT, GBPBUSD, BUSDUSDT
2025-05-15 20:01:46,127 - deteccion - INFO - Precios: 1.18, 1.239, 1.0003
2025-05-15 20:01:46,127 - deteccion - INFO - Factores: 0.8474576271186441, 1.239, 1.0003
2025-05-15 20:01:46,128 - deteccion - INFO - Rentabilidad Bruta: 5.031500%
2025-05-15 20:01:46,128 - deteccion - INFO - Oportunidad encontrada (A->B->C->A): USDT -> GBP -> VET -> USDT
2025-05-15 20:01:46,128 - deteccion - INFO - Pares: GBPUSDT, VETGBP, VETUSDT
2025-05-15 20:01:46,128 - deteccion - INFO - Precios: 1.18, 0.0143, 0.0288
2025-05-15 20:01:46,128 - deteccion - INFO - Factores: 0.8474576271186441, 69.93006993006993, 0.0288
2025-05-15 20:01:46,129 - deteccion - INFO - Rentabilidad Bruta: 70.676781%
2025-05-15 20:01:46,129 - deteccion - INFO - Oportunidad encontrada (A->B->C->A): USDT -> BUSD -> EUR -> USDT
2025-05-15 20:01:46,129 - deteccion - INFO - Pares: BUSDUSDT, EURBUSD, EURUSDT
2025-05-15 20:01:46,129 - deteccion - INFO - Precios: 1.0003, 1.0757, 1.1185
2025-05-15 20:01:46,129 - deteccion - INFO - Factores: 0.9997000899730081, 0.9296272194849864, 1.1185
2025-05-15 20:01:46,129 - deteccion - INFO - Rentabilidad Bruta: 3.947620%
2025-05-15 20:01:46,129 - deteccion - INFO - Oportunidad encontrada (A->B->C->A): USDT -> BUSD -> VET -> USDT
2025-05-15 20:01:46,130 - deteccion - INFO - Pares: BUSDUSDT, VETBUSD, VETUSDT
2025-05-15 20:01:46,130 - deteccion - INFO - Precios: 1.0003, 0.0212, 0.0288
2025-05-15 20:01:46,130 - deteccion - INFO - Factores: 0.9997000899730081, 47.16981132075472, 0.0288
2025-05-15 20:01:46,130 - deteccion - INFO - Rentabilidad Bruta: 35.808314%
2025-05-15 20:01:46,130 - deteccion - INFO - Oportunidad encontrada (A->B->C->A): USDT -> BUSD -> BLZ -> USDT
2025-05-15 20:01:46,130 - deteccion - INFO - Pares: BUSDUSDT, BLZBUSD, BLZUSDT
2025-05-15 20:01:46,130 - deteccion - INFO - Precios: 1.0003, 0.0553, 0.0582
2025-05-15 20:01:46,130 - deteccion - INFO - Factores: 0.9997000899730081, 18.083182640144663, 0.0582
2025-05-15 20:01:46,130 - deteccion - INFO - Rentabilidad Bruta: 5.212559%
2025-05-15 20:01:46,131 - deteccion - INFO - Oportunidad encontrada (A->B->C->A): USDT -> BUSD -> NEBL -> USDT
2025-05-15 20:01:46,131 - deteccion - INFO - Pares: BUSDUSDT, NEBLBUSD, NEBLUSDT
2025-05-15 20:01:46,131 - deteccion - INFO - Precios: 1.0003, 0.354, 0.355
2025-05-15 20:01:46,131 - deteccion - INFO - Factores: 0.9997000899730081, 2.824858757062147, 0.355
2025-05-15 20:01:46,131 - deteccion - INFO - Rentabilidad Bruta: 0.252410%
2025-05-15 20:01:46,132 - deteccion - INFO - Oportunidad encontrada (A->B->C->A): USDT -> BUSD -> JST -> USDT
2025-05-15 20:01:46,132 - deteccion - INFO - Pares: BUSDUSDT, JSTBUSD, JSTUSDT
2025-05-15 20:01:46,132 - deteccion - INFO - Precios: 1.0003, 0.02103, 0.03644
2025-05-15 20:01:46,132 - deteccion - INFO - Factores: 0.9997000899730081, 47.551117451260104, 0.03644
2025-05-15 20:01:46,132 - deteccion - INFO - Rentabilidad Bruta: 73.224305%
2025-05-15 20:01:46,132 - deteccion - INFO - Oportunidad encontrada (A->B->C->A): USDT -> BUSD -> BTG -> USDT
2025-05-15 20:01:46,133 - deteccion - INFO - Pares: BUSDUSDT, BTGBUSD, BTGUSDT
2025-05-15 20:01:46,133 - deteccion - INFO - Precios: 1.0003, 17.62, 17.65
2025-05-15 20:01:46,133 - deteccion - INFO - Factores: 0.9997000899730081, 0.056753688989784334, 17.65
2025-05-15 20:01:46,133 - deteccion - INFO - Rentabilidad Bruta: 0.140219%
2025-05-15 20:01:46,133 - deteccion - INFO - Oportunidad encontrada (A->B->C->A): USDT -> BUSD -> DENT -> USDT
2025-05-15 20:01:46,134 - deteccion - INFO - Pares: BUSDUSDT, DENTBUSD, DENTUSDT
2025-05-15 20:01:46,134 - deteccion - INFO - Precios: 1.0003, 0.000707, 0.000869
2025-05-15 20:01:46,134 - deteccion - INFO - Factores: 0.9997000899730081, 1414.4271570014146, 0.000869
2025-05-15 20:01:46,135 - deteccion - INFO - Rentabilidad Bruta: 22.876857%
2025-05-15 20:01:46,135 - deteccion - INFO - Oportunidad encontrada (A->B->C->A): USDT -> BUSD -> CVC -> USDT
2025-05-15 20:01:46,135 - deteccion - INFO - Pares: BUSDUSDT, CVCBUSD, CVCUSDT
2025-05-15 20:01:46,135 - deteccion - INFO - Precios: 1.0003, 0.0688, 0.1377
2025-05-15 20:01:46,136 - deteccion - INFO - Factores: 0.9997000899730081, 14.534883720930232, 0.1377
2025-05-15 20:01:46,136 - deteccion - INFO - Rentabilidad Bruta: 100.085323%
2025-05-15 20:01:46,136 - deteccion - INFO - Oportunidad encontrada (A->B->C->A): USDT -> BUSD -> FET -> USDT
2025-05-15 20:01:46,136 - deteccion - INFO - Pares: BUSDUSDT, FETBUSD, FETUSDT
2025-05-15 20:01:46,136 - deteccion - INFO - Precios: 1.0003, 0.4915, 0.781
2025-05-15 20:01:46,137 - deteccion - INFO - Factores: 0.9997000899730081, 2.034587995930824, 0.781
2025-05-15 20:01:46,137 - deteccion - INFO - Rentabilidad Bruta: 58.853666%
2025-05-15 20:01:46,137 - deteccion - INFO - Oportunidad encontrada (A->B->C->A): USDT -> BUSD -> DGB -> USDT
2025-05-15 20:01:46,137 - deteccion - INFO - Pares: BUSDUSDT, DGBBUSD, DGBUSDT
2025-05-15 20:01:46,137 - deteccion - INFO - Precios: 1.0003, 0.00632, 0.01085
2025-05-15 20:01:46,137 - deteccion - INFO - Factores: 0.9997000899730081, 158.2278481012658, 0.01085
2025-05-15 20:01:46,138 - deteccion - INFO - Rentabilidad Bruta: 71.625727%
2025-05-15 20:01:46,138 - deteccion - INFO - Oportunidad encontrada (A->B->C->A): USDT -> BUSD -> IOTA -> USDT
2025-05-15 20:01:46,138 - deteccion - INFO - Pares: BUSDUSDT, IOTABUSD, IOTAUSDT
2025-05-15 20:01:46,138 - deteccion - INFO - Precios: 1.0003, 0.1431, 0.2271
2025-05-15 20:01:46,138 - deteccion - INFO - Factores: 0.9997000899730081, 6.988120195667365, 0.2271
2025-05-15 20:01:46,139 - deteccion - INFO - Rentabilidad Bruta: 58.652614%
2025-05-15 20:01:46,139 - deteccion - INFO - Oportunidad encontrada (A->B->C->A): USDT -> BUSD -> FTT -> USDT
2025-05-15 20:01:46,139 - deteccion - INFO - Pares: BUSDUSDT, FTTBUSD, FTTUSDT
2025-05-15 20:01:46,139 - deteccion - INFO - Precios: 1.0003, 1.13, 1.2472
2025-05-15 20:01:46,139 - deteccion - INFO - Factores: 0.9997000899730081, 0.8849557522123894, 1.2472
2025-05-15 20:01:46,140 - deteccion - INFO - Rentabilidad Bruta: 10.338580%
2025-05-15 20:01:46,140 - deteccion - INFO - Oportunidad encontrada (A->B->C->A): USDT -> BUSD -> COTI -> USDT
2025-05-15 20:01:46,140 - deteccion - INFO - Pares: BUSDUSDT, COTIBUSD, COTIUSDT
2025-05-15 20:01:46,140 - deteccion - INFO - Precios: 1.0003, 0.03732, 0.0763
2025-05-15 20:01:46,140 - deteccion - INFO - Factores: 0.9997000899730081, 26.79528403001072, 0.0763
2025-05-15 20:01:46,140 - deteccion - INFO - Rentabilidad Bruta: 104.386701%
2025-05-15 20:01:46,140 - deteccion - INFO - Oportunidad encontrada (A->B->C->A): USDT -> BUSD -> STORJ -> USDT
2025-05-15 20:01:46,141 - deteccion - INFO - Pares: BUSDUSDT, STORJBUSD, STORJUSDT
2025-05-15 20:01:46,141 - deteccion - INFO - Precios: 1.0003, 0.2371, 0.3133
2025-05-15 20:01:46,141 - deteccion - INFO - Factores: 0.9997000899730081, 4.217629692113032, 0.3133
2025-05-15 20:01:46,141 - deteccion - INFO - Rentabilidad Bruta: 32.098709%
2025-05-15 20:01:46,141 - deteccion - INFO - Oportunidad encontrada (A->B->C->A): USDT -> BUSD -> SRM -> USDT
2025-05-15 20:01:46,141 - deteccion - INFO - Pares: BUSDUSDT, SRMBUSD, SRMUSDT
2025-05-15 20:01:46,141 - deteccion - INFO - Precios: 1.0003, 0.0353, 0.24442
2025-05-15 20:01:46,141 - deteccion - INFO - Factores: 0.9997000899730081, 28.328611898016998, 0.24442
2025-05-15 20:01:46,142 - deteccion - INFO - Rentabilidad Bruta: 592.200272%
2025-05-15 20:01:46,142 - deteccion - INFO - Oportunidad encontrada (A->B->C->A): USDT -> BUSD -> REQ -> USDT
2025-05-15 20:01:46,142 - deteccion - INFO - Pares: BUSDUSDT, REQBUSD, REQUSDT
2025-05-15 20:01:46,142 - deteccion - INFO - Precios: 1.0003, 0.0633, 0.1557
2025-05-15 20:01:46,142 - deteccion - INFO - Factores: 0.9997000899730081, 15.797788309636653, 0.1557
2025-05-15 20:01:46,143 - deteccion - INFO - Rentabilidad Bruta: 145.897795%
2025-05-15 20:01:46,143 - deteccion - INFO - Oportunidad encontrada (A->B->C->A): USDT -> BUSD -> ZEC -> USDT
2025-05-15 20:01:46,143 - deteccion - INFO - Pares: BUSDUSDT, ZECBUSD, ZECUSDT
2025-05-15 20:01:46,143 - deteccion - INFO - Precios: 1.0003, 25.5, 41.83
2025-05-15 20:01:46,143 - deteccion - INFO - Factores: 0.9997000899730081, 0.0392156862745098, 41.83
2025-05-15 20:01:46,143 - deteccion - INFO - Rentabilidad Bruta: 63.990019%
2025-05-15 20:01:46,143 - deteccion - INFO - Oportunidad encontrada (A->B->C->A): USDT -> BUSD -> LOOM -> USDT
2025-05-15 20:01:46,144 - deteccion - INFO - Pares: BUSDUSDT, LOOMBUSD, LOOMUSDT
2025-05-15 20:01:46,144 - deteccion - INFO - Precios: 1.0003, 0.04003, 0.04831
2025-05-15 20:01:46,144 - deteccion - INFO - Factores: 0.9997000899730081, 24.981264051961027, 0.04831
2025-05-15 20:01:46,144 - deteccion - INFO - Rentabilidad Bruta: 20.648292%
2025-05-15 20:01:46,144 - deteccion - INFO - Oportunidad encontrada (A->B->C->A): USDT -> BUSD -> AVA -> USDT
2025-05-15 20:01:46,144 - deteccion - INFO - Pares: BUSDUSDT, AVABUSD, AVAUSDT
2025-05-15 20:01:46,145 - deteccion - INFO - Precios: 1.0003, 0.47, 0.6595
2025-05-15 20:01:46,145 - deteccion - INFO - Factores: 0.9997000899730081, 2.127659574468085, 0.6595
2025-05-15 20:01:46,145 - deteccion - INFO - Rentabilidad Bruta: 40.277066%
2025-05-15 20:01:46,145 - deteccion - INFO - Oportunidad encontrada (A->B->C->A): USDT -> BUSD -> STPT -> USDT
2025-05-15 20:01:46,146 - deteccion - INFO - Pares: BUSDUSDT, STPTBUSD, STPTUSDT
2025-05-15 20:01:46,146 - deteccion - INFO - Precios: 1.0003, 0.04185, 0.06966
2025-05-15 20:01:46,146 - deteccion - INFO - Factores: 0.9997000899730081, 23.894862604540023, 0.06966
2025-05-15 20:01:46,146 - deteccion - INFO - Rentabilidad Bruta: 66.401692%
2025-05-15 20:01:46,146 - deteccion - INFO - Oportunidad encontrada (A->B->C->A): USDT -> BUSD -> ANKR -> USDT
2025-05-15 20:01:46,147 - deteccion - INFO - Pares: BUSDUSDT, ANKRBUSD, ANKRUSDT
2025-05-15 20:01:46,147 - deteccion - INFO - Precios: 1.0003, 0.01906, 0.01969
2025-05-15 20:01:46,147 - deteccion - INFO - Factores: 0.9997000899730081, 52.46589716684155, 0.01969
2025-05-15 20:01:46,147 - deteccion - INFO - Rentabilidad Bruta: 3.274369%
2025-05-15 20:01:46,147 - deteccion - INFO - Oportunidad encontrada (A->B->C->A): USDT -> BUSD -> POWR -> USDT
2025-05-15 20:01:46,147 - deteccion - INFO - Pares: BUSDUSDT, POWRBUSD, POWRUSDT
2025-05-15 20:01:46,147 - deteccion - INFO - Precios: 1.0003, 0.1504, 0.1885
2025-05-15 20:01:46,147 - deteccion - INFO - Factores: 0.9997000899730081, 6.648936170212766, 0.1885
2025-05-15 20:01:46,148 - deteccion - INFO - Rentabilidad Bruta: 25.294858%
2025-05-15 20:01:46,148 - deteccion - INFO - Oportunidad encontrada (A->B->C->A): USDT -> EUR -> VET -> USDT
2025-05-15 20:01:46,148 - deteccion - INFO - Pares: EURUSDT, VETEUR, VETUSDT
2025-05-15 20:01:46,148 - deteccion - INFO - Precios: 1.1185, 0.02574, 0.0288
2025-05-15 20:01:46,148 - deteccion - INFO - Factores: 0.8940545373267769, 38.85003885003885, 0.0288
2025-05-15 20:01:46,148 - deteccion - INFO - Rentabilidad Bruta: 0.034074%
2025-05-15 20:01:46,149 - deteccion - INFO - Oportunidad encontrada (A->B->C->A): USDT -> EUR -> WIN -> USDT
2025-05-15 20:01:46,149 - deteccion - INFO - Pares: EURUSDT, WINEUR, WINUSDT
2025-05-15 20:01:46,149 - deteccion - INFO - Precios: 1.1185, 5.411e-05, 6.055e-05
2025-05-15 20:01:46,149 - deteccion - INFO - Factores: 0.8940545373267769, 18480.872297172427, 6.055e-05
2025-05-15 20:01:46,150 - deteccion - INFO - Rentabilidad Bruta: 0.046206%
2025-05-15 20:01:46,151 - deteccion - INFO - Oportunidad encontrada (A->B->C->A): BTC -> TUSD -> ETH -> BTC
2025-05-15 20:01:46,152 - deteccion - INFO - Pares: BTCTUSD, ETHTUSD, ETHBTC
2025-05-15 20:01:46,152 - deteccion - INFO - Precios: 103965.63, 2544.59, 0.02457
2025-05-15 20:01:46,152 - deteccion - INFO - Factores: 103965.63, 0.00039299061931391695, 0.02457
2025-05-15 20:01:46,152 - deteccion - INFO - Rentabilidad Bruta: 0.386920%
2025-05-15 20:01:46,153 - deteccion - INFO - Oportunidad encontrada (A->B->C->A): BTC -> TUSD -> LTC -> BTC
2025-05-15 20:01:46,153 - deteccion - INFO - Pares: BTCTUSD, LTCTUSD, LTCBTC
2025-05-15 20:01:46,153 - deteccion - INFO - Precios: 103965.63, 83.07, 0.000957
2025-05-15 20:01:46,153 - deteccion - INFO - Factores: 103965.63, 0.012038040207054292, 0.000957
2025-05-15 20:01:46,153 - deteccion - INFO - Rentabilidad Bruta: 19.772611%
2025-05-15 20:01:46,153 - deteccion - INFO - Oportunidad encontrada (A->B->C->A): BTC -> TUSD -> TRX -> BTC
2025-05-15 20:01:46,154 - deteccion - INFO - Pares: BTCTUSD, TRXTUSD, TRXBTC
2025-05-15 20:01:46,154 - deteccion - INFO - Precios: 103965.63, 0.05986, 2.63e-06
2025-05-15 20:01:46,154 - deteccion - INFO - Factores: 103965.63, 16.70564650851988, 2.63e-06
2025-05-15 20:01:46,154 - deteccion - INFO - Rentabilidad Bruta: 356.781836%
2025-05-15 20:01:46,154 - deteccion - INFO - Oportunidad encontrada (A->B->C->A): BTC -> TUSD -> BNB -> BTC
2025-05-15 20:01:46,154 - deteccion - INFO - Pares: BTCTUSD, BNBTUSD, BNBBTC
2025-05-15 20:01:46,154 - deteccion - INFO - Precios: 103965.63, 652.62, 0.006286
2025-05-15 20:01:46,155 - deteccion - INFO - Factores: 103965.63, 0.0015322852502221813, 0.006286
2025-05-15 20:01:46,155 - deteccion - INFO - Rentabilidad Bruta: 0.139124%
2025-05-15 20:01:46,155 - deteccion - INFO - Oportunidad encontrada (A->B->C->A): BTC -> TUSD -> ADA -> BTC
2025-05-15 20:01:46,155 - deteccion - INFO - Pares: BTCTUSD, ADATUSD, ADABTC
2025-05-15 20:01:46,155 - deteccion - INFO - Precios: 103965.63, 0.3847, 7.34e-06
2025-05-15 20:01:46,155 - deteccion - INFO - Factores: 103965.63, 2.5994281258123215, 7.34e-06
2025-05-15 20:01:46,156 - deteccion - INFO - Rentabilidad Bruta: 98.364368%
2025-05-15 20:01:46,156 - deteccion - INFO - Oportunidad encontrada (A->B->C->A): BTC -> TUSD -> DOGE -> BTC
2025-05-15 20:01:46,156 - deteccion - INFO - Pares: BTCTUSD, DOGETUSD, DOGEBTC
2025-05-15 20:01:46,156 - deteccion - INFO - Precios: 103965.63, 0.21915, 2.11e-06
2025-05-15 20:01:46,156 - deteccion - INFO - Factores: 103965.63, 4.563084645220169, 2.11e-06
2025-05-15 20:01:46,157 - deteccion - INFO - Rentabilidad Bruta: 0.099238%
2025-05-15 20:01:46,157 - deteccion - INFO - Oportunidad encontrada (A->B->C->A): BTC -> TUSD -> SOL -> BTC
2025-05-15 20:01:46,157 - deteccion - INFO - Pares: BTCTUSD, SOLTUSD, SOLBTC
2025-05-15 20:01:46,157 - deteccion - INFO - Precios: 103965.63, 169.05, 0.0016291
2025-05-15 20:01:46,157 - deteccion - INFO - Factores: 103965.63, 0.005915409642117717, 0.0016291
2025-05-15 20:01:46,157 - deteccion - INFO - Rentabilidad Bruta: 0.189534%
2025-05-15 20:01:46,157 - deteccion - INFO - Oportunidad encontrada (A->B->C->A): BTC -> TUSD -> MATIC -> BTC
2025-05-15 20:01:46,157 - deteccion - INFO - Pares: BTCTUSD, MATICTUSD, MATICBTC
2025-05-15 20:01:46,157 - deteccion - INFO - Precios: 103965.63, 0.5043, 6.67e-06
2025-05-15 20:01:46,158 - deteccion - INFO - Factores: 103965.63, 1.98294665873488, 6.67e-06
2025-05-15 20:01:46,158 - deteccion - INFO - Rentabilidad Bruta: 37.507585%
2025-05-15 20:01:46,158 - deteccion - INFO - Oportunidad encontrada (A->B->C->A): BTC -> TUSD -> BUSD -> BTC
2025-05-15 20:01:46,158 - deteccion - INFO - Pares: BTCTUSD, TUSDBUSD, BTCBUSD
2025-05-15 20:01:46,158 - deteccion - INFO - Precios: 103965.63, 0.9966, 42769.4
2025-05-15 20:01:46,158 - deteccion - INFO - Factores: 103965.63, 0.9966, 2.338120244847952e-05
2025-05-15 20:01:46,158 - deteccion - INFO - Rentabilidad Bruta: 142.257658%
2025-05-15 20:01:46,158 - deteccion - INFO - Oportunidad encontrada (A->B->C->A): BTC -> ETH -> AUD -> BTC
2025-05-15 20:01:46,159 - deteccion - INFO - Pares: ETHBTC, ETHAUD, BTCAUD
2025-05-15 20:01:46,159 - deteccion - INFO - Precios: 0.02457, 2565.09, 37210.08
2025-05-15 20:01:46,159 - deteccion - INFO - Factores: 40.700040700040695, 2565.09, 2.6874438324239024e-05
2025-05-15 20:01:46,159 - deteccion - INFO - Rentabilidad Bruta: 180.567167%
2025-05-15 20:01:46,159 - deteccion - INFO - Oportunidad encontrada (A->B->C->A): BTC -> ETH -> BNB -> BTC
2025-05-15 20:01:46,159 - deteccion - INFO - Pares: ETHBTC, BNBETH, BNBBTC
2025-05-15 20:01:46,159 - deteccion - INFO - Precios: 0.02457, 0.2558, 0.006286
2025-05-15 20:01:46,159 - deteccion - INFO - Factores: 40.700040700040695, 3.909304143862392, 0.006286
2025-05-15 20:01:46,159 - deteccion - INFO - Rentabilidad Bruta: 0.015815%
2025-05-15 20:01:46,160 - deteccion - INFO - Oportunidad encontrada (A->B->C->A): BTC -> ETH -> ALGO -> BTC
2025-05-15 20:01:46,160 - deteccion - INFO - Pares: ETHBTC, ALGOETH, ALGOBTC
2025-05-15 20:01:46,160 - deteccion - INFO - Precios: 0.02457, 4.447e-05, 2.17e-06
2025-05-15 20:01:46,160 - deteccion - INFO - Factores: 40.700040700040695, 22487.069934787498, 2.17e-06
2025-05-15 20:01:46,160 - deteccion - INFO - Rentabilidad Bruta: 98.603752%
2025-05-15 20:01:46,160 - deteccion - INFO - Oportunidad encontrada (A->B->C->A): BTC -> ETH -> SOL -> BTC
2025-05-15 20:01:46,160 - deteccion - INFO - Pares: ETHBTC, SOLETH, SOLBTC
2025-05-15 20:01:46,161 - deteccion - INFO - Precios: 0.02457, 0.06629, 0.0016291
2025-05-15 20:01:46,161 - deteccion - INFO - Factores: 40.700040700040695, 15.08523155830442, 0.0016291
2025-05-15 20:01:46,161 - deteccion - INFO - Rentabilidad Bruta: 0.021777%
2025-05-15 20:01:46,161 - deteccion - INFO - Oportunidad encontrada (A->B->C->A): BTC -> ETH -> MATIC -> BTC
2025-05-15 20:01:46,161 - deteccion - INFO - Pares: ETHBTC, MATICETH, MATICBTC
2025-05-15 20:01:46,162 - deteccion - INFO - Precios: 0.02457, 0.0001616, 6.67e-06
2025-05-15 20:01:46,162 - deteccion - INFO - Factores: 40.700040700040695, 6188.118811881188, 6.67e-06
2025-05-15 20:01:46,162 - deteccion - INFO - Rentabilidad Bruta: 67.988411%
2025-05-15 20:01:46,162 - deteccion - INFO - Oportunidad encontrada (A->B->C->A): BTC -> ETH -> GBP -> BTC
2025-05-15 20:01:46,162 - deteccion - INFO - Pares: ETHBTC, ETHGBP, BTCGBP
2025-05-15 20:01:46,163 - deteccion - INFO - Precios: 0.02457, 1974.32, 35986.75
2025-05-15 20:01:46,163 - deteccion - INFO - Factores: 40.700040700040695, 1974.32, 2.7788005307509012e-05
2025-05-15 20:01:46,163 - deteccion - INFO - Rentabilidad Bruta: 123.290251%
2025-05-15 20:01:46,163 - deteccion - INFO - Oportunidad encontrada (A->B->C->A): BTC -> ETH -> BUSD -> BTC
2025-05-15 20:01:46,163 - deteccion - INFO - Pares: ETHBTC, ETHBUSD, BTCBUSD
2025-05-15 20:01:46,163 - deteccion - INFO - Precios: 0.02457, 2281.12, 42769.4
2025-05-15 20:01:46,163 - deteccion - INFO - Factores: 40.700040700040695, 2281.12, 2.338120244847952e-05
2025-05-15 20:01:46,164 - deteccion - INFO - Rentabilidad Bruta: 117.075004%
2025-05-15 20:01:46,164 - deteccion - INFO - Oportunidad encontrada (A->B->C->A): BTC -> ETH -> EUR -> BTC
2025-05-15 20:01:46,164 - deteccion - INFO - Pares: ETHBTC, ETHEUR, BTCEUR
2025-05-15 20:01:46,164 - deteccion - INFO - Precios: 0.02457, 2277.33, 92662.31
2025-05-15 20:01:46,164 - deteccion - INFO - Factores: 40.700040700040695, 2277.33, 1.079187427984474e-05
2025-05-15 20:01:46,164 - deteccion - INFO - Rentabilidad Bruta: 0.027102%
2025-05-15 20:01:46,164 - deteccion - INFO - Oportunidad encontrada (A->B->C->A): BTC -> ETH -> VET -> BTC
2025-05-15 20:01:46,165 - deteccion - INFO - Pares: ETHBTC, VETETH, VETBTC
2025-05-15 20:01:46,165 - deteccion - INFO - Precios: 0.02457, 1.131e-05, 2.8e-07
2025-05-15 20:01:46,165 - deteccion - INFO - Factores: 40.700040700040695, 88417.32979664014, 2.8e-07
2025-05-15 20:01:46,165 - deteccion - INFO - Rentabilidad Bruta: 0.760490%
2025-05-15 20:01:46,165 - deteccion - INFO - Oportunidad encontrada (A->B->C->A): BTC -> ETH -> RLC -> BTC
2025-05-15 20:01:46,165 - deteccion - INFO - Pares: ETHBTC, RLCETH, RLCBTC
2025-05-15 20:01:46,166 - deteccion - INFO - Precios: 0.02457, 0.0004956, 1.218e-05
2025-05-15 20:01:46,166 - deteccion - INFO - Factores: 40.700040700040695, 2017.7562550443906, 1.218e-05
2025-05-15 20:01:46,166 - deteccion - INFO - Rentabilidad Bruta: 0.025524%
2025-05-15 20:01:46,166 - deteccion - INFO - Oportunidad encontrada (A->B->C->A): BTC -> ETH -> XMR -> BTC
2025-05-15 20:01:46,166 - deteccion - INFO - Pares: ETHBTC, XMRETH, XMRBTC
2025-05-15 20:01:46,166 - deteccion - INFO - Precios: 0.02457, 0.04032, 0.002287
2025-05-15 20:01:46,167 - deteccion - INFO - Factores: 40.700040700040695, 24.8015873015873, 0.002287
2025-05-15 20:01:46,167 - deteccion - INFO - Rentabilidad Bruta: 130.855638%
2025-05-15 20:01:46,167 - deteccion - INFO - Oportunidad encontrada (A->B->C->A): BTC -> ETH -> LRC -> BTC
2025-05-15 20:01:46,167 - deteccion - INFO - Pares: ETHBTC, LRCETH, LRCBTC
2025-05-15 20:01:46,167 - deteccion - INFO - Precios: 0.02457, 4.383e-05, 1.08e-06
2025-05-15 20:01:46,167 - deteccion - INFO - Factores: 40.700040700040695, 22815.423226100844, 1.08e-06
2025-05-15 20:01:46,167 - deteccion - INFO - Rentabilidad Bruta: 0.287575%
2025-05-15 20:01:46,168 - deteccion - INFO - Oportunidad encontrada (A->B->C->A): BTC -> ETH -> IOTA -> BTC
2025-05-15 20:01:46,168 - deteccion - INFO - Pares: ETHBTC, IOTAETH, IOTABTC
2025-05-15 20:01:46,168 - deteccion - INFO - Precios: 0.02457, 8.9e-05, 2.19e-06
2025-05-15 20:01:46,168 - deteccion - INFO - Factores: 40.700040700040695, 11235.955056179775, 2.19e-06
2025-05-15 20:01:46,168 - deteccion - INFO - Rentabilidad Bruta: 0.149538%
2025-05-15 20:01:46,169 - deteccion - INFO - Oportunidad encontrada (A->B->C->A): BTC -> ETH -> FTT -> BTC
2025-05-15 20:01:46,169 - deteccion - INFO - Pares: ETHBTC, FTTETH, FTTBTC
2025-05-15 20:01:46,169 - deteccion - INFO - Precios: 0.02457, 0.001141, 8.56e-05
2025-05-15 20:01:46,169 - deteccion - INFO - Factores: 40.700040700040695, 876.4241893076248, 8.56e-05
2025-05-15 20:01:46,169 - deteccion - INFO - Rentabilidad Bruta: 205.339482%
2025-05-15 20:01:46,169 - deteccion - INFO - Oportunidad encontrada (A->B->C->A): BTC -> ETH -> IOST -> BTC
2025-05-15 20:01:46,170 - deteccion - INFO - Pares: ETHBTC, IOSTETH, IOSTBTC
2025-05-15 20:01:46,170 - deteccion - INFO - Precios: 0.02457, 3.72e-06, 1e-07
2025-05-15 20:01:46,170 - deteccion - INFO - Factores: 40.700040700040695, 268817.20430107525, 1e-07
2025-05-15 20:01:46,170 - deteccion - INFO - Rentabilidad Bruta: 9.408712%
2025-05-15 20:01:46,170 - deteccion - INFO - Oportunidad encontrada (A->B->C->A): BTC -> LTC -> GBP -> BTC
2025-05-15 20:01:46,170 - deteccion - INFO - Pares: LTCBTC, LTCGBP, BTCGBP
2025-05-15 20:01:46,171 - deteccion - INFO - Precios: 0.000957, 63.56, 35986.75
2025-05-15 20:01:46,171 - deteccion - INFO - Factores: 1044.9320794148382, 63.56, 2.7788005307509012e-05
2025-05-15 20:01:46,171 - deteccion - INFO - Rentabilidad Bruta: 84.556491%
2025-05-15 20:01:46,171 - deteccion - INFO - Oportunidad encontrada (A->B->C->A): BTC -> LTC -> BUSD -> BTC
2025-05-15 20:01:46,171 - deteccion - INFO - Pares: LTCBTC, LTCBUSD, BTCBUSD
2025-05-15 20:01:46,171 - deteccion - INFO - Precios: 0.000957, 72.37, 42769.4
2025-05-15 20:01:46,172 - deteccion - INFO - Factores: 1044.9320794148382, 72.37, 2.338120244847952e-05
2025-05-15 20:01:46,172 - deteccion - INFO - Rentabilidad Bruta: 76.812709%
2025-05-15 20:01:46,172 - deteccion - INFO - Oportunidad encontrada (A->B->C->A): BTC -> LTC -> EUR -> BTC
2025-05-15 20:01:46,172 - deteccion - INFO - Pares: LTCBTC, LTCEUR, BTCEUR
2025-05-15 20:01:46,172 - deteccion - INFO - Precios: 0.000957, 88.72, 92662.31
2025-05-15 20:01:46,172 - deteccion - INFO - Factores: 1044.9320794148382, 88.72, 1.079187427984474e-05
2025-05-15 20:01:46,172 - deteccion - INFO - Rentabilidad Bruta: 0.047553%
2025-05-15 20:01:46,172 - deteccion - INFO - Oportunidad encontrada (A->B->C->A): BTC -> TRX -> BNB -> BTC
2025-05-15 20:01:46,173 - deteccion - INFO - Pares: TRXBTC, TRXBNB, BNBBTC
2025-05-15 20:01:46,173 - deteccion - INFO - Precios: 2.63e-06, 0.0004185, 0.006286
2025-05-15 20:01:46,173 - deteccion - INFO - Factores: 380228.1368821293, 0.0004185, 0.006286
2025-05-15 20:01:46,173 - deteccion - INFO - Rentabilidad Bruta: 0.026274%
2025-05-15 20:01:46,173 - deteccion - INFO - Oportunidad encontrada (A->B->C->A): BTC -> TRX -> EUR -> BTC
2025-05-15 20:01:46,173 - deteccion - INFO - Pares: TRXBTC, TRXEUR, BTCEUR
2025-05-15 20:01:46,174 - deteccion - INFO - Precios: 2.63e-06, 0.2439, 92662.31
2025-05-15 20:01:46,174 - deteccion - INFO - Factores: 380228.1368821293, 0.2439, 1.079187427984474e-05
2025-05-15 20:01:46,174 - deteccion - INFO - Rentabilidad Bruta: 0.081298%
2025-05-15 20:01:46,174 - deteccion - INFO - Oportunidad encontrada (A->B->C->A): BTC -> AUD -> SOL -> BTC
2025-05-15 20:01:46,174 - deteccion - INFO - Pares: BTCAUD, SOLAUD, SOLBTC
2025-05-15 20:01:46,174 - deteccion - INFO - Precios: 37210.08, 28.48, 0.0016291
2025-05-15 20:01:46,174 - deteccion - INFO - Factores: 37210.08, 0.0351123595505618, 0.0016291
2025-05-15 20:01:46,175 - deteccion - INFO - Rentabilidad Bruta: 112.847406%
2025-05-15 20:01:46,175 - deteccion - INFO - Oportunidad encontrada (A->B->C->A): BTC -> BNB -> SOL -> BTC
2025-05-15 20:01:46,175 - deteccion - INFO - Pares: BNBBTC, SOLBNB, SOLBTC
2025-05-15 20:01:46,175 - deteccion - INFO - Precios: 0.006286, 0.259, 0.0016291
2025-05-15 20:01:46,175 - deteccion - INFO - Factores: 159.0836780146357, 3.861003861003861, 0.0016291
2025-05-15 20:01:46,175 - deteccion - INFO - Rentabilidad Bruta: 0.063019%
2025-05-15 20:01:46,175 - deteccion - INFO - Oportunidad encontrada (A->B->C->A): BTC -> BNB -> MATIC -> BTC
2025-05-15 20:01:46,176 - deteccion - INFO - Pares: BNBBTC, MATICBNB, MATICBTC
2025-05-15 20:01:46,176 - deteccion - INFO - Precios: 0.006286, 0.000734, 6.67e-06
2025-05-15 20:01:46,176 - deteccion - INFO - Factores: 159.0836780146357, 1362.3978201634877, 6.67e-06
2025-05-15 20:01:46,176 - deteccion - INFO - Rentabilidad Bruta: 44.562416%
2025-05-15 20:01:46,176 - deteccion - INFO - Oportunidad encontrada (A->B->C->A): BTC -> BNB -> GBP -> BTC
2025-05-15 20:01:46,176 - deteccion - INFO - Pares: BNBBTC, BNBGBP, BTCGBP
2025-05-15 20:01:46,176 - deteccion - INFO - Precios: 0.006286, 267.4, 35986.75
2025-05-15 20:01:46,176 - deteccion - INFO - Factores: 159.0836780146357, 267.4, 2.7788005307509012e-05
2025-05-15 20:01:46,177 - deteccion - INFO - Rentabilidad Bruta: 18.207328%
2025-05-15 20:01:46,177 - deteccion - INFO - Oportunidad encontrada (A->B->C->A): BTC -> BNB -> EUR -> BTC
2025-05-15 20:01:46,177 - deteccion - INFO - Pares: BNBBTC, BNBEUR, BTCEUR
2025-05-15 20:01:46,177 - deteccion - INFO - Precios: 0.006286, 582.68, 92662.31
2025-05-15 20:01:46,177 - deteccion - INFO - Factores: 159.0836780146357, 582.68, 1.079187427984474e-05
2025-05-15 20:01:46,177 - deteccion - INFO - Rentabilidad Bruta: 0.035146%
2025-05-15 20:01:46,177 - deteccion - INFO - Oportunidad encontrada (A->B->C->A): BTC -> BNB -> VET -> BTC
2025-05-15 20:01:46,177 - deteccion - INFO - Pares: BNBBTC, VETBNB, VETBTC
2025-05-15 20:01:46,177 - deteccion - INFO - Precios: 0.006286, 4.436e-05, 2.8e-07
2025-05-15 20:01:46,178 - deteccion - INFO - Factores: 159.0836780146357, 22542.83137962128, 2.8e-07
2025-05-15 20:01:46,178 - deteccion - INFO - Rentabilidad Bruta: 0.413503%
2025-05-15 20:01:46,178 - deteccion - INFO - Oportunidad encontrada (A->B->C->A): BTC -> BNB -> WRX -> BTC
2025-05-15 20:01:46,178 - deteccion - INFO - Pares: BNBBTC, WRXBNB, WRXBTC
2025-05-15 20:01:46,178 - deteccion - INFO - Precios: 0.006286, 0.000398, 4.55e-06
2025-05-15 20:01:46,178 - deteccion - INFO - Factores: 159.0836780146357, 2512.5628140703516, 4.55e-06
2025-05-15 20:01:46,178 - deteccion - INFO - Rentabilidad Bruta: 81.867019%
2025-05-15 20:01:46,179 - deteccion - INFO - Oportunidad encontrada (A->B->C->A): BTC -> BNB -> XMR -> BTC
2025-05-15 20:01:46,179 - deteccion - INFO - Pares: BNBBTC, XMRBNB, XMRBTC
2025-05-15 20:01:46,179 - deteccion - INFO - Precios: 0.006286, 0.3321, 0.002287
2025-05-15 20:01:46,179 - deteccion - INFO - Factores: 159.0836780146357, 3.0111412225233365, 0.002287
2025-05-15 20:01:46,179 - deteccion - INFO - Rentabilidad Bruta: 9.552656%
2025-05-15 20:01:46,179 - deteccion - INFO - Oportunidad encontrada (A->B->C->A): BTC -> BNB -> FTT -> BTC
2025-05-15 20:01:46,179 - deteccion - INFO - Pares: BNBBTC, FTTBNB, FTTBTC
2025-05-15 20:01:46,179 - deteccion - INFO - Precios: 0.006286, 0.00513, 8.56e-05
2025-05-15 20:01:46,179 - deteccion - INFO - Factores: 159.0836780146357, 194.9317738791423, 8.56e-05
2025-05-15 20:01:46,180 - deteccion - INFO - Rentabilidad Bruta: 165.449568%
2025-05-15 20:01:46,180 - deteccion - INFO - Oportunidad encontrada (A->B->C->A): BTC -> BNB -> SRM -> BTC
2025-05-15 20:01:46,180 - deteccion - INFO - Pares: BNBBTC, SRMBNB, SRMBTC
2025-05-15 20:01:46,180 - deteccion - INFO - Precios: 0.006286, 0.00084, 1.523e-05
2025-05-15 20:01:46,180 - deteccion - INFO - Factores: 159.0836780146357, 1190.4761904761904, 1.523e-05
2025-05-15 20:01:46,180 - deteccion - INFO - Rentabilidad Bruta: 188.433859%
2025-05-15 20:01:46,180 - deteccion - INFO - Oportunidad encontrada (A->B->C->A): BTC -> ALGO -> BUSD -> BTC
2025-05-15 20:01:46,180 - deteccion - INFO - Pares: ALGOBTC, ALGOBUSD, BTCBUSD
2025-05-15 20:01:46,181 - deteccion - INFO - Precios: 2.17e-06, 0.2071, 42769.4
2025-05-15 20:01:46,181 - deteccion - INFO - Factores: 460829.4930875576, 0.2071, 2.338120244847952e-05
2025-05-15 20:01:46,181 - deteccion - INFO - Rentabilidad Bruta: 123.145024%
2025-05-15 20:01:46,181 - deteccion - INFO - Oportunidad encontrada (A->B->C->A): BTC -> ADA -> GBP -> BTC
2025-05-15 20:01:46,181 - deteccion - INFO - Pares: ADABTC, ADAGBP, BTCGBP
2025-05-15 20:01:46,181 - deteccion - INFO - Precios: 7.34e-06, 0.513, 35986.75
2025-05-15 20:01:46,181 - deteccion - INFO - Factores: 136239.78201634876, 0.513, 2.7788005307509012e-05
2025-05-15 20:01:46,181 - deteccion - INFO - Rentabilidad Bruta: 94.213171%
2025-05-15 20:01:46,182 - deteccion - INFO - Oportunidad encontrada (A->B->C->A): BTC -> ADA -> BUSD -> BTC
2025-05-15 20:01:46,182 - deteccion - INFO - Pares: ADABTC, ADABUSD, BTCBUSD
2025-05-15 20:01:46,182 - deteccion - INFO - Precios: 7.34e-06, 0.6374, 42769.4
2025-05-15 20:01:46,182 - deteccion - INFO - Factores: 136239.78201634876, 0.6374, 2.338120244847952e-05
2025-05-15 20:01:46,182 - deteccion - INFO - Rentabilidad Bruta: 103.040578%
2025-05-15 20:01:46,182 - deteccion - INFO - Oportunidad encontrada (A->B->C->A): BTC -> ADA -> EUR -> BTC
2025-05-15 20:01:46,182 - deteccion - INFO - Pares: ADABTC, ADAEUR, BTCEUR
2025-05-15 20:01:46,182 - deteccion - INFO - Precios: 7.34e-06, 0.6807, 92662.31
2025-05-15 20:01:46,183 - deteccion - INFO - Factores: 136239.78201634876, 0.6807, 1.079187427984474e-05
2025-05-15 20:01:46,183 - deteccion - INFO - Rentabilidad Bruta: 0.082137%
2025-05-15 20:01:46,183 - deteccion - INFO - Oportunidad encontrada (A->B->C->A): BTC -> DOGE -> GBP -> BTC
2025-05-15 20:01:46,183 - deteccion - INFO - Pares: DOGEBTC, DOGEGBP, BTCGBP
2025-05-15 20:01:46,183 - deteccion - INFO - Precios: 2.11e-06, 0.07759, 35986.75
2025-05-15 20:01:46,183 - deteccion - INFO - Factores: 473933.6492890995, 0.07759, 2.7788005307509012e-05
2025-05-15 20:01:46,184 - deteccion - INFO - Rentabilidad Bruta: 2.183475%
2025-05-15 20:01:46,184 - deteccion - INFO - Oportunidad encontrada (A->B->C->A): BTC -> DOGE -> BUSD -> BTC
2025-05-15 20:01:46,184 - deteccion - INFO - Pares: DOGEBTC, DOGEBUSD, BTCBUSD
2025-05-15 20:01:46,184 - deteccion - INFO - Precios: 2.11e-06, 0.09742, 42769.4
2025-05-15 20:01:46,184 - deteccion - INFO - Factores: 473933.6492890995, 0.09742, 2.338120244847952e-05
2025-05-15 20:01:46,184 - deteccion - INFO - Rentabilidad Bruta: 7.952452%
2025-05-15 20:01:46,185 - deteccion - INFO - Oportunidad encontrada (A->B->C->A): BTC -> DOGE -> EUR -> BTC
2025-05-15 20:01:46,185 - deteccion - INFO - Pares: DOGEBTC, DOGEEUR, BTCEUR
2025-05-15 20:01:46,185 - deteccion - INFO - Precios: 2.11e-06, 0.19598, 92662.31
2025-05-15 20:01:46,185 - deteccion - INFO - Factores: 473933.6492890995, 0.19598, 1.079187427984474e-05
2025-05-15 20:01:46,185 - deteccion - INFO - Rentabilidad Bruta: 0.236565%
2025-05-15 20:01:46,185 - deteccion - INFO - Oportunidad encontrada (A->B->C->A): BTC -> ETC -> BUSD -> BTC
2025-05-15 20:01:46,185 - deteccion - INFO - Pares: ETCBTC, ETCBUSD, BTCBUSD
2025-05-15 20:01:46,186 - deteccion - INFO - Precios: 0.0001826, 19.03, 42769.4
2025-05-15 20:01:46,186 - deteccion - INFO - Factores: 5476.45125958379, 19.03, 2.338120244847952e-05
2025-05-15 20:01:46,186 - deteccion - INFO - Rentabilidad Bruta: 143.671568%
2025-05-15 20:01:46,186 - deteccion - INFO - Oportunidad encontrada (A->B->C->A): BTC -> ETC -> EUR -> BTC
2025-05-15 20:01:46,186 - deteccion - INFO - Pares: ETCBTC, ETCEUR, BTCEUR
2025-05-15 20:01:46,186 - deteccion - INFO - Precios: 0.0001826, 20.0, 92662.31
2025-05-15 20:01:46,187 - deteccion - INFO - Factores: 5476.45125958379, 20.0, 1.079187427984474e-05
2025-05-15 20:01:46,187 - deteccion - INFO - Rentabilidad Bruta: 18.202347%
2025-05-15 20:01:46,187 - deteccion - INFO - Oportunidad encontrada (A->B->C->A): BTC -> SOL -> GBP -> BTC
2025-05-15 20:01:46,187 - deteccion - INFO - Pares: SOLBTC, SOLGBP, BTCGBP
2025-05-15 20:01:46,187 - deteccion - INFO - Precios: 0.0016291, 88.08, 35986.75
2025-05-15 20:01:46,187 - deteccion - INFO - Factores: 613.8358602909582, 88.08, 2.7788005307509012e-05
2025-05-15 20:01:46,188 - deteccion - INFO - Rentabilidad Bruta: 50.240471%
2025-05-15 20:01:46,188 - deteccion - INFO - Oportunidad encontrada (A->B->C->A): BTC -> SOL -> BUSD -> BTC
2025-05-15 20:01:46,188 - deteccion - INFO - Pares: SOLBTC, SOLBUSD, BTCBUSD
2025-05-15 20:01:46,188 - deteccion - INFO - Precios: 0.0016291, 74.62, 42769.4
2025-05-15 20:01:46,188 - deteccion - INFO - Factores: 613.8358602909582, 74.62, 2.338120244847952e-05
2025-05-15 20:01:46,188 - deteccion - INFO - Rentabilidad Bruta: 7.096270%
2025-05-15 20:01:46,188 - deteccion - INFO - Oportunidad encontrada (A->B->C->A): BTC -> SOL -> EUR -> BTC
2025-05-15 20:01:46,189 - deteccion - INFO - Pares: SOLBTC, SOLEUR, BTCEUR
2025-05-15 20:01:46,189 - deteccion - INFO - Precios: 0.0016291, 150.98, 92662.31
2025-05-15 20:01:46,189 - deteccion - INFO - Factores: 613.8358602909582, 150.98, 1.079187427984474e-05
2025-05-15 20:01:46,189 - deteccion - INFO - Rentabilidad Bruta: 0.015787%
2025-05-15 20:01:46,189 - deteccion - INFO - Oportunidad encontrada (A->B->C->A): BTC -> MATIC -> GBP -> BTC
2025-05-15 20:01:46,190 - deteccion - INFO - Pares: MATICBTC, MATICGBP, BTCGBP
2025-05-15 20:01:46,190 - deteccion - INFO - Precios: 6.67e-06, 0.819, 35986.75
2025-05-15 20:01:46,190 - deteccion - INFO - Factores: 149925.03748125938, 0.819, 2.7788005307509012e-05
2025-05-15 20:01:46,190 - deteccion - INFO - Rentabilidad Bruta: 241.205043%
2025-05-15 20:01:46,190 - deteccion - INFO - Oportunidad encontrada (A->B->C->A): BTC -> MATIC -> BUSD -> BTC
2025-05-15 20:01:46,190 - deteccion - INFO - Pares: MATICBTC, MATICBUSD, BTCBUSD
2025-05-15 20:01:46,190 - deteccion - INFO - Precios: 6.67e-06, 0.8659, 42769.4
2025-05-15 20:01:46,191 - deteccion - INFO - Factores: 149925.03748125938, 0.8659, 2.338120244847952e-05
2025-05-15 20:01:46,191 - deteccion - INFO - Rentabilidad Bruta: 203.534981%
2025-05-15 20:01:46,191 - deteccion - INFO - Oportunidad encontrada (A->B->C->A): BTC -> GBP -> BUSD -> BTC
2025-05-15 20:01:46,191 - deteccion - INFO - Pares: BTCGBP, GBPBUSD, BTCBUSD
2025-05-15 20:01:46,191 - deteccion - INFO - Precios: 35986.75, 1.239, 42769.4
2025-05-15 20:01:46,191 - deteccion - INFO - Factores: 35986.75, 1.239, 2.338120244847952e-05
2025-05-15 20:01:46,192 - deteccion - INFO - Rentabilidad Bruta: 4.251131%
2025-05-15 20:01:46,192 - deteccion - INFO - Oportunidad encontrada (A->B->C->A): BTC -> BUSD -> NEBL -> BTC
2025-05-15 20:01:46,192 - deteccion - INFO - Pares: BTCBUSD, NEBLBUSD, NEBLBTC
2025-05-15 20:01:46,192 - deteccion - INFO - Precios: 42769.4, 0.354, 1.2e-05
2025-05-15 20:01:46,192 - deteccion - INFO - Factores: 42769.4, 2.824858757062147, 1.2e-05
2025-05-15 20:01:46,192 - deteccion - INFO - Rentabilidad Bruta: 44.981017%
2025-05-15 20:01:46,193 - deteccion - INFO - Oportunidad encontrada (A->B->C->A): BTC -> BUSD -> WRX -> BTC
2025-05-15 20:01:46,193 - deteccion - INFO - Pares: BTCBUSD, WRXBUSD, WRXBTC
2025-05-15 20:01:46,193 - deteccion - INFO - Precios: 42769.4, 0.1105, 4.55e-06
2025-05-15 20:01:46,193 - deteccion - INFO - Factores: 42769.4, 9.049773755656108, 4.55e-06
2025-05-15 20:01:46,193 - deteccion - INFO - Rentabilidad Bruta: 76.109294%
2025-05-15 20:01:46,193 - deteccion - INFO - Oportunidad encontrada (A->B->C->A): BTC -> BUSD -> BTG -> BTC
2025-05-15 20:01:46,193 - deteccion - INFO - Pares: BTCBUSD, BTGBUSD, BTGBTC
2025-05-15 20:01:46,194 - deteccion - INFO - Precios: 42769.4, 17.62, 0.000913
2025-05-15 20:01:46,194 - deteccion - INFO - Factores: 42769.4, 0.056753688989784334, 0.000913
2025-05-15 20:01:46,194 - deteccion - INFO - Rentabilidad Bruta: 121.614428%
2025-05-15 20:01:46,194 - deteccion - INFO - Oportunidad encontrada (A->B->C->A): BTC -> BUSD -> ARK -> BTC
2025-05-15 20:01:46,194 - deteccion - INFO - Pares: BTCBUSD, ARKBUSD, ARKBTC
2025-05-15 20:01:46,194 - deteccion - INFO - Precios: 42769.4, 0.5356, 1.679e-05
2025-05-15 20:01:46,194 - deteccion - INFO - Factores: 42769.4, 1.8670649738610905, 1.679e-05
2025-05-15 20:01:46,195 - deteccion - INFO - Rentabilidad Bruta: 34.073605%
2025-05-15 20:01:46,195 - deteccion - INFO - Oportunidad encontrada (A->B->C->A): BTC -> BUSD -> SNM -> BTC
2025-05-15 20:01:46,195 - deteccion - INFO - Pares: BTCBUSD, SNMBUSD, SNMBTC
2025-05-15 20:01:46,195 - deteccion - INFO - Precios: 42769.4, 0.0147, 5.7e-07
2025-05-15 20:01:46,196 - deteccion - INFO - Factores: 42769.4, 68.02721088435375, 5.7e-07
2025-05-15 20:01:46,196 - deteccion - INFO - Rentabilidad Bruta: 65.840531%
2025-05-15 20:01:46,196 - deteccion - INFO - Oportunidad encontrada (A->B->C->A): BTC -> BUSD -> CVC -> BTC
2025-05-15 20:01:46,196 - deteccion - INFO - Pares: BTCBUSD, CVCBUSD, CVCBTC
2025-05-15 20:01:46,196 - deteccion - INFO - Precios: 42769.4, 0.0688, 5.66e-06
2025-05-15 20:01:46,196 - deteccion - INFO - Factores: 42769.4, 14.534883720930232, 5.66e-06
2025-05-15 20:01:46,196 - deteccion - INFO - Rentabilidad Bruta: 251.852913%
2025-05-15 20:01:46,197 - deteccion - INFO - Oportunidad encontrada (A->B->C->A): BTC -> BUSD -> FTT -> BTC
2025-05-15 20:01:46,197 - deteccion - INFO - Pares: BTCBUSD, FTTBUSD, FTTBTC
2025-05-15 20:01:46,197 - deteccion - INFO - Precios: 42769.4, 1.13, 8.56e-05
2025-05-15 20:01:46,197 - deteccion - INFO - Factores: 42769.4, 0.8849557522123894, 8.56e-05
2025-05-15 20:01:46,197 - deteccion - INFO - Rentabilidad Bruta: 223.987667%
2025-05-15 20:01:46,197 - deteccion - INFO - Oportunidad encontrada (A->B->C->A): BTC -> BUSD -> REQ -> BTC
2025-05-15 20:01:46,197 - deteccion - INFO - Pares: BTCBUSD, REQBUSD, REQBTC
2025-05-15 20:01:46,197 - deteccion - INFO - Precios: 42769.4, 0.0633, 1.5e-06
2025-05-15 20:01:46,197 - deteccion - INFO - Factores: 42769.4, 15.797788309636653, 1.5e-06
2025-05-15 20:01:46,198 - deteccion - INFO - Rentabilidad Bruta: 1.349289%
2025-05-15 20:01:46,198 - deteccion - INFO - Oportunidad encontrada (A->B->C->A): BTC -> EUR -> VET -> BTC
2025-05-15 20:01:46,198 - deteccion - INFO - Pares: BTCEUR, VETEUR, VETBTC
2025-05-15 20:01:46,198 - deteccion - INFO - Precios: 92662.31, 0.02574, 2.8e-07
2025-05-15 20:01:46,198 - deteccion - INFO - Factores: 92662.31, 38.85003885003885, 2.8e-07
2025-05-15 20:01:46,198 - deteccion - INFO - Rentabilidad Bruta: 0.798162%
2025-05-15 20:01:46,199 - deteccion - INFO - Oportunidad encontrada (A->B->C->A): TUSD -> ETH -> BNB -> TUSD
2025-05-15 20:01:46,199 - deteccion - INFO - Pares: ETHTUSD, BNBETH, BNBTUSD
2025-05-15 20:01:46,199 - deteccion - INFO - Precios: 2544.59, 0.2558, 652.62
2025-05-15 20:01:46,200 - deteccion - INFO - Factores: 0.00039299061931391695, 3.909304143862392, 652.62
2025-05-15 20:01:46,200 - deteccion - INFO - Rentabilidad Bruta: 0.263306%
2025-05-15 20:01:46,200 - deteccion - INFO - Oportunidad encontrada (A->B->C->A): TUSD -> ETH -> SOL -> TUSD
2025-05-15 20:01:46,200 - deteccion - INFO - Pares: ETHTUSD, SOLETH, SOLTUSD
2025-05-15 20:01:46,200 - deteccion - INFO - Precios: 2544.59, 0.06629, 169.05
2025-05-15 20:01:46,200 - deteccion - INFO - Factores: 0.00039299061931391695, 15.08523155830442, 169.05
2025-05-15 20:01:46,200 - deteccion - INFO - Rentabilidad Bruta: 0.218833%
2025-05-15 20:01:46,200 - deteccion - INFO - Oportunidad encontrada (A->B->C->A): TUSD -> ETH -> MATIC -> TUSD
2025-05-15 20:01:46,201 - deteccion - INFO - Pares: ETHTUSD, MATICETH, MATICTUSD
2025-05-15 20:01:46,201 - deteccion - INFO - Precios: 2544.59, 0.0001616, 0.5043
2025-05-15 20:01:46,201 - deteccion - INFO - Factores: 0.00039299061931391695, 6188.118811881188, 0.5043
2025-05-15 20:01:46,201 - deteccion - INFO - Rentabilidad Bruta: 22.639337%
2025-05-15 20:01:46,201 - deteccion - INFO - Oportunidad encontrada (A->B->C->A): TUSD -> LTC -> BNB -> TUSD
2025-05-15 20:01:46,202 - deteccion - INFO - Pares: LTCTUSD, LTCBNB, BNBTUSD
2025-05-15 20:01:46,202 - deteccion - INFO - Precios: 83.07, 0.1522, 652.62
2025-05-15 20:01:46,202 - deteccion - INFO - Factores: 0.012038040207054292, 0.1522, 652.62
2025-05-15 20:01:46,202 - deteccion - INFO - Rentabilidad Bruta: 19.572365%
2025-05-15 20:01:46,202 - deteccion - INFO - Oportunidad encontrada (A->B->C->A): TUSD -> TRX -> BNB -> TUSD
2025-05-15 20:01:46,203 - deteccion - INFO - Pares: TRXTUSD, TRXBNB, BNBTUSD
2025-05-15 20:01:46,203 - deteccion - INFO - Precios: 0.05986, 0.0004185, 652.62
2025-05-15 20:01:46,203 - deteccion - INFO - Factores: 16.70564650851988, 0.0004185, 652.62
2025-05-15 20:01:46,203 - deteccion - INFO - Rentabilidad Bruta: 356.267073%
2025-05-15 20:01:46,204 - deteccion - INFO - Oportunidad encontrada (A->B->C->A): TUSD -> TRX -> BUSD -> TUSD
2025-05-15 20:01:46,204 - deteccion - INFO - Pares: TRXTUSD, TRXBUSD, TUSDBUSD
2025-05-15 20:01:46,204 - deteccion - INFO - Precios: 0.05986, 0.10329, 0.9966
2025-05-15 20:01:46,204 - deteccion - INFO - Factores: 16.70564650851988, 0.10329, 1.0034115994380894
2025-05-15 20:01:46,204 - deteccion - INFO - Rentabilidad Bruta: 73.141303%
2025-05-15 20:01:46,204 - deteccion - INFO - Oportunidad encontrada (A->B->C->A): TUSD -> BNB -> SOL -> TUSD
2025-05-15 20:01:46,205 - deteccion - INFO - Pares: BNBTUSD, SOLBNB, SOLTUSD
2025-05-15 20:01:46,205 - deteccion - INFO - Precios: 652.62, 0.259, 169.05
2025-05-15 20:01:46,205 - deteccion - INFO - Factores: 0.0015322852502221813, 3.861003861003861, 169.05
2025-05-15 20:01:46,205 - deteccion - INFO - Rentabilidad Bruta: 0.012672%
2025-05-15 20:01:46,205 - deteccion - INFO - Oportunidad encontrada (A->B->C->A): TUSD -> BNB -> MATIC -> TUSD
2025-05-15 20:01:46,205 - deteccion - INFO - Pares: BNBTUSD, MATICBNB, MATICTUSD
2025-05-15 20:01:46,206 - deteccion - INFO - Precios: 652.62, 0.000734, 0.5043
2025-05-15 20:01:46,206 - deteccion - INFO - Factores: 0.0015322852502221813, 1362.3978201634877, 0.5043
2025-05-15 20:01:46,206 - deteccion - INFO - Rentabilidad Bruta: 5.276765%
2025-05-15 20:01:46,206 - deteccion - INFO - Oportunidad encontrada (A->B->C->A): TUSD -> ADA -> BUSD -> TUSD
2025-05-15 20:01:46,206 - deteccion - INFO - Pares: ADATUSD, ADABUSD, TUSDBUSD
2025-05-15 20:01:46,206 - deteccion - INFO - Precios: 0.3847, 0.6374, 0.9966
2025-05-15 20:01:46,207 - deteccion - INFO - Factores: 2.5994281258123215, 0.6374, 1.0034115994380894
2025-05-15 20:01:46,207 - deteccion - INFO - Rentabilidad Bruta: 66.252808%
2025-05-15 20:01:46,207 - deteccion - INFO - Oportunidad encontrada (A->B->C->A): TUSD -> MATIC -> BUSD -> TUSD
2025-05-15 20:01:46,207 - deteccion - INFO - Pares: MATICTUSD, MATICBUSD, TUSDBUSD
2025-05-15 20:01:46,207 - deteccion - INFO - Precios: 0.5043, 0.8659, 0.9966
2025-05-15 20:01:46,208 - deteccion - INFO - Factores: 1.98294665873488, 0.8659, 1.0034115994380894
2025-05-15 20:01:46,208 - deteccion - INFO - Rentabilidad Bruta: 72.289134%
2025-05-15 20:01:46,208 - deteccion - INFO - Oportunidad encontrada (A->B->C->A): TUSD -> BUSD -> COMP -> TUSD
2025-05-15 20:01:46,208 - deteccion - INFO - Pares: TUSDBUSD, COMPBUSD, COMPTUSD
2025-05-15 20:01:46,208 - deteccion - INFO - Precios: 0.9966, 45.79, 84.22
2025-05-15 20:01:46,208 - deteccion - INFO - Factores: 0.9966, 0.021838829438742085, 84.22
2025-05-15 20:01:46,209 - deteccion - INFO - Rentabilidad Bruta: 83.301271%
2025-05-15 20:01:46,210 - deteccion - INFO - Oportunidad encontrada (A->B->C->A): ETH -> TRX -> EUR -> ETH
2025-05-15 20:01:46,210 - deteccion - INFO - Pares: TRXETH, TRXEUR, ETHEUR
2025-05-15 20:01:46,210 - deteccion - INFO - Precios: 0.00010708, 0.2439, 2277.33
2025-05-15 20:01:46,210 - deteccion - INFO - Factores: 9338.812103100487, 0.2439, 0.0004391107129840647
2025-05-15 20:01:46,210 - deteccion - INFO - Rentabilidad Bruta: 0.017840%
2025-05-15 20:01:46,211 - deteccion - INFO - Oportunidad encontrada (A->B->C->A): ETH -> AUD -> BNB -> ETH
2025-05-15 20:01:46,211 - deteccion - INFO - Pares: ETHAUD, BNBAUD, BNBETH
2025-05-15 20:01:46,211 - deteccion - INFO - Precios: 2565.09, 421.1, 0.2558
2025-05-15 20:01:46,211 - deteccion - INFO - Factores: 2565.09, 0.0023747328425552123, 0.2558
2025-05-15 20:01:46,211 - deteccion - INFO - Rentabilidad Bruta: 55.818101%
2025-05-15 20:01:46,212 - deteccion - INFO - Oportunidad encontrada (A->B->C->A): ETH -> AUD -> ADA -> ETH
2025-05-15 20:01:46,212 - deteccion - INFO - Pares: ETHAUD, ADAAUD, ADAETH
2025-05-15 20:01:46,212 - deteccion - INFO - Precios: 2565.09, 0.5054, 0.0002991
2025-05-15 20:01:46,212 - deteccion - INFO - Factores: 2565.09, 1.9786307874950535, 0.0002991
2025-05-15 20:01:46,213 - deteccion - INFO - Rentabilidad Bruta: 51.804198%
2025-05-15 20:01:46,213 - deteccion - INFO - Oportunidad encontrada (A->B->C->A): ETH -> AUD -> SOL -> ETH
2025-05-15 20:01:46,213 - deteccion - INFO - Pares: ETHAUD, SOLAUD, SOLETH
2025-05-15 20:01:46,213 - deteccion - INFO - Precios: 2565.09, 28.48, 0.06629
2025-05-15 20:01:46,213 - deteccion - INFO - Factores: 2565.09, 0.0351123595505618, 0.06629
2025-05-15 20:01:46,213 - deteccion - INFO - Rentabilidad Bruta: 497.049916%
2025-05-15 20:01:46,214 - deteccion - INFO - Oportunidad encontrada (A->B->C->A): ETH -> BNB -> ADA -> ETH
2025-05-15 20:01:46,214 - deteccion - INFO - Pares: BNBETH, ADABNB, ADAETH
2025-05-15 20:01:46,214 - deteccion - INFO - Precios: 0.2558, 0.001168, 0.0002991
2025-05-15 20:01:46,214 - deteccion - INFO - Factores: 3.909304143862392, 856.1643835616438, 0.0002991
2025-05-15 20:01:46,214 - deteccion - INFO - Rentabilidad Bruta: 0.108979%
2025-05-15 20:01:46,214 - deteccion - INFO - Oportunidad encontrada (A->B->C->A): ETH -> BNB -> ETC -> ETH
2025-05-15 20:01:46,215 - deteccion - INFO - Pares: BNBETH, ETCBNB, ETCETH
2025-05-15 20:01:46,215 - deteccion - INFO - Precios: 0.2558, 0.02912, 0.00745
2025-05-15 20:01:46,215 - deteccion - INFO - Factores: 3.909304143862392, 34.34065934065934, 0.00745
2025-05-15 20:01:46,215 - deteccion - INFO - Rentabilidad Bruta: 0.014821%
2025-05-15 20:01:46,215 - deteccion - INFO - Oportunidad encontrada (A->B->C->A): ETH -> BNB -> SOL -> ETH
2025-05-15 20:01:46,215 - deteccion - INFO - Pares: BNBETH, SOLBNB, SOLETH
2025-05-15 20:01:46,216 - deteccion - INFO - Precios: 0.2558, 0.259, 0.06629
2025-05-15 20:01:46,216 - deteccion - INFO - Factores: 3.909304143862392, 3.861003861003861, 0.06629
2025-05-15 20:01:46,216 - deteccion - INFO - Rentabilidad Bruta: 0.057055%
2025-05-15 20:01:46,216 - deteccion - INFO - Oportunidad encontrada (A->B->C->A): ETH -> BNB -> EUR -> ETH
2025-05-15 20:01:46,216 - deteccion - INFO - Pares: BNBETH, BNBEUR, ETHEUR
2025-05-15 20:01:46,216 - deteccion - INFO - Precios: 0.2558, 582.68, 2277.33
2025-05-15 20:01:46,217 - deteccion - INFO - Factores: 3.909304143862392, 582.68, 0.0004391107129840647
2025-05-15 20:01:46,217 - deteccion - INFO - Rentabilidad Bruta: 0.023859%
2025-05-15 20:01:46,217 - deteccion - INFO - Oportunidad encontrada (A->B->C->A): ETH -> ALGO -> BUSD -> ETH
2025-05-15 20:01:46,217 - deteccion - INFO - Pares: ALGOETH, ALGOBUSD, ETHBUSD
2025-05-15 20:01:46,217 - deteccion - INFO - Precios: 4.447e-05, 0.2071, 2281.12
2025-05-15 20:01:46,218 - deteccion - INFO - Factores: 22487.069934787498, 0.2071, 0.0004383811461036684
2025-05-15 20:01:46,218 - deteccion - INFO - Rentabilidad Bruta: 104.157264%
2025-05-15 20:01:46,219 - deteccion - INFO - Oportunidad encontrada (A->B->C->A): ETH -> ETC -> BUSD -> ETH
2025-05-15 20:01:46,219 - deteccion - INFO - Pares: ETCETH, ETCBUSD, ETHBUSD
2025-05-15 20:01:46,219 - deteccion - INFO - Precios: 0.00745, 19.03, 2281.12
2025-05-15 20:01:46,219 - deteccion - INFO - Factores: 134.2281879194631, 19.03, 0.0004383811461036684
2025-05-15 20:01:46,219 - deteccion - INFO - Rentabilidad Bruta: 11.978432%
2025-05-15 20:01:46,220 - deteccion - INFO - Oportunidad encontrada (A->B->C->A): ETH -> ETC -> EUR -> ETH
2025-05-15 20:01:46,220 - deteccion - INFO - Pares: ETCETH, ETCEUR, ETHEUR
2025-05-15 20:01:46,220 - deteccion - INFO - Precios: 0.00745, 20.0, 2277.33
2025-05-15 20:01:46,220 - deteccion - INFO - Factores: 134.2281879194631, 20.0, 0.0004391107129840647
2025-05-15 20:01:46,220 - deteccion - INFO - Rentabilidad Bruta: 17.882071%
2025-05-15 20:01:46,220 - deteccion - INFO - Oportunidad encontrada (A->B->C->A): ETH -> SOL -> EUR -> ETH
2025-05-15 20:01:46,220 - deteccion - INFO - Pares: SOLETH, SOLEUR, ETHEUR
2025-05-15 20:01:46,220 - deteccion - INFO - Precios: 0.06629, 150.98, 2277.33
2025-05-15 20:01:46,221 - deteccion - INFO - Factores: 15.08523155830442, 150.98, 0.0004391107129840647
2025-05-15 20:01:46,221 - deteccion - INFO - Rentabilidad Bruta: 0.010462%
2025-05-15 20:01:46,221 - deteccion - INFO - Oportunidad encontrada (A->B->C->A): ETH -> MATIC -> GBP -> ETH
2025-05-15 20:01:46,221 - deteccion - INFO - Pares: MATICETH, MATICGBP, ETHGBP
2025-05-15 20:01:46,221 - deteccion - INFO - Precios: 0.0001616, 0.819, 1974.32
2025-05-15 20:01:46,221 - deteccion - INFO - Factores: 6188.118811881188, 0.819, 0.0005065035050042546
2025-05-15 20:01:46,222 - deteccion - INFO - Rentabilidad Bruta: 156.699487%
2025-05-15 20:01:46,222 - deteccion - INFO - Oportunidad encontrada (A->B->C->A): ETH -> MATIC -> BUSD -> ETH
2025-05-15 20:01:46,222 - deteccion - INFO - Pares: MATICETH, MATICBUSD, ETHBUSD
2025-05-15 20:01:46,222 - deteccion - INFO - Precios: 0.0001616, 0.8659, 2281.12
2025-05-15 20:01:46,222 - deteccion - INFO - Factores: 6188.118811881188, 0.8659, 0.0004383811461036684
2025-05-15 20:01:46,222 - deteccion - INFO - Rentabilidad Bruta: 134.897422%
2025-05-15 20:01:46,222 - deteccion - INFO - Oportunidad encontrada (A->B->C->A): ETH -> GBP -> BUSD -> ETH
2025-05-15 20:01:46,222 - deteccion - INFO - Pares: ETHGBP, GBPBUSD, ETHBUSD
2025-05-15 20:01:46,223 - deteccion - INFO - Precios: 1974.32, 1.239, 2281.12
2025-05-15 20:01:46,223 - deteccion - INFO - Factores: 1974.32, 1.239, 0.0004383811461036684
2025-05-15 20:01:46,223 - deteccion - INFO - Rentabilidad Bruta: 7.236028%
2025-05-15 20:01:46,223 - deteccion - INFO - Oportunidad encontrada (A->B->C->A): ETH -> GBP -> VET -> ETH
2025-05-15 20:01:46,223 - deteccion - INFO - Pares: ETHGBP, VETGBP, VETETH
2025-05-15 20:01:46,223 - deteccion - INFO - Precios: 1974.32, 0.0143, 1.131e-05
2025-05-15 20:01:46,224 - deteccion - INFO - Factores: 1974.32, 69.93006993006993, 1.131e-05
2025-05-15 20:01:46,224 - deteccion - INFO - Rentabilidad Bruta: 56.150764%
2025-05-15 20:01:46,224 - deteccion - INFO - Oportunidad encontrada (A->B->C->A): ETH -> BUSD -> VET -> ETH
2025-05-15 20:01:46,224 - deteccion - INFO - Pares: ETHBUSD, VETBUSD, VETETH
2025-05-15 20:01:46,224 - deteccion - INFO - Precios: 2281.12, 0.0212, 1.131e-05
2025-05-15 20:01:46,224 - deteccion - INFO - Factores: 2281.12, 47.16981132075472, 1.131e-05
2025-05-15 20:01:46,224 - deteccion - INFO - Rentabilidad Bruta: 21.695600%
2025-05-15 20:01:46,225 - deteccion - INFO - Oportunidad encontrada (A->B->C->A): ETH -> BUSD -> BLZ -> ETH
2025-05-15 20:01:46,225 - deteccion - INFO - Pares: ETHBUSD, BLZBUSD, BLZETH
2025-05-15 20:01:46,225 - deteccion - INFO - Precios: 2281.12, 0.0553, 4.159e-05
2025-05-15 20:01:46,225 - deteccion - INFO - Factores: 2281.12, 18.083182640144663, 4.159e-05
2025-05-15 20:01:46,225 - deteccion - INFO - Rentabilidad Bruta: 71.558374%
2025-05-15 20:01:46,225 - deteccion - INFO - Oportunidad encontrada (A->B->C->A): ETH -> BUSD -> XTZ -> ETH
2025-05-15 20:01:46,226 - deteccion - INFO - Pares: ETHBUSD, XTZBUSD, XTZETH
2025-05-15 20:01:46,226 - deteccion - INFO - Precios: 2281.12, 0.671, 0.00044
2025-05-15 20:01:46,226 - deteccion - INFO - Factores: 2281.12, 1.4903129657228018, 0.00044
2025-05-15 20:01:46,226 - deteccion - INFO - Rentabilidad Bruta: 49.581639%
2025-05-15 20:01:46,226 - deteccion - INFO - Oportunidad encontrada (A->B->C->A): ETH -> BUSD -> CELR -> ETH
2025-05-15 20:01:46,226 - deteccion - INFO - Pares: ETHBUSD, CELRBUSD, CELRETH
2025-05-15 20:01:46,226 - deteccion - INFO - Precios: 2281.12, 0.01148, 7.89e-06
2025-05-15 20:01:46,226 - deteccion - INFO - Factores: 2281.12, 87.10801393728222, 7.89e-06
2025-05-15 20:01:46,227 - deteccion - INFO - Rentabilidad Bruta: 56.777324%
2025-05-15 20:01:46,227 - deteccion - INFO - Oportunidad encontrada (A->B->C->A): ETH -> BUSD -> BAT -> ETH
2025-05-15 20:01:46,227 - deteccion - INFO - Pares: ETHBUSD, BATBUSD, BATETH
2025-05-15 20:01:46,227 - deteccion - INFO - Precios: 2281.12, 0.1709, 0.0001063
2025-05-15 20:01:46,227 - deteccion - INFO - Factores: 2281.12, 5.851375073142188, 0.0001063
2025-05-15 20:01:46,228 - deteccion - INFO - Rentabilidad Bruta: 41.885931%
2025-05-15 20:01:46,228 - deteccion - INFO - Oportunidad encontrada (A->B->C->A): ETH -> BUSD -> DENT -> ETH
2025-05-15 20:01:46,228 - deteccion - INFO - Pares: ETHBUSD, DENTBUSD, DENTETH
2025-05-15 20:01:46,228 - deteccion - INFO - Precios: 2281.12, 0.000707, 3.4e-07
2025-05-15 20:01:46,229 - deteccion - INFO - Factores: 2281.12, 1414.4271570014146, 3.4e-07
2025-05-15 20:01:46,229 - deteccion - INFO - Rentabilidad Bruta: 9.700255%
2025-05-15 20:01:46,229 - deteccion - INFO - Oportunidad encontrada (A->B->C->A): ETH -> BUSD -> QKC -> ETH
2025-05-15 20:01:46,230 - deteccion - INFO - Pares: ETHBUSD, QKCBUSD, QKCETH
2025-05-15 20:01:46,230 - deteccion - INFO - Precios: 2281.12, 0.008695, 4.3e-06
2025-05-15 20:01:46,230 - deteccion - INFO - Factores: 2281.12, 115.00862564692352, 4.3e-06
2025-05-15 20:01:46,230 - deteccion - INFO - Rentabilidad Bruta: 12.809845%
2025-05-15 20:01:46,230 - deteccion - INFO - Oportunidad encontrada (A->B->C->A): ETH -> BUSD -> DATA -> ETH
2025-05-15 20:01:46,230 - deteccion - INFO - Pares: ETHBUSD, DATABUSD, DATAETH
2025-05-15 20:01:46,230 - deteccion - INFO - Precios: 2281.12, 0.02344, 2.034e-05
2025-05-15 20:01:46,231 - deteccion - INFO - Factores: 2281.12, 42.66211604095563, 2.034e-05
2025-05-15 20:01:46,231 - deteccion - INFO - Rentabilidad Bruta: 97.943604%
2025-05-15 20:01:46,231 - deteccion - INFO - Oportunidad encontrada (A->B->C->A): ETH -> BUSD -> ICX -> ETH
2025-05-15 20:01:46,231 - deteccion - INFO - Pares: ETHBUSD, ICXBUSD, ICXETH
2025-05-15 20:01:46,231 - deteccion - INFO - Precios: 2281.12, 0.1642, 0.0001179
2025-05-15 20:01:46,231 - deteccion - INFO - Factores: 2281.12, 6.090133982947624, 0.0001179
2025-05-15 20:01:46,231 - deteccion - INFO - Rentabilidad Bruta: 63.790529%
2025-05-15 20:01:46,231 - deteccion - INFO - Oportunidad encontrada (A->B->C->A): ETH -> BUSD -> IOTA -> ETH
2025-05-15 20:01:46,231 - deteccion - INFO - Pares: ETHBUSD, IOTABUSD, IOTAETH
2025-05-15 20:01:46,232 - deteccion - INFO - Precios: 2281.12, 0.1431, 8.9e-05
2025-05-15 20:01:46,232 - deteccion - INFO - Factores: 2281.12, 6.988120195667365, 8.9e-05
2025-05-15 20:01:46,232 - deteccion - INFO - Rentabilidad Bruta: 41.872593%
2025-05-15 20:01:46,232 - deteccion - INFO - Oportunidad encontrada (A->B->C->A): ETH -> BUSD -> MTL -> ETH
2025-05-15 20:01:46,232 - deteccion - INFO - Pares: ETHBUSD, MTLBUSD, MTLETH
2025-05-15 20:01:46,232 - deteccion - INFO - Precios: 2281.12, 1.353, 0.0006834
2025-05-15 20:01:46,232 - deteccion - INFO - Factores: 2281.12, 0.7390983000739099, 0.0006834
2025-05-15 20:01:46,232 - deteccion - INFO - Rentabilidad Bruta: 15.219321%
2025-05-15 20:01:46,232 - deteccion - INFO - Oportunidad encontrada (A->B->C->A): ETH -> BUSD -> FTT -> ETH
2025-05-15 20:01:46,233 - deteccion - INFO - Pares: ETHBUSD, FTTBUSD, FTTETH
2025-05-15 20:01:46,233 - deteccion - INFO - Precios: 2281.12, 1.13, 0.001141
2025-05-15 20:01:46,233 - deteccion - INFO - Factores: 2281.12, 0.8849557522123894, 0.001141
2025-05-15 20:01:46,233 - deteccion - INFO - Rentabilidad Bruta: 130.332559%
2025-05-15 20:01:46,233 - deteccion - INFO - Oportunidad encontrada (A->B->C->A): ETH -> BUSD -> ARPA -> ETH
2025-05-15 20:01:46,233 - deteccion - INFO - Pares: ETHBUSD, ARPABUSD, ARPAETH
2025-05-15 20:01:46,233 - deteccion - INFO - Precios: 2281.12, 0.0466, 2.363e-05
2025-05-15 20:01:46,234 - deteccion - INFO - Factores: 2281.12, 21.459227467811157, 2.363e-05
2025-05-15 20:01:46,234 - deteccion - INFO - Rentabilidad Bruta: 15.671385%
2025-05-15 20:01:46,234 - deteccion - INFO - Oportunidad encontrada (A->B->C->A): ETH -> BUSD -> IOST -> ETH
2025-05-15 20:01:46,234 - deteccion - INFO - Pares: ETHBUSD, IOSTBUSD, IOSTETH
2025-05-15 20:01:46,234 - deteccion - INFO - Precios: 2281.12, 0.007, 3.72e-06
2025-05-15 20:01:46,234 - deteccion - INFO - Factores: 2281.12, 142.85714285714286, 3.72e-06
2025-05-15 20:01:46,234 - deteccion - INFO - Rentabilidad Bruta: 21.225234%
2025-05-15 20:01:46,235 - deteccion - INFO - Oportunidad encontrada (A->B->C->A): ETH -> BUSD -> ZEC -> ETH
2025-05-15 20:01:46,235 - deteccion - INFO - Pares: ETHBUSD, ZECBUSD, ZECETH
2025-05-15 20:01:46,235 - deteccion - INFO - Precios: 2281.12, 25.5, 0.01666
2025-05-15 20:01:46,235 - deteccion - INFO - Factores: 2281.12, 0.0392156862745098, 0.01666
2025-05-15 20:01:46,235 - deteccion - INFO - Rentabilidad Bruta: 49.033173%
2025-05-15 20:01:46,236 - deteccion - INFO - Oportunidad encontrada (A->B->C->A): ETH -> BUSD -> LOOM -> ETH
2025-05-15 20:01:46,236 - deteccion - INFO - Pares: ETHBUSD, LOOMBUSD, LOOMETH
2025-05-15 20:01:46,236 - deteccion - INFO - Precios: 2281.12, 0.04003, 3.231e-05
2025-05-15 20:01:46,236 - deteccion - INFO - Factores: 2281.12, 24.981264051961027, 3.231e-05
2025-05-15 20:01:46,236 - deteccion - INFO - Rentabilidad Bruta: 84.119378%
2025-05-15 20:01:46,236 - deteccion - INFO - Oportunidad encontrada (A->B->C->A): ETH -> BUSD -> ONT -> ETH
2025-05-15 20:01:46,237 - deteccion - INFO - Pares: ETHBUSD, ONTBUSD, ONTETH
2025-05-15 20:01:46,237 - deteccion - INFO - Precios: 2281.12, 0.1574, 0.0001253
2025-05-15 20:01:46,237 - deteccion - INFO - Factores: 2281.12, 6.353240152477763, 0.0001253
2025-05-15 20:01:46,237 - deteccion - INFO - Rentabilidad Bruta: 81.591065%
2025-05-15 20:01:46,237 - deteccion - INFO - Oportunidad encontrada (A->B->C->A): ETH -> BUSD -> POWR -> ETH
2025-05-15 20:01:46,237 - deteccion - INFO - Pares: ETHBUSD, POWRBUSD, POWRETH
2025-05-15 20:01:46,238 - deteccion - INFO - Precios: 2281.12, 0.1504, 7.46e-05
2025-05-15 20:01:46,238 - deteccion - INFO - Factores: 2281.12, 6.648936170212766, 7.46e-05
2025-05-15 20:01:46,238 - deteccion - INFO - Rentabilidad Bruta: 13.145979%
2025-05-15 20:01:46,238 - deteccion - INFO - Oportunidad encontrada (A->B->C->A): ETH -> BUSD -> KNC -> ETH
2025-05-15 20:01:46,239 - deteccion - INFO - Pares: ETHBUSD, KNCBUSD, KNCETH
2025-05-15 20:01:46,239 - deteccion - INFO - Precios: 2281.12, 0.637, 0.0003941
2025-05-15 20:01:46,239 - deteccion - INFO - Factores: 2281.12, 1.5698587127158556, 0.0003941
2025-05-15 20:01:46,239 - deteccion - INFO - Rentabilidad Bruta: 41.128633%
2025-05-15 20:01:46,239 - deteccion - INFO - Oportunidad encontrada (A->B->C->A): ETH -> EUR -> VET -> ETH
2025-05-15 20:01:46,239 - deteccion - INFO - Pares: ETHEUR, VETEUR, VETETH
2025-05-15 20:01:46,239 - deteccion - INFO - Precios: 2277.33, 0.02574, 1.131e-05
2025-05-15 20:01:46,239 - deteccion - INFO - Factores: 2277.33, 38.85003885003885, 1.131e-05
2025-05-15 20:01:46,239 - deteccion - INFO - Rentabilidad Bruta: 0.064500%
2025-05-15 20:01:46,241 - deteccion - INFO - Oportunidad encontrada (A->B->C->A): LTC -> GBP -> BUSD -> LTC
2025-05-15 20:01:46,241 - deteccion - INFO - Pares: LTCGBP, GBPBUSD, LTCBUSD
2025-05-15 20:01:46,241 - deteccion - INFO - Precios: 63.56, 1.239, 72.37
2025-05-15 20:01:46,242 - deteccion - INFO - Factores: 63.56, 1.239, 0.01381788033715628
2025-05-15 20:01:46,242 - deteccion - INFO - Rentabilidad Bruta: 8.816968%
2025-05-15 20:01:46,243 - deteccion - INFO - Oportunidad encontrada (A->B->C->A): TRX -> BNB -> BUSD -> TRX
2025-05-15 20:01:46,243 - deteccion - INFO - Pares: TRXBNB, BNBBUSD, TRXBUSD
2025-05-15 20:01:46,243 - deteccion - INFO - Precios: 0.0004185, 251.8, 0.10329
2025-05-15 20:01:46,243 - deteccion - INFO - Factores: 0.0004185, 251.8, 9.681479330041629
2025-05-15 20:01:46,243 - deteccion - INFO - Rentabilidad Bruta: 2.021783%
2025-05-15 20:01:46,244 - deteccion - INFO - Oportunidad encontrada (A->B->C->A): TRX -> EUR -> WIN -> TRX
2025-05-15 20:01:46,244 - deteccion - INFO - Pares: TRXEUR, WINEUR, WINTRX
2025-05-15 20:01:46,244 - deteccion - INFO - Precios: 0.2439, 5.411e-05, 0.000222
2025-05-15 20:01:46,244 - deteccion - INFO - Factores: 0.2439, 18480.872297172427, 0.000222
2025-05-15 20:01:46,244 - deteccion - INFO - Rentabilidad Bruta: 0.066162%
2025-05-15 20:01:46,245 - deteccion - INFO - Oportunidad encontrada (A->B->C->A): AUD -> BNB -> ADA -> AUD
2025-05-15 20:01:46,245 - deteccion - INFO - Pares: BNBAUD, ADABNB, ADAAUD
2025-05-15 20:01:46,245 - deteccion - INFO - Precios: 421.1, 0.001168, 0.5054
2025-05-15 20:01:46,245 - deteccion - INFO - Factores: 0.0023747328425552123, 856.1643835616438, 0.5054
2025-05-15 20:01:46,245 - deteccion - INFO - Rentabilidad Bruta: 2.755991%
2025-05-15 20:01:46,246 - deteccion - INFO - Oportunidad encontrada (A->B->C->A): AUD -> BNB -> MATIC -> AUD
2025-05-15 20:01:46,246 - deteccion - INFO - Pares: BNBAUD, MATICBNB, MATICAUD
2025-05-15 20:01:46,246 - deteccion - INFO - Precios: 421.1, 0.000734, 1.2141
2025-05-15 20:01:46,246 - deteccion - INFO - Factores: 0.0023747328425552123, 1362.3978201634877, 1.2141
2025-05-15 20:01:46,246 - deteccion - INFO - Rentabilidad Bruta: 292.801518%
2025-05-15 20:01:46,246 - deteccion - INFO - Oportunidad encontrada (A->B->C->A): AUD -> ADA -> BUSD -> AUD
2025-05-15 20:01:46,247 - deteccion - INFO - Pares: ADAAUD, ADABUSD, AUDBUSD
2025-05-15 20:01:46,247 - deteccion - INFO - Precios: 0.5054, 0.6374, 0.7255
2025-05-15 20:01:46,247 - deteccion - INFO - Factores: 1.9786307874950535, 0.6374, 1.3783597518952446
2025-05-15 20:01:46,247 - deteccion - INFO - Rentabilidad Bruta: 73.835874%
2025-05-15 20:01:46,247 - deteccion - INFO - Oportunidad encontrada (A->B->C->A): AUD -> DOGE -> BUSD -> AUD
2025-05-15 20:01:46,247 - deteccion - INFO - Pares: DOGEAUD, DOGEBUSD, AUDBUSD
2025-05-15 20:01:46,247 - deteccion - INFO - Precios: 0.09449, 0.09742, 0.7255
2025-05-15 20:01:46,248 - deteccion - INFO - Factores: 10.583130489998942, 0.09742, 1.3783597518952446
2025-05-15 20:01:46,248 - deteccion - INFO - Rentabilidad Bruta: 42.110072%
2025-05-15 20:01:46,248 - deteccion - INFO - Oportunidad encontrada (A->B->C->A): AUD -> SOL -> BUSD -> AUD
2025-05-15 20:01:46,248 - deteccion - INFO - Pares: SOLAUD, SOLBUSD, AUDBUSD
2025-05-15 20:01:46,248 - deteccion - INFO - Precios: 28.48, 74.62, 0.7255
2025-05-15 20:01:46,249 - deteccion - INFO - Factores: 0.0351123595505618, 74.62, 1.3783597518952446
2025-05-15 20:01:46,249 - deteccion - INFO - Rentabilidad Bruta: 261.141870%
2025-05-15 20:01:46,250 - deteccion - INFO - Oportunidad encontrada (A->B->C->A): BNB -> ALGO -> BUSD -> BNB
2025-05-15 20:01:46,250 - deteccion - INFO - Pares: ALGOBNB, ALGOBUSD, BNBBUSD
2025-05-15 20:01:46,250 - deteccion - INFO - Precios: 0.0005825, 0.2071, 251.8
2025-05-15 20:01:46,251 - deteccion - INFO - Factores: 1716.7381974248926, 0.2071, 0.003971405877680699
2025-05-15 20:01:46,251 - deteccion - INFO - Rentabilidad Bruta: 41.197967%
2025-05-15 20:01:46,251 - deteccion - INFO - Oportunidad encontrada (A->B->C->A): BNB -> ADA -> GBP -> BNB
2025-05-15 20:01:46,251 - deteccion - INFO - Pares: ADABNB, ADAGBP, BNBGBP
2025-05-15 20:01:46,251 - deteccion - INFO - Precios: 0.001168, 0.513, 267.4
2025-05-15 20:01:46,251 - deteccion - INFO - Factores: 856.1643835616438, 0.513, 0.0037397157816005987
2025-05-15 20:01:46,252 - deteccion - INFO - Rentabilidad Bruta: 64.252928%
2025-05-15 20:01:46,252 - deteccion - INFO - Oportunidad encontrada (A->B->C->A): BNB -> ADA -> BUSD -> BNB
2025-05-15 20:01:46,252 - deteccion - INFO - Pares: ADABNB, ADABUSD, BNBBUSD
2025-05-15 20:01:46,252 - deteccion - INFO - Precios: 0.001168, 0.6374, 251.8
2025-05-15 20:01:46,252 - deteccion - INFO - Factores: 856.1643835616438, 0.6374, 0.003971405877680699
2025-05-15 20:01:46,252 - deteccion - INFO - Rentabilidad Bruta: 116.727235%
2025-05-15 20:01:46,253 - deteccion - INFO - Oportunidad encontrada (A->B->C->A): BNB -> ADA -> EUR -> BNB
2025-05-15 20:01:46,253 - deteccion - INFO - Pares: ADABNB, ADAEUR, BNBEUR
2025-05-15 20:01:46,253 - deteccion - INFO - Precios: 0.001168, 0.6807, 582.68
2025-05-15 20:01:46,253 - deteccion - INFO - Factores: 856.1643835616438, 0.6807, 0.0017162078670968628
2025-05-15 20:01:46,253 - deteccion - INFO - Rentabilidad Bruta: 0.019066%
2025-05-15 20:01:46,253 - deteccion - INFO - Oportunidad encontrada (A->B->C->A): BNB -> ETC -> BUSD -> BNB
2025-05-15 20:01:46,253 - deteccion - INFO - Pares: ETCBNB, ETCBUSD, BNBBUSD
2025-05-15 20:01:46,254 - deteccion - INFO - Precios: 0.02912, 19.03, 251.8
2025-05-15 20:01:46,254 - deteccion - INFO - Factores: 34.34065934065934, 19.03, 0.003971405877680699
2025-05-15 20:01:46,254 - deteccion - INFO - Rentabilidad Bruta: 159.532465%
2025-05-15 20:01:46,254 - deteccion - INFO - Oportunidad encontrada (A->B->C->A): BNB -> ETC -> EUR -> BNB
2025-05-15 20:01:46,254 - deteccion - INFO - Pares: ETCBNB, ETCEUR, BNBEUR
2025-05-15 20:01:46,254 - deteccion - INFO - Precios: 0.02912, 20.0, 582.68
2025-05-15 20:01:46,254 - deteccion - INFO - Factores: 34.34065934065934, 20.0, 0.0017162078670968628
2025-05-15 20:01:46,254 - deteccion - INFO - Rentabilidad Bruta: 17.871419%
2025-05-15 20:01:46,254 - deteccion - INFO - Oportunidad encontrada (A->B->C->A): BNB -> SOL -> GBP -> BNB
2025-05-15 20:01:46,255 - deteccion - INFO - Pares: SOLBNB, SOLGBP, BNBGBP
2025-05-15 20:01:46,255 - deteccion - INFO - Precios: 0.259, 88.08, 267.4
2025-05-15 20:01:46,255 - deteccion - INFO - Factores: 3.861003861003861, 88.08, 0.0037397157816005987
2025-05-15 20:01:46,255 - deteccion - INFO - Rentabilidad Bruta: 27.179215%
2025-05-15 20:01:46,255 - deteccion - INFO - Oportunidad encontrada (A->B->C->A): BNB -> SOL -> BUSD -> BNB
2025-05-15 20:01:46,255 - deteccion - INFO - Pares: SOLBNB, SOLBUSD, BNBBUSD
2025-05-15 20:01:46,255 - deteccion - INFO - Precios: 0.259, 74.62, 251.8
2025-05-15 20:01:46,255 - deteccion - INFO - Factores: 3.861003861003861, 74.62, 0.003971405877680699
2025-05-15 20:01:46,255 - deteccion - INFO - Rentabilidad Bruta: 14.419423%
2025-05-15 20:01:46,256 - deteccion - INFO - Oportunidad encontrada (A->B->C->A): BNB -> SOL -> EUR -> BNB
2025-05-15 20:01:46,256 - deteccion - INFO - Pares: SOLBNB, SOLEUR, BNBEUR
2025-05-15 20:01:46,256 - deteccion - INFO - Precios: 0.259, 150.98, 582.68
2025-05-15 20:01:46,256 - deteccion - INFO - Factores: 3.861003861003861, 150.98, 0.0017162078670968628
2025-05-15 20:01:46,256 - deteccion - INFO - Rentabilidad Bruta: 0.043654%
2025-05-15 20:01:46,256 - deteccion - INFO - Oportunidad encontrada (A->B->C->A): BNB -> MATIC -> GBP -> BNB
2025-05-15 20:01:46,256 - deteccion - INFO - Pares: MATICBNB, MATICGBP, BNBGBP
2025-05-15 20:01:46,256 - deteccion - INFO - Precios: 0.000734, 0.819, 267.4
2025-05-15 20:01:46,256 - deteccion - INFO - Factores: 1362.3978201634877, 0.819, 0.0037397157816005987
2025-05-15 20:01:46,256 - deteccion - INFO - Rentabilidad Bruta: 317.278914%
2025-05-15 20:01:46,257 - deteccion - INFO - Oportunidad encontrada (A->B->C->A): BNB -> MATIC -> BUSD -> BNB
2025-05-15 20:01:46,257 - deteccion - INFO - Pares: MATICBNB, MATICBUSD, BNBBUSD
2025-05-15 20:01:46,257 - deteccion - INFO - Precios: 0.000734, 0.8659, 251.8
2025-05-15 20:01:46,257 - deteccion - INFO - Factores: 1362.3978201634877, 0.8659, 0.003971405877680699
2025-05-15 20:01:46,257 - deteccion - INFO - Rentabilidad Bruta: 368.506860%
2025-05-15 20:01:46,257 - deteccion - INFO - Oportunidad encontrada (A->B->C->A): BNB -> GBP -> BUSD -> BNB
2025-05-15 20:01:46,257 - deteccion - INFO - Pares: BNBGBP, GBPBUSD, BNBBUSD
2025-05-15 20:01:46,257 - deteccion - INFO - Precios: 267.4, 1.239, 251.8
2025-05-15 20:01:46,257 - deteccion - INFO - Factores: 267.4, 1.239, 0.003971405877680699
2025-05-15 20:01:46,258 - deteccion - INFO - Rentabilidad Bruta: 31.576092%
2025-05-15 20:01:46,258 - deteccion - INFO - Oportunidad encontrada (A->B->C->A): BNB -> BUSD -> XTZ -> BNB
2025-05-15 20:01:46,258 - deteccion - INFO - Pares: BNBBUSD, XTZBUSD, XTZBNB
2025-05-15 20:01:46,258 - deteccion - INFO - Precios: 251.8, 0.671, 0.002883
2025-05-15 20:01:46,258 - deteccion - INFO - Factores: 251.8, 1.4903129657228018, 0.002883
2025-05-15 20:01:46,258 - deteccion - INFO - Rentabilidad Bruta: 8.187690%
2025-05-15 20:01:46,258 - deteccion - INFO - Oportunidad encontrada (A->B->C->A): BNB -> BUSD -> CELR -> BNB
2025-05-15 20:01:46,258 - deteccion - INFO - Pares: BNBBUSD, CELRBUSD, CELRBNB
2025-05-15 20:01:46,259 - deteccion - INFO - Precios: 251.8, 0.01148, 5.294e-05
2025-05-15 20:01:46,259 - deteccion - INFO - Factores: 251.8, 87.10801393728222, 5.294e-05
2025-05-15 20:01:46,259 - deteccion - INFO - Rentabilidad Bruta: 16.117526%
2025-05-15 20:01:46,259 - deteccion - INFO - Oportunidad encontrada (A->B->C->A): BNB -> BUSD -> TROY -> BNB
2025-05-15 20:01:46,259 - deteccion - INFO - Pares: BNBBUSD, TROYBUSD, TROYBNB
2025-05-15 20:01:46,259 - deteccion - INFO - Precios: 251.8, 0.002269, 1.06e-05
2025-05-15 20:01:46,260 - deteccion - INFO - Factores: 251.8, 440.7227853680035, 1.06e-05
2025-05-15 20:01:46,260 - deteccion - INFO - Rentabilidad Bruta: 17.632437%
2025-05-15 20:01:46,260 - deteccion - INFO - Oportunidad encontrada (A->B->C->A): BNB -> BUSD -> ZIL -> BNB
2025-05-15 20:01:46,260 - deteccion - INFO - Pares: BNBBUSD, ZILBUSD, ZILBNB
2025-05-15 20:01:46,260 - deteccion - INFO - Precios: 251.8, 0.01583, 8.858e-05
2025-05-15 20:01:46,260 - deteccion - INFO - Factores: 251.8, 63.171193935565384, 8.858e-05
2025-05-15 20:01:46,260 - deteccion - INFO - Rentabilidad Bruta: 40.899836%
2025-05-15 20:01:46,261 - deteccion - INFO - Oportunidad encontrada (A->B->C->A): BNB -> BUSD -> LRC -> BNB
2025-05-15 20:01:46,261 - deteccion - INFO - Pares: BNBBUSD, LRCBUSD, LRCBNB
2025-05-15 20:01:46,261 - deteccion - INFO - Precios: 251.8, 0.1728, 0.000839
2025-05-15 20:01:46,261 - deteccion - INFO - Factores: 251.8, 5.787037037037036, 0.000839
2025-05-15 20:01:46,261 - deteccion - INFO - Rentabilidad Bruta: 22.257060%
2025-05-15 20:01:46,261 - deteccion - INFO - Oportunidad encontrada (A->B->C->A): BNB -> BUSD -> IOTA -> BNB
2025-05-15 20:01:46,261 - deteccion - INFO - Pares: BNBBUSD, IOTABUSD, IOTABNB
2025-05-15 20:01:46,261 - deteccion - INFO - Precios: 251.8, 0.1431, 0.000717
2025-05-15 20:01:46,262 - deteccion - INFO - Factores: 251.8, 6.988120195667365, 0.000717
2025-05-15 20:01:46,262 - deteccion - INFO - Rentabilidad Bruta: 26.163941%
2025-05-15 20:01:46,262 - deteccion - INFO - Oportunidad encontrada (A->B->C->A): BNB -> BUSD -> FTT -> BNB
2025-05-15 20:01:46,262 - deteccion - INFO - Pares: BNBBUSD, FTTBUSD, FTTBNB
2025-05-15 20:01:46,262 - deteccion - INFO - Precios: 251.8, 1.13, 0.00513
2025-05-15 20:01:46,262 - deteccion - INFO - Factores: 251.8, 0.8849557522123894, 0.00513
2025-05-15 20:01:46,262 - deteccion - INFO - Rentabilidad Bruta: 14.312743%
2025-05-15 20:01:46,263 - deteccion - INFO - Oportunidad encontrada (A->B->C->A): BNB -> BUSD -> COTI -> BNB
2025-05-15 20:01:46,263 - deteccion - INFO - Pares: BNBBUSD, COTIBUSD, COTIBNB
2025-05-15 20:01:46,263 - deteccion - INFO - Precios: 251.8, 0.03732, 0.0002123
2025-05-15 20:01:46,263 - deteccion - INFO - Factores: 251.8, 26.79528403001072, 0.0002123
2025-05-15 20:01:46,263 - deteccion - INFO - Rentabilidad Bruta: 43.239925%
2025-05-15 20:01:46,263 - deteccion - INFO - Oportunidad encontrada (A->B->C->A): BNB -> BUSD -> SRM -> BNB
2025-05-15 20:01:46,264 - deteccion - INFO - Pares: BNBBUSD, SRMBUSD, SRMBNB
2025-05-15 20:01:46,264 - deteccion - INFO - Precios: 251.8, 0.0353, 0.00084
2025-05-15 20:01:46,264 - deteccion - INFO - Factores: 251.8, 28.328611898016998, 0.00084
2025-05-15 20:01:46,264 - deteccion - INFO - Rentabilidad Bruta: 499.184136%
2025-05-15 20:01:46,264 - deteccion - INFO - Oportunidad encontrada (A->B->C->A): BNB -> BUSD -> ZEC -> BNB
2025-05-15 20:01:46,264 - deteccion - INFO - Pares: BNBBUSD, ZECBUSD, ZECBNB
2025-05-15 20:01:46,264 - deteccion - INFO - Precios: 251.8, 25.5, 0.1026
2025-05-15 20:01:46,264 - deteccion - INFO - Factores: 251.8, 0.0392156862745098, 0.1026
2025-05-15 20:01:46,264 - deteccion - INFO - Rentabilidad Bruta: 1.312471%
2025-05-15 20:01:46,265 - deteccion - INFO - Oportunidad encontrada (A->B->C->A): BNB -> BUSD -> SNX -> BNB
2025-05-15 20:01:46,265 - deteccion - INFO - Pares: BNBBUSD, SNXBUSD, SNXBNB
2025-05-15 20:01:46,265 - deteccion - INFO - Precios: 251.8, 1.936, 0.01057
2025-05-15 20:01:46,265 - deteccion - INFO - Factores: 251.8, 0.5165289256198348, 0.01057
2025-05-15 20:01:46,265 - deteccion - INFO - Rentabilidad Bruta: 37.475517%
2025-05-15 20:01:46,265 - deteccion - INFO - Oportunidad encontrada (A->B->C->A): BNB -> BUSD -> ANKR -> BNB
2025-05-15 20:01:46,265 - deteccion - INFO - Pares: BNBBUSD, ANKRBUSD, ANKRBNB
2025-05-15 20:01:46,265 - deteccion - INFO - Precios: 251.8, 0.01906, 8.56e-05
2025-05-15 20:01:46,265 - deteccion - INFO - Factores: 251.8, 52.46589716684155, 8.56e-05
2025-05-15 20:01:46,265 - deteccion - INFO - Rentabilidad Bruta: 13.085414%
2025-05-15 20:01:46,266 - deteccion - INFO - Oportunidad encontrada (A->B->C->A): BNB -> BUSD -> KNC -> BNB
2025-05-15 20:01:46,266 - deteccion - INFO - Pares: BNBBUSD, KNCBUSD, KNCBNB
2025-05-15 20:01:46,266 - deteccion - INFO - Precios: 251.8, 0.637, 0.00255
2025-05-15 20:01:46,266 - deteccion - INFO - Factores: 251.8, 1.5698587127158556, 0.00255
2025-05-15 20:01:46,266 - deteccion - INFO - Rentabilidad Bruta: 0.799058%
2025-05-15 20:01:46,266 - deteccion - INFO - Oportunidad encontrada (A->B->C->A): BNB -> EUR -> VET -> BNB
2025-05-15 20:01:46,266 - deteccion - INFO - Pares: BNBEUR, VETEUR, VETBNB
2025-05-15 20:01:46,266 - deteccion - INFO - Precios: 582.68, 0.02574, 4.436e-05
2025-05-15 20:01:46,267 - deteccion - INFO - Factores: 582.68, 38.85003885003885, 4.436e-05
2025-05-15 20:01:46,267 - deteccion - INFO - Rentabilidad Bruta: 0.418356%
2025-05-15 20:01:46,267 - deteccion - INFO - Oportunidad encontrada (A->B->C->A): BNB -> EUR -> ZIL -> BNB
2025-05-15 20:01:46,267 - deteccion - INFO - Pares: BNBEUR, ZILEUR, ZILBNB
2025-05-15 20:01:46,267 - deteccion - INFO - Precios: 582.68, 0.02063, 8.858e-05
2025-05-15 20:01:46,267 - deteccion - INFO - Factores: 582.68, 48.47309743092584, 8.858e-05
2025-05-15 20:01:46,267 - deteccion - INFO - Rentabilidad Bruta: 150.188048%
2025-05-15 20:01:46,267 - deteccion - INFO - Oportunidad encontrada (A->B->C->A): BNB -> EUR -> WIN -> BNB
2025-05-15 20:01:46,268 - deteccion - INFO - Pares: BNBEUR, WINEUR, WINBNB
2025-05-15 20:01:46,268 - deteccion - INFO - Precios: 582.68, 5.411e-05, 1e-07
2025-05-15 20:01:46,268 - deteccion - INFO - Factores: 582.68, 18480.872297172427, 1e-07
2025-05-15 20:01:46,268 - deteccion - INFO - Rentabilidad Bruta: 7.684347%
2025-05-15 20:01:46,271 - deteccion - INFO - Oportunidad encontrada (A->B->C->A): SOL -> GBP -> BUSD -> SOL
2025-05-15 20:01:46,271 - deteccion - INFO - Pares: SOLGBP, GBPBUSD, SOLBUSD
2025-05-15 20:01:46,271 - deteccion - INFO - Precios: 88.08, 1.239, 74.62
2025-05-15 20:01:46,271 - deteccion - INFO - Factores: 88.08, 1.239, 0.013401232913428035
2025-05-15 20:01:46,271 - deteccion - INFO - Rentabilidad Bruta: 46.249156%
2025-05-15 20:01:46,272 - deteccion - INFO - Oportunidad encontrada (A->B->C->A): MATIC -> GBP -> BUSD -> MATIC
2025-05-15 20:01:46,272 - deteccion - INFO - Pares: MATICGBP, GBPBUSD, MATICBUSD
2025-05-15 20:01:46,272 - deteccion - INFO - Precios: 0.819, 1.239, 0.8659
2025-05-15 20:01:46,272 - deteccion - INFO - Factores: 0.819, 1.239, 1.1548677676406052
2025-05-15 20:01:46,272 - deteccion - INFO - Rentabilidad Bruta: 17.189167%
2025-05-15 20:01:46,272 - deteccion - INFO - Oportunidad encontrada (A->B->C->A): MATIC -> BUSD -> EUR -> MATIC
2025-05-15 20:01:46,273 - deteccion - INFO - Pares: MATICBUSD, EURBUSD, MATICEUR
2025-05-15 20:01:46,273 - deteccion - INFO - Precios: 0.8659, 1.0757, 0.3444
2025-05-15 20:01:46,273 - deteccion - INFO - Factores: 0.8659, 0.9296272194849864, 2.9036004645760745
2025-05-15 20:01:46,273 - deteccion - INFO - Rentabilidad Bruta: 133.729445%
2025-05-15 20:01:46,274 - deteccion - INFO - Oportunidad encontrada (A->B->C->A): BUSD -> EUR -> WIN -> BUSD
2025-05-15 20:01:46,274 - deteccion - INFO - Pares: EURBUSD, WINEUR, WINBUSD
2025-05-15 20:01:46,275 - deteccion - INFO - Precios: 1.0757, 5.411e-05, 6.94e-05
2025-05-15 20:01:46,275 - deteccion - INFO - Factores: 0.9296272194849864, 18480.872297172427, 6.94e-05
2025-05-15 20:01:46,275 - deteccion - INFO - Rentabilidad Bruta: 19.231434%
2025-05-15 20:17:32,597 - deteccion - INFO - Fetching market data (symbols and tickers), prioritizing Mobula...
2025-05-15 20:17:35,602 - deteccion - INFO - Obtenidos 400 símbolos desde Mobula.
2025-05-15 20:17:36,177 - deteccion - INFO - Obtenidos 2497 tickers válidos desde Binance (de 3106 totales).
2025-05-15 20:17:36,178 - deteccion - INFO - Market data fetch complete. Symbols: 400, Tickers: 2497.
2025-05-15 20:17:36,179 - deteccion - INFO - Sample symbols: ['ALGO', 'SAFU', 'FLD', 'VERSA', 'ASTRO']
2025-05-15 20:17:36,179 - deteccion - INFO - Sample tickers: {'ETHBTC': 0.0246, 'LTCBTC': 0.000958, 'BNBBTC': 0.00628, 'NEOBTC': 6.48e-05, 'QTUMETH': 0.000935}
2025-05-15 20:18:07,457 - deteccion - INFO - Finding triangular opportunities...
2025-05-15 20:18:07,458 - deteccion - INFO - Análisis de coincidencia de símbolos (muestra de 7 símbolos):
2025-05-15 20:18:07,458 - deteccion - INFO - - Símbolo: EXAWBTC, Existe en tickers: False, Precio: None, Precio válido: False
2025-05-15 20:18:07,458 - deteccion - INFO - - Símbolo: BTCMEME, Existe en tickers: False, Precio: None, Precio válido: False
2025-05-15 20:18:07,458 - deteccion - INFO - - Símbolo: APXETH, Existe en tickers: False, Precio: None, Precio válido: False
2025-05-15 20:18:07,458 - deteccion - INFO - - Símbolo: DETH, Existe en tickers: False, Precio: None, Precio válido: False
2025-05-15 20:18:07,458 - deteccion - INFO - - Símbolo: KETH, Existe en tickers: False, Precio: None, Precio válido: False
2025-05-15 20:18:07,458 - deteccion - INFO - - Símbolo: BNB, Existe en tickers: False, Precio: None, Precio válido: False
2025-05-15 20:18:07,459 - deteccion - INFO - - Símbolo: BBTC, Existe en tickers: False, Precio: None, Precio válido: False
2025-05-15 20:18:07,459 - deteccion - INFO - De la muestra analizada: 0 existen en tickers, 0 tienen precio válido
2025-05-15 20:18:07,459 - deteccion - INFO - Pocas coincidencias exactas, probando con coincidencia flexible de símbolos
2025-05-15 20:18:07,459 - deteccion - INFO - Coincidencia flexible: 'BNB' → 'BNBBTC' (precio: 0.00628)
2025-05-15 20:18:07,459 - deteccion - INFO - Coincidencia flexible: 'BNB' → 'BNBETH' (precio: 0.2554)
2025-05-15 20:18:07,460 - deteccion - INFO - Coincidencia flexible: 'KETH' → 'LINKETH' (precio: 0.006289)
2025-05-15 20:18:07,460 - deteccion - INFO - Coincidencia flexible: 'BBTC' → 'VIBBTC' (precio: 5.1e-07)
2025-05-15 20:18:07,460 - deteccion - INFO - Coincidencia flexible: 'BNB' → 'BNBUSDT' (precio: 652.86)
2025-05-15 20:18:07,460 - deteccion - INFO - Coincidencia flexible: 'BBTC' → 'AMBBTC' (precio: 1e-07)
2025-05-15 20:18:07,460 - deteccion - INFO - Coincidencia flexible: 'BNB' → 'NEOBNB' (precio: 0.03836)
2025-05-15 20:18:07,460 - deteccion - INFO - Coincidencia flexible: 'KETH' → 'LSKETH' (precio: 0.0003373)
2025-05-15 20:18:07,460 - deteccion - INFO - Coincidencia flexible: 'BNB' → 'IOTABNB' (precio: 0.000717)
2025-05-15 20:18:07,460 - deteccion - INFO - Coincidencia flexible: 'BNB' → 'XLMBNB' (precio: 0.0003036)
2025-05-15 20:18:07,460 - deteccion - INFO - Coincidencia flexible: 'BNB' → 'LTCBNB' (precio: 0.1525)
2025-05-15 20:18:07,460 - deteccion - INFO - Coincidencia flexible: 'BNB' → 'WAVESBNB' (precio: 0.00513)
2025-05-15 20:18:07,461 - deteccion - INFO - Coincidencia flexible: 'BNB' → 'ZILBNB' (precio: 8.858e-05)
2025-05-15 20:18:07,461 - deteccion - INFO - Coincidencia flexible: 'BNB' → 'ADABNB' (precio: 0.001175)
2025-05-15 20:18:07,461 - deteccion - INFO - Coincidencia flexible: 'BNB' → 'ZENBNB' (precio: 0.0329)
2025-05-15 20:18:07,461 - deteccion - INFO - Coincidencia flexible: 'BNB' → 'EOSBNB' (precio: 0.002583)
2025-05-15 20:18:07,461 - deteccion - INFO - Coincidencia flexible: 'BNB' → 'THETABNB' (precio: 0.002736)
2025-05-15 20:18:07,461 - deteccion - INFO - Coincidencia flexible: 'BNB' → 'XRPBNB' (precio: 0.003676)
2025-05-15 20:18:07,461 - deteccion - INFO - Coincidencia flexible: 'BNB' → 'ENJBNB' (precio: 0.001368)
2025-05-15 20:18:07,461 - deteccion - INFO - Coincidencia flexible: 'BNB' → 'TRXBNB' (precio: 0.0004178)
2025-05-15 20:18:07,462 - deteccion - INFO - Símbolos activos con ticker válido: 224 de 7
2025-05-15 20:18:07,463 - deteccion - INFO - Identificadas 221 monedas únicas. Símbolos parseados: 224, Fallos: 0
2025-05-15 20:18:07,463 - deteccion - INFO - Limitando a 100 monedas para combinaciones de arbitraje
2025-05-15 20:18:07,463 - deteccion - INFO - Usando 224 símbolos activos para available_pairs
2025-05-15 20:18:07,464 - deteccion - INFO - Pares disponibles para arbitraje: 224 (con precios válidos)
2025-05-15 20:18:07,464 - deteccion - INFO - Ejemplos de monedas: ['ETH', 'USDT', 'USDC', 'DAI', 'BUSD']
2025-05-15 20:18:07,464 - deteccion - INFO - De la muestra de monedas, se encontraron 0 pares en available_pairs
2025-05-15 20:18:07,465 - deteccion - INFO - Primer triángulo encontrado: ETH-LINK-BNB
2025-05-15 20:18:07,465 - deteccion - INFO - Pares: LINKETH, LINKBNB, BNBETH
2025-05-15 20:18:07,465 - deteccion - INFO - Precios: 0.006289, 0.02465, 0.2554
2025-05-15 20:18:07,466 - deteccion - INFO - Oportunidad encontrada (A->B->C->A): ETH -> LINK -> BNB -> ETH
2025-05-15 20:18:07,466 - deteccion - INFO - Pares: LINKETH, LINKBNB, BNBETH
2025-05-15 20:18:07,466 - deteccion - INFO - Precios: 0.006289, 0.02465, 0.2554
2025-05-15 20:18:07,467 - deteccion - INFO - Factores: 159.0077913817777, 0.02465, 0.2554
2025-05-15 20:18:07,467 - deteccion - INFO - Rentabilidad Bruta: 0.105104%
2025-05-15 20:18:07,477 - deteccion - INFO - Oportunidad encontrada (A->B->C->A): BTC -> BNB -> BB -> BTC
2025-05-15 20:18:07,478 - deteccion - INFO - Pares: BNBBTC, BBBNB, BBBTC
2025-05-15 20:18:07,478 - deteccion - INFO - Precios: 0.00628, 0.0002448, 1.54e-06
2025-05-15 20:18:07,478 - deteccion - INFO - Factores: 159.23566878980893, 4084.967320261438, 1.54e-06
2025-05-15 20:18:07,478 - deteccion - INFO - Rentabilidad Bruta: 0.172765%
2025-05-15 20:22:59,032 - deteccion - INFO - Finding triangular opportunities...
2025-05-15 20:22:59,032 - deteccion - INFO - Análisis de coincidencia de símbolos (muestra de 7 símbolos):
2025-05-15 20:22:59,032 - deteccion - INFO - - Símbolo: EXAWBTC, Existe en tickers: False, Precio: None, Precio válido: False
2025-05-15 20:22:59,032 - deteccion - INFO - - Símbolo: BTCMEME, Existe en tickers: False, Precio: None, Precio válido: False
2025-05-15 20:22:59,032 - deteccion - INFO - - Símbolo: APXETH, Existe en tickers: False, Precio: None, Precio válido: False
2025-05-15 20:22:59,032 - deteccion - INFO - - Símbolo: DETH, Existe en tickers: False, Precio: None, Precio válido: False
2025-05-15 20:22:59,033 - deteccion - INFO - - Símbolo: KETH, Existe en tickers: False, Precio: None, Precio válido: False
2025-05-15 20:22:59,033 - deteccion - INFO - - Símbolo: BNB, Existe en tickers: False, Precio: None, Precio válido: False
2025-05-15 20:22:59,033 - deteccion - INFO - - Símbolo: BBTC, Existe en tickers: False, Precio: None, Precio válido: False
2025-05-15 20:22:59,033 - deteccion - INFO - De la muestra analizada: 0 existen en tickers, 0 tienen precio válido
2025-05-15 20:22:59,033 - deteccion - INFO - Pocas coincidencias exactas, probando con coincidencia flexible de símbolos
2025-05-15 20:22:59,033 - deteccion - INFO - Coincidencia flexible: 'BNB' → 'BNBBTC' (precio: 0.00628)
2025-05-15 20:22:59,033 - deteccion - INFO - Coincidencia flexible: 'BNB' → 'BNBETH' (precio: 0.2554)
2025-05-15 20:22:59,034 - deteccion - INFO - Coincidencia flexible: 'KETH' → 'LINKETH' (precio: 0.006289)
2025-05-15 20:22:59,034 - deteccion - INFO - Coincidencia flexible: 'BBTC' → 'VIBBTC' (precio: 5.1e-07)
2025-05-15 20:22:59,034 - deteccion - INFO - Coincidencia flexible: 'BNB' → 'BNBUSDT' (precio: 652.86)
2025-05-15 20:22:59,034 - deteccion - INFO - Coincidencia flexible: 'BBTC' → 'AMBBTC' (precio: 1e-07)
2025-05-15 20:22:59,034 - deteccion - INFO - Coincidencia flexible: 'BNB' → 'NEOBNB' (precio: 0.03836)
2025-05-15 20:22:59,034 - deteccion - INFO - Coincidencia flexible: 'KETH' → 'LSKETH' (precio: 0.0003373)
2025-05-15 20:22:59,034 - deteccion - INFO - Coincidencia flexible: 'BNB' → 'IOTABNB' (precio: 0.000717)
2025-05-15 20:22:59,034 - deteccion - INFO - Coincidencia flexible: 'BNB' → 'XLMBNB' (precio: 0.0003036)
2025-05-15 20:22:59,035 - deteccion - INFO - Coincidencia flexible: 'BNB' → 'LTCBNB' (precio: 0.1525)
2025-05-15 20:22:59,035 - deteccion - INFO - Coincidencia flexible: 'BNB' → 'WAVESBNB' (precio: 0.00513)
2025-05-15 20:22:59,035 - deteccion - INFO - Coincidencia flexible: 'BNB' → 'ZILBNB' (precio: 8.858e-05)
2025-05-15 20:22:59,035 - deteccion - INFO - Coincidencia flexible: 'BNB' → 'ADABNB' (precio: 0.001175)
2025-05-15 20:22:59,035 - deteccion - INFO - Coincidencia flexible: 'BNB' → 'ZENBNB' (precio: 0.0329)
2025-05-15 20:22:59,036 - deteccion - INFO - Coincidencia flexible: 'BNB' → 'EOSBNB' (precio: 0.002583)
2025-05-15 20:22:59,036 - deteccion - INFO - Coincidencia flexible: 'BNB' → 'THETABNB' (precio: 0.002736)
2025-05-15 20:22:59,036 - deteccion - INFO - Coincidencia flexible: 'BNB' → 'XRPBNB' (precio: 0.003676)
2025-05-15 20:22:59,036 - deteccion - INFO - Coincidencia flexible: 'BNB' → 'ENJBNB' (precio: 0.001368)
2025-05-15 20:22:59,036 - deteccion - INFO - Coincidencia flexible: 'BNB' → 'TRXBNB' (precio: 0.0004178)
2025-05-15 20:22:59,037 - deteccion - INFO - Símbolos activos con ticker válido: 224 de 7
2025-05-15 20:22:59,037 - deteccion - INFO - Identificadas 221 monedas únicas. Símbolos parseados: 224, Fallos: 0
2025-05-15 20:22:59,037 - deteccion - INFO - Limitando a 100 monedas para combinaciones de arbitraje
2025-05-15 20:22:59,037 - deteccion - INFO - Usando 224 símbolos activos para available_pairs
2025-05-15 20:22:59,037 - deteccion - INFO - Pares disponibles para arbitraje: 224 (con precios válidos)
2025-05-15 20:22:59,037 - deteccion - INFO - Ejemplos de monedas: ['ETH', 'USDT', 'USDC', 'DAI', 'BUSD']
2025-05-15 20:22:59,038 - deteccion - INFO - De la muestra de monedas, se encontraron 0 pares en available_pairs
2025-05-15 20:22:59,038 - deteccion - INFO - Primer triángulo encontrado: ETH-LINK-BNB
2025-05-15 20:22:59,038 - deteccion - INFO - Pares: LINKETH, LINKBNB, BNBETH
2025-05-15 20:22:59,038 - deteccion - INFO - Precios: 0.006289, 0.02465, 0.2554
2025-05-15 20:22:59,039 - deteccion - INFO - Oportunidad encontrada (A->B->C->A): ETH -> LINK -> BNB -> ETH
2025-05-15 20:22:59,039 - deteccion - INFO - Pares: LINKETH, LINKBNB, BNBETH
2025-05-15 20:22:59,039 - deteccion - INFO - Precios: 0.006289, 0.02465, 0.2554
2025-05-15 20:22:59,039 - deteccion - INFO - Factores: 159.0077913817777, 0.02465, 0.2554
2025-05-15 20:22:59,039 - deteccion - INFO - Rentabilidad Bruta: 0.105104%
2025-05-15 20:22:59,050 - deteccion - INFO - Oportunidad encontrada (A->B->C->A): BTC -> BNB -> BB -> BTC
2025-05-15 20:22:59,050 - deteccion - INFO - Pares: BNBBTC, BBBNB, BBBTC
2025-05-15 20:22:59,051 - deteccion - INFO - Precios: 0.00628, 0.0002448, 1.54e-06
2025-05-15 20:22:59,051 - deteccion - INFO - Factores: 159.23566878980893, 4084.967320261438, 1.54e-06
2025-05-15 20:22:59,051 - deteccion - INFO - Rentabilidad Bruta: 0.172765%
2025-05-15 20:27:04,407 - deteccion - INFO - Finding triangular opportunities...
2025-05-15 20:27:04,408 - deteccion - INFO - Análisis de coincidencia de símbolos (muestra de 7 símbolos):
2025-05-15 20:27:04,409 - deteccion - INFO - - Símbolo: EXAWBTC, Existe en tickers: False, Precio: None, Precio válido: False
2025-05-15 20:27:04,409 - deteccion - INFO - - Símbolo: BTCMEME, Existe en tickers: False, Precio: None, Precio válido: False
2025-05-15 20:27:04,409 - deteccion - INFO - - Símbolo: APXETH, Existe en tickers: False, Precio: None, Precio válido: False
2025-05-15 20:27:04,409 - deteccion - INFO - - Símbolo: DETH, Existe en tickers: False, Precio: None, Precio válido: False
2025-05-15 20:27:04,409 - deteccion - INFO - - Símbolo: KETH, Existe en tickers: False, Precio: None, Precio válido: False
2025-05-15 20:27:04,409 - deteccion - INFO - - Símbolo: BNB, Existe en tickers: False, Precio: None, Precio válido: False
2025-05-15 20:27:04,410 - deteccion - INFO - - Símbolo: BBTC, Existe en tickers: False, Precio: None, Precio válido: False
2025-05-15 20:27:04,410 - deteccion - INFO - De la muestra analizada: 0 existen en tickers, 0 tienen precio válido
2025-05-15 20:27:04,410 - deteccion - INFO - Pocas coincidencias exactas, probando con coincidencia flexible de símbolos
2025-05-15 20:27:04,410 - deteccion - INFO - Coincidencia flexible: 'BNB' → 'BNBBTC' (precio: 0.00628)
2025-05-15 20:27:04,410 - deteccion - INFO - Coincidencia flexible: 'BNB' → 'BNBETH' (precio: 0.2554)
2025-05-15 20:27:04,411 - deteccion - INFO - Coincidencia flexible: 'KETH' → 'LINKETH' (precio: 0.006289)
2025-05-15 20:27:04,411 - deteccion - INFO - Coincidencia flexible: 'BBTC' → 'VIBBTC' (precio: 5.1e-07)
2025-05-15 20:27:04,411 - deteccion - INFO - Coincidencia flexible: 'BNB' → 'BNBUSDT' (precio: 652.86)
2025-05-15 20:27:04,411 - deteccion - INFO - Coincidencia flexible: 'BBTC' → 'AMBBTC' (precio: 1e-07)
2025-05-15 20:27:04,411 - deteccion - INFO - Coincidencia flexible: 'BNB' → 'NEOBNB' (precio: 0.03836)
2025-05-15 20:27:04,411 - deteccion - INFO - Coincidencia flexible: 'KETH' → 'LSKETH' (precio: 0.0003373)
2025-05-15 20:27:04,411 - deteccion - INFO - Coincidencia flexible: 'BNB' → 'IOTABNB' (precio: 0.000717)
2025-05-15 20:27:04,411 - deteccion - INFO - Coincidencia flexible: 'BNB' → 'XLMBNB' (precio: 0.0003036)
2025-05-15 20:27:04,411 - deteccion - INFO - Coincidencia flexible: 'BNB' → 'LTCBNB' (precio: 0.1525)
2025-05-15 20:27:04,412 - deteccion - INFO - Coincidencia flexible: 'BNB' → 'WAVESBNB' (precio: 0.00513)
2025-05-15 20:27:04,412 - deteccion - INFO - Coincidencia flexible: 'BNB' → 'ZILBNB' (precio: 8.858e-05)
2025-05-15 20:27:04,412 - deteccion - INFO - Coincidencia flexible: 'BNB' → 'ADABNB' (precio: 0.001175)
2025-05-15 20:27:04,412 - deteccion - INFO - Coincidencia flexible: 'BNB' → 'ZENBNB' (precio: 0.0329)
2025-05-15 20:27:04,412 - deteccion - INFO - Coincidencia flexible: 'BNB' → 'EOSBNB' (precio: 0.002583)
2025-05-15 20:27:04,412 - deteccion - INFO - Coincidencia flexible: 'BNB' → 'THETABNB' (precio: 0.002736)
2025-05-15 20:27:04,412 - deteccion - INFO - Coincidencia flexible: 'BNB' → 'XRPBNB' (precio: 0.003676)
2025-05-15 20:27:04,412 - deteccion - INFO - Coincidencia flexible: 'BNB' → 'ENJBNB' (precio: 0.001368)
2025-05-15 20:27:04,412 - deteccion - INFO - Coincidencia flexible: 'BNB' → 'TRXBNB' (precio: 0.0004178)
2025-05-15 20:27:04,413 - deteccion - INFO - Símbolos activos con ticker válido: 224 de 7
2025-05-15 20:27:04,413 - deteccion - INFO - Identificadas 221 monedas únicas. Símbolos parseados: 224, Fallos: 0
2025-05-15 20:27:04,414 - deteccion - INFO - Limitando a 100 monedas para combinaciones de arbitraje
2025-05-15 20:27:04,414 - deteccion - INFO - Usando 224 símbolos activos para available_pairs
2025-05-15 20:27:04,414 - deteccion - INFO - Pares disponibles para arbitraje: 224 (con precios válidos)
2025-05-15 20:27:04,414 - deteccion - INFO - Ejemplos de monedas: ['ETH', 'USDT', 'USDC', 'DAI', 'BUSD']
2025-05-15 20:27:04,414 - deteccion - INFO - De la muestra de monedas, se encontraron 0 pares en available_pairs
2025-05-15 20:27:04,414 - deteccion - INFO - Primer triángulo encontrado: ETH-LINK-BNB
2025-05-15 20:27:04,414 - deteccion - INFO - Pares: LINKETH, LINKBNB, BNBETH
2025-05-15 20:27:04,414 - deteccion - INFO - Precios: 0.006289, 0.02465, 0.2554
2025-05-15 20:27:04,414 - deteccion - INFO - Oportunidad encontrada (A->B->C->A): ETH -> LINK -> BNB -> ETH
2025-05-15 20:27:04,415 - deteccion - INFO - Pares: LINKETH, LINKBNB, BNBETH
2025-05-15 20:27:04,415 - deteccion - INFO - Precios: 0.006289, 0.02465, 0.2554
2025-05-15 20:27:04,415 - deteccion - INFO - Factores: 159.0077913817777, 0.02465, 0.2554
2025-05-15 20:27:04,415 - deteccion - INFO - Rentabilidad Bruta: 0.105104%
2025-05-15 20:27:04,427 - deteccion - INFO - Oportunidad encontrada (A->B->C->A): BTC -> BNB -> BB -> BTC
2025-05-15 20:27:04,427 - deteccion - INFO - Pares: BNBBTC, BBBNB, BBBTC
2025-05-15 20:27:04,428 - deteccion - INFO - Precios: 0.00628, 0.0002448, 1.54e-06
2025-05-15 20:27:04,428 - deteccion - INFO - Factores: 159.23566878980893, 4084.967320261438, 1.54e-06
2025-05-15 20:27:04,428 - deteccion - INFO - Rentabilidad Bruta: 0.172765%
2025-05-15 20:35:39,879 - deteccion - INFO - Finding triangular opportunities...
2025-05-15 20:35:39,879 - deteccion - INFO - Análisis de coincidencia de símbolos (muestra de 7 símbolos):
2025-05-15 20:35:39,880 - deteccion - INFO - - Símbolo: EXAWBTC, Existe en tickers: False, Precio: None, Precio válido: False
2025-05-15 20:35:39,880 - deteccion - INFO - - Símbolo: BTCMEME, Existe en tickers: False, Precio: None, Precio válido: False
2025-05-15 20:35:39,880 - deteccion - INFO - - Símbolo: APXETH, Existe en tickers: False, Precio: None, Precio válido: False
2025-05-15 20:35:39,880 - deteccion - INFO - - Símbolo: DETH, Existe en tickers: False, Precio: None, Precio válido: False
2025-05-15 20:35:39,880 - deteccion - INFO - - Símbolo: KETH, Existe en tickers: False, Precio: None, Precio válido: False
2025-05-15 20:35:39,881 - deteccion - INFO - - Símbolo: BNB, Existe en tickers: False, Precio: None, Precio válido: False
2025-05-15 20:35:39,881 - deteccion - INFO - - Símbolo: BBTC, Existe en tickers: False, Precio: None, Precio válido: False
2025-05-15 20:35:39,881 - deteccion - INFO - De la muestra analizada: 0 existen en tickers, 0 tienen precio válido
2025-05-15 20:35:39,881 - deteccion - INFO - Pocas coincidencias exactas, probando con coincidencia flexible de símbolos
2025-05-15 20:35:39,881 - deteccion - INFO - Coincidencia flexible: 'BNB' → 'BNBBTC' (precio: 0.00628)
2025-05-15 20:35:39,881 - deteccion - INFO - Coincidencia flexible: 'BNB' → 'BNBETH' (precio: 0.2554)
2025-05-15 20:35:39,882 - deteccion - INFO - Coincidencia flexible: 'KETH' → 'LINKETH' (precio: 0.006289)
2025-05-15 20:35:39,882 - deteccion - INFO - Coincidencia flexible: 'BBTC' → 'VIBBTC' (precio: 5.1e-07)
2025-05-15 20:35:39,882 - deteccion - INFO - Coincidencia flexible: 'BNB' → 'BNBUSDT' (precio: 652.86)
2025-05-15 20:35:39,882 - deteccion - INFO - Coincidencia flexible: 'BBTC' → 'AMBBTC' (precio: 1e-07)
2025-05-15 20:35:39,882 - deteccion - INFO - Coincidencia flexible: 'BNB' → 'NEOBNB' (precio: 0.03836)
2025-05-15 20:35:39,882 - deteccion - INFO - Coincidencia flexible: 'KETH' → 'LSKETH' (precio: 0.0003373)
2025-05-15 20:35:39,882 - deteccion - INFO - Coincidencia flexible: 'BNB' → 'IOTABNB' (precio: 0.000717)
2025-05-15 20:35:39,882 - deteccion - INFO - Coincidencia flexible: 'BNB' → 'XLMBNB' (precio: 0.0003036)
2025-05-15 20:35:39,883 - deteccion - INFO - Coincidencia flexible: 'BNB' → 'LTCBNB' (precio: 0.1525)
2025-05-15 20:35:39,883 - deteccion - INFO - Coincidencia flexible: 'BNB' → 'WAVESBNB' (precio: 0.00513)
2025-05-15 20:35:39,883 - deteccion - INFO - Coincidencia flexible: 'BNB' → 'ZILBNB' (precio: 8.858e-05)
2025-05-15 20:35:39,883 - deteccion - INFO - Coincidencia flexible: 'BNB' → 'ADABNB' (precio: 0.001175)
2025-05-15 20:35:39,883 - deteccion - INFO - Coincidencia flexible: 'BNB' → 'ZENBNB' (precio: 0.0329)
2025-05-15 20:35:39,883 - deteccion - INFO - Coincidencia flexible: 'BNB' → 'EOSBNB' (precio: 0.002583)
2025-05-15 20:35:39,883 - deteccion - INFO - Coincidencia flexible: 'BNB' → 'THETABNB' (precio: 0.002736)
2025-05-15 20:35:39,884 - deteccion - INFO - Coincidencia flexible: 'BNB' → 'XRPBNB' (precio: 0.003676)
2025-05-15 20:35:39,884 - deteccion - INFO - Coincidencia flexible: 'BNB' → 'ENJBNB' (precio: 0.001368)
2025-05-15 20:35:39,884 - deteccion - INFO - Coincidencia flexible: 'BNB' → 'TRXBNB' (precio: 0.0004178)
2025-05-15 20:35:39,885 - deteccion - INFO - Símbolos activos con ticker válido: 224 de 7
2025-05-15 20:35:39,885 - deteccion - INFO - Identificadas 221 monedas únicas. Símbolos parseados: 224, Fallos: 0
2025-05-15 20:35:39,885 - deteccion - INFO - Limitando a 100 monedas para combinaciones de arbitraje
2025-05-15 20:35:39,885 - deteccion - INFO - Usando 224 símbolos activos para available_pairs
2025-05-15 20:35:39,885 - deteccion - INFO - Pares disponibles para arbitraje: 224 (con precios válidos)
2025-05-15 20:35:39,885 - deteccion - INFO - Ejemplos de monedas: ['ETH', 'USDT', 'USDC', 'DAI', 'BUSD']
2025-05-15 20:35:39,886 - deteccion - INFO - De la muestra de monedas, se encontraron 0 pares en available_pairs
2025-05-15 20:35:39,886 - deteccion - INFO - Primer triángulo encontrado: ETH-LINK-BNB
2025-05-15 20:35:39,886 - deteccion - INFO - Pares: LINKETH, LINKBNB, BNBETH
2025-05-15 20:35:39,886 - deteccion - INFO - Precios: 0.006289, 0.02465, 0.2554
2025-05-15 20:35:39,886 - deteccion - INFO - Oportunidad encontrada (A->B->C->A): ETH -> LINK -> BNB -> ETH
2025-05-15 20:35:39,887 - deteccion - INFO - Pares: LINKETH, LINKBNB, BNBETH
2025-05-15 20:35:39,887 - deteccion - INFO - Precios: 0.006289, 0.02465, 0.2554
2025-05-15 20:35:39,887 - deteccion - INFO - Factores: 159.0077913817777, 0.02465, 0.2554
2025-05-15 20:35:39,887 - deteccion - INFO - Rentabilidad Bruta: 0.105104%
2025-05-15 20:35:39,898 - deteccion - INFO - Oportunidad encontrada (A->B->C->A): BTC -> BNB -> BB -> BTC
2025-05-15 20:35:39,898 - deteccion - INFO - Pares: BNBBTC, BBBNB, BBBTC
2025-05-15 20:35:39,899 - deteccion - INFO - Precios: 0.00628, 0.0002448, 1.54e-06
2025-05-15 20:35:39,899 - deteccion - INFO - Factores: 159.23566878980893, 4084.967320261438, 1.54e-06
2025-05-15 20:35:39,899 - deteccion - INFO - Rentabilidad Bruta: 0.172765%
2025-05-15 21:08:57,336 - deteccion - INFO - Fetching market data (symbols and tickers), prioritizing Mobula...
2025-05-15 21:08:58,766 - deteccion - INFO - Obtenidos 1000 símbolos desde Mobula.
2025-05-15 21:08:59,278 - deteccion - INFO - Obtenidos 2497 tickers válidos desde Binance (de 3106 totales).
2025-05-15 21:08:59,278 - deteccion - INFO - Market data fetch complete. Symbols: 1000, Tickers: 2497.
2025-05-15 21:08:59,278 - deteccion - INFO - Sample symbols: ['ALGO', 'SAFU', 'FLD', 'VERSA', 'ASTRO']
2025-05-15 21:08:59,279 - deteccion - INFO - Sample tickers: {'ETHBTC': 0.02452, 'LTCBTC': 0.000957, 'BNBBTC': 0.006262, 'NEOBTC': 6.43e-05, 'QTUMETH': 0.000935}
2025-05-15 21:08:59,289 - deteccion - INFO - Datos de mercado guardados en caché: ./cache\market_data_20250515_210859.json
2025-05-15 21:08:59,289 - deteccion - INFO - Datos de mercado guardados en caché: ./cache\market_data_20250515_210859.json
2025-05-15 21:09:46,421 - deteccion - INFO - Finding triangular opportunities...
2025-05-15 21:09:46,422 - deteccion - INFO - Análisis de coincidencia de símbolos (muestra de 18 símbolos):
2025-05-15 21:09:46,422 - deteccion - INFO - - Símbolo: EXAWBTC, Existe en tickers: False, Precio: None, Precio válido: False
2025-05-15 21:09:46,422 - deteccion - INFO - - Símbolo: BTCMEME, Existe en tickers: False, Precio: None, Precio válido: False
2025-05-15 21:09:46,423 - deteccion - INFO - - Símbolo: APXETH, Existe en tickers: False, Precio: None, Precio válido: False
2025-05-15 21:09:46,423 - deteccion - INFO - - Símbolo: DETH, Existe en tickers: False, Precio: None, Precio válido: False
2025-05-15 21:09:46,423 - deteccion - INFO - - Símbolo: KETH, Existe en tickers: False, Precio: None, Precio válido: False
2025-05-15 21:09:46,423 - deteccion - INFO - - Símbolo: BNB, Existe en tickers: False, Precio: None, Precio válido: False
2025-05-15 21:09:46,423 - deteccion - INFO - - Símbolo: BBTC, Existe en tickers: False, Precio: None, Precio válido: False
2025-05-15 21:09:46,423 - deteccion - INFO - - Símbolo: shiBTC, Existe en tickers: False, Precio: None, Precio válido: False
2025-05-15 21:09:46,423 - deteccion - INFO - - Símbolo: PepeBNB, Existe en tickers: False, Precio: None, Precio válido: False
2025-05-15 21:09:46,424 - deteccion - INFO - - Símbolo: BTC PIZZA, Existe en tickers: False, Precio: None, Precio válido: False
2025-05-15 21:09:46,424 - deteccion - INFO - - Símbolo: SFRXETH, Existe en tickers: False, Precio: None, Precio válido: False
2025-05-15 21:09:46,424 - deteccion - INFO - - Símbolo: sBTC, Existe en tickers: False, Precio: None, Precio válido: False
2025-05-15 21:09:46,424 - deteccion - INFO - - Símbolo: SUSDT, Existe en tickers: True, Precio: 0.5364, Precio válido: True
2025-05-15 21:09:46,424 - deteccion - INFO - - Símbolo: ANKRBNB, Existe en tickers: True, Precio: 8.56e-05, Precio válido: True
2025-05-15 21:09:46,424 - deteccion - INFO - - Símbolo: AXLUSDT, Existe en tickers: True, Precio: 0.3852, Precio válido: True
2025-05-15 21:09:46,424 - deteccion - INFO - - Símbolo: B-80BAL-20WETH, Existe en tickers: False, Precio: None, Precio válido: False
2025-05-15 21:09:46,424 - deteccion - INFO - - Símbolo: BB-A-WETH, Existe en tickers: False, Precio: None, Precio válido: False
2025-05-15 21:09:46,424 - deteccion - INFO - - Símbolo: BB-A-WETH, Existe en tickers: False, Precio: None, Precio válido: False
2025-05-15 21:09:46,425 - deteccion - INFO - De la muestra analizada: 3 existen en tickers, 3 tienen precio válido
2025-05-15 21:09:46,425 - deteccion - INFO - Pocas coincidencias exactas, probando con coincidencia flexible de símbolos
2025-05-15 21:09:46,425 - deteccion - INFO - Coincidencia flexible: 'BNB' → 'BNBBTC' (precio: 0.006262)
2025-05-15 21:09:46,425 - deteccion - INFO - Coincidencia flexible: 'sBTC' → 'GASBTC' (precio: 3.29e-05)
2025-05-15 21:09:46,425 - deteccion - INFO - Coincidencia flexible: 'BNB' → 'BNBETH' (precio: 0.2555)
2025-05-15 21:09:46,426 - deteccion - INFO - Coincidencia flexible: 'KETH' → 'LINKETH' (precio: 0.00629)
2025-05-15 21:09:46,426 - deteccion - INFO - Coincidencia flexible: 'sBTC' → 'EOSBTC' (precio: 7.63e-06)
2025-05-15 21:09:46,426 - deteccion - INFO - Coincidencia flexible: 'BBTC' → 'VIBBTC' (precio: 5.1e-07)
2025-05-15 21:09:46,426 - deteccion - INFO - Coincidencia flexible: 'BNB' → 'BNBUSDT' (precio: 648.32)
2025-05-15 21:09:46,427 - deteccion - INFO - Coincidencia flexible: 'sBTC' → 'NULSBTC' (precio: 3e-07)
2025-05-15 21:09:46,427 - deteccion - INFO - Coincidencia flexible: 'BBTC' → 'AMBBTC' (precio: 1e-07)
2025-05-15 21:09:46,427 - deteccion - INFO - Coincidencia flexible: 'BNB' → 'NEOBNB' (precio: 0.03836)
2025-05-15 21:09:46,427 - deteccion - INFO - Coincidencia flexible: 'sBTC' → 'BTSBTC' (precio: 4.3e-07)
2025-05-15 21:09:46,427 - deteccion - INFO - Coincidencia flexible: 'KETH' → 'LSKETH' (precio: 0.0003373)
2025-05-15 21:09:46,427 - deteccion - INFO - Coincidencia flexible: 'BNB' → 'IOTABNB' (precio: 0.000717)
2025-05-15 21:09:46,427 - deteccion - INFO - Coincidencia flexible: 'BNB' → 'XLMBNB' (precio: 0.0003036)
2025-05-15 21:09:46,427 - deteccion - INFO - Coincidencia flexible: 'BNB' → 'LTCBNB' (precio: 0.1527)
2025-05-15 21:09:46,428 - deteccion - INFO - Coincidencia flexible: 'sBTC' → 'WAVESBTC' (precio: 1.626e-05)
2025-05-15 21:09:46,428 - deteccion - INFO - Coincidencia flexible: 'BNB' → 'WAVESBNB' (precio: 0.00513)
2025-05-15 21:09:46,430 - deteccion - INFO - Símbolos activos con ticker válido: 272 de 18
2025-05-15 21:09:46,430 - deteccion - INFO - Identificadas 238 monedas únicas. Símbolos parseados: 272, Fallos: 0
2025-05-15 21:09:46,430 - deteccion - INFO - Limitando a 100 monedas para combinaciones de arbitraje
2025-05-15 21:09:46,430 - deteccion - INFO - Usando 272 símbolos activos para available_pairs
2025-05-15 21:09:46,431 - deteccion - INFO - Pares disponibles para arbitraje: 272 (con precios válidos)
2025-05-15 21:09:46,431 - deteccion - INFO - Ejemplos de monedas: ['XRP', 'BUSD', 'TUSD', 'DAI', 'ETH']
2025-05-15 21:09:46,431 - deteccion - INFO - De la muestra de monedas, se encontraron 0 pares en available_pairs
2025-05-15 21:09:46,434 - deteccion - INFO - Primer triángulo encontrado: ETH-BNB-LINK
2025-05-15 21:09:46,435 - deteccion - INFO - Pares: BNBETH, LINKBNB, LINKETH
2025-05-15 21:09:46,435 - deteccion - INFO - Precios: 0.2555, 0.02461, 0.00629
2025-05-15 21:09:46,435 - deteccion - INFO - Oportunidad encontrada (A->B->C->A): ETH -> BNB -> LINK -> ETH
2025-05-15 21:09:46,435 - deteccion - INFO - Pares: BNBETH, LINKBNB, LINKETH
2025-05-15 21:09:46,435 - deteccion - INFO - Precios: 0.2555, 0.02461, 0.00629
2025-05-15 21:09:46,436 - deteccion - INFO - Factores: 3.9138943248532287, 40.633888663145065, 0.00629
2025-05-15 21:09:46,436 - deteccion - INFO - Rentabilidad Bruta: 0.034113%
2025-05-15 21:09:46,437 - deteccion - INFO - Oportunidad encontrada (A->B->C->A): BNB -> USDT -> WAVES -> BNB
2025-05-15 21:09:46,437 - deteccion - INFO - Pares: BNBUSDT, WAVESUSDT, WAVESBNB
2025-05-15 21:09:46,437 - deteccion - INFO - Precios: 648.32, 1.076, 0.00513
2025-05-15 21:09:46,437 - deteccion - INFO - Factores: 648.32, 0.929368029739777, 0.00513
2025-05-15 21:09:46,437 - deteccion - INFO - Rentabilidad Bruta: 209.096803%
2025-05-15 21:09:46,437 - deteccion - INFO - Oportunidad encontrada (A->B->C->A): BNB -> USDT -> POLS -> BNB
2025-05-15 21:09:46,437 - deteccion - INFO - Pares: BNBUSDT, POLSUSDT, POLSBNB
2025-05-15 21:09:46,438 - deteccion - INFO - Precios: 648.32, 0.3079, 0.00265
2025-05-15 21:09:46,438 - deteccion - INFO - Factores: 648.32, 3.2478077297823966, 0.00265
2025-05-15 21:09:46,438 - deteccion - INFO - Rentabilidad Bruta: 457.988957%
2025-05-15 21:09:46,438 - deteccion - INFO - Oportunidad encontrada (A->B->C->A): BNB -> USDT -> DOGS -> BNB
2025-05-15 21:09:46,438 - deteccion - INFO - Pares: BNBUSDT, DOGSUSDT, DOGSBNB
2025-05-15 21:09:46,438 - deteccion - INFO - Precios: 648.32, 0.0001934, 6.4e-07
2025-05-15 21:09:46,438 - deteccion - INFO - Factores: 648.32, 5170.630816959669, 6.4e-07
2025-05-15 21:09:46,438 - deteccion - INFO - Rentabilidad Bruta: 114.542296%
2025-05-15 21:09:46,438 - deteccion - INFO - Oportunidad encontrada (A->B->C->A): BNB -> USDT -> XVS -> BNB
2025-05-15 21:09:46,439 - deteccion - INFO - Pares: BNBUSDT, XVSUSDT, XVSBNB
2025-05-15 21:09:46,439 - deteccion - INFO - Precios: 648.32, 6.81, 0.01059
2025-05-15 21:09:46,439 - deteccion - INFO - Factores: 648.32, 0.14684287812041116, 0.01059
2025-05-15 21:09:46,439 - deteccion - INFO - Rentabilidad Bruta: 0.818044%
2025-05-15 21:09:46,439 - deteccion - INFO - Oportunidad encontrada (A->B->C->A): BNB -> BTC -> WAVES -> BNB
2025-05-15 21:09:46,440 - deteccion - INFO - Pares: BNBBTC, WAVESBTC, WAVESBNB
2025-05-15 21:09:46,440 - deteccion - INFO - Precios: 0.006262, 1.626e-05, 0.00513
2025-05-15 21:09:46,440 - deteccion - INFO - Factores: 0.006262, 61500.61500615006, 0.00513
2025-05-15 21:09:46,440 - deteccion - INFO - Rentabilidad Bruta: 97.564945%
2025-05-15 21:09:46,440 - deteccion - INFO - Oportunidad encontrada (A->B->C->A): BNB -> BTC -> SUSHI -> BNB
2025-05-15 21:09:46,440 - deteccion - INFO - Pares: BNBBTC, SUSHIBTC, SUSHIBNB
2025-05-15 21:09:46,441 - deteccion - INFO - Precios: 0.006262, 7.17e-06, 0.002698
2025-05-15 21:09:46,441 - deteccion - INFO - Factores: 0.006262, 139470.0139470014, 0.002698
2025-05-15 21:09:46,441 - deteccion - INFO - Rentabilidad Bruta: 135.632859%
2025-05-15 21:09:46,441 - deteccion - INFO - Oportunidad encontrada (A->B->C->A): BNB -> BTC -> XVS -> BNB
2025-05-15 21:09:46,441 - deteccion - INFO - Pares: BNBBTC, XVSBTC, XVSBNB
2025-05-15 21:09:46,441 - deteccion - INFO - Precios: 0.006262, 6.58e-05, 0.01059
2025-05-15 21:09:46,441 - deteccion - INFO - Factores: 0.006262, 15197.568389057751, 0.01059
2025-05-15 21:09:46,441 - deteccion - INFO - Rentabilidad Bruta: 0.782036%
2025-05-15 21:09:46,462 - deteccion - INFO - Se filtraron 5 oportunidades con rentabilidad negativa o cero.
2025-05-15 21:16:46,641 - deteccion - INFO - Finding triangular opportunities...
2025-05-15 21:16:46,642 - deteccion - INFO - Análisis de coincidencia de símbolos (muestra de 18 símbolos):
2025-05-15 21:16:46,642 - deteccion - INFO - - Símbolo: EXAWBTC, Existe en tickers: False, Precio: None, Precio válido: False
2025-05-15 21:16:46,642 - deteccion - INFO - - Símbolo: BTCMEME, Existe en tickers: False, Precio: None, Precio válido: False
2025-05-15 21:16:46,643 - deteccion - INFO - - Símbolo: APXETH, Existe en tickers: False, Precio: None, Precio válido: False
2025-05-15 21:16:46,643 - deteccion - INFO - - Símbolo: DETH, Existe en tickers: False, Precio: None, Precio válido: False
2025-05-15 21:16:46,643 - deteccion - INFO - - Símbolo: KETH, Existe en tickers: False, Precio: None, Precio válido: False
2025-05-15 21:16:46,643 - deteccion - INFO - - Símbolo: BNB, Existe en tickers: False, Precio: None, Precio válido: False
2025-05-15 21:16:46,643 - deteccion - INFO - - Símbolo: BBTC, Existe en tickers: False, Precio: None, Precio válido: False
2025-05-15 21:16:46,644 - deteccion - INFO - - Símbolo: shiBTC, Existe en tickers: False, Precio: None, Precio válido: False
2025-05-15 21:16:46,644 - deteccion - INFO - - Símbolo: PepeBNB, Existe en tickers: False, Precio: None, Precio válido: False
2025-05-15 21:16:46,645 - deteccion - INFO - - Símbolo: BTC PIZZA, Existe en tickers: False, Precio: None, Precio válido: False
2025-05-15 21:16:46,645 - deteccion - INFO - - Símbolo: SFRXETH, Existe en tickers: False, Precio: None, Precio válido: False
2025-05-15 21:16:46,645 - deteccion - INFO - - Símbolo: sBTC, Existe en tickers: False, Precio: None, Precio válido: False
2025-05-15 21:16:46,645 - deteccion - INFO - - Símbolo: SUSDT, Existe en tickers: True, Precio: 0.5364, Precio válido: True
2025-05-15 21:16:46,646 - deteccion - INFO - - Símbolo: ANKRBNB, Existe en tickers: True, Precio: 8.56e-05, Precio válido: True
2025-05-15 21:16:46,646 - deteccion - INFO - - Símbolo: AXLUSDT, Existe en tickers: True, Precio: 0.3852, Precio válido: True
2025-05-15 21:16:46,646 - deteccion - INFO - - Símbolo: B-80BAL-20WETH, Existe en tickers: False, Precio: None, Precio válido: False
2025-05-15 21:16:46,646 - deteccion - INFO - - Símbolo: BB-A-WETH, Existe en tickers: False, Precio: None, Precio válido: False
2025-05-15 21:16:46,646 - deteccion - INFO - - Símbolo: BB-A-WETH, Existe en tickers: False, Precio: None, Precio válido: False
2025-05-15 21:16:46,646 - deteccion - INFO - De la muestra analizada: 3 existen en tickers, 3 tienen precio válido
2025-05-15 21:16:46,646 - deteccion - INFO - Pocas coincidencias exactas, probando con coincidencia flexible de símbolos
2025-05-15 21:16:46,647 - deteccion - INFO - Coincidencia flexible: 'BNB' → 'BNBBTC' (precio: 0.006262)
2025-05-15 21:16:46,647 - deteccion - INFO - Coincidencia flexible: 'sBTC' → 'GASBTC' (precio: 3.29e-05)
2025-05-15 21:16:46,647 - deteccion - INFO - Coincidencia flexible: 'BNB' → 'BNBETH' (precio: 0.2555)
2025-05-15 21:16:46,647 - deteccion - INFO - Coincidencia flexible: 'KETH' → 'LINKETH' (precio: 0.00629)
2025-05-15 21:16:46,647 - deteccion - INFO - Coincidencia flexible: 'sBTC' → 'EOSBTC' (precio: 7.63e-06)
2025-05-15 21:16:46,647 - deteccion - INFO - Coincidencia flexible: 'BBTC' → 'VIBBTC' (precio: 5.1e-07)
2025-05-15 21:16:46,647 - deteccion - INFO - Coincidencia flexible: 'BNB' → 'BNBUSDT' (precio: 648.32)
2025-05-15 21:16:46,648 - deteccion - INFO - Coincidencia flexible: 'sBTC' → 'NULSBTC' (precio: 3e-07)
2025-05-15 21:16:46,648 - deteccion - INFO - Coincidencia flexible: 'BBTC' → 'AMBBTC' (precio: 1e-07)
2025-05-15 21:16:46,648 - deteccion - INFO - Coincidencia flexible: 'BNB' → 'NEOBNB' (precio: 0.03836)
2025-05-15 21:16:46,648 - deteccion - INFO - Coincidencia flexible: 'sBTC' → 'BTSBTC' (precio: 4.3e-07)
2025-05-15 21:16:46,648 - deteccion - INFO - Coincidencia flexible: 'KETH' → 'LSKETH' (precio: 0.0003373)
2025-05-15 21:16:46,648 - deteccion - INFO - Coincidencia flexible: 'BNB' → 'IOTABNB' (precio: 0.000717)
2025-05-15 21:16:46,649 - deteccion - INFO - Coincidencia flexible: 'BNB' → 'XLMBNB' (precio: 0.0003036)
2025-05-15 21:16:46,649 - deteccion - INFO - Coincidencia flexible: 'BNB' → 'LTCBNB' (precio: 0.1527)
2025-05-15 21:16:46,649 - deteccion - INFO - Coincidencia flexible: 'sBTC' → 'WAVESBTC' (precio: 1.626e-05)
2025-05-15 21:16:46,649 - deteccion - INFO - Coincidencia flexible: 'BNB' → 'WAVESBNB' (precio: 0.00513)
2025-05-15 21:16:46,651 - deteccion - INFO - Símbolos activos con ticker válido: 272 de 18
2025-05-15 21:16:46,651 - deteccion - INFO - Identificadas 238 monedas únicas. Símbolos parseados: 272, Fallos: 0
2025-05-15 21:16:46,652 - deteccion - INFO - Limitando a 100 monedas para combinaciones de arbitraje
2025-05-15 21:16:46,652 - deteccion - INFO - Usando 272 símbolos activos para available_pairs
2025-05-15 21:16:46,652 - deteccion - INFO - Pares disponibles para arbitraje: 272 (con precios válidos)
2025-05-15 21:16:46,652 - deteccion - INFO - Ejemplos de monedas: ['XRP', 'BUSD', 'TUSD', 'DAI', 'ETH']
2025-05-15 21:16:46,652 - deteccion - INFO - De la muestra de monedas, se encontraron 0 pares en available_pairs
2025-05-15 21:16:46,655 - deteccion - INFO - Primer triángulo encontrado: ETH-BNB-LINK
2025-05-15 21:16:46,655 - deteccion - INFO - Pares: BNBETH, LINKBNB, LINKETH
2025-05-15 21:16:46,655 - deteccion - INFO - Precios: 0.2555, 0.02461, 0.00629
2025-05-15 21:16:46,655 - deteccion - INFO - Oportunidad encontrada (A->B->C->A): ETH -> BNB -> LINK -> ETH
2025-05-15 21:16:46,656 - deteccion - INFO - Pares: BNBETH, LINKBNB, LINKETH
2025-05-15 21:16:46,656 - deteccion - INFO - Precios: 0.2555, 0.02461, 0.00629
2025-05-15 21:16:46,656 - deteccion - INFO - Factores: 3.9138943248532287, 40.633888663145065, 0.00629
2025-05-15 21:16:46,656 - deteccion - INFO - Rentabilidad Bruta: 0.034113%
2025-05-15 21:16:46,657 - deteccion - INFO - Oportunidad encontrada (A->B->C->A): BNB -> USDT -> WAVES -> BNB
2025-05-15 21:16:46,657 - deteccion - INFO - Pares: BNBUSDT, WAVESUSDT, WAVESBNB
2025-05-15 21:16:46,657 - deteccion - INFO - Precios: 648.32, 1.076, 0.00513
2025-05-15 21:16:46,658 - deteccion - INFO - Factores: 648.32, 0.929368029739777, 0.00513
2025-05-15 21:16:46,658 - deteccion - INFO - Rentabilidad Bruta: 209.096803%
2025-05-15 21:16:46,658 - deteccion - INFO - Oportunidad encontrada (A->B->C->A): BNB -> USDT -> POLS -> BNB
2025-05-15 21:16:46,658 - deteccion - INFO - Pares: BNBUSDT, POLSUSDT, POLSBNB
2025-05-15 21:16:46,658 - deteccion - INFO - Precios: 648.32, 0.3079, 0.00265
2025-05-15 21:16:46,658 - deteccion - INFO - Factores: 648.32, 3.2478077297823966, 0.00265
2025-05-15 21:16:46,658 - deteccion - INFO - Rentabilidad Bruta: 457.988957%
2025-05-15 21:16:46,658 - deteccion - INFO - Oportunidad encontrada (A->B->C->A): BNB -> USDT -> DOGS -> BNB
2025-05-15 21:16:46,659 - deteccion - INFO - Pares: BNBUSDT, DOGSUSDT, DOGSBNB
2025-05-15 21:16:46,659 - deteccion - INFO - Precios: 648.32, 0.0001934, 6.4e-07
2025-05-15 21:16:46,659 - deteccion - INFO - Factores: 648.32, 5170.630816959669, 6.4e-07
2025-05-15 21:16:46,659 - deteccion - INFO - Rentabilidad Bruta: 114.542296%
2025-05-15 21:16:46,659 - deteccion - INFO - Oportunidad encontrada (A->B->C->A): BNB -> USDT -> XVS -> BNB
2025-05-15 21:16:46,659 - deteccion - INFO - Pares: BNBUSDT, XVSUSDT, XVSBNB
2025-05-15 21:16:46,659 - deteccion - INFO - Precios: 648.32, 6.81, 0.01059
2025-05-15 21:16:46,659 - deteccion - INFO - Factores: 648.32, 0.14684287812041116, 0.01059
2025-05-15 21:16:46,659 - deteccion - INFO - Rentabilidad Bruta: 0.818044%
2025-05-15 21:16:46,660 - deteccion - INFO - Oportunidad encontrada (A->B->C->A): BNB -> BTC -> WAVES -> BNB
2025-05-15 21:16:46,660 - deteccion - INFO - Pares: BNBBTC, WAVESBTC, WAVESBNB
2025-05-15 21:16:46,660 - deteccion - INFO - Precios: 0.006262, 1.626e-05, 0.00513
2025-05-15 21:16:46,660 - deteccion - INFO - Factores: 0.006262, 61500.61500615006, 0.00513
2025-05-15 21:16:46,660 - deteccion - INFO - Rentabilidad Bruta: 97.564945%
2025-05-15 21:16:46,660 - deteccion - INFO - Oportunidad encontrada (A->B->C->A): BNB -> BTC -> SUSHI -> BNB
2025-05-15 21:16:46,660 - deteccion - INFO - Pares: BNBBTC, SUSHIBTC, SUSHIBNB
2025-05-15 21:16:46,660 - deteccion - INFO - Precios: 0.006262, 7.17e-06, 0.002698
2025-05-15 21:16:46,661 - deteccion - INFO - Factores: 0.006262, 139470.0139470014, 0.002698
2025-05-15 21:16:46,661 - deteccion - INFO - Rentabilidad Bruta: 135.632859%
2025-05-15 21:16:46,661 - deteccion - INFO - Oportunidad encontrada (A->B->C->A): BNB -> BTC -> XVS -> BNB
2025-05-15 21:16:46,661 - deteccion - INFO - Pares: BNBBTC, XVSBTC, XVSBNB
2025-05-15 21:16:46,661 - deteccion - INFO - Precios: 0.006262, 6.58e-05, 0.01059
2025-05-15 21:16:46,661 - deteccion - INFO - Factores: 0.006262, 15197.568389057751, 0.01059
2025-05-15 21:16:46,661 - deteccion - INFO - Rentabilidad Bruta: 0.782036%
2025-05-15 21:16:46,685 - deteccion - INFO - Se filtraron 5 oportunidades con rentabilidad negativa o cero.
2025-05-16 00:01:02,348 - deteccion - INFO - Fetching market data (symbols and tickers), prioritizing Mobula...
2025-05-16 00:01:06,482 - deteccion - INFO - Obtenidos 1000 símbolos desde Mobula.
2025-05-16 00:01:07,190 - deteccion - INFO - Obtenidos 2497 tickers válidos desde Binance (de 3106 totales).
2025-05-16 00:01:07,191 - deteccion - INFO - Market data fetch complete. Symbols: 1000, Tickers: 2497.
2025-05-16 00:01:07,191 - deteccion - INFO - Sample symbols: ['ALGO', 'SAFU', 'FLD', 'VERSA', 'ASTRO']
2025-05-16 00:01:07,191 - deteccion - INFO - Sample tickers: {'ETHBTC': 0.02482, 'LTCBTC': 0.00097, 'BNBBTC': 0.006324, 'NEOBTC': 6.57e-05, 'QTUMETH': 0.000943}
2025-05-16 00:01:07,196 - deteccion - INFO - Datos de mercado guardados en caché: ./cache\market_data_20250516_000107.json
2025-05-16 00:01:07,197 - deteccion - INFO - Datos de mercado guardados en caché: ./cache\market_data_20250516_000107.json
2025-05-16 00:02:27,575 - deteccion - INFO - Finding triangular opportunities...
2025-05-16 00:02:27,576 - deteccion - INFO - Análisis de coincidencia de símbolos (muestra de 18 símbolos):
2025-05-16 00:02:27,576 - deteccion - INFO - - Símbolo: EXAWBTC, Existe en tickers: False, Precio: None, Precio válido: False
2025-05-16 00:02:27,577 - deteccion - INFO - - Símbolo: BTCMEME, Existe en tickers: False, Precio: None, Precio válido: False
2025-05-16 00:02:27,577 - deteccion - INFO - - Símbolo: APXETH, Existe en tickers: False, Precio: None, Precio válido: False
2025-05-16 00:02:27,577 - deteccion - INFO - - Símbolo: DETH, Existe en tickers: False, Precio: None, Precio válido: False
2025-05-16 00:02:27,577 - deteccion - INFO - - Símbolo: KETH, Existe en tickers: False, Precio: None, Precio válido: False
2025-05-16 00:02:27,578 - deteccion - INFO - - Símbolo: BNB, Existe en tickers: False, Precio: None, Precio válido: False
2025-05-16 00:02:27,578 - deteccion - INFO - - Símbolo: BBTC, Existe en tickers: False, Precio: None, Precio válido: False
2025-05-16 00:02:27,578 - deteccion - INFO - - Símbolo: shiBTC, Existe en tickers: False, Precio: None, Precio válido: False
2025-05-16 00:02:27,578 - deteccion - INFO - - Símbolo: PepeBNB, Existe en tickers: False, Precio: None, Precio válido: False
2025-05-16 00:02:27,578 - deteccion - INFO - - Símbolo: BTC PIZZA, Existe en tickers: False, Precio: None, Precio válido: False
2025-05-16 00:02:27,579 - deteccion - INFO - - Símbolo: SFRXETH, Existe en tickers: False, Precio: None, Precio válido: False
2025-05-16 00:02:27,579 - deteccion - INFO - - Símbolo: sBTC, Existe en tickers: False, Precio: None, Precio válido: False
2025-05-16 00:02:27,579 - deteccion - INFO - - Símbolo: SUSDT, Existe en tickers: True, Precio: 0.5472, Precio válido: True
2025-05-16 00:02:27,579 - deteccion - INFO - - Símbolo: ANKRBNB, Existe en tickers: True, Precio: 8.56e-05, Precio válido: True
2025-05-16 00:02:27,579 - deteccion - INFO - - Símbolo: AXLUSDT, Existe en tickers: True, Precio: 0.3937, Precio válido: True
2025-05-16 00:02:27,579 - deteccion - INFO - - Símbolo: B-80BAL-20WETH, Existe en tickers: False, Precio: None, Precio válido: False
2025-05-16 00:02:27,580 - deteccion - INFO - - Símbolo: BB-A-WETH, Existe en tickers: False, Precio: None, Precio válido: False
2025-05-16 00:02:27,580 - deteccion - INFO - - Símbolo: BB-A-WETH, Existe en tickers: False, Precio: None, Precio válido: False
2025-05-16 00:02:27,580 - deteccion - INFO - De la muestra analizada: 3 existen en tickers, 3 tienen precio válido
2025-05-16 00:02:27,580 - deteccion - INFO - Pocas coincidencias exactas, probando con coincidencia flexible de símbolos
2025-05-16 00:02:27,581 - deteccion - INFO - Coincidencia flexible: 'BNB' → 'BNBBTC' (precio: 0.006324)
2025-05-16 00:02:27,581 - deteccion - INFO - Coincidencia flexible: 'sBTC' → 'GASBTC' (precio: 3.33e-05)
2025-05-16 00:02:27,581 - deteccion - INFO - Coincidencia flexible: 'BNB' → 'BNBETH' (precio: 0.2549)
2025-05-16 00:02:27,581 - deteccion - INFO - Coincidencia flexible: 'KETH' → 'LINKETH' (precio: 0.006314)
2025-05-16 00:02:27,581 - deteccion - INFO - Coincidencia flexible: 'sBTC' → 'EOSBTC' (precio: 7.65e-06)
2025-05-16 00:02:27,581 - deteccion - INFO - Coincidencia flexible: 'BBTC' → 'VIBBTC' (precio: 5.1e-07)
2025-05-16 00:02:27,582 - deteccion - INFO - Coincidencia flexible: 'BNB' → 'BNBUSDT' (precio: 658.21)
2025-05-16 00:02:27,582 - deteccion - INFO - Coincidencia flexible: 'sBTC' → 'NULSBTC' (precio: 3e-07)
2025-05-16 00:02:27,582 - deteccion - INFO - Coincidencia flexible: 'BBTC' → 'AMBBTC' (precio: 1e-07)
2025-05-16 00:02:27,582 - deteccion - INFO - Coincidencia flexible: 'BNB' → 'NEOBNB' (precio: 0.03836)
2025-05-16 00:02:27,582 - deteccion - INFO - Coincidencia flexible: 'sBTC' → 'BTSBTC' (precio: 4.3e-07)
2025-05-16 00:02:27,582 - deteccion - INFO - Coincidencia flexible: 'KETH' → 'LSKETH' (precio: 0.0003373)
2025-05-16 00:02:27,582 - deteccion - INFO - Coincidencia flexible: 'BNB' → 'IOTABNB' (precio: 0.000717)
2025-05-16 00:02:27,582 - deteccion - INFO - Coincidencia flexible: 'BNB' → 'XLMBNB' (precio: 0.0003036)
2025-05-16 00:02:27,583 - deteccion - INFO - Coincidencia flexible: 'BNB' → 'LTCBNB' (precio: 0.1533)
2025-05-16 00:02:27,583 - deteccion - INFO - Coincidencia flexible: 'sBTC' → 'WAVESBTC' (precio: 1.626e-05)
2025-05-16 00:02:27,583 - deteccion - INFO - Coincidencia flexible: 'BNB' → 'WAVESBNB' (precio: 0.00513)
2025-05-16 00:02:27,585 - deteccion - INFO - Símbolos activos con ticker válido: 272 de 18
2025-05-16 00:02:27,586 - deteccion - INFO - Identificadas 238 monedas únicas. Símbolos parseados: 272, Fallos: 0
2025-05-16 00:02:27,586 - deteccion - INFO - Limitando a 100 monedas para combinaciones de arbitraje
2025-05-16 00:02:27,587 - deteccion - INFO - Usando 272 símbolos activos para available_pairs
2025-05-16 00:02:27,587 - deteccion - INFO - Pares disponibles para arbitraje: 272 (con precios válidos)
2025-05-16 00:02:27,587 - deteccion - INFO - Ejemplos de monedas: ['GBP', 'LINK', 'BNB', 'TRX', 'AUD']
2025-05-16 00:02:27,587 - deteccion - INFO - Par encontrado: BNBGBP (precio: 267.4)
2025-05-16 00:02:27,587 - deteccion - INFO - Par encontrado: LINKBNB (precio: 0.02479)
2025-05-16 00:02:27,587 - deteccion - INFO - Par encontrado: BNBGBP (precio: 267.4)
2025-05-16 00:02:27,587 - deteccion - INFO - Par encontrado: LINKBNB (precio: 0.02479)
2025-05-16 00:02:27,587 - deteccion - INFO - Par encontrado: TRXBNB (precio: 0.0004193)
2025-05-16 00:02:27,588 - deteccion - INFO - Par encontrado: BNBAUD (precio: 421.1)
2025-05-16 00:02:27,588 - deteccion - INFO - Par encontrado: TRXBNB (precio: 0.0004193)
2025-05-16 00:02:27,588 - deteccion - INFO - Par encontrado: BNBAUD (precio: 421.1)
2025-05-16 00:02:27,588 - deteccion - INFO - De la muestra de monedas, se encontraron 8 pares en available_pairs
2025-05-16 00:02:27,589 - deteccion - INFO - Primer triángulo encontrado: LINK-BNB-ETH
2025-05-16 00:02:27,589 - deteccion - INFO - Pares: LINKBNB, BNBETH, LINKETH
2025-05-16 00:02:27,589 - deteccion - INFO - Precios: 0.02479, 0.2549, 0.006314
2025-05-16 00:02:27,589 - deteccion - INFO - Oportunidad encontrada (A->B->C->A): LINK -> BNB -> ETH -> LINK
2025-05-16 00:02:27,589 - deteccion - INFO - Pares: LINKBNB, BNBETH, LINKETH
2025-05-16 00:02:27,590 - deteccion - INFO - Precios: 0.02479, 0.2549, 0.006314
2025-05-16 00:02:27,590 - deteccion - INFO - Factores: 0.02479, 0.2549, 158.37820715869495
2025-05-16 00:02:27,591 - deteccion - INFO - Rentabilidad Bruta: 0.078730%
2025-05-16 00:02:27,594 - deteccion - INFO - Oportunidad encontrada (A->B->C->A): BNB -> BTC -> EOS -> BNB
2025-05-16 00:02:27,594 - deteccion - INFO - Pares: BNBBTC, EOSBTC, EOSBNB
2025-05-16 00:02:27,595 - deteccion - INFO - Precios: 0.006324, 7.65e-06, 0.002583
2025-05-16 00:02:27,595 - deteccion - INFO - Factores: 0.006324, 130718.95424836602, 0.002583
2025-05-16 00:02:27,595 - deteccion - INFO - Rentabilidad Bruta: 113.528000%
2025-05-16 00:02:27,596 - deteccion - INFO - Oportunidad encontrada (A->B->C->A): BNB -> USDT -> EOS -> BNB
2025-05-16 00:02:27,597 - deteccion - INFO - Pares: BNBUSDT, EOSUSDT, EOSBNB
2025-05-16 00:02:27,597 - deteccion - INFO - Precios: 658.21, 0.7966, 0.002583
2025-05-16 00:02:27,597 - deteccion - INFO - Factores: 658.21, 1.2553351744915893, 0.002583
2025-05-16 00:02:27,597 - deteccion - INFO - Rentabilidad Bruta: 113.426617%
2025-05-16 00:02:27,629 - deteccion - INFO - Se filtraron 1 oportunidades con rentabilidad negativa o cero.
2025-05-16 00:19:10,645 - deteccion - INFO - Finding triangular opportunities...
2025-05-16 00:19:10,645 - deteccion - INFO - Análisis de coincidencia de símbolos (muestra de 9 símbolos):
2025-05-16 00:19:10,645 - deteccion - INFO - - Símbolo: BNB, Existe en tickers: False, Precio: None, Precio válido: False
2025-05-16 00:19:10,645 - deteccion - INFO - - Símbolo: USDC, Existe en tickers: False, Precio: None, Precio válido: False
2025-05-16 00:19:10,645 - deteccion - INFO - - Símbolo: PepeBNB, Existe en tickers: False, Precio: None, Precio válido: False
2025-05-16 00:19:10,646 - deteccion - INFO - - Símbolo: SUSDT, Existe en tickers: True, Precio: 0.5472, Precio válido: True
2025-05-16 00:19:10,646 - deteccion - INFO - - Símbolo: AMTSOL, Existe en tickers: False, Precio: None, Precio válido: False
2025-05-16 00:19:10,646 - deteccion - INFO - - Símbolo: ANKRBNB, Existe en tickers: True, Precio: 8.56e-05, Precio válido: True
2025-05-16 00:19:10,646 - deteccion - INFO - - Símbolo: AUSDC, Existe en tickers: False, Precio: None, Precio válido: False
2025-05-16 00:19:10,646 - deteccion - INFO - - Símbolo: AXLUSDT, Existe en tickers: True, Precio: 0.3937, Precio válido: True
2025-05-16 00:19:10,646 - deteccion - INFO - - Símbolo: SOLANA, Existe en tickers: False, Precio: None, Precio válido: False
2025-05-16 00:19:10,646 - deteccion - INFO - De la muestra analizada: 3 existen en tickers, 3 tienen precio válido
2025-05-16 00:19:10,647 - deteccion - INFO - Pocas coincidencias exactas, probando con coincidencia flexible de símbolos
2025-05-16 00:19:10,647 - deteccion - INFO - Coincidencia flexible: 'BNB' → 'BNBBTC' (precio: 0.006324)
2025-05-16 00:19:10,647 - deteccion - INFO - Coincidencia flexible: 'BNB' → 'BNBETH' (precio: 0.2549)
2025-05-16 00:19:10,647 - deteccion - INFO - Coincidencia flexible: 'BNB' → 'BNBUSDT' (precio: 658.21)
2025-05-16 00:19:10,647 - deteccion - INFO - Coincidencia flexible: 'BNB' → 'NEOBNB' (precio: 0.03836)
2025-05-16 00:19:10,648 - deteccion - INFO - Coincidencia flexible: 'BNB' → 'IOTABNB' (precio: 0.000717)
2025-05-16 00:19:10,648 - deteccion - INFO - Coincidencia flexible: 'BNB' → 'XLMBNB' (precio: 0.0003036)
2025-05-16 00:19:10,648 - deteccion - INFO - Coincidencia flexible: 'BNB' → 'LTCBNB' (precio: 0.1533)
2025-05-16 00:19:10,648 - deteccion - INFO - Coincidencia flexible: 'BNB' → 'WAVESBNB' (precio: 0.00513)
2025-05-16 00:19:10,648 - deteccion - INFO - Coincidencia flexible: 'BNB' → 'ZILBNB' (precio: 8.858e-05)
2025-05-16 00:19:10,648 - deteccion - INFO - Coincidencia flexible: 'BNB' → 'ADABNB' (precio: 0.001188)
2025-05-16 00:19:10,648 - deteccion - INFO - Coincidencia flexible: 'BNB' → 'ZENBNB' (precio: 0.0329)
2025-05-16 00:19:10,648 - deteccion - INFO - Coincidencia flexible: 'SUSDT' → 'EOSUSDT' (precio: 0.7966)
2025-05-16 00:19:10,648 - deteccion - INFO - Coincidencia flexible: 'BNB' → 'EOSBNB' (precio: 0.002583)
2025-05-16 00:19:10,648 - deteccion - INFO - Coincidencia flexible: 'BNB' → 'THETABNB' (precio: 0.002736)
2025-05-16 00:19:10,648 - deteccion - INFO - Coincidencia flexible: 'BNB' → 'XRPBNB' (precio: 0.0036663)
2025-05-16 00:19:10,648 - deteccion - INFO - Coincidencia flexible: 'BNB' → 'ENJBNB' (precio: 0.001368)
2025-05-16 00:19:10,649 - deteccion - INFO - Coincidencia flexible: 'BNB' → 'TRXBNB' (precio: 0.0004193)
2025-05-16 00:19:10,650 - deteccion - INFO - Símbolos activos con ticker válido: 441 de 9
2025-05-16 00:19:10,650 - deteccion - INFO - Identificadas 315 monedas únicas. Símbolos parseados: 437, Fallos: 4
2025-05-16 00:19:10,650 - deteccion - INFO - Limitando a 100 monedas para combinaciones de arbitraje
2025-05-16 00:19:10,651 - deteccion - INFO - Usando 441 símbolos activos para available_pairs
2025-05-16 00:19:10,651 - deteccion - INFO - Pares disponibles para arbitraje: 441 (con precios válidos)
2025-05-16 00:19:10,651 - deteccion - INFO - Ejemplos de monedas: ['GBP', 'BNB', 'TRX', 'AUD', 'RUB']
2025-05-16 00:19:10,651 - deteccion - INFO - Par encontrado: BNBGBP (precio: 267.4)
2025-05-16 00:19:10,651 - deteccion - INFO - Par encontrado: BNBGBP (precio: 267.4)
2025-05-16 00:19:10,651 - deteccion - INFO - Par encontrado: TRXBNB (precio: 0.0004193)
2025-05-16 00:19:10,651 - deteccion - INFO - Par encontrado: BNBAUD (precio: 421.1)
2025-05-16 00:19:10,651 - deteccion - INFO - Par encontrado: BNBRUB (precio: 22422.22)
2025-05-16 00:19:10,651 - deteccion - INFO - Par encontrado: TRXBNB (precio: 0.0004193)
2025-05-16 00:19:10,651 - deteccion - INFO - Par encontrado: BNBAUD (precio: 421.1)
2025-05-16 00:19:10,652 - deteccion - INFO - Par encontrado: BNBRUB (precio: 22422.22)
2025-05-16 00:19:10,652 - deteccion - INFO - De la muestra de monedas, se encontraron 8 pares en available_pairs
2025-05-16 00:19:10,652 - deteccion - INFO - Primer triángulo encontrado: BNB-TRX-USDC
2025-05-16 00:19:10,652 - deteccion - INFO - Pares: TRXBNB, TRXUSDC, BNBUSDC
2025-05-16 00:19:10,652 - deteccion - INFO - Precios: 0.0004193, 0.2765, 658.31
2025-05-16 00:19:10,653 - deteccion - INFO - Oportunidad encontrada (A->B->C->A): BNB -> TRX -> USDC -> BNB
2025-05-16 00:19:10,653 - deteccion - INFO - Pares: TRXBNB, TRXUSDC, BNBUSDC
2025-05-16 00:19:10,653 - deteccion - INFO - Precios: 0.0004193, 0.2765, 658.31
2025-05-16 00:19:10,653 - deteccion - INFO - Factores: 2384.9272597185786, 0.2765, 0.0015190411812064225
2025-05-16 00:19:10,653 - deteccion - INFO - Rentabilidad Bruta: 0.170495%
2025-05-16 00:19:10,653 - deteccion - INFO - Oportunidad encontrada (A->B->C->A): BNB -> LINK -> USDC -> BNB
2025-05-16 00:19:10,653 - deteccion - INFO - Pares: LINKBNB, LINKUSDC, BNBUSDC
2025-05-16 00:19:10,653 - deteccion - INFO - Precios: 0.02479, 16.33, 658.31
2025-05-16 00:19:10,653 - deteccion - INFO - Factores: 40.338846308995564, 16.33, 0.0015190411812064225
2025-05-16 00:19:10,653 - deteccion - INFO - Rentabilidad Bruta: 0.064310%
2025-05-16 00:19:10,654 - deteccion - INFO - Oportunidad encontrada (A->B->C->A): BNB -> USDC -> MATIC -> BNB
2025-05-16 00:19:10,654 - deteccion - INFO - Pares: BNBUSDC, MATICUSDC, MATICBNB
2025-05-16 00:19:10,654 - deteccion - INFO - Precios: 658.31, 0.3791, 0.000734
2025-05-16 00:19:10,654 - deteccion - INFO - Factores: 658.31, 2.637826431020839, 0.000734
2025-05-16 00:19:10,654 - deteccion - INFO - Rentabilidad Bruta: 27.459652%
2025-05-16 00:19:10,654 - deteccion - INFO - Oportunidad encontrada (A->B->C->A): BNB -> USDC -> BUSD -> BNB
2025-05-16 00:19:10,654 - deteccion - INFO - Pares: BNBUSDC, USDCBUSD, BNBBUSD
2025-05-16 00:19:10,654 - deteccion - INFO - Precios: 658.31, 0.9999, 251.8
2025-05-16 00:19:10,654 - deteccion - INFO - Factores: 658.31, 0.9999, 0.003971405877680699
2025-05-16 00:19:10,654 - deteccion - INFO - Rentabilidad Bruta: 161.415476%
2025-05-16 00:19:10,655 - deteccion - INFO - Oportunidad encontrada (A->B->C->A): BNB -> USDC -> UNI -> BNB
2025-05-16 00:19:10,655 - deteccion - INFO - Pares: BNBUSDC, UNIUSDC, UNIBNB
2025-05-16 00:19:10,655 - deteccion - INFO - Precios: 658.31, 6.347, 0.01464
2025-05-16 00:19:10,655 - deteccion - INFO - Factores: 658.31, 0.1575547502757208, 0.01464
2025-05-16 00:19:10,655 - deteccion - INFO - Rentabilidad Bruta: 51.845886%
2025-05-16 00:19:10,656 - deteccion - INFO - Oportunidad encontrada (A->B->C->A): BNB -> USDC -> XTZ -> BNB
2025-05-16 00:19:10,656 - deteccion - INFO - Pares: BNBUSDC, XTZUSDC, XTZBNB
2025-05-16 00:19:10,656 - deteccion - INFO - Precios: 658.31, 0.648, 0.002883
2025-05-16 00:19:10,656 - deteccion - INFO - Factores: 658.31, 1.5432098765432098, 0.002883
2025-05-16 00:19:10,656 - deteccion - INFO - Rentabilidad Bruta: 192.886995%
2025-05-16 00:19:10,656 - deteccion - INFO - Oportunidad encontrada (A->B->C->A): BNB -> USDC -> HBAR -> BNB
2025-05-16 00:19:10,656 - deteccion - INFO - Pares: BNBUSDC, HBARUSDC, HBARBNB
2025-05-16 00:19:10,656 - deteccion - INFO - Precios: 658.31, 0.2009, 0.00030519
2025-05-16 00:19:10,656 - deteccion - INFO - Factores: 658.31, 4.9776007964161275, 0.00030519
2025-05-16 00:19:10,657 - deteccion - INFO - Rentabilidad Bruta: 0.004793%
2025-05-16 00:19:10,657 - deteccion - INFO - Oportunidad encontrada (A->B->C->A): BNB -> USDC -> OMNI -> BNB
2025-05-16 00:19:10,657 - deteccion - INFO - Pares: BNBUSDC, OMNIUSDC, OMNIBNB
2025-05-16 00:19:10,657 - deteccion - INFO - Precios: 658.31, 2.94, 0.01361
2025-05-16 00:19:10,657 - deteccion - INFO - Factores: 658.31, 0.3401360544217687, 0.01361
2025-05-16 00:19:10,657 - deteccion - INFO - Rentabilidad Bruta: 204.748269%
2025-05-16 00:19:10,657 - deteccion - INFO - Oportunidad encontrada (A->B->C->A): BNB -> USDC -> QNT -> BNB
2025-05-16 00:19:10,657 - deteccion - INFO - Pares: BNBUSDC, QNTUSDC, QNTBNB
2025-05-16 00:19:10,657 - deteccion - INFO - Precios: 658.31, 96.0, 0.4015
2025-05-16 00:19:10,657 - deteccion - INFO - Factores: 658.31, 0.010416666666666666, 0.4015
2025-05-16 00:19:10,657 - deteccion - INFO - Rentabilidad Bruta: 175.324443%
2025-05-16 00:19:10,658 - deteccion - INFO - Oportunidad encontrada (A->B->C->A): BNB -> USDC -> KAITO -> BNB
2025-05-16 00:19:10,658 - deteccion - INFO - Pares: BNBUSDC, KAITOUSDC, KAITOBNB
2025-05-16 00:19:10,658 - deteccion - INFO - Precios: 658.31, 1.9059, 0.0028984
2025-05-16 00:19:10,658 - deteccion - INFO - Factores: 658.31, 0.5246864998163597, 0.0028984
2025-05-16 00:19:10,658 - deteccion - INFO - Rentabilidad Bruta: 0.112582%
2025-05-16 00:19:10,658 - deteccion - INFO - Oportunidad encontrada (A->B->C->A): BNB -> USDC -> DOGS -> BNB
2025-05-16 00:19:10,658 - deteccion - INFO - Pares: BNBUSDC, DOGSUSDC, DOGSBNB
2025-05-16 00:19:10,658 - deteccion - INFO - Precios: 658.31, 0.0001936, 6.4e-07
2025-05-16 00:19:10,658 - deteccion - INFO - Factores: 658.31, 5165.289256198347, 6.4e-07
2025-05-16 00:19:10,659 - deteccion - INFO - Rentabilidad Bruta: 117.623140%
2025-05-16 00:19:10,659 - deteccion - INFO - Oportunidad encontrada (A->B->C->A): BNB -> USDC -> WCT -> BNB
2025-05-16 00:19:10,659 - deteccion - INFO - Pares: BNBUSDC, WCTUSDC, WCTBNB
2025-05-16 00:19:10,659 - deteccion - INFO - Precios: 658.31, 0.5122, 0.0007783
2025-05-16 00:19:10,659 - deteccion - INFO - Factores: 658.31, 1.952362358453729, 0.0007783
2025-05-16 00:19:10,659 - deteccion - INFO - Rentabilidad Bruta: 0.031760%
2025-05-16 00:19:10,660 - deteccion - INFO - Oportunidad encontrada (A->B->C->A): BNB -> USDC -> THE -> BNB
2025-05-16 00:19:10,660 - deteccion - INFO - Pares: BNBUSDC, THEUSDC, THEBNB
2025-05-16 00:19:10,660 - deteccion - INFO - Precios: 658.31, 0.3202, 0.0006043
2025-05-16 00:19:10,660 - deteccion - INFO - Factores: 658.31, 3.1230480949406623, 0.0006043
2025-05-16 00:19:10,660 - deteccion - INFO - Rentabilidad Bruta: 24.240079%
2025-05-16 00:19:10,661 - deteccion - INFO - Oportunidad encontrada (A->B->C->A): BNB -> USDT -> DOGS -> BNB
2025-05-16 00:19:10,661 - deteccion - INFO - Pares: BNBUSDT, DOGSUSDT, DOGSBNB
2025-05-16 00:19:10,661 - deteccion - INFO - Precios: 658.21, 0.0001933, 6.4e-07
2025-05-16 00:19:10,661 - deteccion - INFO - Factores: 658.21, 5173.305742369374, 6.4e-07
2025-05-16 00:19:10,661 - deteccion - INFO - Rentabilidad Bruta: 117.927781%
2025-05-16 00:19:10,661 - deteccion - INFO - Oportunidad encontrada (A->B->C->A): BNB -> USDT -> COS -> BNB
2025-05-16 00:19:10,661 - deteccion - INFO - Pares: BNBUSDT, COSUSDT, COSBNB
2025-05-16 00:19:10,661 - deteccion - INFO - Precios: 658.21, 0.00385, 2.678e-05
2025-05-16 00:19:10,661 - deteccion - INFO - Factores: 658.21, 259.7402597402597, 2.678e-05
2025-05-16 00:19:10,661 - deteccion - INFO - Rentabilidad Bruta: 357.840618%
2025-05-16 00:19:10,668 - deteccion - INFO - Oportunidad encontrada (A->B->C->A): USDC -> USDT -> DOGS -> USDC
2025-05-16 00:19:10,668 - deteccion - INFO - Pares: USDCUSDT, DOGSUSDT, DOGSUSDC
2025-05-16 00:19:10,668 - deteccion - INFO - Precios: 0.9997, 0.0001933, 0.0001936
2025-05-16 00:19:10,668 - deteccion - INFO - Factores: 0.9997, 5173.305742369374, 0.0001936
2025-05-16 00:19:10,668 - deteccion - INFO - Rentabilidad Bruta: 0.125153%
2025-05-16 00:19:10,684 - deteccion - INFO - Se filtraron 16 oportunidades con rentabilidad negativa o cero.
