2025-05-14 10:18:29,032 - deteccion - INFO - Iniciando script de detección de oportunidades...
2025-05-14 10:18:29,033 - deteccion - INFO - Iniciando detección de oportunidades triangulares...
2025-05-14 10:18:30,345 - deteccion - INFO - Obtenidos 1426 símbolos y 3101 tickers.
2025-05-14 10:18:30,346 - deteccion - INFO - Identified 411 unique coins.
2025-05-14 10:18:30,361 - deteccion - INFO - Oportunidad encontrada (A->B->C->A): EIGEN -> FDUSD -> BTC -> EIGEN
2025-05-14 10:18:30,361 - deteccion - INFO - Pares: EIGENFDUSD, BTCFDUSD, EIGENBTC
2025-05-14 10:18:30,362 - deteccion - INFO - Precios: 1.476, 103568.57, 1.417e-05
2025-05-14 10:18:30,363 - deteccion - INFO - Factores: 1.476, 9.65543890390685e-06, 70571.63020465773
2025-05-14 10:18:30,363 - deteccion - INFO - Rentabilidad Bruta: 0.574649%
2025-05-14 10:18:30,364 - deteccion - INFO - Enviando oportunidad a webhook: http://localhost:5678/webhook/arbitraje-oportunidad
2025-05-14 10:18:34,407 - deteccion - ERROR - Error sending opportunity to webhook: HTTPConnectionPool(host='localhost', port=5678): Max retries exceeded with url: /webhook/arbitraje-oportunidad (Caused by NewConnectionError('<urllib3.connection.HTTPConnection object at 0x000001289246E900>: Failed to establish a new connection: [WinError 10061] No se puede establecer una conexión ya que el equipo de destino denegó expresamente dicha conexión'))
2025-05-14 10:18:34,410 - deteccion - INFO - Oportunidad encontrada (A->B->C->A): EIGEN -> USDT -> BTC -> EIGEN
2025-05-14 10:18:34,410 - deteccion - INFO - Pares: EIGENUSDT, BTCUSDT, EIGENBTC
2025-05-14 10:18:34,410 - deteccion - INFO - Precios: 1.474, 103400.0, 1.417e-05
2025-05-14 10:18:34,410 - deteccion - INFO - Factores: 1.474, 9.67117988394584e-06, 70571.63020465773
2025-05-14 10:18:34,410 - deteccion - INFO - Rentabilidad Bruta: 0.602111%
2025-05-14 10:18:34,410 - deteccion - INFO - Enviando oportunidad a webhook: http://localhost:5678/webhook/arbitraje-oportunidad
2025-05-14 10:18:38,470 - deteccion - ERROR - Error sending opportunity to webhook: HTTPConnectionPool(host='localhost', port=5678): Max retries exceeded with url: /webhook/arbitraje-oportunidad (Caused by NewConnectionError('<urllib3.connection.HTTPConnection object at 0x0000012892485590>: Failed to establish a new connection: [WinError 10061] No se puede establecer una conexión ya que el equipo de destino denegó expresamente dicha conexión'))
2025-05-14 10:18:38,490 - deteccion - INFO - Oportunidad encontrada (A->C->B->A): ZK -> BTC -> USDC -> ZK
2025-05-14 10:18:38,490 - deteccion - INFO - Pares: ZKBTC, BTCUSDC, ZKUSDC
2025-05-14 10:18:38,491 - deteccion - INFO - Precios: 7.2e-07, 103420.0, 0.0739
2025-05-14 10:18:38,491 - deteccion - INFO - Factores: 7.2e-07, 103420.0, 13.531799729364007
2025-05-14 10:18:38,491 - deteccion - INFO - Rentabilidad Bruta: 0.761028%
2025-05-14 10:18:38,491 - deteccion - INFO - Enviando oportunidad a webhook: http://localhost:5678/webhook/arbitraje-oportunidad
2025-05-14 10:18:42,555 - deteccion - ERROR - Error sending opportunity to webhook: HTTPConnectionPool(host='localhost', port=5678): Max retries exceeded with url: /webhook/arbitraje-oportunidad (Caused by NewConnectionError('<urllib3.connection.HTTPConnection object at 0x0000012892484CD0>: Failed to establish a new connection: [WinError 10061] No se puede establecer una conexión ya que el equipo de destino denegó expresamente dicha conexión'))
2025-05-14 10:18:42,556 - deteccion - INFO - Oportunidad encontrada (A->C->B->A): ZK -> BTC -> TRY -> ZK
2025-05-14 10:18:42,556 - deteccion - INFO - Pares: ZKBTC, BTCTRY, ZKTRY
2025-05-14 10:18:42,556 - deteccion - INFO - Precios: 7.2e-07, 4007118.0, 2.861
2025-05-14 10:18:42,557 - deteccion - INFO - Factores: 7.2e-07, 4007118.0, 0.34952813701502966
2025-05-14 10:18:42,557 - deteccion - INFO - Rentabilidad Bruta: 0.843235%
2025-05-14 10:18:42,557 - deteccion - INFO - Enviando oportunidad a webhook: http://localhost:5678/webhook/arbitraje-oportunidad
2025-05-14 10:18:46,621 - deteccion - ERROR - Error sending opportunity to webhook: HTTPConnectionPool(host='localhost', port=5678): Max retries exceeded with url: /webhook/arbitraje-oportunidad (Caused by NewConnectionError('<urllib3.connection.HTTPConnection object at 0x00000128924A42B0>: Failed to establish a new connection: [WinError 10061] No se puede establecer una conexión ya que el equipo de destino denegó expresamente dicha conexión'))
2025-05-14 10:18:46,630 - deteccion - INFO - Oportunidad encontrada (A->C->B->A): ZK -> BTC -> FDUSD -> ZK
2025-05-14 10:18:46,630 - deteccion - INFO - Pares: ZKBTC, BTCFDUSD, ZKFDUSD
2025-05-14 10:18:46,630 - deteccion - INFO - Precios: 7.2e-07, 103568.57, 0.074
2025-05-14 10:18:46,630 - deteccion - INFO - Factores: 7.2e-07, 103568.57, 13.513513513513514
2025-05-14 10:18:46,631 - deteccion - INFO - Rentabilidad Bruta: 0.769419%
2025-05-14 10:18:46,631 - deteccion - INFO - Enviando oportunidad a webhook: http://localhost:5678/webhook/arbitraje-oportunidad
2025-05-14 10:18:50,655 - deteccion - ERROR - Error sending opportunity to webhook: HTTPConnectionPool(host='localhost', port=5678): Max retries exceeded with url: /webhook/arbitraje-oportunidad (Caused by NewConnectionError('<urllib3.connection.HTTPConnection object at 0x00000128924A4510>: Failed to establish a new connection: [WinError 10061] No se puede establecer una conexión ya que el equipo de destino denegó expresamente dicha conexión'))
2025-05-14 10:18:50,660 - deteccion - INFO - Oportunidad encontrada (A->C->B->A): ZK -> BTC -> USDT -> ZK
2025-05-14 10:18:50,660 - deteccion - INFO - Pares: ZKBTC, BTCUSDT, ZKUSDT
2025-05-14 10:18:50,660 - deteccion - INFO - Precios: 7.2e-07, 103400.0, 0.0738
2025-05-14 10:18:50,661 - deteccion - INFO - Factores: 7.2e-07, 103400.0, 13.550135501355014
2025-05-14 10:18:50,661 - deteccion - INFO - Rentabilidad Bruta: 0.878049%
2025-05-14 10:18:50,661 - deteccion - INFO - Enviando oportunidad a webhook: http://localhost:5678/webhook/arbitraje-oportunidad
2025-05-14 10:18:54,675 - deteccion - ERROR - Error sending opportunity to webhook: HTTPConnectionPool(host='localhost', port=5678): Max retries exceeded with url: /webhook/arbitraje-oportunidad (Caused by NewConnectionError('<urllib3.connection.HTTPConnection object at 0x0000012892446E70>: Failed to establish a new connection: [WinError 10061] No se puede establecer una conexión ya que el equipo de destino denegó expresamente dicha conexión'))
2025-05-14 10:18:55,035 - deteccion - INFO - Oportunidad encontrada (A->C->B->A): ACH -> BTC -> USDC -> ACH
2025-05-14 10:18:55,036 - deteccion - INFO - Pares: ACHBTC, BTCUSDC, ACHUSDC
2025-05-14 10:18:55,036 - deteccion - INFO - Precios: 2.8e-07, 103420.0, 0.02836
2025-05-14 10:18:55,036 - deteccion - INFO - Factores: 2.8e-07, 103420.0, 35.26093088857546
2025-05-14 10:18:55,036 - deteccion - INFO - Rentabilidad Bruta: 2.107193%
2025-05-14 10:18:55,037 - deteccion - INFO - Enviando oportunidad a webhook: http://localhost:5678/webhook/arbitraje-oportunidad
2025-05-14 10:18:59,087 - deteccion - ERROR - Error sending opportunity to webhook: HTTPConnectionPool(host='localhost', port=5678): Max retries exceeded with url: /webhook/arbitraje-oportunidad (Caused by NewConnectionError('<urllib3.connection.HTTPConnection object at 0x0000012892462E00>: Failed to establish a new connection: [WinError 10061] No se puede establecer una conexión ya que el equipo de destino denegó expresamente dicha conexión'))
2025-05-14 10:18:59,089 - deteccion - INFO - Oportunidad encontrada (A->C->B->A): ACH -> BTC -> TRY -> ACH
2025-05-14 10:18:59,089 - deteccion - INFO - Pares: ACHBTC, BTCTRY, ACHTRY
2025-05-14 10:18:59,090 - deteccion - INFO - Precios: 2.8e-07, 4007118.0, 1.0983
2025-05-14 10:18:59,090 - deteccion - INFO - Factores: 2.8e-07, 4007118.0, 0.9104980424292087
2025-05-14 10:18:59,090 - deteccion - INFO - Rentabilidad Bruta: 2.157247%
2025-05-14 10:18:59,090 - deteccion - INFO - Enviando oportunidad a webhook: http://localhost:5678/webhook/arbitraje-oportunidad
2025-05-14 10:19:03,137 - deteccion - ERROR - Error sending opportunity to webhook: HTTPConnectionPool(host='localhost', port=5678): Max retries exceeded with url: /webhook/arbitraje-oportunidad (Caused by NewConnectionError('<urllib3.connection.HTTPConnection object at 0x0000012892463240>: Failed to establish a new connection: [WinError 10061] No se puede establecer una conexión ya que el equipo de destino denegó expresamente dicha conexión'))
2025-05-14 10:19:03,146 - deteccion - INFO - Oportunidad encontrada (A->C->B->A): ACH -> BTC -> USDT -> ACH
2025-05-14 10:19:03,147 - deteccion - INFO - Pares: ACHBTC, BTCUSDT, ACHUSDT
2025-05-14 10:19:03,147 - deteccion - INFO - Precios: 2.8e-07, 103400.0, 0.02835
2025-05-14 10:19:03,147 - deteccion - INFO - Factores: 2.8e-07, 103400.0, 35.273368606701936
2025-05-14 10:19:03,147 - deteccion - INFO - Rentabilidad Bruta: 2.123457%
2025-05-14 10:19:03,147 - deteccion - INFO - Enviando oportunidad a webhook: http://localhost:5678/webhook/arbitraje-oportunidad
2025-05-14 10:19:07,189 - deteccion - ERROR - Error sending opportunity to webhook: HTTPConnectionPool(host='localhost', port=5678): Max retries exceeded with url: /webhook/arbitraje-oportunidad (Caused by NewConnectionError('<urllib3.connection.HTTPConnection object at 0x0000012892463570>: Failed to establish a new connection: [WinError 10061] No se puede establecer una conexión ya que el equipo de destino denegó expresamente dicha conexión'))
2025-05-14 10:19:07,229 - deteccion - INFO - Oportunidad encontrada (A->B->C->A): IDEX -> USDC -> USDT -> IDEX
2025-05-14 10:19:07,229 - deteccion - INFO - Pares: IDEXUSDC, USDCUSDT, IDEXUSDT
2025-05-14 10:19:07,229 - deteccion - INFO - Precios: 0.02831, 0.9999, 0.02811
2025-05-14 10:19:07,229 - deteccion - INFO - Factores: 0.02831, 0.9999, 35.574528637495554
2025-05-14 10:19:07,230 - deteccion - INFO - Rentabilidad Bruta: 0.701419%
2025-05-14 10:19:07,230 - deteccion - INFO - Enviando oportunidad a webhook: http://localhost:5678/webhook/arbitraje-oportunidad
2025-05-14 10:19:11,256 - deteccion - ERROR - Error sending opportunity to webhook: HTTPConnectionPool(host='localhost', port=5678): Max retries exceeded with url: /webhook/arbitraje-oportunidad (Caused by NewConnectionError('<urllib3.connection.HTTPConnection object at 0x00000128924638A0>: Failed to establish a new connection: [WinError 10061] No se puede establecer una conexión ya que el equipo de destino denegó expresamente dicha conexión'))
2025-05-14 10:19:11,264 - deteccion - INFO - Oportunidad encontrada (A->B->C->A): IDEX -> FDUSD -> USDT -> IDEX
2025-05-14 10:19:11,264 - deteccion - INFO - Pares: IDEXFDUSD, FDUSDUSDT, IDEXUSDT
2025-05-14 10:19:11,264 - deteccion - INFO - Precios: 0.02845, 0.9984, 0.02811
2025-05-14 10:19:11,264 - deteccion - INFO - Factores: 0.02845, 0.9984, 35.574528637495554
2025-05-14 10:19:11,264 - deteccion - INFO - Rentabilidad Bruta: 1.047599%
2025-05-14 10:19:11,264 - deteccion - INFO - Enviando oportunidad a webhook: http://localhost:5678/webhook/arbitraje-oportunidad
2025-05-14 10:19:15,289 - deteccion - ERROR - Error sending opportunity to webhook: HTTPConnectionPool(host='localhost', port=5678): Max retries exceeded with url: /webhook/arbitraje-oportunidad (Caused by NewConnectionError('<urllib3.connection.HTTPConnection object at 0x0000012892463BD0>: Failed to establish a new connection: [WinError 10061] No se puede establecer una conexión ya que el equipo de destino denegó expresamente dicha conexión'))
2025-05-14 10:19:15,328 - deteccion - INFO - Oportunidad encontrada (A->C->B->A): BRL -> USDT -> DOT -> BRL
2025-05-14 10:19:15,328 - deteccion - INFO - Pares: USDTBRL, DOTUSDT, DOTBRL
2025-05-14 10:19:15,328 - deteccion - INFO - Precios: 5.615, 5.009, 28.35
2025-05-14 10:19:15,328 - deteccion - INFO - Factores: 0.17809439002671415, 0.19964064683569574, 28.35
2025-05-14 10:19:15,328 - deteccion - INFO - Rentabilidad Bruta: 0.798083%
2025-05-14 10:19:15,328 - deteccion - INFO - Enviando oportunidad a webhook: http://localhost:5678/webhook/arbitraje-oportunidad
2025-05-14 10:19:19,356 - deteccion - ERROR - Error sending opportunity to webhook: HTTPConnectionPool(host='localhost', port=5678): Max retries exceeded with url: /webhook/arbitraje-oportunidad (Caused by NewConnectionError('<urllib3.connection.HTTPConnection object at 0x0000012892463F00>: Failed to establish a new connection: [WinError 10061] No se puede establecer una conexión ya que el equipo de destino denegó expresamente dicha conexión'))
2025-05-14 10:19:19,356 - deteccion - INFO - Oportunidad encontrada (A->C->B->A): BRL -> BNB -> DOT -> BRL
2025-05-14 10:19:19,356 - deteccion - INFO - Pares: BNBBRL, DOTBNB, DOTBRL
2025-05-14 10:19:19,356 - deteccion - INFO - Precios: 3663.0, 0.00768, 28.35
2025-05-14 10:19:19,357 - deteccion - INFO - Factores: 0.000273000273000273, 130.20833333333334, 28.35
2025-05-14 10:19:19,357 - deteccion - INFO - Rentabilidad Bruta: 0.775491%
2025-05-14 10:19:19,357 - deteccion - INFO - Enviando oportunidad a webhook: http://localhost:5678/webhook/arbitraje-oportunidad
2025-05-14 10:19:23,425 - deteccion - ERROR - Error sending opportunity to webhook: HTTPConnectionPool(host='localhost', port=5678): Max retries exceeded with url: /webhook/arbitraje-oportunidad (Caused by NewConnectionError('<urllib3.connection.HTTPConnection object at 0x00000128924D8270>: Failed to establish a new connection: [WinError 10061] No se puede establecer una conexión ya que el equipo de destino denegó expresamente dicha conexión'))
2025-05-14 10:19:23,425 - deteccion - INFO - Oportunidad encontrada (A->C->B->A): BRL -> BTC -> DOT -> BRL
2025-05-14 10:19:23,425 - deteccion - INFO - Pares: BTCBRL, DOTBTC, DOTBRL
2025-05-14 10:19:23,426 - deteccion - INFO - Precios: 580714.0, 4.84e-05, 28.35
2025-05-14 10:19:23,426 - deteccion - INFO - Factores: 1.7220180674135634e-06, 20661.15702479339, 28.35
2025-05-14 10:19:23,426 - deteccion - INFO - Rentabilidad Bruta: 0.866141%
2025-05-14 10:19:23,426 - deteccion - INFO - Enviando oportunidad a webhook: http://localhost:5678/webhook/arbitraje-oportunidad
2025-05-14 10:19:27,487 - deteccion - ERROR - Error sending opportunity to webhook: HTTPConnectionPool(host='localhost', port=5678): Max retries exceeded with url: /webhook/arbitraje-oportunidad (Caused by NewConnectionError('<urllib3.connection.HTTPConnection object at 0x00000128924D85A0>: Failed to establish a new connection: [WinError 10061] No se puede establecer una conexión ya que el equipo de destino denegó expresamente dicha conexión'))
2025-05-14 10:19:27,488 - deteccion - INFO - Oportunidad encontrada (A->C->B->A): BRL -> ETH -> DOT -> BRL
2025-05-14 10:19:27,488 - deteccion - INFO - Pares: ETHBRL, DOTETH, DOTBRL
2025-05-14 10:19:27,489 - deteccion - INFO - Precios: 14501.41, 0.001939, 28.35
2025-05-14 10:19:27,489 - deteccion - INFO - Factores: 6.895881159142456e-05, 515.7297576070139, 28.35
2025-05-14 10:19:27,489 - deteccion - INFO - Rentabilidad Bruta: 0.824255%
2025-05-14 10:19:27,490 - deteccion - INFO - Enviando oportunidad a webhook: http://localhost:5678/webhook/arbitraje-oportunidad
2025-05-14 10:58:20,547 - deteccion - INFO - Fetching market data (symbols and tickers)...
2025-05-14 10:58:22,094 - deteccion - INFO - Obtenidos 1426 símbolos y 3101 tickers.
2025-05-14 10:58:24,644 - deteccion - INFO - Finding triangular opportunities...
2025-05-14 10:58:24,645 - deteccion - INFO - Identified 411 unique coins.
2025-05-14 10:58:24,723 - deteccion - INFO - Oportunidad encontrada (A->B->C->A): BOME -> FDUSD -> USDT -> BOME
2025-05-14 10:58:24,724 - deteccion - INFO - Pares: BOMEFDUSD, FDUSDUSDT, BOMEUSDT
2025-05-14 10:58:24,724 - deteccion - INFO - Precios: 0.002782, 0.9983, 0.002757
2025-05-14 10:58:24,725 - deteccion - INFO - Factores: 0.002782, 0.9983, 362.71309394269133
2025-05-14 10:58:24,725 - deteccion - INFO - Rentabilidad Bruta: 0.735241%
2025-05-14 10:58:24,727 - deteccion - INFO - Oportunidad encontrada (A->B->C->A): BOME -> FDUSD -> USDC -> BOME
2025-05-14 10:58:24,727 - deteccion - INFO - Pares: BOMEFDUSD, FDUSDUSDC, BOMEUSDC
2025-05-14 10:58:24,728 - deteccion - INFO - Precios: 0.002782, 0.9985, 0.002758
2025-05-14 10:58:24,728 - deteccion - INFO - Factores: 0.002782, 0.9985, 362.58158085569255
2025-05-14 10:58:24,728 - deteccion - INFO - Rentabilidad Bruta: 0.718891%
2025-05-14 10:58:24,787 - deteccion - INFO - Oportunidad encontrada (A->B->C->A): RVN -> TRY -> BTC -> RVN
2025-05-14 10:58:24,787 - deteccion - INFO - Pares: RVNTRY, BTCTRY, RVNBTC
2025-05-14 10:58:24,787 - deteccion - INFO - Precios: 0.5289, 4002814.0, 1.3e-07
2025-05-14 10:58:24,788 - deteccion - INFO - Factores: 0.5289, 2.49824248641081e-07, 7692307.692307692
2025-05-14 10:58:24,788 - deteccion - INFO - Rentabilidad Bruta: 1.640035%
2025-05-14 10:58:24,808 - deteccion - INFO - Oportunidad encontrada (A->B->C->A): RVN -> USDT -> BTC -> RVN
2025-05-14 10:58:24,809 - deteccion - INFO - Pares: RVNUSDT, BTCUSDT, RVNBTC
2025-05-14 10:58:24,809 - deteccion - INFO - Precios: 0.01363, 103269.85, 1.3e-07
2025-05-14 10:58:24,809 - deteccion - INFO - Factores: 0.01363, 9.683368379057392e-06, 7692307.692307692
2025-05-14 10:58:24,809 - deteccion - INFO - Rentabilidad Bruta: 1.526393%
2025-05-14 10:58:25,123 - deteccion - INFO - Oportunidad encontrada (A->B->C->A): PARTI -> BNB -> FDUSD -> PARTI
2025-05-14 10:58:25,123 - deteccion - INFO - Pares: PARTIBNB, BNBFDUSD, PARTIFDUSD
2025-05-14 10:58:25,123 - deteccion - INFO - Precios: 0.0005417, 655.69, 0.3524
2025-05-14 10:58:25,123 - deteccion - INFO - Factores: 0.0005417, 655.69, 2.837684449489217
2025-05-14 10:58:25,124 - deteccion - INFO - Rentabilidad Bruta: 0.790940%
2025-05-14 10:58:25,148 - deteccion - INFO - Oportunidad encontrada (A->B->C->A): PORTAL -> TRY -> FDUSD -> PORTAL
2025-05-14 10:58:25,148 - deteccion - INFO - Pares: PORTALTRY, FDUSDTRY, PORTALFDUSD
2025-05-14 10:58:25,149 - deteccion - INFO - Precios: 2.465, 38.69, 0.0627
2025-05-14 10:58:25,149 - deteccion - INFO - Factores: 2.465, 0.025846471956577927, 15.948963317384369
2025-05-14 10:58:25,149 - deteccion - INFO - Rentabilidad Bruta: 1.613323%
2025-05-14 10:58:25,150 - deteccion - INFO - Oportunidad encontrada (A->B->C->A): PORTAL -> TRY -> BTC -> PORTAL
2025-05-14 10:58:25,150 - deteccion - INFO - Pares: PORTALTRY, BTCTRY, PORTALBTC
2025-05-14 10:58:25,150 - deteccion - INFO - Precios: 2.465, 4002814.0, 6.1e-07
2025-05-14 10:58:25,150 - deteccion - INFO - Factores: 2.465, 2.49824248641081e-07, 1639344.262295082
2025-05-14 10:58:25,150 - deteccion - INFO - Rentabilidad Bruta: 0.953569%
2025-05-14 10:58:25,154 - deteccion - INFO - Oportunidad encontrada (A->B->C->A): PORTAL -> BNB -> FDUSD -> PORTAL
2025-05-14 10:58:25,154 - deteccion - INFO - Pares: PORTALBNB, BNBFDUSD, PORTALFDUSD
2025-05-14 10:58:25,155 - deteccion - INFO - Precios: 9.7e-05, 655.69, 0.0627
2025-05-14 10:58:25,155 - deteccion - INFO - Factores: 9.7e-05, 655.69, 15.948963317384369
2025-05-14 10:58:25,156 - deteccion - INFO - Rentabilidad Bruta: 1.438485%
2025-05-14 10:58:25,156 - deteccion - INFO - Oportunidad encontrada (A->B->C->A): PORTAL -> BNB -> BTC -> PORTAL
2025-05-14 10:58:25,156 - deteccion - INFO - Pares: PORTALBNB, BNBBTC, PORTALBTC
2025-05-14 10:58:25,156 - deteccion - INFO - Precios: 9.7e-05, 0.006339, 6.1e-07
2025-05-14 10:58:25,156 - deteccion - INFO - Factores: 9.7e-05, 0.006339, 1639344.262295082
2025-05-14 10:58:25,156 - deteccion - INFO - Rentabilidad Bruta: 0.800492%
2025-05-14 10:58:25,164 - deteccion - INFO - Oportunidad encontrada (A->C->B->A): PORTAL -> USDT -> FDUSD -> PORTAL
2025-05-14 10:58:25,165 - deteccion - INFO - Pares: PORTALUSDT, FDUSDUSDT, PORTALFDUSD
2025-05-14 10:58:25,165 - deteccion - INFO - Precios: 0.0636, 0.9983, 0.0627
2025-05-14 10:58:25,165 - deteccion - INFO - Factores: 0.0636, 1.0017028949213664, 15.948963317384369
2025-05-14 10:58:25,165 - deteccion - INFO - Rentabilidad Bruta: 1.608141%
2025-05-14 10:58:25,170 - deteccion - INFO - Oportunidad encontrada (A->B->C->A): PORTAL -> USDT -> BTC -> PORTAL
2025-05-14 10:58:25,170 - deteccion - INFO - Pares: PORTALUSDT, BTCUSDT, PORTALBTC
2025-05-14 10:58:25,170 - deteccion - INFO - Precios: 0.0636, 103269.85, 6.1e-07
2025-05-14 10:58:25,171 - deteccion - INFO - Factores: 0.0636, 9.683368379057392e-06, 1639344.262295082
2025-05-14 10:58:25,171 - deteccion - INFO - Rentabilidad Bruta: 0.961021%
2025-05-14 10:58:25,210 - deteccion - INFO - Oportunidad encontrada (A->C->B->A): ZK -> BTC -> FDUSD -> ZK
2025-05-14 10:58:25,210 - deteccion - INFO - Pares: ZKBTC, BTCFDUSD, ZKFDUSD
2025-05-14 10:58:25,210 - deteccion - INFO - Precios: 7.2e-07, 103449.86, 0.0739
2025-05-14 10:58:25,210 - deteccion - INFO - Factores: 7.2e-07, 103449.86, 13.531799729364007
2025-05-14 10:58:25,210 - deteccion - INFO - Rentabilidad Bruta: 0.790121%
2025-05-14 10:58:25,291 - deteccion - INFO - Oportunidad encontrada (A->C->B->A): AI -> BTC -> USDT -> AI
2025-05-14 10:58:25,291 - deteccion - INFO - Pares: AIBTC, BTCUSDT, AIUSDT
2025-05-14 10:58:25,292 - deteccion - INFO - Precios: 2.04e-06, 103269.85, 0.2092
2025-05-14 10:58:25,292 - deteccion - INFO - Factores: 2.04e-06, 103269.85, 4.780114722753346
2025-05-14 10:58:25,292 - deteccion - INFO - Rentabilidad Bruta: 0.702913%
2025-05-14 10:58:25,485 - deteccion - INFO - Oportunidad encontrada (A->C->B->A): ALT -> BTC -> TRY -> ALT
2025-05-14 10:58:25,485 - deteccion - INFO - Pares: ALTBTC, BTCTRY, ALTTRY
2025-05-14 10:58:25,485 - deteccion - INFO - Precios: 3.9e-07, 4002814.0, 1.537
2025-05-14 10:58:25,486 - deteccion - INFO - Factores: 3.9e-07, 4002814.0, 0.6506180871828238
2025-05-14 10:58:25,486 - deteccion - INFO - Rentabilidad Bruta: 1.567824%
2025-05-14 10:58:25,489 - deteccion - INFO - Oportunidad encontrada (A->C->B->A): ALT -> BTC -> BNB -> ALT
2025-05-14 10:58:25,489 - deteccion - INFO - Pares: ALTBTC, BNBBTC, ALTBNB
2025-05-14 10:58:25,489 - deteccion - INFO - Precios: 3.9e-07, 0.006339, 6.06e-05
2025-05-14 10:58:25,489 - deteccion - INFO - Factores: 3.9e-07, 157.75358889414733, 16501.6501650165
2025-05-14 10:58:25,489 - deteccion - INFO - Rentabilidad Bruta: 1.524587%
2025-05-14 10:58:25,499 - deteccion - INFO - Oportunidad encontrada (A->C->B->A): ALT -> BTC -> FDUSD -> ALT
2025-05-14 10:58:25,499 - deteccion - INFO - Pares: ALTBTC, BTCFDUSD, ALTFDUSD
2025-05-14 10:58:25,499 - deteccion - INFO - Precios: 3.9e-07, 103449.86, 0.0397
2025-05-14 10:58:25,499 - deteccion - INFO - Factores: 3.9e-07, 103449.86, 25.188916876574307
2025-05-14 10:58:25,500 - deteccion - INFO - Rentabilidad Bruta: 1.625807%
2025-05-14 10:58:25,502 - deteccion - INFO - Oportunidad encontrada (A->C->B->A): ALT -> BTC -> USDT -> ALT
2025-05-14 10:58:25,503 - deteccion - INFO - Pares: ALTBTC, BTCUSDT, ALTUSDT
2025-05-14 10:58:25,503 - deteccion - INFO - Precios: 3.9e-07, 103269.85, 0.03966
2025-05-14 10:58:25,503 - deteccion - INFO - Factores: 3.9e-07, 103269.85, 25.214321734745337
2025-05-14 10:58:25,503 - deteccion - INFO - Rentabilidad Bruta: 1.551290%
2025-05-14 10:58:25,509 - deteccion - INFO - Oportunidad encontrada (A->C->B->A): ALT -> BTC -> USDC -> ALT
2025-05-14 10:58:25,509 - deteccion - INFO - Pares: ALTBTC, BTCUSDC, ALTUSDC
2025-05-14 10:58:25,510 - deteccion - INFO - Precios: 3.9e-07, 103289.99, 0.03966
2025-05-14 10:58:25,510 - deteccion - INFO - Factores: 3.9e-07, 103289.99, 25.214321734745337
2025-05-14 10:58:25,510 - deteccion - INFO - Rentabilidad Bruta: 1.571095%
2025-05-14 10:58:25,693 - deteccion - INFO - Oportunidad encontrada (A->B->C->A): BCH -> TRY -> BNB -> BCH
2025-05-14 10:58:25,694 - deteccion - INFO - Pares: BCHTRY, BNBTRY, BCHBNB
2025-05-14 10:58:25,694 - deteccion - INFO - Precios: 15716.0, 25375.0, 0.615
2025-05-14 10:58:25,695 - deteccion - INFO - Factores: 15716.0, 3.940886699507389e-05, 1.6260162601626016
2025-05-14 10:58:25,695 - deteccion - INFO - Rentabilidad Bruta: 0.707277%
2025-05-14 10:58:25,818 - deteccion - INFO - Oportunidad encontrada (A->B->C->A): SYS -> USDT -> BTC -> SYS
2025-05-14 10:58:25,819 - deteccion - INFO - Pares: SYSUSDT, BTCUSDT, SYSBTC
2025-05-14 10:58:25,819 - deteccion - INFO - Precios: 0.0573, 103269.85, 5.5e-07
2025-05-14 10:58:25,819 - deteccion - INFO - Factores: 0.0573, 9.683368379057392e-06, 1818181.8181818181
2025-05-14 10:58:25,819 - deteccion - INFO - Rentabilidad Bruta: 0.883092%
2025-05-14 10:58:26,012 - deteccion - INFO - Oportunidad encontrada (A->C->B->A): BMT -> FDUSD -> TRY -> BMT
2025-05-14 10:58:26,013 - deteccion - INFO - Pares: BMTFDUSD, FDUSDTRY, BMTTRY
2025-05-14 10:58:26,013 - deteccion - INFO - Precios: 0.1037, 38.69, 3.929
2025-05-14 10:58:26,014 - deteccion - INFO - Factores: 0.1037, 38.69, 0.2545176889793841
2025-05-14 10:58:26,014 - deteccion - INFO - Rentabilidad Bruta: 2.116391%
2025-05-14 10:58:26,017 - deteccion - INFO - Oportunidad encontrada (A->C->B->A): BMT -> FDUSD -> BNB -> BMT
2025-05-14 10:58:26,018 - deteccion - INFO - Pares: BMTFDUSD, BNBFDUSD, BMTBNB
2025-05-14 10:58:26,018 - deteccion - INFO - Precios: 0.1037, 655.69, 0.0001544
2025-05-14 10:58:26,018 - deteccion - INFO - Factores: 0.1037, 0.001525110951821745, 6476.683937823834
2025-05-14 10:58:26,018 - deteccion - INFO - Rentabilidad Bruta: 2.431351%
2025-05-14 10:58:26,025 - deteccion - INFO - Oportunidad encontrada (A->B->C->A): BMT -> FDUSD -> USDT -> BMT
2025-05-14 10:58:26,026 - deteccion - INFO - Pares: BMTFDUSD, FDUSDUSDT, BMTUSDT
2025-05-14 10:58:26,026 - deteccion - INFO - Precios: 0.1037, 0.9983, 0.1012
2025-05-14 10:58:26,026 - deteccion - INFO - Factores: 0.1037, 0.9983, 9.881422924901186
2025-05-14 10:58:26,026 - deteccion - INFO - Rentabilidad Bruta: 2.296156%
2025-05-14 10:58:26,026 - deteccion - INFO - Oportunidad encontrada (A->B->C->A): BMT -> FDUSD -> USDC -> BMT
2025-05-14 10:58:26,027 - deteccion - INFO - Pares: BMTFDUSD, FDUSDUSDC, BMTUSDC
2025-05-14 10:58:26,027 - deteccion - INFO - Precios: 0.1037, 0.9985, 0.1012
2025-05-14 10:58:26,027 - deteccion - INFO - Factores: 0.1037, 0.9985, 9.881422924901186
2025-05-14 10:58:26,027 - deteccion - INFO - Rentabilidad Bruta: 2.316650%
2025-05-14 10:58:26,042 - deteccion - INFO - Oportunidad encontrada (A->C->B->A): TRY -> BNB -> KAITO -> TRY
2025-05-14 10:58:26,042 - deteccion - INFO - Pares: BNBTRY, KAITOBNB, KAITOTRY
2025-05-14 10:58:26,042 - deteccion - INFO - Precios: 25375.0, 0.0028326, 72.688
2025-05-14 10:58:26,042 - deteccion - INFO - Factores: 3.940886699507389e-05, 353.03254960107324, 72.688
2025-05-14 10:58:26,042 - deteccion - INFO - Rentabilidad Bruta: 1.128000%
2025-05-14 10:58:26,043 - deteccion - INFO - Oportunidad encontrada (A->B->C->A): TRY -> AR -> FDUSD -> TRY
2025-05-14 10:58:26,044 - deteccion - INFO - Pares: ARTRY, ARFDUSD, FDUSDTRY
2025-05-14 10:58:26,044 - deteccion - INFO - Precios: 322.5, 8.41, 38.69
2025-05-14 10:58:26,044 - deteccion - INFO - Factores: 0.0031007751937984496, 8.41, 38.69
2025-05-14 10:58:26,044 - deteccion - INFO - Rentabilidad Bruta: 0.893922%
2025-05-14 10:58:26,045 - deteccion - INFO - Oportunidad encontrada (A->C->B->A): TRY -> BTC -> ACH -> TRY
2025-05-14 10:58:26,045 - deteccion - INFO - Pares: BTCTRY, ACHBTC, ACHTRY
2025-05-14 10:58:26,045 - deteccion - INFO - Precios: 4002814.0, 2.7e-07, 1.0996
2025-05-14 10:58:26,045 - deteccion - INFO - Factores: 2.49824248641081e-07, 3703703.7037037034, 1.0996
2025-05-14 10:58:26,045 - deteccion - INFO - Rentabilidad Bruta: 1.743238%
2025-05-14 10:58:26,047 - deteccion - INFO - Oportunidad encontrada (A->C->B->A): TRY -> BERA -> BNB -> TRY
2025-05-14 10:58:26,047 - deteccion - INFO - Pares: BERATRY, BERABNB, BNBTRY
2025-05-14 10:58:26,047 - deteccion - INFO - Precios: 148.25, 0.005925, 25375.0
2025-05-14 10:58:26,047 - deteccion - INFO - Factores: 0.006745362563237774, 0.005925, 25375.0
2025-05-14 10:58:26,047 - deteccion - INFO - Rentabilidad Bruta: 1.414418%
2025-05-14 10:58:26,047 - deteccion - INFO - Oportunidad encontrada (A->B->C->A): TRY -> BNB -> XVS -> TRY
2025-05-14 10:58:26,048 - deteccion - INFO - Pares: BNBTRY, XVSBNB, XVSTRY
2025-05-14 10:58:26,048 - deteccion - INFO - Precios: 25375.0, 0.01105, 282.4
2025-05-14 10:58:26,048 - deteccion - INFO - Factores: 3.940886699507389e-05, 90.49773755656108, 282.4
2025-05-14 10:58:26,048 - deteccion - INFO - Rentabilidad Bruta: 0.715512%
2025-05-14 10:58:26,049 - deteccion - INFO - Oportunidad encontrada (A->C->B->A): TRY -> SHELL -> BNB -> TRY
2025-05-14 10:58:26,049 - deteccion - INFO - Pares: SHELLTRY, SHELLBNB, BNBTRY
2025-05-14 10:58:26,049 - deteccion - INFO - Precios: 8.8, 0.00035, 25375.0
2025-05-14 10:58:26,049 - deteccion - INFO - Factores: 0.11363636363636363, 0.00035, 25375.0
2025-05-14 10:58:26,049 - deteccion - INFO - Rentabilidad Bruta: 0.923295%
2025-05-14 10:58:26,050 - deteccion - INFO - Oportunidad encontrada (A->C->B->A): TRY -> LISTA -> BNB -> TRY
2025-05-14 10:58:26,050 - deteccion - INFO - Pares: LISTATRY, LISTABNB, BNBTRY
2025-05-14 10:58:26,050 - deteccion - INFO - Precios: 8.4, 0.000334, 25375.0
2025-05-14 10:58:26,050 - deteccion - INFO - Factores: 0.11904761904761904, 0.000334, 25375.0
2025-05-14 10:58:26,050 - deteccion - INFO - Rentabilidad Bruta: 0.895833%
2025-05-14 10:58:26,051 - deteccion - INFO - Oportunidad encontrada (A->C->B->A): TRY -> HYPER -> BNB -> TRY
2025-05-14 10:58:26,051 - deteccion - INFO - Pares: HYPERTRY, HYPERBNB, BNBTRY
2025-05-14 10:58:26,051 - deteccion - INFO - Precios: 6.56, 0.0002695, 25375.0
2025-05-14 10:58:26,051 - deteccion - INFO - Factores: 0.1524390243902439, 0.0002695, 25375.0
2025-05-14 10:58:26,051 - deteccion - INFO - Rentabilidad Bruta: 4.246380%
2025-05-14 10:58:26,054 - deteccion - INFO - Oportunidad encontrada (A->B->C->A): TRY -> SKL -> BTC -> TRY
2025-05-14 10:58:26,054 - deteccion - INFO - Pares: SKLTRY, SKLBTC, BTCTRY
2025-05-14 10:58:26,054 - deteccion - INFO - Precios: 1.033, 2.6e-07, 4002814.0
2025-05-14 10:58:26,054 - deteccion - INFO - Factores: 0.9680542110358181, 2.6e-07, 4002814.0
2025-05-14 10:58:26,054 - deteccion - INFO - Rentabilidad Bruta: 0.748465%
2025-05-14 10:58:26,055 - deteccion - INFO - Oportunidad encontrada (A->C->B->A): TRY -> BTC -> GALA -> TRY
2025-05-14 10:58:26,055 - deteccion - INFO - Pares: BTCTRY, GALABTC, GALATRY
2025-05-14 10:58:26,055 - deteccion - INFO - Precios: 4002814.0, 2e-07, 0.8397
2025-05-14 10:58:26,055 - deteccion - INFO - Factores: 2.49824248641081e-07, 5000000.0, 0.8397
2025-05-14 10:58:26,055 - deteccion - INFO - Rentabilidad Bruta: 4.888711%
2025-05-14 10:58:26,056 - deteccion - INFO - Oportunidad encontrada (A->C->B->A): TRY -> BTC -> ANKR -> TRY
2025-05-14 10:58:26,056 - deteccion - INFO - Pares: BTCTRY, ANKRBTC, ANKRTRY
2025-05-14 10:58:26,056 - deteccion - INFO - Precios: 4002814.0, 2e-07, 0.8174
2025-05-14 10:58:26,056 - deteccion - INFO - Factores: 2.49824248641081e-07, 5000000.0, 0.8174
2025-05-14 10:58:26,056 - deteccion - INFO - Rentabilidad Bruta: 2.103170%
2025-05-14 10:58:26,057 - deteccion - INFO - Oportunidad encontrada (A->C->B->A): TRY -> FDUSD -> CYBER -> TRY
2025-05-14 10:58:26,057 - deteccion - INFO - Pares: FDUSDTRY, CYBERFDUSD, CYBERTRY
2025-05-14 10:58:26,057 - deteccion - INFO - Precios: 38.69, 1.492, 58.2
2025-05-14 10:58:26,058 - deteccion - INFO - Factores: 0.025846471956577927, 0.6702412868632708, 58.2
2025-05-14 10:58:26,058 - deteccion - INFO - Rentabilidad Bruta: 0.822029%
2025-05-14 10:58:26,061 - deteccion - INFO - Oportunidad encontrada (A->B->C->A): TRY -> FDUSD -> GPS -> TRY
2025-05-14 10:58:26,061 - deteccion - INFO - Pares: FDUSDTRY, GPSFDUSD, GPSTRY
2025-05-14 10:58:26,061 - deteccion - INFO - Precios: 38.69, 0.0256, 0.998
2025-05-14 10:58:26,061 - deteccion - INFO - Factores: 0.025846471956577927, 39.0625, 0.998
2025-05-14 10:58:26,061 - deteccion - INFO - Rentabilidad Bruta: 0.760856%
2025-05-14 10:58:26,062 - deteccion - INFO - Oportunidad encontrada (A->C->B->A): TRY -> INIT -> FDUSD -> TRY
2025-05-14 10:58:26,062 - deteccion - INFO - Pares: INITTRY, INITFDUSD, FDUSDTRY
2025-05-14 10:58:26,062 - deteccion - INFO - Precios: 44.9, 1.1719, 38.69
2025-05-14 10:58:26,062 - deteccion - INFO - Factores: 0.022271714922048998, 1.1719, 38.69
2025-05-14 10:58:26,062 - deteccion - INFO - Rentabilidad Bruta: 0.981762%
2025-05-14 10:58:26,062 - deteccion - INFO - Oportunidad encontrada (A->C->B->A): TRY -> XAI -> FDUSD -> TRY
2025-05-14 10:58:26,062 - deteccion - INFO - Pares: XAITRY, XAIFDUSD, FDUSDTRY
2025-05-14 10:58:26,063 - deteccion - INFO - Precios: 3.69, 0.097, 38.69
2025-05-14 10:58:26,063 - deteccion - INFO - Factores: 0.2710027100271003, 0.097, 38.69
2025-05-14 10:58:26,063 - deteccion - INFO - Rentabilidad Bruta: 1.705420%
2025-05-14 10:58:26,063 - deteccion - INFO - Oportunidad encontrada (A->C->B->A): TRY -> THE -> FDUSD -> TRY
2025-05-14 10:58:26,063 - deteccion - INFO - Pares: THETRY, THEFDUSD, FDUSDTRY
2025-05-14 10:58:26,063 - deteccion - INFO - Precios: 14.224, 0.379, 38.69
2025-05-14 10:58:26,063 - deteccion - INFO - Factores: 0.0703037120359955, 0.379, 38.69
2025-05-14 10:58:26,064 - deteccion - INFO - Rentabilidad Bruta: 3.089918%
2025-05-14 10:58:26,064 - deteccion - INFO - Oportunidad encontrada (A->C->B->A): TRY -> HYPER -> FDUSD -> TRY
2025-05-14 10:58:26,064 - deteccion - INFO - Pares: HYPERTRY, HYPERFDUSD, FDUSDTRY
2025-05-14 10:58:26,064 - deteccion - INFO - Precios: 6.56, 0.173, 38.69
2025-05-14 10:58:26,065 - deteccion - INFO - Factores: 0.1524390243902439, 0.173, 38.69
2025-05-14 10:58:26,065 - deteccion - INFO - Rentabilidad Bruta: 2.033079%
2025-05-14 10:58:26,066 - deteccion - INFO - Oportunidad encontrada (A->B->C->A): TRY -> PEOPLE -> BTC -> TRY
2025-05-14 10:58:26,066 - deteccion - INFO - Pares: PEOPLETRY, PEOPLEBTC, BTCTRY
2025-05-14 10:58:26,066 - deteccion - INFO - Precios: 1.414, 3.6e-07, 4002814.0
2025-05-14 10:58:26,066 - deteccion - INFO - Factores: 0.7072135785007072, 3.6e-07, 4002814.0
2025-05-14 10:58:26,067 - deteccion - INFO - Rentabilidad Bruta: 1.910399%
2025-05-14 10:58:26,074 - deteccion - INFO - Oportunidad encontrada (A->B->C->A): TRY -> DENT -> ETH -> TRY
2025-05-14 10:58:26,074 - deteccion - INFO - Pares: DENTTRY, DENTETH, ETHTRY
2025-05-14 10:58:26,074 - deteccion - INFO - Precios: 0.03625, 3.7e-07, 100121.0
2025-05-14 10:58:26,074 - deteccion - INFO - Factores: 27.586206896551726, 3.7e-07, 100121.0
2025-05-14 10:58:26,075 - deteccion - INFO - Rentabilidad Bruta: 2.192469%
2025-05-14 10:58:26,078 - deteccion - INFO - Oportunidad encontrada (A->C->B->A): TRY -> BTC -> CHZ -> TRY
2025-05-14 10:58:26,078 - deteccion - INFO - Pares: BTCTRY, CHZBTC, CHZTRY
2025-05-14 10:58:26,079 - deteccion - INFO - Precios: 4002814.0, 4.6e-07, 1.859
2025-05-14 10:58:26,079 - deteccion - INFO - Factores: 2.49824248641081e-07, 2173913.0434782607, 1.859
2025-05-14 10:58:26,079 - deteccion - INFO - Rentabilidad Bruta: 0.961582%
2025-05-14 10:58:26,081 - deteccion - INFO - Oportunidad encontrada (A->C->B->A): TRY -> BTC -> STRAX -> TRY
2025-05-14 10:58:26,081 - deteccion - INFO - Pares: BTCTRY, STRAXBTC, STRAXTRY
2025-05-14 10:58:26,081 - deteccion - INFO - Precios: 4002814.0, 5.3e-07, 2.139
2025-05-14 10:58:26,081 - deteccion - INFO - Factores: 2.49824248641081e-07, 1886792.4528301887, 2.139
2025-05-14 10:58:26,082 - deteccion - INFO - Rentabilidad Bruta: 0.825296%
2025-05-14 10:58:26,084 - deteccion - INFO - Oportunidad encontrada (A->C->B->A): TRY -> BTC -> ACA -> TRY
2025-05-14 10:58:26,084 - deteccion - INFO - Pares: BTCTRY, ACABTC, ACATRY
2025-05-14 10:58:26,084 - deteccion - INFO - Precios: 4002814.0, 3.6e-07, 1.471
2025-05-14 10:58:26,084 - deteccion - INFO - Factores: 2.49824248641081e-07, 2777777.777777778, 1.471
2025-05-14 10:58:26,084 - deteccion - INFO - Rentabilidad Bruta: 2.080964%
2025-05-14 10:58:26,086 - deteccion - INFO - Oportunidad encontrada (A->C->B->A): TRY -> ARPA -> BTC -> TRY
2025-05-14 10:58:26,086 - deteccion - INFO - Pares: ARPATRY, ARPABTC, BTCTRY
2025-05-14 10:58:26,086 - deteccion - INFO - Precios: 1.0984, 2.8e-07, 4002814.0
2025-05-14 10:58:26,086 - deteccion - INFO - Factores: 0.9104151493080844, 2.8e-07, 4002814.0
2025-05-14 10:58:26,086 - deteccion - INFO - Rentabilidad Bruta: 2.038230%
2025-05-14 10:58:26,086 - deteccion - INFO - Oportunidad encontrada (A->C->B->A): TRY -> ONE -> BTC -> TRY
2025-05-14 10:58:26,087 - deteccion - INFO - Pares: ONETRY, ONEBTC, BTCTRY
2025-05-14 10:58:26,087 - deteccion - INFO - Precios: 0.6107, 1.6e-07, 4002814.0
2025-05-14 10:58:26,087 - deteccion - INFO - Factores: 1.6374652038644177, 1.6e-07, 4002814.0
2025-05-14 10:58:26,087 - deteccion - INFO - Rentabilidad Bruta: 4.871498%
2025-05-14 10:58:26,087 - deteccion - INFO - Oportunidad encontrada (A->C->B->A): TRY -> VET -> BTC -> TRY
2025-05-14 10:58:26,087 - deteccion - INFO - Pares: VETTRY, VETBTC, BTCTRY
2025-05-14 10:58:26,087 - deteccion - INFO - Precios: 1.1903, 3e-07, 4002814.0
2025-05-14 10:58:26,088 - deteccion - INFO - Factores: 0.8401243384020836, 3e-07, 4002814.0
2025-05-14 10:58:26,088 - deteccion - INFO - Rentabilidad Bruta: 0.885844%
2025-05-14 10:58:26,234 - deteccion - INFO - Oportunidad encontrada (A->C->B->A): KAITO -> FDUSD -> BNB -> KAITO
2025-05-14 10:58:26,234 - deteccion - INFO - Pares: KAITOFDUSD, BNBFDUSD, KAITOBNB
2025-05-14 10:58:26,234 - deteccion - INFO - Precios: 1.8777, 655.69, 0.0028326
2025-05-14 10:58:26,234 - deteccion - INFO - Factores: 1.8777, 0.001525110951821745, 353.03254960107324
2025-05-14 10:58:26,234 - deteccion - INFO - Rentabilidad Bruta: 1.097961%
2025-05-14 10:58:26,235 - deteccion - INFO - Oportunidad encontrada (A->C->B->A): KAITO -> USDT -> BNB -> KAITO
2025-05-14 10:58:26,235 - deteccion - INFO - Pares: KAITOUSDT, BNBUSDT, KAITOBNB
2025-05-14 10:58:26,235 - deteccion - INFO - Precios: 1.8736, 654.62, 0.0028326
2025-05-14 10:58:26,235 - deteccion - INFO - Factores: 1.8736, 0.0015276038006782561, 353.03254960107324
2025-05-14 10:58:26,235 - deteccion - INFO - Rentabilidad Bruta: 1.042098%
2025-05-14 10:58:26,235 - deteccion - INFO - Oportunidad encontrada (A->B->C->A): KAITO -> BNB -> BRL -> KAITO
2025-05-14 10:58:26,235 - deteccion - INFO - Pares: KAITOBNB, BNBBRL, KAITOBRL
2025-05-14 10:58:26,236 - deteccion - INFO - Precios: 0.0028326, 3683.0, 10.311
2025-05-14 10:58:26,236 - deteccion - INFO - Factores: 0.0028326, 3683.0, 0.0969838037047813
2025-05-14 10:58:26,236 - deteccion - INFO - Rentabilidad Bruta: 1.178022%
2025-05-14 10:58:26,236 - deteccion - INFO - Oportunidad encontrada (A->C->B->A): KAITO -> USDC -> BNB -> KAITO
2025-05-14 10:58:26,236 - deteccion - INFO - Pares: KAITOUSDC, BNBUSDC, KAITOBNB
2025-05-14 10:58:26,236 - deteccion - INFO - Precios: 1.8744, 654.68, 0.0028326
2025-05-14 10:58:26,236 - deteccion - INFO - Factores: 1.8744, 0.0015274637991079612, 353.03254960107324
2025-05-14 10:58:26,237 - deteccion - INFO - Rentabilidad Bruta: 1.075978%
2025-05-14 10:58:26,245 - deteccion - INFO - Oportunidad encontrada (A->B->C->A): KAITO -> USDT -> BRL -> KAITO
2025-05-14 10:58:26,245 - deteccion - INFO - Pares: KAITOUSDT, USDTBRL, KAITOBRL
2025-05-14 10:58:26,245 - deteccion - INFO - Precios: 1.8736, 5.626, 10.311
2025-05-14 10:58:26,246 - deteccion - INFO - Factores: 1.8736, 5.626, 0.0969838037047813
2025-05-14 10:58:26,246 - deteccion - INFO - Rentabilidad Bruta: 2.229402%
2025-05-14 10:58:26,250 - deteccion - INFO - Oportunidad encontrada (A->C->B->A): KAITO -> BTC -> BRL -> KAITO
2025-05-14 10:58:26,250 - deteccion - INFO - Pares: KAITOBTC, BTCBRL, KAITOBRL
2025-05-14 10:58:26,250 - deteccion - INFO - Precios: 1.805e-05, 580891.0, 10.311
2025-05-14 10:58:26,251 - deteccion - INFO - Factores: 1.805e-05, 580891.0, 0.0969838037047813
2025-05-14 10:58:26,251 - deteccion - INFO - Rentabilidad Bruta: 1.688319%
2025-05-14 10:58:26,416 - deteccion - INFO - Oportunidad encontrada (A->B->C->A): AR -> FDUSD -> USDT -> AR
2025-05-14 10:58:26,417 - deteccion - INFO - Pares: ARFDUSD, FDUSDUSDT, ARUSDT
2025-05-14 10:58:26,417 - deteccion - INFO - Precios: 8.41, 0.9983, 8.31
2025-05-14 10:58:26,417 - deteccion - INFO - Factores: 8.41, 0.9983, 0.12033694344163658
2025-05-14 10:58:26,418 - deteccion - INFO - Rentabilidad Bruta: 1.031324%
2025-05-14 10:58:26,418 - deteccion - INFO - Oportunidad encontrada (A->B->C->A): AR -> FDUSD -> USDC -> AR
2025-05-14 10:58:26,418 - deteccion - INFO - Pares: ARFDUSD, FDUSDUSDC, ARUSDC
2025-05-14 10:58:26,418 - deteccion - INFO - Precios: 8.41, 0.9985, 8.32
2025-05-14 10:58:26,418 - deteccion - INFO - Factores: 8.41, 0.9985, 0.12019230769230768
2025-05-14 10:58:26,419 - deteccion - INFO - Rentabilidad Bruta: 0.930108%
2025-05-14 10:58:26,419 - deteccion - INFO - Oportunidad encontrada (A->B->C->A): AR -> FDUSD -> BTC -> AR
2025-05-14 10:58:26,419 - deteccion - INFO - Pares: ARFDUSD, BTCFDUSD, ARBTC
2025-05-14 10:58:26,419 - deteccion - INFO - Precios: 8.41, 103449.86, 8.06e-05
2025-05-14 10:58:26,419 - deteccion - INFO - Factores: 8.41, 9.666518640044559e-06, 12406.94789081886
2025-05-14 10:58:26,419 - deteccion - INFO - Rentabilidad Bruta: 0.862806%
2025-05-14 10:58:26,449 - deteccion - INFO - Oportunidad encontrada (A->B->C->A): ACH -> USDT -> BTC -> ACH
2025-05-14 10:58:26,449 - deteccion - INFO - Pares: ACHUSDT, BTCUSDT, ACHBTC
2025-05-14 10:58:26,450 - deteccion - INFO - Precios: 0.02837, 103269.85, 2.7e-07
2025-05-14 10:58:26,450 - deteccion - INFO - Factores: 0.02837, 9.683368379057392e-06, 3703703.7037037034
2025-05-14 10:58:26,450 - deteccion - INFO - Rentabilidad Bruta: 1.747097%
2025-05-14 10:58:26,456 - deteccion - INFO - Oportunidad encontrada (A->B->C->A): ACH -> USDC -> BTC -> ACH
2025-05-14 10:58:26,457 - deteccion - INFO - Pares: ACHUSDC, BTCUSDC, ACHBTC
2025-05-14 10:58:26,457 - deteccion - INFO - Precios: 0.02837, 103289.99, 2.7e-07
2025-05-14 10:58:26,457 - deteccion - INFO - Factores: 0.02837, 9.68148026735214e-06, 3703703.7037037034
2025-05-14 10:58:26,457 - deteccion - INFO - Rentabilidad Bruta: 1.727257%
2025-05-14 10:58:26,726 - deteccion - INFO - Oportunidad encontrada (A->C->B->A): BNB -> FDUSD -> BERA -> BNB
2025-05-14 10:58:26,727 - deteccion - INFO - Pares: BNBFDUSD, BERAFDUSD, BERABNB
2025-05-14 10:58:26,727 - deteccion - INFO - Precios: 655.69, 3.844, 0.005925
2025-05-14 10:58:26,727 - deteccion - INFO - Factores: 655.69, 0.2601456815816858, 0.005925
2025-05-14 10:58:26,727 - deteccion - INFO - Rentabilidad Bruta: 1.065641%
2025-05-14 10:58:26,728 - deteccion - INFO - Oportunidad encontrada (A->C->B->A): BNB -> USDT -> BERA -> BNB
2025-05-14 10:58:26,728 - deteccion - INFO - Pares: BNBUSDT, BERAUSDT, BERABNB
2025-05-14 10:58:26,728 - deteccion - INFO - Precios: 654.62, 3.829, 0.005925
2025-05-14 10:58:26,728 - deteccion - INFO - Factores: 654.62, 0.26116479498563594, 0.005925
2025-05-14 10:58:26,728 - deteccion - INFO - Rentabilidad Bruta: 1.295991%
2025-05-14 10:58:26,728 - deteccion - INFO - Oportunidad encontrada (A->C->B->A): BNB -> USDC -> BERA -> BNB
2025-05-14 10:58:26,728 - deteccion - INFO - Pares: BNBUSDC, BERAUSDC, BERABNB
2025-05-14 10:58:26,729 - deteccion - INFO - Precios: 654.68, 3.831, 0.005925
2025-05-14 10:58:26,729 - deteccion - INFO - Factores: 654.68, 0.26102845210127906, 0.005925
2025-05-14 10:58:26,729 - deteccion - INFO - Rentabilidad Bruta: 1.252388%
2025-05-14 10:58:26,729 - deteccion - INFO - Oportunidad encontrada (A->C->B->A): BNB -> BTC -> BERA -> BNB
2025-05-14 10:58:26,729 - deteccion - INFO - Pares: BNBBTC, BERABTC, BERABNB
2025-05-14 10:58:26,729 - deteccion - INFO - Precios: 0.006339, 3.706e-05, 0.005925
2025-05-14 10:58:26,729 - deteccion - INFO - Factores: 0.006339, 26983.27037236913, 0.005925
2025-05-14 10:58:26,730 - deteccion - INFO - Rentabilidad Bruta: 1.345318%
2025-05-14 10:58:26,734 - deteccion - INFO - Oportunidad encontrada (A->B->C->A): BNB -> FDUSD -> GPS -> BNB
2025-05-14 10:58:26,734 - deteccion - INFO - Pares: BNBFDUSD, GPSFDUSD, GPSBNB
2025-05-14 10:58:26,734 - deteccion - INFO - Precios: 655.69, 0.0256, 3.94e-05
2025-05-14 10:58:26,734 - deteccion - INFO - Factores: 655.69, 39.0625, 3.94e-05
2025-05-14 10:58:26,735 - deteccion - INFO - Rentabilidad Bruta: 0.914789%
2025-05-14 10:58:26,735 - deteccion - INFO - Oportunidad encontrada (A->B->C->A): BNB -> FDUSD -> 1000CAT -> BNB
2025-05-14 10:58:26,735 - deteccion - INFO - Pares: BNBFDUSD, 1000CATFDUSD, 1000CATBNB
2025-05-14 10:58:26,735 - deteccion - INFO - Precios: 655.69, 0.01106, 1.7e-05
2025-05-14 10:58:26,735 - deteccion - INFO - Factores: 655.69, 90.41591320072332, 1.7e-05
2025-05-14 10:58:26,735 - deteccion - INFO - Rentabilidad Bruta: 0.784177%
2025-05-14 10:58:26,736 - deteccion - INFO - Oportunidad encontrada (A->C->B->A): BNB -> INIT -> FDUSD -> BNB
2025-05-14 10:58:26,736 - deteccion - INFO - Pares: INITBNB, INITFDUSD, BNBFDUSD
2025-05-14 10:58:26,736 - deteccion - INFO - Precios: 0.001767, 1.1719, 655.69
2025-05-14 10:58:26,736 - deteccion - INFO - Factores: 565.9309564233164, 1.1719, 0.001525110951821745
2025-05-14 10:58:26,736 - deteccion - INFO - Rentabilidad Bruta: 1.147568%
2025-05-14 10:58:26,737 - deteccion - INFO - Oportunidad encontrada (A->B->C->A): BNB -> FDUSD -> SHELL -> BNB
2025-05-14 10:58:26,737 - deteccion - INFO - Pares: BNBFDUSD, SHELLFDUSD, SHELLBNB
2025-05-14 10:58:26,738 - deteccion - INFO - Precios: 655.69, 0.2273, 0.00035
2025-05-14 10:58:26,738 - deteccion - INFO - Factores: 655.69, 4.399472063352397, 0.00035
2025-05-14 10:58:26,738 - deteccion - INFO - Rentabilidad Bruta: 0.964144%
2025-05-14 10:58:26,738 - deteccion - INFO - Oportunidad encontrada (A->B->C->A): BNB -> FDUSD -> LISTA -> BNB
2025-05-14 10:58:26,739 - deteccion - INFO - Pares: BNBFDUSD, LISTAFDUSD, LISTABNB
2025-05-14 10:58:26,739 - deteccion - INFO - Precios: 655.69, 0.2164, 0.000334
2025-05-14 10:58:26,739 - deteccion - INFO - Factores: 655.69, 4.621072088724584, 0.000334
2025-05-14 10:58:26,739 - deteccion - INFO - Rentabilidad Bruta: 1.201691%
2025-05-14 10:58:26,739 - deteccion - INFO - Oportunidad encontrada (A->B->C->A): BNB -> FDUSD -> HYPER -> BNB
2025-05-14 10:58:26,740 - deteccion - INFO - Pares: BNBFDUSD, HYPERFDUSD, HYPERBNB
2025-05-14 10:58:26,740 - deteccion - INFO - Precios: 655.69, 0.173, 0.0002695
2025-05-14 10:58:26,740 - deteccion - INFO - Factores: 655.69, 5.780346820809249, 0.0002695
2025-05-14 10:58:26,740 - deteccion - INFO - Rentabilidad Bruta: 2.143616%
2025-05-14 10:58:26,743 - deteccion - INFO - Oportunidad encontrada (A->B->C->A): BNB -> USDT -> STX -> BNB
2025-05-14 10:58:26,743 - deteccion - INFO - Pares: BNBUSDT, STXUSDT, STXBNB
2025-05-14 10:58:26,743 - deteccion - INFO - Precios: 654.62, 0.963, 0.001483
2025-05-14 10:58:26,744 - deteccion - INFO - Factores: 654.62, 1.0384215991692627, 0.001483
2025-05-14 10:58:26,744 - deteccion - INFO - Rentabilidad Bruta: 0.810120%
2025-05-14 10:58:26,744 - deteccion - INFO - Oportunidad encontrada (A->C->B->A): BNB -> XVS -> USDT -> BNB
2025-05-14 10:58:26,744 - deteccion - INFO - Pares: XVSBNB, XVSUSDT, BNBUSDT
2025-05-14 10:58:26,744 - deteccion - INFO - Precios: 0.01105, 7.29, 654.62
2025-05-14 10:58:26,744 - deteccion - INFO - Factores: 90.49773755656108, 7.29, 0.0015276038006782561
2025-05-14 10:58:26,744 - deteccion - INFO - Rentabilidad Bruta: 0.780377%
2025-05-14 10:58:26,745 - deteccion - INFO - Oportunidad encontrada (A->B->C->A): BNB -> USDT -> BABY -> BNB
2025-05-14 10:58:26,745 - deteccion - INFO - Pares: BNBUSDT, BABYUSDT, BABYBNB
2025-05-14 10:58:26,745 - deteccion - INFO - Precios: 654.62, 0.09924, 0.00015267
2025-05-14 10:58:26,745 - deteccion - INFO - Factores: 654.62, 10.076582023377672, 0.00015267
2025-05-14 10:58:26,745 - deteccion - INFO - Rentabilidad Bruta: 0.706203%
2025-05-14 10:58:26,745 - deteccion - INFO - Oportunidad encontrada (A->B->C->A): BNB -> USDT -> SHELL -> BNB
2025-05-14 10:58:26,745 - deteccion - INFO - Pares: BNBUSDT, SHELLUSDT, SHELLBNB
2025-05-14 10:58:26,746 - deteccion - INFO - Precios: 654.62, 0.2272, 0.00035
2025-05-14 10:58:26,746 - deteccion - INFO - Factores: 654.62, 4.401408450704225, 0.00035
2025-05-14 10:58:26,746 - deteccion - INFO - Rentabilidad Bruta: 0.843750%
2025-05-14 10:58:26,746 - deteccion - INFO - Oportunidad encontrada (A->B->C->A): BNB -> USDT -> LISTA -> BNB
2025-05-14 10:58:26,746 - deteccion - INFO - Pares: BNBUSDT, LISTAUSDT, LISTABNB
2025-05-14 10:58:26,746 - deteccion - INFO - Precios: 654.62, 0.2168, 0.000334
2025-05-14 10:58:26,746 - deteccion - INFO - Factores: 654.62, 4.612546125461255, 0.000334
2025-05-14 10:58:26,747 - deteccion - INFO - Rentabilidad Bruta: 0.850129%
2025-05-14 10:58:26,747 - deteccion - INFO - Oportunidad encontrada (A->B->C->A): BNB -> USDT -> HYPER -> BNB
2025-05-14 10:58:26,747 - deteccion - INFO - Pares: BNBUSDT, HYPERUSDT, HYPERBNB
2025-05-14 10:58:26,747 - deteccion - INFO - Precios: 654.62, 0.1701, 0.0002695
2025-05-14 10:58:26,748 - deteccion - INFO - Factores: 654.62, 5.878894767783657, 0.0002695
2025-05-14 10:58:26,748 - deteccion - INFO - Rentabilidad Bruta: 3.715514%
2025-05-14 10:58:26,748 - deteccion - INFO - Oportunidad encontrada (A->C->B->A): BNB -> USDC -> STX -> BNB
2025-05-14 10:58:26,749 - deteccion - INFO - Pares: BNBUSDC, STXUSDC, STXBNB
2025-05-14 10:58:26,749 - deteccion - INFO - Precios: 654.68, 0.964, 0.001483
2025-05-14 10:58:26,749 - deteccion - INFO - Factores: 654.68, 1.037344398340249, 0.001483
2025-05-14 10:58:26,749 - deteccion - INFO - Rentabilidad Bruta: 0.714776%
2025-05-14 10:58:26,752 - deteccion - INFO - Oportunidad encontrada (A->C->B->A): BNB -> USDC -> 1000CAT -> BNB
2025-05-14 10:58:26,752 - deteccion - INFO - Pares: BNBUSDC, 1000CATUSDC, 1000CATBNB
2025-05-14 10:58:26,752 - deteccion - INFO - Precios: 654.68, 0.01104, 1.7e-05
2025-05-14 10:58:26,753 - deteccion - INFO - Factores: 654.68, 90.57971014492755, 1.7e-05
2025-05-14 10:58:26,753 - deteccion - INFO - Rentabilidad Bruta: 0.811232%
2025-05-14 10:58:26,754 - deteccion - INFO - Oportunidad encontrada (A->B->C->A): BNB -> XVS -> BTC -> BNB
2025-05-14 10:58:26,754 - deteccion - INFO - Pares: XVSBNB, XVSBTC, BNBBTC
2025-05-14 10:58:26,754 - deteccion - INFO - Precios: 0.01105, 7.07e-05, 0.006339
2025-05-14 10:58:26,754 - deteccion - INFO - Factores: 90.49773755656108, 7.07e-05, 157.75358889414733
2025-05-14 10:58:26,754 - deteccion - INFO - Rentabilidad Bruta: 0.933744%
2025-05-14 10:58:26,754 - deteccion - INFO - Oportunidad encontrada (A->C->B->A): BNB -> BTC -> CHZ -> BNB
2025-05-14 10:58:26,755 - deteccion - INFO - Pares: BNBBTC, CHZBTC, CHZBNB
2025-05-14 10:58:26,755 - deteccion - INFO - Precios: 0.006339, 4.6e-07, 7.35e-05
2025-05-14 10:58:26,755 - deteccion - INFO - Factores: 0.006339, 2173913.0434782607, 7.35e-05
2025-05-14 10:58:26,755 - deteccion - INFO - Rentabilidad Bruta: 1.286196%
2025-05-14 10:58:26,756 - deteccion - INFO - Oportunidad encontrada (A->B->C->A): BNB -> ARS -> ETH -> BNB
2025-05-14 10:58:26,757 - deteccion - INFO - Pares: BNBARS, ETHARS, BNBETH
2025-05-14 10:58:26,758 - deteccion - INFO - Precios: 764250.0, 2990601.0, 0.2534
2025-05-14 10:58:26,758 - deteccion - INFO - Factores: 764250.0, 3.343809488460681e-07, 3.9463299131807417
2025-05-14 10:58:26,759 - deteccion - INFO - Rentabilidad Bruta: 0.848714%
2025-05-14 10:58:26,760 - deteccion - INFO - Oportunidad encontrada (A->B->C->A): BNB -> USDC -> SHELL -> BNB
2025-05-14 10:58:26,761 - deteccion - INFO - Pares: BNBUSDC, SHELLUSDC, SHELLBNB
2025-05-14 10:58:26,761 - deteccion - INFO - Precios: 654.68, 0.2271, 0.00035
2025-05-14 10:58:26,761 - deteccion - INFO - Factores: 654.68, 4.4033465433729635, 0.00035
2025-05-14 10:58:26,761 - deteccion - INFO - Rentabilidad Bruta: 0.897402%
2025-05-14 10:58:26,761 - deteccion - INFO - Oportunidad encontrada (A->B->C->A): BNB -> USDC -> HYPER -> BNB
2025-05-14 10:58:26,762 - deteccion - INFO - Pares: BNBUSDC, HYPERUSDC, HYPERBNB
2025-05-14 10:58:26,762 - deteccion - INFO - Precios: 654.68, 0.1701, 0.0002695
2025-05-14 10:58:26,762 - deteccion - INFO - Factores: 654.68, 5.878894767783657, 0.0002695
2025-05-14 10:58:26,762 - deteccion - INFO - Rentabilidad Bruta: 3.725021%
2025-05-14 10:58:26,764 - deteccion - INFO - Oportunidad encontrada (A->B->C->A): BNB -> BTC -> SHELL -> BNB
2025-05-14 10:58:26,764 - deteccion - INFO - Pares: BNBBTC, SHELLBTC, SHELLBNB
2025-05-14 10:58:26,765 - deteccion - INFO - Precios: 0.006339, 2.2e-06, 0.00035
2025-05-14 10:58:26,765 - deteccion - INFO - Factores: 0.006339, 454545.45454545453, 0.00035
2025-05-14 10:58:26,765 - deteccion - INFO - Rentabilidad Bruta: 0.847727%
2025-05-14 10:58:26,765 - deteccion - INFO - Oportunidad encontrada (A->C->B->A): BNB -> VET -> BTC -> BNB
2025-05-14 10:58:26,766 - deteccion - INFO - Pares: VETBNB, VETBTC, BNBBTC
2025-05-14 10:58:26,766 - deteccion - INFO - Precios: 4.694e-05, 3e-07, 0.006339
2025-05-14 10:58:26,766 - deteccion - INFO - Factores: 21303.79207498935, 3e-07, 157.75358889414733
2025-05-14 10:58:26,766 - deteccion - INFO - Rentabilidad Bruta: 0.822490%
2025-05-14 10:58:26,779 - deteccion - INFO - Oportunidad encontrada (A->B->C->A): WIF -> USDT -> BRL -> WIF
2025-05-14 10:58:26,779 - deteccion - INFO - Pares: WIFUSDT, USDTBRL, WIFBRL
2025-05-14 10:58:26,779 - deteccion - INFO - Precios: 1.08, 5.626, 6.03
2025-05-14 10:58:26,779 - deteccion - INFO - Factores: 1.08, 5.626, 0.16583747927031509
2025-05-14 10:58:26,780 - deteccion - INFO - Rentabilidad Bruta: 0.764179%
2025-05-14 10:58:27,214 - deteccion - INFO - Oportunidad encontrada (A->B->C->A): GALA -> FDUSD -> BTC -> GALA
2025-05-14 10:58:27,214 - deteccion - INFO - Pares: GALAFDUSD, BTCFDUSD, GALABTC
2025-05-14 10:58:27,215 - deteccion - INFO - Precios: 0.02165, 103449.86, 2e-07
2025-05-14 10:58:27,215 - deteccion - INFO - Factores: 0.02165, 9.666518640044559e-06, 5000000.0
2025-05-14 10:58:27,216 - deteccion - INFO - Rentabilidad Bruta: 4.640064%
2025-05-14 10:58:27,219 - deteccion - INFO - Oportunidad encontrada (A->B->C->A): GALA -> USDT -> BTC -> GALA
2025-05-14 10:58:27,219 - deteccion - INFO - Pares: GALAUSDT, BTCUSDT, GALABTC
2025-05-14 10:58:27,219 - deteccion - INFO - Precios: 0.02165, 103269.85, 2e-07
2025-05-14 10:58:27,219 - deteccion - INFO - Factores: 0.02165, 9.683368379057392e-06, 5000000.0
2025-05-14 10:58:27,219 - deteccion - INFO - Rentabilidad Bruta: 4.822463%
2025-05-14 10:58:27,222 - deteccion - INFO - Oportunidad encontrada (A->B->C->A): GALA -> EUR -> BTC -> GALA
2025-05-14 10:58:27,222 - deteccion - INFO - Pares: GALAEUR, BTCEUR, GALABTC
2025-05-14 10:58:27,223 - deteccion - INFO - Precios: 0.01929, 92122.96, 2e-07
2025-05-14 10:58:27,223 - deteccion - INFO - Factores: 0.01929, 1.0855057197467384e-05, 5000000.0
2025-05-14 10:58:27,223 - deteccion - INFO - Rentabilidad Bruta: 4.697027%
2025-05-14 10:58:27,224 - deteccion - INFO - Oportunidad encontrada (A->B->C->A): GALA -> BRL -> BTC -> GALA
2025-05-14 10:58:27,225 - deteccion - INFO - Pares: GALABRL, BTCBRL, GALABTC
2025-05-14 10:58:27,225 - deteccion - INFO - Precios: 0.122, 580891.0, 2e-07
2025-05-14 10:58:27,225 - deteccion - INFO - Factores: 0.122, 1.721493361060853e-06, 5000000.0
2025-05-14 10:58:27,225 - deteccion - INFO - Rentabilidad Bruta: 5.011095%
2025-05-14 10:58:27,228 - deteccion - INFO - Oportunidad encontrada (A->B->C->A): GALA -> USDC -> BTC -> GALA
2025-05-14 10:58:27,228 - deteccion - INFO - Pares: GALAUSDC, BTCUSDC, GALABTC
2025-05-14 10:58:27,228 - deteccion - INFO - Precios: 0.02166, 103289.99, 2e-07
2025-05-14 10:58:27,228 - deteccion - INFO - Factores: 0.02166, 9.68148026735214e-06, 5000000.0
2025-05-14 10:58:27,229 - deteccion - INFO - Rentabilidad Bruta: 4.850431%
2025-05-14 10:58:27,230 - deteccion - INFO - Oportunidad encontrada (A->C->B->A): GALA -> ETH -> BTC -> GALA
2025-05-14 10:58:27,230 - deteccion - INFO - Pares: GALAETH, ETHBTC, GALABTC
2025-05-14 10:58:27,230 - deteccion - INFO - Precios: 8.36e-06, 0.02501, 2e-07
2025-05-14 10:58:27,230 - deteccion - INFO - Factores: 8.36e-06, 0.02501, 5000000.0
2025-05-14 10:58:27,231 - deteccion - INFO - Rentabilidad Bruta: 4.541800%
2025-05-14 10:58:27,255 - deteccion - INFO - Oportunidad encontrada (A->B->C->A): ANKR -> USDT -> BTC -> ANKR
2025-05-14 10:58:27,256 - deteccion - INFO - Pares: ANKRUSDT, BTCUSDT, ANKRBTC
2025-05-14 10:58:27,256 - deteccion - INFO - Precios: 0.02109, 103269.85, 2e-07
2025-05-14 10:58:27,256 - deteccion - INFO - Factores: 0.02109, 9.683368379057392e-06, 5000000.0
2025-05-14 10:58:27,256 - deteccion - INFO - Rentabilidad Bruta: 2.111120%
2025-05-14 10:58:27,404 - deteccion - INFO - Oportunidad encontrada (A->C->B->A): CYBER -> BTC -> FDUSD -> CYBER
2025-05-14 10:58:27,404 - deteccion - INFO - Pares: CYBERBTC, BTCFDUSD, CYBERFDUSD
2025-05-14 10:58:27,404 - deteccion - INFO - Precios: 1.453e-05, 103449.86, 1.492
2025-05-14 10:58:27,405 - deteccion - INFO - Factores: 1.453e-05, 103449.86, 0.6702412868632708
2025-05-14 10:58:27,405 - deteccion - INFO - Rentabilidad Bruta: 0.745742%
2025-05-14 10:58:27,405 - deteccion - INFO - Oportunidad encontrada (A->C->B->A): CYBER -> ETH -> FDUSD -> CYBER
2025-05-14 10:58:27,405 - deteccion - INFO - Pares: CYBERETH, ETHFDUSD, CYBERFDUSD
2025-05-14 10:58:27,405 - deteccion - INFO - Precios: 0.000581, 2587.39, 1.492
2025-05-14 10:58:27,405 - deteccion - INFO - Factores: 0.000581, 2587.39, 0.6702412868632708
2025-05-14 10:58:27,406 - deteccion - INFO - Rentabilidad Bruta: 0.755603%
2025-05-14 10:58:27,426 - deteccion - INFO - Oportunidad encontrada (A->C->B->A): WAXP -> BTC -> USDT -> WAXP
2025-05-14 10:58:27,426 - deteccion - INFO - Pares: WAXPBTC, BTCUSDT, WAXPUSDT
2025-05-14 10:58:27,427 - deteccion - INFO - Precios: 2.6e-07, 103269.85, 0.02611
2025-05-14 10:58:27,427 - deteccion - INFO - Factores: 2.6e-07, 103269.85, 38.299502106472616
2025-05-14 10:58:27,428 - deteccion - INFO - Rentabilidad Bruta: 2.834780%
2025-05-14 10:58:27,926 - deteccion - INFO - Oportunidad encontrada (A->B->C->A): FDUSD -> PEOPLE -> BTC -> FDUSD
2025-05-14 10:58:27,926 - deteccion - INFO - Pares: PEOPLEFDUSD, PEOPLEBTC, BTCFDUSD
2025-05-14 10:58:27,927 - deteccion - INFO - Precios: 0.0366, 3.6e-07, 103449.86
2025-05-14 10:58:27,927 - deteccion - INFO - Factores: 27.3224043715847, 3.6e-07, 103449.86
2025-05-14 10:58:27,928 - deteccion - INFO - Rentabilidad Bruta: 1.753961%
2025-05-14 10:58:27,933 - deteccion - INFO - Oportunidad encontrada (A->C->B->A): FDUSD -> GPS -> USDT -> FDUSD
2025-05-14 10:58:27,933 - deteccion - INFO - Pares: GPSFDUSD, GPSUSDT, FDUSDUSDT
2025-05-14 10:58:27,933 - deteccion - INFO - Precios: 0.0256, 0.0258, 0.9983
2025-05-14 10:58:27,933 - deteccion - INFO - Factores: 39.0625, 0.0258, 1.0017028949213664
2025-05-14 10:58:27,934 - deteccion - INFO - Rentabilidad Bruta: 0.952870%
2025-05-14 10:58:27,934 - deteccion - INFO - Oportunidad encontrada (A->B->C->A): FDUSD -> USDT -> INIT -> FDUSD
2025-05-14 10:58:27,934 - deteccion - INFO - Pares: FDUSDUSDT, INITUSDT, INITFDUSD
2025-05-14 10:58:27,935 - deteccion - INFO - Precios: 0.9983, 1.1595, 1.1719
2025-05-14 10:58:27,935 - deteccion - INFO - Factores: 0.9983, 0.8624407072013799, 1.1719
2025-05-14 10:58:27,935 - deteccion - INFO - Rentabilidad Bruta: 0.897608%
2025-05-14 10:58:27,935 - deteccion - INFO - Oportunidad encontrada (A->B->C->A): FDUSD -> USDT -> XAI -> FDUSD
2025-05-14 10:58:27,936 - deteccion - INFO - Pares: FDUSDUSDT, XAIUSDT, XAIFDUSD
2025-05-14 10:58:27,936 - deteccion - INFO - Precios: 0.9983, 0.0951, 0.097
2025-05-14 10:58:27,936 - deteccion - INFO - Factores: 0.9983, 10.515247108307046, 0.097
2025-05-14 10:58:27,936 - deteccion - INFO - Rentabilidad Bruta: 1.824501%
2025-05-14 10:58:27,936 - deteccion - INFO - Oportunidad encontrada (A->B->C->A): FDUSD -> USDT -> BABY -> FDUSD
2025-05-14 10:58:27,937 - deteccion - INFO - Pares: FDUSDUSDT, BABYUSDT, BABYFDUSD
2025-05-14 10:58:27,937 - deteccion - INFO - Precios: 0.9983, 0.09924, 0.10015
2025-05-14 10:58:27,937 - deteccion - INFO - Factores: 0.9983, 10.076582023377672, 0.10015
2025-05-14 10:58:27,937 - deteccion - INFO - Rentabilidad Bruta: 0.745410%
2025-05-14 10:58:27,938 - deteccion - INFO - Oportunidad encontrada (A->B->C->A): FDUSD -> USDT -> THE -> FDUSD
2025-05-14 10:58:27,938 - deteccion - INFO - Pares: FDUSDUSDT, THEUSDT, THEFDUSD
2025-05-14 10:58:27,938 - deteccion - INFO - Precios: 0.9983, 0.3674, 0.379
2025-05-14 10:58:27,938 - deteccion - INFO - Factores: 0.9983, 2.721829069134458, 0.379
2025-05-14 10:58:27,939 - deteccion - INFO - Rentabilidad Bruta: 2.981954%
2025-05-14 10:58:27,939 - deteccion - INFO - Oportunidad encontrada (A->B->C->A): FDUSD -> USDT -> BIO -> FDUSD
2025-05-14 10:58:27,939 - deteccion - INFO - Pares: FDUSDUSDT, BIOUSDT, BIOFDUSD
2025-05-14 10:58:27,940 - deteccion - INFO - Precios: 0.9983, 0.0911, 0.0919
2025-05-14 10:58:27,940 - deteccion - INFO - Factores: 0.9983, 10.97694840834248, 0.0919
2025-05-14 10:58:27,940 - deteccion - INFO - Rentabilidad Bruta: 0.706663%
2025-05-14 10:58:27,940 - deteccion - INFO - Oportunidad encontrada (A->B->C->A): FDUSD -> USDT -> HYPER -> FDUSD
2025-05-14 10:58:27,941 - deteccion - INFO - Pares: FDUSDUSDT, HYPERUSDT, HYPERFDUSD
2025-05-14 10:58:27,941 - deteccion - INFO - Precios: 0.9983, 0.1701, 0.173
2025-05-14 10:58:27,941 - deteccion - INFO - Factores: 0.9983, 5.878894767783657, 0.173
2025-05-14 10:58:27,941 - deteccion - INFO - Rentabilidad Bruta: 1.531981%
2025-05-14 10:58:27,943 - deteccion - INFO - Oportunidad encontrada (A->B->C->A): FDUSD -> GPS -> USDC -> FDUSD
2025-05-14 10:58:27,944 - deteccion - INFO - Pares: GPSFDUSD, GPSUSDC, FDUSDUSDC
2025-05-14 10:58:27,944 - deteccion - INFO - Precios: 0.0256, 0.0258, 0.9985
2025-05-14 10:58:27,944 - deteccion - INFO - Factores: 39.0625, 0.0258, 1.0015022533800702
2025-05-14 10:58:27,944 - deteccion - INFO - Rentabilidad Bruta: 0.932649%
2025-05-14 10:58:27,948 - deteccion - INFO - Oportunidad encontrada (A->C->B->A): FDUSD -> USDC -> INIT -> FDUSD
2025-05-14 10:58:27,948 - deteccion - INFO - Pares: FDUSDUSDC, INITUSDC, INITFDUSD
2025-05-14 10:58:27,948 - deteccion - INFO - Precios: 0.9985, 1.161, 1.1719
2025-05-14 10:58:27,949 - deteccion - INFO - Factores: 0.9985, 0.8613264427217915, 1.1719
2025-05-14 10:58:27,949 - deteccion - INFO - Rentabilidad Bruta: 0.787438%
2025-05-14 10:58:27,950 - deteccion - INFO - Oportunidad encontrada (A->B->C->A): FDUSD -> USDC -> BABY -> FDUSD
2025-05-14 10:58:27,950 - deteccion - INFO - Pares: FDUSDUSDC, BABYUSDC, BABYFDUSD
2025-05-14 10:58:27,950 - deteccion - INFO - Precios: 0.9985, 0.09928, 0.10015
2025-05-14 10:58:27,950 - deteccion - INFO - Factores: 0.9985, 10.072522159548752, 0.10015
2025-05-14 10:58:27,950 - deteccion - INFO - Rentabilidad Bruta: 0.724995%
2025-05-14 10:58:27,951 - deteccion - INFO - Oportunidad encontrada (A->B->C->A): FDUSD -> USDC -> THE -> FDUSD
2025-05-14 10:58:27,951 - deteccion - INFO - Pares: FDUSDUSDC, THEUSDC, THEFDUSD
2025-05-14 10:58:27,951 - deteccion - INFO - Precios: 0.9985, 0.3675, 0.379
2025-05-14 10:58:27,951 - deteccion - INFO - Factores: 0.9985, 2.7210884353741496, 0.379
2025-05-14 10:58:27,951 - deteccion - INFO - Rentabilidad Bruta: 2.974558%
2025-05-14 10:58:27,951 - deteccion - INFO - Oportunidad encontrada (A->C->B->A): FDUSD -> TLM -> USDC -> FDUSD
2025-05-14 10:58:27,952 - deteccion - INFO - Pares: TLMFDUSD, TLMUSDC, FDUSDUSDC
2025-05-14 10:58:27,952 - deteccion - INFO - Precios: 0.00657, 0.00661, 0.9985
2025-05-14 10:58:27,952 - deteccion - INFO - Factores: 152.20700152207002, 0.00661, 1.0015022533800702
2025-05-14 10:58:27,952 - deteccion - INFO - Rentabilidad Bruta: 0.759968%
2025-05-14 10:58:27,952 - deteccion - INFO - Oportunidad encontrada (A->B->C->A): FDUSD -> USDC -> BIO -> FDUSD
2025-05-14 10:58:27,952 - deteccion - INFO - Pares: FDUSDUSDC, BIOUSDC, BIOFDUSD
2025-05-14 10:58:27,952 - deteccion - INFO - Precios: 0.9985, 0.0911, 0.0919
2025-05-14 10:58:27,952 - deteccion - INFO - Factores: 0.9985, 10.97694840834248, 0.0919
2025-05-14 10:58:27,953 - deteccion - INFO - Rentabilidad Bruta: 0.726839%
2025-05-14 10:58:27,953 - deteccion - INFO - Oportunidad encontrada (A->B->C->A): FDUSD -> USDC -> HYPER -> FDUSD
2025-05-14 10:58:27,953 - deteccion - INFO - Pares: FDUSDUSDC, HYPERUSDC, HYPERFDUSD
2025-05-14 10:58:27,953 - deteccion - INFO - Precios: 0.9985, 0.1701, 0.173
2025-05-14 10:58:27,953 - deteccion - INFO - Factores: 0.9985, 5.878894767783657, 0.173
2025-05-14 10:58:27,954 - deteccion - INFO - Rentabilidad Bruta: 1.552322%
2025-05-14 10:58:27,960 - deteccion - INFO - Oportunidad encontrada (A->C->B->A): MANA -> ETH -> USDT -> MANA
2025-05-14 10:58:27,960 - deteccion - INFO - Pares: MANAETH, ETHUSDT, MANAUSDT
2025-05-14 10:58:27,961 - deteccion - INFO - Precios: 0.0001426, 2582.91, 0.3651
2025-05-14 10:58:27,961 - deteccion - INFO - Factores: 0.0001426, 2582.91, 2.7389756231169544
2025-05-14 10:58:27,961 - deteccion - INFO - Rentabilidad Bruta: 0.882763%
2025-05-14 10:58:27,969 - deteccion - INFO - Oportunidad encontrada (A->C->B->A): MANA -> ETH -> BTC -> MANA
2025-05-14 10:58:27,970 - deteccion - INFO - Pares: MANAETH, ETHBTC, MANABTC
2025-05-14 10:58:27,970 - deteccion - INFO - Precios: 0.0001426, 0.02501, 3.53e-06
2025-05-14 10:58:27,970 - deteccion - INFO - Factores: 0.0001426, 0.02501, 283286.11898016994
2025-05-14 10:58:27,970 - deteccion - INFO - Rentabilidad Bruta: 1.031898%
2025-05-14 10:58:27,989 - deteccion - INFO - Oportunidad encontrada (A->C->B->A): PEOPLE -> BTC -> USDT -> PEOPLE
2025-05-14 10:58:27,990 - deteccion - INFO - Pares: PEOPLEBTC, BTCUSDT, PEOPLEUSDT
2025-05-14 10:58:27,990 - deteccion - INFO - Precios: 3.6e-07, 103269.85, 0.03649
2025-05-14 10:58:27,990 - deteccion - INFO - Factores: 3.6e-07, 103269.85, 27.404768429706767
2025-05-14 10:58:27,990 - deteccion - INFO - Rentabilidad Bruta: 1.883108%
2025-05-14 10:58:27,996 - deteccion - INFO - Oportunidad encontrada (A->C->B->A): PEOPLE -> BTC -> USDC -> PEOPLE
2025-05-14 10:58:27,996 - deteccion - INFO - Pares: PEOPLEBTC, BTCUSDC, PEOPLEUSDC
2025-05-14 10:58:27,996 - deteccion - INFO - Precios: 3.6e-07, 103289.99, 0.03652
2025-05-14 10:58:27,996 - deteccion - INFO - Factores: 3.6e-07, 103289.99, 27.38225629791895
2025-05-14 10:58:27,997 - deteccion - INFO - Rentabilidad Bruta: 1.819267%
2025-05-14 10:58:28,073 - deteccion - INFO - Oportunidad encontrada (A->B->C->A): JPY -> POL -> ETH -> JPY
2025-05-14 10:58:28,073 - deteccion - INFO - Pares: POLJPY, POLETH, ETHJPY
2025-05-14 10:58:28,073 - deteccion - INFO - Precios: 36.75, 9.79e-05, 378859.0
2025-05-14 10:58:28,074 - deteccion - INFO - Factores: 0.027210884353741496, 9.79e-05, 378859.0
2025-05-14 10:58:28,074 - deteccion - INFO - Rentabilidad Bruta: 0.925976%
2025-05-14 10:58:28,080 - deteccion - INFO - Oportunidad encontrada (A->B->C->A): JPY -> IOTX -> BTC -> JPY
2025-05-14 10:58:28,080 - deteccion - INFO - Pares: IOTXJPY, IOTXBTC, BTCJPY
2025-05-14 10:58:28,081 - deteccion - INFO - Precios: 2.965, 2e-07, 15141676.0
2025-05-14 10:58:28,081 - deteccion - INFO - Factores: 0.3372681281618887, 2e-07, 15141676.0
2025-05-14 10:58:28,081 - deteccion - INFO - Rentabilidad Bruta: 2.136094%
2025-05-14 10:58:28,371 - deteccion - INFO - Oportunidad encontrada (A->B->C->A): USDT -> DENT -> ETH -> USDT
2025-05-14 10:58:28,372 - deteccion - INFO - Pares: DENTUSDT, DENTETH, ETHUSDT
2025-05-14 10:58:28,372 - deteccion - INFO - Precios: 0.000934, 3.7e-07, 2582.91
2025-05-14 10:58:28,372 - deteccion - INFO - Factores: 1070.663811563169, 3.7e-07, 2582.91
2025-05-14 10:58:28,372 - deteccion - INFO - Rentabilidad Bruta: 2.320846%
2025-05-14 10:58:28,378 - deteccion - INFO - Oportunidad encontrada (A->C->B->A): USDT -> BTC -> CTSI -> USDT
2025-05-14 10:58:28,378 - deteccion - INFO - Pares: BTCUSDT, CTSIBTC, CTSIUSDT
2025-05-14 10:58:28,378 - deteccion - INFO - Precios: 103269.85, 7.9e-07, 0.0823
2025-05-14 10:58:28,378 - deteccion - INFO - Factores: 9.683368379057392e-06, 1265822.7848101268, 0.0823
2025-05-14 10:58:28,379 - deteccion - INFO - Rentabilidad Bruta: 0.878635%
2025-05-14 10:58:28,379 - deteccion - INFO - Oportunidad encontrada (A->C->B->A): USDT -> BTC -> CHZ -> USDT
2025-05-14 10:58:28,379 - deteccion - INFO - Pares: BTCUSDT, CHZBTC, CHZUSDT
2025-05-14 10:58:28,379 - deteccion - INFO - Precios: 103269.85, 4.6e-07, 0.04795
2025-05-14 10:58:28,380 - deteccion - INFO - Factores: 9.683368379057392e-06, 2173913.0434782607, 0.04795
2025-05-14 10:58:28,380 - deteccion - INFO - Rentabilidad Bruta: 0.938590%
2025-05-14 10:58:28,382 - deteccion - INFO - Oportunidad encontrada (A->C->B->A): USDT -> BTC -> STRAX -> USDT
2025-05-14 10:58:28,383 - deteccion - INFO - Pares: BTCUSDT, STRAXBTC, STRAXUSDT
2025-05-14 10:58:28,383 - deteccion - INFO - Precios: 103269.85, 5.3e-07, 0.05521
2025-05-14 10:58:28,383 - deteccion - INFO - Factores: 9.683368379057392e-06, 1886792.4528301887, 0.05521
2025-05-14 10:58:28,383 - deteccion - INFO - Rentabilidad Bruta: 0.871466%
2025-05-14 10:58:28,385 - deteccion - INFO - Oportunidad encontrada (A->C->B->A): USDT -> BTC -> ACA -> USDT
2025-05-14 10:58:28,385 - deteccion - INFO - Pares: BTCUSDT, ACABTC, ACAUSDT
2025-05-14 10:58:28,386 - deteccion - INFO - Precios: 103269.85, 3.6e-07, 0.038
2025-05-14 10:58:28,386 - deteccion - INFO - Factores: 9.683368379057392e-06, 2777777.777777778, 0.038
2025-05-14 10:58:28,386 - deteccion - INFO - Rentabilidad Bruta: 2.213333%
2025-05-14 10:58:28,387 - deteccion - INFO - Oportunidad encontrada (A->B->C->A): USDT -> IOTX -> BTC -> USDT
2025-05-14 10:58:28,387 - deteccion - INFO - Pares: IOTXUSDT, IOTXBTC, BTCUSDT
2025-05-14 10:58:28,388 - deteccion - INFO - Precios: 0.02027, 2e-07, 103269.85
2025-05-14 10:58:28,388 - deteccion - INFO - Factores: 49.333991119881595, 2e-07, 103269.85
2025-05-14 10:58:28,389 - deteccion - INFO - Rentabilidad Bruta: 1.894277%
2025-05-14 10:58:28,389 - deteccion - INFO - Oportunidad encontrada (A->B->C->A): USDT -> FIO -> BTC -> USDT
2025-05-14 10:58:28,389 - deteccion - INFO - Pares: FIOUSDT, FIOBTC, BTCUSDT
2025-05-14 10:58:28,389 - deteccion - INFO - Precios: 0.02031, 2e-07, 103269.85
2025-05-14 10:58:28,390 - deteccion - INFO - Factores: 49.23682914820285, 2e-07, 103269.85
2025-05-14 10:58:28,390 - deteccion - INFO - Rentabilidad Bruta: 1.693599%
2025-05-14 10:58:28,390 - deteccion - INFO - Oportunidad encontrada (A->C->B->A): USDT -> ZIL -> BTC -> USDT
2025-05-14 10:58:28,390 - deteccion - INFO - Pares: ZILUSDT, ZILBTC, BTCUSDT
2025-05-14 10:58:28,390 - deteccion - INFO - Precios: 0.01432, 1.4e-07, 103269.85
2025-05-14 10:58:28,390 - deteccion - INFO - Factores: 69.83240223463687, 1.4e-07, 103269.85
2025-05-14 10:58:28,391 - deteccion - INFO - Rentabilidad Bruta: 0.962144%
2025-05-14 10:58:28,391 - deteccion - INFO - Oportunidad encontrada (A->C->B->A): USDT -> ILV -> BTC -> USDT
2025-05-14 10:58:28,391 - deteccion - INFO - Pares: ILVUSDT, ILVBTC, BTCUSDT
2025-05-14 10:58:28,391 - deteccion - INFO - Precios: 15.97, 0.000156, 103269.85
2025-05-14 10:58:28,391 - deteccion - INFO - Factores: 0.06261740763932373, 0.000156, 103269.85
2025-05-14 10:58:28,391 - deteccion - INFO - Rentabilidad Bruta: 0.877249%
2025-05-14 10:58:28,391 - deteccion - INFO - Oportunidad encontrada (A->B->C->A): USDT -> BTC -> TFUEL -> USDT
2025-05-14 10:58:28,391 - deteccion - INFO - Pares: BTCUSDT, TFUELBTC, TFUELUSDT
2025-05-14 10:58:28,392 - deteccion - INFO - Precios: 103269.85, 3.9e-07, 0.04061
2025-05-14 10:58:28,392 - deteccion - INFO - Factores: 9.683368379057392e-06, 2564102.564102564, 0.04061
2025-05-14 10:58:28,392 - deteccion - INFO - Rentabilidad Bruta: 0.831177%
2025-05-14 10:58:28,392 - deteccion - INFO - Oportunidad encontrada (A->C->B->A): USDT -> LOKA -> BTC -> USDT
2025-05-14 10:58:28,392 - deteccion - INFO - Pares: LOKAUSDT, LOKABTC, BTCUSDT
2025-05-14 10:58:28,392 - deteccion - INFO - Precios: 0.0993, 9.7e-07, 103269.85
2025-05-14 10:58:28,392 - deteccion - INFO - Factores: 10.070493454179255, 9.7e-07, 103269.85
2025-05-14 10:58:28,393 - deteccion - INFO - Rentabilidad Bruta: 0.877900%
2025-05-14 10:58:28,393 - deteccion - INFO - Oportunidad encontrada (A->B->C->A): USDT -> BTC -> NKN -> USDT
2025-05-14 10:58:28,393 - deteccion - INFO - Pares: BTCUSDT, NKNBTC, NKNUSDT
2025-05-14 10:58:28,393 - deteccion - INFO - Precios: 103269.85, 4e-07, 0.0416
2025-05-14 10:58:28,393 - deteccion - INFO - Factores: 9.683368379057392e-06, 2500000.0, 0.0416
2025-05-14 10:58:28,393 - deteccion - INFO - Rentabilidad Bruta: 0.707031%
2025-05-14 10:58:28,393 - deteccion - INFO - Oportunidad encontrada (A->B->C->A): USDT -> BTC -> DATA -> USDT
2025-05-14 10:58:28,394 - deteccion - INFO - Pares: BTCUSDT, DATABTC, DATAUSDT
2025-05-14 10:58:28,394 - deteccion - INFO - Precios: 103269.85, 1.8e-07, 0.01889
2025-05-14 10:58:28,394 - deteccion - INFO - Factores: 9.683368379057392e-06, 5555555.555555556, 0.01889
2025-05-14 10:58:28,394 - deteccion - INFO - Rentabilidad Bruta: 1.621571%
2025-05-14 10:58:28,395 - deteccion - INFO - Oportunidad encontrada (A->C->B->A): USDT -> ARPA -> BTC -> USDT
2025-05-14 10:58:28,395 - deteccion - INFO - Pares: ARPAUSDT, ARPABTC, BTCUSDT
2025-05-14 10:58:28,395 - deteccion - INFO - Precios: 0.0284, 2.8e-07, 103269.85
2025-05-14 10:58:28,395 - deteccion - INFO - Factores: 35.2112676056338, 2.8e-07, 103269.85
2025-05-14 10:58:28,395 - deteccion - INFO - Rentabilidad Bruta: 1.815345%
2025-05-14 10:58:28,395 - deteccion - INFO - Oportunidad encontrada (A->C->B->A): USDT -> ATA -> BTC -> USDT
2025-05-14 10:58:28,396 - deteccion - INFO - Pares: ATAUSDT, ATABTC, BTCUSDT
2025-05-14 10:58:28,396 - deteccion - INFO - Precios: 0.0681, 6.7e-07, 103269.85
2025-05-14 10:58:28,396 - deteccion - INFO - Factores: 14.684287812041118, 6.7e-07, 103269.85
2025-05-14 10:58:28,396 - deteccion - INFO - Rentabilidad Bruta: 1.601761%
2025-05-14 10:58:28,396 - deteccion - INFO - Oportunidad encontrada (A->C->B->A): USDT -> ONE -> BTC -> USDT
2025-05-14 10:58:28,396 - deteccion - INFO - Pares: ONEUSDT, ONEBTC, BTCUSDT
2025-05-14 10:58:28,397 - deteccion - INFO - Precios: 0.01575, 1.6e-07, 103269.85
2025-05-14 10:58:28,397 - deteccion - INFO - Factores: 63.492063492063494, 1.6e-07, 103269.85
2025-05-14 10:58:28,397 - deteccion - INFO - Rentabilidad Bruta: 4.909054%
2025-05-14 10:58:28,397 - deteccion - INFO - Oportunidad encontrada (A->C->B->A): USDT -> VET -> BTC -> USDT
2025-05-14 10:58:28,397 - deteccion - INFO - Pares: VETUSDT, VETBTC, BTCUSDT
2025-05-14 10:58:28,398 - deteccion - INFO - Precios: 0.03071, 3e-07, 103269.85
2025-05-14 10:58:28,398 - deteccion - INFO - Factores: 32.5626831650928, 3e-07, 103269.85
2025-05-14 10:58:28,398 - deteccion - INFO - Rentabilidad Bruta: 0.882302%
2025-05-14 10:58:28,399 - deteccion - INFO - Oportunidad encontrada (A->C->B->A): USDT -> RIF -> BTC -> USDT
2025-05-14 10:58:28,399 - deteccion - INFO - Pares: RIFUSDT, RIFBTC, BTCUSDT
2025-05-14 10:58:28,400 - deteccion - INFO - Precios: 0.0647, 6.4e-07, 103269.85
2025-05-14 10:58:28,400 - deteccion - INFO - Factores: 15.45595054095827, 6.4e-07, 103269.85
2025-05-14 10:58:28,400 - deteccion - INFO - Rentabilidad Bruta: 2.152556%
2025-05-14 10:58:28,403 - deteccion - INFO - Oportunidad encontrada (A->C->B->A): USDT -> T -> TUSD -> USDT
2025-05-14 10:58:28,403 - deteccion - INFO - Pares: TUSDT, TUSDT, TUSDUSDT
2025-05-14 10:58:28,403 - deteccion - INFO - Precios: 0.01856, 0.01856, 0.9981
2025-05-14 10:58:28,403 - deteccion - INFO - Factores: 53.87931034482759, 53.87931034482759, 0.9981
2025-05-14 10:58:28,404 - deteccion - INFO - Rentabilidad Bruta: 289646.442108%
2025-05-14 10:58:28,716 - deteccion - INFO - Oportunidad encontrada (A->B->C->A): EUR -> BTC -> GRT -> EUR
2025-05-14 10:58:28,716 - deteccion - INFO - Pares: BTCEUR, GRTBTC, GRTEUR
2025-05-14 10:58:28,717 - deteccion - INFO - Precios: 92122.96, 1.18e-06, 0.1099
2025-05-14 10:58:28,717 - deteccion - INFO - Factores: 1.0855057197467384e-05, 847457.6271186441, 0.1099
2025-05-14 10:58:28,717 - deteccion - INFO - Rentabilidad Bruta: 1.099219%
2025-05-14 10:58:28,717 - deteccion - INFO - Oportunidad encontrada (A->C->B->A): EUR -> VET -> BTC -> EUR
2025-05-14 10:58:28,718 - deteccion - INFO - Pares: VETEUR, VETBTC, BTCEUR
2025-05-14 10:58:28,718 - deteccion - INFO - Precios: 0.02744, 3e-07, 92122.96
2025-05-14 10:58:28,718 - deteccion - INFO - Factores: 36.44314868804665, 3e-07, 92122.96
2025-05-14 10:58:28,718 - deteccion - INFO - Rentabilidad Bruta: 0.717522%
2025-05-14 10:58:28,777 - deteccion - INFO - Oportunidad encontrada (A->B->C->A): POL -> BRL -> BTC -> POL
2025-05-14 10:58:28,778 - deteccion - INFO - Pares: POLBRL, BTCBRL, POLBTC
2025-05-14 10:58:28,778 - deteccion - INFO - Precios: 1.423, 580891.0, 2.43e-06
2025-05-14 10:58:28,778 - deteccion - INFO - Factores: 1.423, 1.721493361060853e-06, 411522.63374485594
2025-05-14 10:58:28,778 - deteccion - INFO - Rentabilidad Bruta: 0.810084%
2025-05-14 10:58:28,785 - deteccion - INFO - Oportunidad encontrada (A->C->B->A): POL -> ETH -> BTC -> POL
2025-05-14 10:58:28,785 - deteccion - INFO - Pares: POLETH, ETHBTC, POLBTC
2025-05-14 10:58:28,786 - deteccion - INFO - Precios: 9.79e-05, 0.02501, 2.43e-06
2025-05-14 10:58:28,786 - deteccion - INFO - Factores: 9.79e-05, 0.02501, 411522.63374485594
2025-05-14 10:58:28,786 - deteccion - INFO - Rentabilidad Bruta: 0.760453%
2025-05-14 10:58:28,881 - deteccion - INFO - Oportunidad encontrada (A->B->C->A): CHZ -> USDC -> BTC -> CHZ
2025-05-14 10:58:28,881 - deteccion - INFO - Pares: CHZUSDC, BTCUSDC, CHZBTC
2025-05-14 10:58:28,882 - deteccion - INFO - Precios: 0.04812, 103289.99, 4.6e-07
2025-05-14 10:58:28,882 - deteccion - INFO - Factores: 0.04812, 9.68148026735214e-06, 2173913.0434782607
2025-05-14 10:58:28,882 - deteccion - INFO - Rentabilidad Bruta: 1.276702%
2025-05-14 10:58:29,195 - deteccion - INFO - Oportunidad encontrada (A->C->B->A): USDC -> VET -> BTC -> USDC
2025-05-14 10:58:29,195 - deteccion - INFO - Pares: VETUSDC, VETBTC, BTCUSDC
2025-05-14 10:58:29,196 - deteccion - INFO - Precios: 0.03076, 3e-07, 103289.99
2025-05-14 10:58:29,196 - deteccion - INFO - Factores: 32.50975292587776, 3e-07, 103289.99
2025-05-14 10:58:29,196 - deteccion - INFO - Rentabilidad Bruta: 0.737962%
2025-05-14 10:58:29,286 - deteccion - INFO - Oportunidad encontrada (A->B->C->A): IOTX -> BTC -> ETH -> IOTX
2025-05-14 10:58:29,286 - deteccion - INFO - Pares: IOTXBTC, ETHBTC, IOTXETH
2025-05-14 10:58:29,286 - deteccion - INFO - Precios: 2e-07, 0.02501, 7.84e-06
2025-05-14 10:58:29,286 - deteccion - INFO - Factores: 2e-07, 39.98400639744102, 127551.02040816327
2025-05-14 10:58:29,286 - deteccion - INFO - Rentabilidad Bruta: 2.000016%
2025-05-14 10:58:29,301 - deteccion - INFO - Oportunidad encontrada (A->C->B->A): BTC -> ETH -> ZIL -> BTC
2025-05-14 10:58:29,301 - deteccion - INFO - Pares: ETHBTC, ZILETH, ZILBTC
2025-05-14 10:58:29,302 - deteccion - INFO - Precios: 0.02501, 5.54e-06, 1.4e-07
2025-05-14 10:58:29,302 - deteccion - INFO - Factores: 39.98400639744102, 180505.41516245485, 1.4e-07
2025-05-14 10:58:29,302 - deteccion - INFO - Rentabilidad Bruta: 1.042615%
2025-05-14 10:58:29,303 - deteccion - INFO - Oportunidad encontrada (A->C->B->A): BTC -> TUSD -> DOGE -> BTC
2025-05-14 10:58:29,303 - deteccion - INFO - Pares: BTCTUSD, DOGETUSD, DOGEBTC
2025-05-14 10:58:29,303 - deteccion - INFO - Precios: 103612.24, 0.23058, 2.25e-06
2025-05-14 10:58:29,304 - deteccion - INFO - Factores: 103612.24, 4.336889582791222, 2.25e-06
2025-05-14 10:58:29,304 - deteccion - INFO - Rentabilidad Bruta: 1.104840%
2025-05-14 10:58:29,459 - deteccion - INFO - Detección de oportunidades finalizada. Oportunidades encontradas: 145
2025-05-14 11:17:39,790 - deteccion - INFO - Fetching market data (symbols and tickers)...
2025-05-14 11:17:41,022 - deteccion - INFO - Obtenidos 1426 símbolos y 3101 tickers.
2025-05-14 11:17:55,980 - deteccion - INFO - Finding triangular opportunities...
2025-05-14 11:17:55,981 - deteccion - INFO - Identified 411 unique coins.
2025-05-14 11:17:57,594 - deteccion - INFO - Oportunidad encontrada (A->B->C->A): BTC -> EGLD -> RON -> BTC
2025-05-14 11:17:57,595 - deteccion - INFO - Pares: EGLDBTC, EGLDRON, BTCRON
2025-05-14 11:17:57,596 - deteccion - INFO - Precios: 0.0001978, 97.8, 464598.0
2025-05-14 11:17:57,596 - deteccion - INFO - Factores: 5055.611729019211, 97.8, 2.1523984175566836e-06
2025-05-14 11:17:57,596 - deteccion - INFO - Rentabilidad Bruta: 6.422935%
2025-05-14 11:17:57,607 - deteccion - INFO - Oportunidad encontrada (A->B->C->A): BTC -> TRY -> RVN -> BTC
2025-05-14 11:17:57,607 - deteccion - INFO - Pares: BTCTRY, RVNTRY, RVNBTC
2025-05-14 11:17:57,608 - deteccion - INFO - Precios: 4007362.0, 0.528, 1.4e-07
2025-05-14 11:17:57,608 - deteccion - INFO - Factores: 4007362.0, 1.8939393939393938, 1.4e-07
2025-05-14 11:17:57,608 - deteccion - INFO - Rentabilidad Bruta: 6.255811%
2025-05-14 11:17:57,612 - deteccion - INFO - Oportunidad encontrada (A->B->C->A): BTC -> USDT -> RVN -> BTC
2025-05-14 11:17:57,612 - deteccion - INFO - Pares: BTCUSDT, RVNUSDT, RVNBTC
2025-05-14 11:17:57,613 - deteccion - INFO - Precios: 103320.0, 0.01362, 1.4e-07
2025-05-14 11:17:57,613 - deteccion - INFO - Factores: 103320.0, 73.42143906020559, 1.4e-07
2025-05-14 11:17:57,613 - deteccion - INFO - Rentabilidad Bruta: 6.202643%
2025-05-14 11:17:58,204 - deteccion - INFO - Oportunidad encontrada (A->C->B->A): EGLD -> RON -> USDC -> EGLD
2025-05-14 11:17:58,204 - deteccion - INFO - Pares: EGLDRON, USDCRON, EGLDUSDC
2025-05-14 11:17:58,205 - deteccion - INFO - Precios: 97.8, 4.535, 20.43
2025-05-14 11:17:58,205 - deteccion - INFO - Factores: 97.8, 0.2205071664829107, 0.048947626040137054
2025-05-14 11:17:58,205 - deteccion - INFO - Rentabilidad Bruta: 5.558497%
2025-05-14 11:17:58,494 - deteccion - INFO - Oportunidad encontrada (A->C->B->A): T -> TUSD -> USDT -> T
2025-05-14 11:17:58,494 - deteccion - INFO - Pares: TUSDT, TUSDUSDT, TUSDT
2025-05-14 11:17:58,495 - deteccion - INFO - Precios: 0.01861, 0.9982, 0.01861
2025-05-14 11:17:58,495 - deteccion - INFO - Factores: 53.7345513164965, 0.9982, 53.7345513164965
2025-05-14 11:17:58,495 - deteccion - INFO - Rentabilidad Bruta: 288120.468158%
2025-05-14 11:17:59,790 - deteccion - INFO - Detección de oportunidades finalizada. Oportunidades encontradas: 5
2025-05-14 23:17:07,881 - deteccion - INFO - Iniciando script de detección de oportunidades...
2025-05-14 23:17:07,882 - deteccion - INFO - Iniciando detección de oportunidades triangulares para webhook...
2025-05-14 23:17:07,882 - deteccion - INFO - Fetching market data (symbols and tickers)...
2025-05-14 23:17:45,258 - deteccion - INFO - Obtenidos 1426 símbolos y 3101 tickers.
2025-05-14 23:17:45,258 - deteccion - INFO - Finding triangular opportunities...
2025-05-14 23:17:45,260 - deteccion - INFO - Identified 411 unique coins.
2025-05-14 23:17:45,335 - deteccion - INFO - Oportunidad encontrada (A->B->C->A): ROSE -> TRY -> BTC -> ROSE
2025-05-14 23:17:45,336 - deteccion - INFO - Pares: ROSETRY, BTCTRY, ROSEBTC
2025-05-14 23:17:45,336 - deteccion - INFO - Precios: 1.53, 3995647.0, 3.8e-07
2025-05-14 23:17:45,336 - deteccion - INFO - Factores: 1.53, 2.50272358894567e-07, 2631578.947368421
2025-05-14 23:17:45,336 - deteccion - INFO - Rentabilidad Bruta: 0.767555%
2025-05-14 23:17:45,339 - deteccion - INFO - Oportunidad encontrada (A->B->C->A): ROSE -> USDT -> BTC -> ROSE
2025-05-14 23:17:45,340 - deteccion - INFO - Pares: ROSEUSDT, BTCUSDT, ROSEBTC
2025-05-14 23:17:45,340 - deteccion - INFO - Precios: 0.03941, 102935.65, 3.8e-07
2025-05-14 23:17:45,340 - deteccion - INFO - Factores: 0.03941, 9.714807260652651e-06, 2631578.947368421
2025-05-14 23:17:45,340 - deteccion - INFO - Rentabilidad Bruta: 0.752777%
2025-05-14 23:17:45,572 - deteccion - INFO - Oportunidad encontrada (A->B->C->A): NIL -> USDC -> FDUSD -> NIL
2025-05-14 23:17:45,572 - deteccion - INFO - Pares: NILUSDC, FDUSDUSDC, NILFDUSD
2025-05-14 23:17:45,572 - deteccion - INFO - Precios: 0.469, 0.9985, 0.466
2025-05-14 23:17:45,573 - deteccion - INFO - Factores: 0.469, 1.0015022533800702, 2.1459227467811157
2025-05-14 23:17:45,573 - deteccion - INFO - Rentabilidad Bruta: 0.794969%
2025-05-14 23:17:45,585 - deteccion - INFO - Oportunidad encontrada (A->B->C->A): NIL -> TRY -> FDUSD -> NIL
2025-05-14 23:17:45,585 - deteccion - INFO - Pares: NILTRY, FDUSDTRY, NILFDUSD
2025-05-14 23:17:45,585 - deteccion - INFO - Precios: 18.25, 38.75, 0.466
2025-05-14 23:17:45,586 - deteccion - INFO - Factores: 18.25, 0.025806451612903226, 2.1459227467811157
2025-05-14 23:17:45,586 - deteccion - INFO - Rentabilidad Bruta: 1.066039%
2025-05-14 23:17:45,589 - deteccion - INFO - Oportunidad encontrada (A->B->C->A): NIL -> USDT -> FDUSD -> NIL
2025-05-14 23:17:45,590 - deteccion - INFO - Pares: NILUSDT, FDUSDUSDT, NILFDUSD
2025-05-14 23:17:45,590 - deteccion - INFO - Precios: 0.47, 0.9984, 0.466
2025-05-14 23:17:45,590 - deteccion - INFO - Factores: 0.47, 1.001602564102564, 2.1459227467811157
2025-05-14 23:17:45,590 - deteccion - INFO - Rentabilidad Bruta: 1.020001%
2025-05-14 23:17:45,595 - deteccion - INFO - Oportunidad encontrada (A->B->C->A): NIL -> BNB -> FDUSD -> NIL
2025-05-14 23:17:45,595 - deteccion - INFO - Pares: NILBNB, BNBFDUSD, NILFDUSD
2025-05-14 23:17:45,596 - deteccion - INFO - Precios: 0.0007208, 650.17, 0.466
2025-05-14 23:17:45,596 - deteccion - INFO - Factores: 0.0007208, 650.17, 2.1459227467811157
2025-05-14 23:17:45,596 - deteccion - INFO - Rentabilidad Bruta: 0.567068%
2025-05-14 23:17:45,602 - deteccion - INFO - Oportunidad encontrada (A->C->B->A): CHZ -> BNB -> USDC -> CHZ
2025-05-14 23:17:45,602 - deteccion - INFO - Pares: CHZBNB, BNBUSDC, CHZUSDC
2025-05-14 23:17:45,602 - deteccion - INFO - Precios: 7.34e-05, 649.31, 0.04729
2025-05-14 23:17:45,602 - deteccion - INFO - Factores: 7.34e-05, 649.31, 21.14611968703743
2025-05-14 23:17:45,602 - deteccion - INFO - Rentabilidad Bruta: 0.781040%
2025-05-14 23:17:45,614 - deteccion - INFO - Oportunidad encontrada (A->C->B->A): CHZ -> BNB -> TRY -> CHZ
2025-05-14 23:17:45,615 - deteccion - INFO - Pares: CHZBNB, BNBTRY, CHZTRY
2025-05-14 23:17:45,615 - deteccion - INFO - Precios: 7.34e-05, 25196.0, 1.833
2025-05-14 23:17:45,615 - deteccion - INFO - Factores: 7.34e-05, 25196.0, 0.5455537370430987
2025-05-14 23:17:45,615 - deteccion - INFO - Rentabilidad Bruta: 0.893966%
2025-05-14 23:17:45,621 - deteccion - INFO - Oportunidad encontrada (A->C->B->A): CHZ -> BNB -> USDT -> CHZ
2025-05-14 23:17:45,621 - deteccion - INFO - Pares: CHZBNB, BNBUSDT, CHZUSDT
2025-05-14 23:17:45,621 - deteccion - INFO - Precios: 7.34e-05, 649.17, 0.0473
2025-05-14 23:17:45,621 - deteccion - INFO - Factores: 7.34e-05, 649.17, 21.14164904862579
2025-05-14 23:17:45,622 - deteccion - INFO - Rentabilidad Bruta: 0.738008%
2025-05-14 23:17:45,627 - deteccion - INFO - Oportunidad encontrada (A->C->B->A): CHZ -> BNB -> BTC -> CHZ
2025-05-14 23:17:45,628 - deteccion - INFO - Pares: CHZBNB, BNBBTC, CHZBTC
2025-05-14 23:17:45,628 - deteccion - INFO - Precios: 7.34e-05, 0.006306, 4.6e-07
2025-05-14 23:17:45,628 - deteccion - INFO - Factores: 7.34e-05, 0.006306, 2173913.0434782607
2025-05-14 23:17:45,629 - deteccion - INFO - Rentabilidad Bruta: 0.621826%
2025-05-14 23:17:45,723 - deteccion - INFO - Oportunidad encontrada (A->B->C->A): BOME -> USDC -> EUR -> BOME
2025-05-14 23:17:45,723 - deteccion - INFO - Pares: BOMEUSDC, EURUSDC, BOMEEUR
2025-05-14 23:17:45,723 - deteccion - INFO - Precios: 0.002772, 1.1192, 0.00246
2025-05-14 23:17:45,723 - deteccion - INFO - Factores: 0.002772, 0.8934953538241601, 406.5040650406504
2025-05-14 23:17:45,723 - deteccion - INFO - Rentabilidad Bruta: 0.681672%
2025-05-14 23:17:45,727 - deteccion - INFO - Oportunidad encontrada (A->C->B->A): BOME -> USDT -> EUR -> BOME
2025-05-14 23:17:45,727 - deteccion - INFO - Pares: BOMEUSDT, EURUSDT, BOMEEUR
2025-05-14 23:17:45,727 - deteccion - INFO - Precios: 0.002775, 1.119, 0.00246
2025-05-14 23:17:45,727 - deteccion - INFO - Factores: 0.002775, 0.8936550491510277, 406.5040650406504
2025-05-14 23:17:45,728 - deteccion - INFO - Rentabilidad Bruta: 0.808649%
2025-05-14 23:17:45,915 - deteccion - INFO - Oportunidad encontrada (A->B->C->A): BB -> USDC -> BTC -> BB
2025-05-14 23:17:45,915 - deteccion - INFO - Pares: BBUSDC, BTCUSDC, BBBTC
2025-05-14 23:17:45,915 - deteccion - INFO - Precios: 0.1647, 102954.0, 1.59e-06
2025-05-14 23:17:45,916 - deteccion - INFO - Factores: 0.1647, 9.71307574256464e-06, 628930.8176100629
2025-05-14 23:17:45,916 - deteccion - INFO - Rentabilidad Bruta: 0.612803%
2025-05-14 23:17:45,927 - deteccion - INFO - Oportunidad encontrada (A->B->C->A): BB -> TRY -> BTC -> BB
2025-05-14 23:17:45,927 - deteccion - INFO - Pares: BBTRY, BTCTRY, BBBTC
2025-05-14 23:17:45,927 - deteccion - INFO - Precios: 6.394, 3995647.0, 1.59e-06
2025-05-14 23:17:45,927 - deteccion - INFO - Factores: 6.394, 2.50272358894567e-07, 628930.8176100629
2025-05-14 23:17:45,927 - deteccion - INFO - Rentabilidad Bruta: 0.644117%
2025-05-14 23:17:45,930 - deteccion - INFO - Oportunidad encontrada (A->B->C->A): BB -> USDT -> BTC -> BB
2025-05-14 23:17:45,930 - deteccion - INFO - Pares: BBUSDT, BTCUSDT, BBBTC
2025-05-14 23:17:45,930 - deteccion - INFO - Precios: 0.1648, 102935.65, 1.59e-06
2025-05-14 23:17:45,931 - deteccion - INFO - Factores: 0.1648, 9.714807260652651e-06, 628930.8176100629
2025-05-14 23:17:45,931 - deteccion - INFO - Rentabilidad Bruta: 0.691839%
2025-05-14 23:17:45,935 - deteccion - INFO - Oportunidad encontrada (A->C->B->A): BB -> BNB -> BTC -> BB
2025-05-14 23:17:45,935 - deteccion - INFO - Pares: BBBNB, BNBBTC, BBBTC
2025-05-14 23:17:45,935 - deteccion - INFO - Precios: 0.0002536, 0.006306, 1.59e-06
2025-05-14 23:17:45,935 - deteccion - INFO - Factores: 0.0002536, 0.006306, 628930.8176100629
2025-05-14 23:17:45,935 - deteccion - INFO - Rentabilidad Bruta: 0.578717%
2025-05-14 23:17:45,935 - deteccion - INFO - Oportunidad encontrada (A->C->B->A): BB -> FDUSD -> BTC -> BB
2025-05-14 23:17:45,936 - deteccion - INFO - Pares: BBFDUSD, BTCFDUSD, BBBTC
2025-05-14 23:17:45,936 - deteccion - INFO - Precios: 0.1657, 103091.25, 1.59e-06
2025-05-14 23:17:45,936 - deteccion - INFO - Factores: 0.1657, 9.700144289646309e-06, 628930.8176100629
2025-05-14 23:17:45,936 - deteccion - INFO - Rentabilidad Bruta: 1.088925%
2025-05-14 23:17:45,974 - deteccion - INFO - Oportunidad encontrada (A->B->C->A): BTTC -> TRY -> USDT -> BTTC
2025-05-14 23:17:45,974 - deteccion - INFO - Pares: BTTCTRY, USDTTRY, BTTCUSDT
2025-05-14 23:17:45,975 - deteccion - INFO - Precios: 3.1e-05, 38.82, 7.9e-07
2025-05-14 23:17:45,975 - deteccion - INFO - Factores: 3.1e-05, 0.02575991756826378, 1265822.7848101268
2025-05-14 23:17:45,975 - deteccion - INFO - Rentabilidad Bruta: 1.083221%
2025-05-14 23:17:45,998 - deteccion - INFO - Oportunidad encontrada (A->C->B->A): LISTA -> FDUSD -> TRY -> LISTA
2025-05-14 23:17:45,998 - deteccion - INFO - Pares: LISTAFDUSD, FDUSDTRY, LISTATRY
2025-05-14 23:17:45,998 - deteccion - INFO - Precios: 0.2113, 38.75, 8.14
2025-05-14 23:17:45,998 - deteccion - INFO - Factores: 0.2113, 38.75, 0.12285012285012284
2025-05-14 23:17:45,998 - deteccion - INFO - Rentabilidad Bruta: 0.588145%
2025-05-14 23:17:46,001 - deteccion - INFO - Oportunidad encontrada (A->C->B->A): LISTA -> FDUSD -> USDT -> LISTA
2025-05-14 23:17:46,001 - deteccion - INFO - Pares: LISTAFDUSD, FDUSDUSDT, LISTAUSDT
2025-05-14 23:17:46,002 - deteccion - INFO - Precios: 0.2113, 0.9984, 0.2096
2025-05-14 23:17:46,002 - deteccion - INFO - Factores: 0.2113, 0.9984, 4.770992366412213
2025-05-14 23:17:46,002 - deteccion - INFO - Rentabilidad Bruta: 0.649771%
2025-05-14 23:17:46,032 - deteccion - INFO - Oportunidad encontrada (A->C->B->A): MKR -> TRY -> USDC -> MKR
2025-05-14 23:17:46,032 - deteccion - INFO - Pares: MKRTRY, USDCTRY, MKRUSDC
2025-05-14 23:17:46,032 - deteccion - INFO - Precios: 72830.0, 38.81, 1866.0
2025-05-14 23:17:46,032 - deteccion - INFO - Factores: 72830.0, 0.025766555011594947, 0.0005359056806002144
2025-05-14 23:17:46,032 - deteccion - INFO - Rentabilidad Bruta: 0.566892%
2025-05-14 23:17:46,044 - deteccion - INFO - Oportunidad encontrada (A->B->C->A): MKR -> TRY -> USDT -> MKR
2025-05-14 23:17:46,044 - deteccion - INFO - Pares: MKRTRY, USDTTRY, MKRUSDT
2025-05-14 23:17:46,044 - deteccion - INFO - Precios: 72830.0, 38.82, 1863.0
2025-05-14 23:17:46,044 - deteccion - INFO - Factores: 72830.0, 0.02575991756826378, 0.0005367686527106817
2025-05-14 23:17:46,044 - deteccion - INFO - Rentabilidad Bruta: 0.702888%
2025-05-14 23:17:46,044 - deteccion - INFO - Oportunidad encontrada (A->B->C->A): MKR -> TRY -> BTC -> MKR
2025-05-14 23:17:46,044 - deteccion - INFO - Pares: MKRTRY, BTCTRY, MKRBTC
2025-05-14 23:17:46,044 - deteccion - INFO - Precios: 72830.0, 3995647.0, 0.0181
2025-05-14 23:17:46,045 - deteccion - INFO - Factores: 72830.0, 2.50272358894567e-07, 55.24861878453038
2025-05-14 23:17:46,045 - deteccion - INFO - Rentabilidad Bruta: 0.703513%
2025-05-14 23:17:46,121 - deteccion - INFO - Oportunidad encontrada (A->B->C->A): HEI -> USDC -> BTC -> HEI
2025-05-14 23:17:46,121 - deteccion - INFO - Pares: HEIUSDC, BTCUSDC, HEIBTC
2025-05-14 23:17:46,121 - deteccion - INFO - Precios: 0.3547, 102954.0, 3.4e-06
2025-05-14 23:17:46,122 - deteccion - INFO - Factores: 0.3547, 9.71307574256464e-06, 294117.64705882355
2025-05-14 23:17:46,122 - deteccion - INFO - Rentabilidad Bruta: 1.330234%
2025-05-14 23:17:46,136 - deteccion - INFO - Oportunidad encontrada (A->B->C->A): HEI -> USDT -> BTC -> HEI
2025-05-14 23:17:46,136 - deteccion - INFO - Pares: HEIUSDT, BTCUSDT, HEIBTC
2025-05-14 23:17:46,137 - deteccion - INFO - Precios: 0.3546, 102935.65, 3.4e-06
2025-05-14 23:17:46,137 - deteccion - INFO - Factores: 0.3546, 9.714807260652651e-06, 294117.64705882355
2025-05-14 23:17:46,137 - deteccion - INFO - Rentabilidad Bruta: 1.319725%
2025-05-14 23:17:46,240 - deteccion - INFO - Oportunidad encontrada (A->C->B->A): ZIL -> BTC -> ETH -> ZIL
2025-05-14 23:17:46,240 - deteccion - INFO - Pares: ZILBTC, ETHBTC, ZILETH
2025-05-14 23:17:46,241 - deteccion - INFO - Precios: 1.4e-07, 0.02514, 5.45e-06
2025-05-14 23:17:46,241 - deteccion - INFO - Factores: 1.4e-07, 39.77724741447892, 183486.2385321101
2025-05-14 23:17:46,241 - deteccion - INFO - Rentabilidad Bruta: 2.180085%
2025-05-14 23:17:46,244 - deteccion - INFO - Oportunidad encontrada (A->C->B->A): ZIL -> BTC -> TRY -> ZIL
2025-05-14 23:17:46,244 - deteccion - INFO - Pares: ZILBTC, BTCTRY, ZILTRY
2025-05-14 23:17:46,244 - deteccion - INFO - Precios: 1.4e-07, 3995647.0, 0.5469
2025-05-14 23:17:46,244 - deteccion - INFO - Factores: 1.4e-07, 3995647.0, 1.8284878405558602
2025-05-14 23:17:46,244 - deteccion - INFO - Rentabilidad Bruta: 2.283887%
2025-05-14 23:17:46,248 - deteccion - INFO - Oportunidad encontrada (A->C->B->A): ZIL -> BTC -> USDT -> ZIL
2025-05-14 23:17:46,248 - deteccion - INFO - Pares: ZILBTC, BTCUSDT, ZILUSDT
2025-05-14 23:17:46,248 - deteccion - INFO - Precios: 1.4e-07, 102935.65, 0.01408
2025-05-14 23:17:46,248 - deteccion - INFO - Factores: 1.4e-07, 102935.65, 71.02272727272727
2025-05-14 23:17:46,249 - deteccion - INFO - Rentabilidad Bruta: 2.350788%
2025-05-14 23:17:46,256 - deteccion - INFO - Oportunidad encontrada (A->C->B->A): ZRO -> FDUSD -> USDC -> ZRO
2025-05-14 23:17:46,256 - deteccion - INFO - Pares: ZROFDUSD, FDUSDUSDC, ZROUSDC
2025-05-14 23:17:46,256 - deteccion - INFO - Precios: 3.1, 0.9985, 3.07
2025-05-14 23:17:46,256 - deteccion - INFO - Factores: 3.1, 0.9985, 0.32573289902280134
2025-05-14 23:17:46,256 - deteccion - INFO - Rentabilidad Bruta: 0.825733%
2025-05-14 23:17:46,268 - deteccion - INFO - Oportunidad encontrada (A->C->B->A): ZRO -> FDUSD -> TRY -> ZRO
2025-05-14 23:17:46,268 - deteccion - INFO - Pares: ZROFDUSD, FDUSDTRY, ZROTRY
2025-05-14 23:17:46,268 - deteccion - INFO - Precios: 3.1, 38.75, 119.0
2025-05-14 23:17:46,268 - deteccion - INFO - Factores: 3.1, 38.75, 0.008403361344537815
2025-05-14 23:17:46,268 - deteccion - INFO - Rentabilidad Bruta: 0.945378%
2025-05-14 23:17:46,271 - deteccion - INFO - Oportunidad encontrada (A->C->B->A): ZRO -> FDUSD -> USDT -> ZRO
2025-05-14 23:17:46,272 - deteccion - INFO - Pares: ZROFDUSD, FDUSDUSDT, ZROUSDT
2025-05-14 23:17:46,272 - deteccion - INFO - Precios: 3.1, 0.9984, 3.07
2025-05-14 23:17:46,272 - deteccion - INFO - Factores: 3.1, 0.9984, 0.32573289902280134
2025-05-14 23:17:46,272 - deteccion - INFO - Rentabilidad Bruta: 0.815635%
2025-05-14 23:17:46,275 - deteccion - INFO - Oportunidad encontrada (A->C->B->A): ZRO -> FDUSD -> BTC -> ZRO
2025-05-14 23:17:46,276 - deteccion - INFO - Pares: ZROFDUSD, BTCFDUSD, ZROBTC
2025-05-14 23:17:46,276 - deteccion - INFO - Precios: 3.1, 103091.25, 2.985e-05
2025-05-14 23:17:46,276 - deteccion - INFO - Factores: 3.1, 9.700144289646309e-06, 33500.837520938025
2025-05-14 23:17:46,276 - deteccion - INFO - Rentabilidad Bruta: 0.738517%
2025-05-14 23:17:46,321 - deteccion - INFO - Oportunidad encontrada (A->B->C->A): KAITO -> USDC -> BNB -> KAITO
2025-05-14 23:17:46,321 - deteccion - INFO - Pares: KAITOUSDC, BNBUSDC, KAITOBNB
2025-05-14 23:17:46,321 - deteccion - INFO - Precios: 1.9377, 649.31, 0.0029662
2025-05-14 23:17:46,321 - deteccion - INFO - Factores: 1.9377, 0.0015400964100352682, 337.13168363562806
2025-05-14 23:17:46,321 - deteccion - INFO - Rentabilidad Bruta: 0.608348%
2025-05-14 23:17:46,333 - deteccion - INFO - Oportunidad encontrada (A->B->C->A): KAITO -> TRY -> BNB -> KAITO
2025-05-14 23:17:46,333 - deteccion - INFO - Pares: KAITOTRY, BNBTRY, KAITOBNB
2025-05-14 23:17:46,333 - deteccion - INFO - Precios: 75.121, 25196.0, 0.0029662
2025-05-14 23:17:46,333 - deteccion - INFO - Factores: 75.121, 3.968883949833307e-05, 337.13168363562806
2025-05-14 23:17:46,333 - deteccion - INFO - Rentabilidad Bruta: 0.514642%
2025-05-14 23:17:46,336 - deteccion - INFO - Oportunidad encontrada (A->B->C->A): KAITO -> USDT -> BNB -> KAITO
2025-05-14 23:17:46,337 - deteccion - INFO - Pares: KAITOUSDT, BNBUSDT, KAITOBNB
2025-05-14 23:17:46,337 - deteccion - INFO - Precios: 1.9372, 649.17, 0.0029662
2025-05-14 23:17:46,337 - deteccion - INFO - Factores: 1.9372, 0.0015404285472218372, 337.13168363562806
2025-05-14 23:17:46,337 - deteccion - INFO - Rentabilidad Bruta: 0.604079%
2025-05-14 23:17:46,342 - deteccion - INFO - Oportunidad encontrada (A->C->B->A): KAITO -> FDUSD -> BNB -> KAITO
2025-05-14 23:17:46,342 - deteccion - INFO - Pares: KAITOFDUSD, BNBFDUSD, KAITOBNB
2025-05-14 23:17:46,342 - deteccion - INFO - Precios: 1.9441, 650.17, 0.0029662
2025-05-14 23:17:46,342 - deteccion - INFO - Factores: 1.9441, 0.0015380592768045281, 337.13168363562806
2025-05-14 23:17:46,342 - deteccion - INFO - Rentabilidad Bruta: 0.807128%
2025-05-14 23:17:46,364 - deteccion - INFO - Oportunidad encontrada (A->C->B->A): SHELL -> BNB -> USDC -> SHELL
2025-05-14 23:17:46,365 - deteccion - INFO - Pares: SHELLBNB, BNBUSDC, SHELLUSDC
2025-05-14 23:17:46,365 - deteccion - INFO - Precios: 0.0003536, 649.31, 0.2283
2025-05-14 23:17:46,365 - deteccion - INFO - Factores: 0.0003536, 649.31, 4.380201489268506
2025-05-14 23:17:46,365 - deteccion - INFO - Rentabilidad Bruta: 0.567681%
2025-05-14 23:17:46,377 - deteccion - INFO - Oportunidad encontrada (A->C->B->A): SHELL -> BNB -> TRY -> SHELL
2025-05-14 23:17:46,377 - deteccion - INFO - Pares: SHELLBNB, BNBTRY, SHELLTRY
2025-05-14 23:17:46,377 - deteccion - INFO - Precios: 0.0003536, 25196.0, 8.85
2025-05-14 23:17:46,377 - deteccion - INFO - Factores: 0.0003536, 25196.0, 0.11299435028248588
2025-05-14 23:17:46,377 - deteccion - INFO - Rentabilidad Bruta: 0.670120%
2025-05-14 23:17:46,380 - deteccion - INFO - Oportunidad encontrada (A->C->B->A): SHELL -> BNB -> USDT -> SHELL
2025-05-14 23:17:46,381 - deteccion - INFO - Pares: SHELLBNB, BNBUSDT, SHELLUSDT
2025-05-14 23:17:46,381 - deteccion - INFO - Precios: 0.0003536, 649.17, 0.2282
2025-05-14 23:17:46,381 - deteccion - INFO - Factores: 0.0003536, 649.17, 4.382120946538125
2025-05-14 23:17:46,381 - deteccion - INFO - Rentabilidad Bruta: 0.590058%
2025-05-14 23:17:46,387 - deteccion - INFO - Oportunidad encontrada (A->B->C->A): SHELL -> BNB -> FDUSD -> SHELL
2025-05-14 23:17:46,387 - deteccion - INFO - Pares: SHELLBNB, BNBFDUSD, SHELLFDUSD
2025-05-14 23:17:46,387 - deteccion - INFO - Precios: 0.0003536, 650.17, 0.2285
2025-05-14 23:17:46,387 - deteccion - INFO - Factores: 0.0003536, 650.17, 4.3763676148796495
2025-05-14 23:17:46,387 - deteccion - INFO - Rentabilidad Bruta: 0.612740%
2025-05-14 23:17:46,404 - deteccion - INFO - Oportunidad encontrada (A->C->B->A): LTO -> BTC -> USDT -> LTO
2025-05-14 23:17:46,404 - deteccion - INFO - Pares: LTOBTC, BTCUSDT, LTOUSDT
2025-05-14 23:17:46,404 - deteccion - INFO - Precios: 4.2e-07, 102935.65, 0.0425
2025-05-14 23:17:46,404 - deteccion - INFO - Factores: 4.2e-07, 102935.65, 23.52941176470588
2025-05-14 23:17:46,404 - deteccion - INFO - Rentabilidad Bruta: 1.724642%
2025-05-14 23:17:46,412 - deteccion - INFO - Oportunidad encontrada (A->B->C->A): USDC -> CATI -> USDT -> USDC
2025-05-14 23:17:46,412 - deteccion - INFO - Pares: CATIUSDC, CATIUSDT, USDCUSDT
2025-05-14 23:17:46,412 - deteccion - INFO - Precios: 0.1304, 0.1311, 0.9998
2025-05-14 23:17:46,412 - deteccion - INFO - Factores: 7.668711656441719, 0.1311, 1.0002000400080016
2025-05-14 23:17:46,412 - deteccion - INFO - Rentabilidad Bruta: 0.556921%
2025-05-14 23:17:46,413 - deteccion - INFO - Oportunidad encontrada (A->C->B->A): USDC -> BNB -> INIT -> USDC
2025-05-14 23:17:46,413 - deteccion - INFO - Pares: BNBUSDC, INITBNB, INITUSDC
2025-05-14 23:17:46,413 - deteccion - INFO - Precios: 649.31, 0.00172, 1.1245
2025-05-14 23:17:46,413 - deteccion - INFO - Factores: 0.0015400964100352682, 581.3953488372093, 1.1245
2025-05-14 23:17:46,414 - deteccion - INFO - Rentabilidad Bruta: 0.688280%
2025-05-14 23:17:46,414 - deteccion - INFO - Oportunidad encontrada (A->C->B->A): USDC -> BNB -> SXT -> USDC
2025-05-14 23:17:46,414 - deteccion - INFO - Pares: BNBUSDC, SXTBNB, SXTUSDC
2025-05-14 23:17:46,415 - deteccion - INFO - Precios: 649.31, 0.00022026, 0.144
2025-05-14 23:17:46,415 - deteccion - INFO - Factores: 0.0015400964100352682, 4540.088985744121, 0.144
2025-05-14 23:17:46,415 - deteccion - INFO - Rentabilidad Bruta: 0.687316%
2025-05-14 23:17:46,416 - deteccion - INFO - Oportunidad encontrada (A->B->C->A): USDC -> BERA -> BNB -> USDC
2025-05-14 23:17:46,416 - deteccion - INFO - Pares: BERAUSDC, BERABNB, BNBUSDC
2025-05-14 23:17:46,416 - deteccion - INFO - Precios: 3.703, 0.005735, 649.31
2025-05-14 23:17:46,416 - deteccion - INFO - Factores: 0.2700513097488523, 0.005735, 649.31
2025-05-14 23:17:46,417 - deteccion - INFO - Rentabilidad Bruta: 0.561514%
2025-05-14 23:17:46,418 - deteccion - INFO - Oportunidad encontrada (A->C->B->A): USDC -> BTC -> PEOPLE -> USDC
2025-05-14 23:17:46,418 - deteccion - INFO - Pares: BTCUSDC, PEOPLEBTC, PEOPLEUSDC
2025-05-14 23:17:46,418 - deteccion - INFO - Precios: 102954.0, 3.5e-07, 0.03663
2025-05-14 23:17:46,418 - deteccion - INFO - Factores: 9.71307574256464e-06, 2857142.8571428573, 0.03663
2025-05-14 23:17:46,418 - deteccion - INFO - Rentabilidad Bruta: 1.654276%
2025-05-14 23:17:46,419 - deteccion - INFO - Oportunidad encontrada (A->C->B->A): USDC -> USDT -> TUT -> USDC
2025-05-14 23:17:46,420 - deteccion - INFO - Pares: USDCUSDT, TUTUSDT, TUTUSDC
2025-05-14 23:17:46,420 - deteccion - INFO - Precios: 0.9998, 0.03037, 0.03053
2025-05-14 23:17:46,420 - deteccion - INFO - Factores: 0.9998, 32.927230819888045, 0.03053
2025-05-14 23:17:46,420 - deteccion - INFO - Rentabilidad Bruta: 0.506730%
2025-05-14 23:17:46,420 - deteccion - INFO - Oportunidad encontrada (A->C->B->A): USDC -> BTC -> ENJ -> USDC
2025-05-14 23:17:46,420 - deteccion - INFO - Pares: BTCUSDC, ENJBTC, ENJUSDC
2025-05-14 23:17:46,421 - deteccion - INFO - Precios: 102954.0, 9e-07, 0.094
2025-05-14 23:17:46,421 - deteccion - INFO - Factores: 9.71307574256464e-06, 1111111.1111111112, 0.094
2025-05-14 23:17:46,421 - deteccion - INFO - Rentabilidad Bruta: 1.447680%
2025-05-14 23:17:46,422 - deteccion - INFO - Oportunidad encontrada (A->C->B->A): USDC -> FDUSD -> ENS -> USDC
2025-05-14 23:17:46,422 - deteccion - INFO - Pares: FDUSDUSDC, ENSFDUSD, ENSUSDC
2025-05-14 23:17:46,422 - deteccion - INFO - Precios: 0.9985, 23.14, 23.38
2025-05-14 23:17:46,422 - deteccion - INFO - Factores: 1.0015022533800702, 0.043215211754537596, 23.38
2025-05-14 23:17:46,422 - deteccion - INFO - Rentabilidad Bruta: 1.188949%
2025-05-14 23:17:46,423 - deteccion - INFO - Oportunidad encontrada (A->B->C->A): USDC -> STO -> BNB -> USDC
2025-05-14 23:17:46,423 - deteccion - INFO - Pares: STOUSDC, STOBNB, BNBUSDC
2025-05-14 23:17:46,423 - deteccion - INFO - Precios: 0.123, 0.00019071, 649.31
2025-05-14 23:17:46,423 - deteccion - INFO - Factores: 8.130081300813009, 0.00019071, 649.31
2025-05-14 23:17:46,423 - deteccion - INFO - Rentabilidad Bruta: 0.674724%
2025-05-14 23:17:46,424 - deteccion - INFO - Oportunidad encontrada (A->B->C->A): USDC -> ZK -> BTC -> USDC
2025-05-14 23:17:46,424 - deteccion - INFO - Pares: ZKUSDC, ZKBTC, BTCUSDC
2025-05-14 23:17:46,424 - deteccion - INFO - Precios: 0.0723, 7.1e-07, 102954.0
2025-05-14 23:17:46,424 - deteccion - INFO - Factores: 13.831258644536652, 7.1e-07, 102954.0
2025-05-14 23:17:46,424 - deteccion - INFO - Rentabilidad Bruta: 1.102822%
2025-05-14 23:17:46,426 - deteccion - INFO - Oportunidad encontrada (A->B->C->A): USDC -> IOTA -> ETH -> USDC
2025-05-14 23:17:46,427 - deteccion - INFO - Pares: IOTAUSDC, IOTAETH, ETHUSDC
2025-05-14 23:17:46,427 - deteccion - INFO - Precios: 0.2374, 9.227e-05, 2588.61
2025-05-14 23:17:46,427 - deteccion - INFO - Factores: 4.212299915754001, 9.227e-05, 2588.61
2025-05-14 23:17:46,427 - deteccion - INFO - Rentabilidad Bruta: 0.611224%
2025-05-14 23:17:46,429 - deteccion - INFO - Oportunidad encontrada (A->B->C->A): USDC -> VET -> BTC -> USDC
2025-05-14 23:17:46,430 - deteccion - INFO - Pares: VETUSDC, VETBTC, BTCUSDC
2025-05-14 23:17:46,430 - deteccion - INFO - Precios: 0.03001, 3e-07, 102954.0
2025-05-14 23:17:46,430 - deteccion - INFO - Factores: 33.32222592469177, 3e-07, 102954.0
2025-05-14 23:17:46,430 - deteccion - INFO - Rentabilidad Bruta: 2.919693%
2025-05-14 23:17:46,431 - deteccion - INFO - Oportunidad encontrada (A->C->B->A): USDC -> BTC -> RON -> USDC
2025-05-14 23:17:46,431 - deteccion - INFO - Pares: BTCUSDC, BTCRON, USDCRON
2025-05-14 23:17:46,432 - deteccion - INFO - Precios: 102954.0, 470722.0, 4.541
2025-05-14 23:17:46,432 - deteccion - INFO - Factores: 9.71307574256464e-06, 470722.0, 0.22021581149526534
2025-05-14 23:17:46,432 - deteccion - INFO - Rentabilidad Bruta: 0.686158%
2025-05-14 23:17:46,432 - deteccion - INFO - Oportunidad encontrada (A->C->B->A): USDC -> JUV -> TRY -> USDC
2025-05-14 23:17:46,432 - deteccion - INFO - Pares: JUVUSDC, JUVTRY, USDCTRY
2025-05-14 23:17:46,432 - deteccion - INFO - Precios: 1.196, 46.68, 38.81
2025-05-14 23:17:46,432 - deteccion - INFO - Factores: 0.8361204013377926, 46.68, 0.025766555011594947
2025-05-14 23:17:46,433 - deteccion - INFO - Rentabilidad Bruta: 0.567123%
2025-05-14 23:17:46,433 - deteccion - INFO - Oportunidad encontrada (A->B->C->A): USDC -> TRY -> BLUR -> USDC
2025-05-14 23:17:46,433 - deteccion - INFO - Pares: USDCTRY, BLURTRY, BLURUSDC
2025-05-14 23:17:46,433 - deteccion - INFO - Precios: 38.81, 4.58, 0.1191
2025-05-14 23:17:46,433 - deteccion - INFO - Factores: 38.81, 0.2183406113537118, 0.1191
2025-05-14 23:17:46,433 - deteccion - INFO - Rentabilidad Bruta: 0.922948%
2025-05-14 23:17:46,433 - deteccion - INFO - Oportunidad encontrada (A->B->C->A): USDC -> TRY -> 1000CAT -> USDC
2025-05-14 23:17:46,433 - deteccion - INFO - Pares: USDCTRY, 1000CATTRY, 1000CATUSDC
2025-05-14 23:17:46,433 - deteccion - INFO - Precios: 38.81, 0.412, 0.01067
2025-05-14 23:17:46,434 - deteccion - INFO - Factores: 38.81, 2.4271844660194177, 0.01067
2025-05-14 23:17:46,434 - deteccion - INFO - Rentabilidad Bruta: 0.510364%
2025-05-14 23:17:46,434 - deteccion - INFO - Oportunidad encontrada (A->C->B->A): USDC -> PHA -> TRY -> USDC
2025-05-14 23:17:46,434 - deteccion - INFO - Pares: PHAUSDC, PHATRY, USDCTRY
2025-05-14 23:17:46,434 - deteccion - INFO - Precios: 0.1438, 5.61, 38.81
2025-05-14 23:17:46,434 - deteccion - INFO - Factores: 6.954102920723226, 5.61, 0.025766555011594947
2025-05-14 23:17:46,434 - deteccion - INFO - Rentabilidad Bruta: 0.521818%
2025-05-14 23:17:46,434 - deteccion - INFO - Oportunidad encontrada (A->B->C->A): USDC -> TRY -> CFX -> USDC
2025-05-14 23:17:46,434 - deteccion - INFO - Pares: USDCTRY, CFXTRY, CFXUSDC
2025-05-14 23:17:46,434 - deteccion - INFO - Precios: 38.81, 3.768, 0.0976
2025-05-14 23:17:46,435 - deteccion - INFO - Factores: 38.81, 0.2653927813163482, 0.0976
2025-05-14 23:17:46,435 - deteccion - INFO - Rentabilidad Bruta: 0.526964%
2025-05-14 23:17:46,435 - deteccion - INFO - Oportunidad encontrada (A->C->B->A): USDC -> UNI -> TRY -> USDC
2025-05-14 23:17:46,435 - deteccion - INFO - Pares: UNIUSDC, UNITRY, USDCTRY
2025-05-14 23:17:46,435 - deteccion - INFO - Precios: 6.653, 259.6, 38.81
2025-05-14 23:17:46,435 - deteccion - INFO - Factores: 0.15030813166992335, 259.6, 0.025766555011594947
2025-05-14 23:17:46,435 - deteccion - INFO - Rentabilidad Bruta: 0.541074%
2025-05-14 23:17:46,436 - deteccion - INFO - Oportunidad encontrada (A->B->C->A): USDC -> ACH -> BTC -> USDC
2025-05-14 23:17:46,436 - deteccion - INFO - Pares: ACHUSDC, ACHBTC, BTCUSDC
2025-05-14 23:17:46,436 - deteccion - INFO - Precios: 0.02754, 2.7e-07, 102954.0
2025-05-14 23:17:46,436 - deteccion - INFO - Factores: 36.31082062454612, 2.7e-07, 102954.0
2025-05-14 23:17:46,436 - deteccion - INFO - Rentabilidad Bruta: 0.935294%
2025-05-14 23:17:46,439 - deteccion - INFO - Oportunidad encontrada (A->B->C->A): USDC -> JUV -> USDT -> USDC
2025-05-14 23:17:46,439 - deteccion - INFO - Pares: JUVUSDC, JUVUSDT, USDCUSDT
2025-05-14 23:17:46,439 - deteccion - INFO - Precios: 1.196, 1.203, 0.9998
2025-05-14 23:17:46,439 - deteccion - INFO - Factores: 0.8361204013377926, 1.203, 1.0002000400080016
2025-05-14 23:17:46,439 - deteccion - INFO - Rentabilidad Bruta: 0.605405%
2025-05-14 23:17:46,440 - deteccion - INFO - Oportunidad encontrada (A->C->B->A): USDC -> USDT -> BLUR -> USDC
2025-05-14 23:17:46,440 - deteccion - INFO - Pares: USDCUSDT, BLURUSDT, BLURUSDC
2025-05-14 23:17:46,440 - deteccion - INFO - Precios: 0.9998, 0.1181, 0.1191
2025-05-14 23:17:46,440 - deteccion - INFO - Factores: 0.9998, 8.467400508044031, 0.1191
2025-05-14 23:17:46,440 - deteccion - INFO - Rentabilidad Bruta: 0.826571%
2025-05-14 23:17:46,440 - deteccion - INFO - Oportunidad encontrada (A->C->B->A): USDC -> RPL -> USDT -> USDC
2025-05-14 23:17:46,440 - deteccion - INFO - Pares: RPLUSDC, RPLUSDT, USDCUSDT
2025-05-14 23:17:46,440 - deteccion - INFO - Precios: 5.74, 5.78, 0.9998
2025-05-14 23:17:46,440 - deteccion - INFO - Factores: 0.17421602787456444, 5.78, 1.0002000400080016
2025-05-14 23:17:46,440 - deteccion - INFO - Rentabilidad Bruta: 0.717008%
2025-05-14 23:17:46,441 - deteccion - INFO - Oportunidad encontrada (A->C->B->A): USDC -> BNB -> PARTI -> USDC
2025-05-14 23:17:46,441 - deteccion - INFO - Pares: BNBUSDC, PARTIBNB, PARTIUSDC
2025-05-14 23:17:46,441 - deteccion - INFO - Precios: 649.31, 0.00050288, 0.3289
2025-05-14 23:17:46,441 - deteccion - INFO - Factores: 0.0015400964100352682, 1988.545975182946, 0.3289
2025-05-14 23:17:46,442 - deteccion - INFO - Rentabilidad Bruta: 0.727352%
2025-05-14 23:17:46,442 - deteccion - INFO - Oportunidad encontrada (A->B->C->A): USDC -> ENA -> BNB -> USDC
2025-05-14 23:17:46,442 - deteccion - INFO - Pares: ENAUSDC, ENABNB, BNBUSDC
2025-05-14 23:17:46,442 - deteccion - INFO - Precios: 0.4027, 0.0006235, 649.31
2025-05-14 23:17:46,442 - deteccion - INFO - Factores: 2.4832381425378696, 0.0006235, 649.31
2025-05-14 23:17:46,442 - deteccion - INFO - Rentabilidad Bruta: 0.532601%
2025-05-14 23:17:46,443 - deteccion - INFO - Oportunidad encontrada (A->B->C->A): USDC -> EGLD -> BNB -> USDC
2025-05-14 23:17:46,443 - deteccion - INFO - Pares: EGLDUSDC, EGLDBNB, BNBUSDC
2025-05-14 23:17:46,443 - deteccion - INFO - Precios: 19.9, 0.03081, 649.31
2025-05-14 23:17:46,443 - deteccion - INFO - Factores: 0.05025125628140704, 0.03081, 649.31
2025-05-14 23:17:46,443 - deteccion - INFO - Rentabilidad Bruta: 0.528850%
2025-05-14 23:17:46,444 - deteccion - INFO - Oportunidad encontrada (A->C->B->A): USDC -> BNB -> KERNEL -> USDC
2025-05-14 23:17:46,444 - deteccion - INFO - Pares: BNBUSDC, KERNELBNB, KERNELUSDC
2025-05-14 23:17:46,444 - deteccion - INFO - Precios: 649.31, 0.000258, 0.1688
2025-05-14 23:17:46,444 - deteccion - INFO - Factores: 0.0015400964100352682, 3875.9689922480625, 0.1688
2025-05-14 23:17:46,444 - deteccion - INFO - Rentabilidad Bruta: 0.762897%
2025-05-14 23:17:46,444 - deteccion - INFO - Oportunidad encontrada (A->B->C->A): USDC -> RARE -> BTC -> USDC
2025-05-14 23:17:46,444 - deteccion - INFO - Pares: RAREUSDC, RAREBTC, BTCUSDC
2025-05-14 23:17:46,444 - deteccion - INFO - Precios: 0.0727, 7.1e-07, 102954.0
2025-05-14 23:17:46,445 - deteccion - INFO - Factores: 13.75515818431912, 7.1e-07, 102954.0
2025-05-14 23:17:46,445 - deteccion - INFO - Rentabilidad Bruta: 0.546547%
2025-05-14 23:17:46,445 - deteccion - INFO - Oportunidad encontrada (A->C->B->A): USDC -> FDUSD -> 1000CAT -> USDC
2025-05-14 23:17:46,445 - deteccion - INFO - Pares: FDUSDUSDC, 1000CATFDUSD, 1000CATUSDC
2025-05-14 23:17:46,445 - deteccion - INFO - Precios: 0.9985, 0.01063, 0.01067
2025-05-14 23:17:46,445 - deteccion - INFO - Factores: 1.0015022533800702, 94.0733772342427, 0.01067
2025-05-14 23:17:46,446 - deteccion - INFO - Rentabilidad Bruta: 0.527084%
2025-05-14 23:17:46,446 - deteccion - INFO - Oportunidad encontrada (A->B->C->A): USDC -> ARKM -> BNB -> USDC
2025-05-14 23:17:46,446 - deteccion - INFO - Pares: ARKMUSDC, ARKMBNB, BNBUSDC
2025-05-14 23:17:46,446 - deteccion - INFO - Precios: 0.732, 0.001174, 649.31
2025-05-14 23:17:46,446 - deteccion - INFO - Factores: 1.366120218579235, 0.001174, 649.31
2025-05-14 23:17:46,447 - deteccion - INFO - Rentabilidad Bruta: 4.137970%
2025-05-14 23:17:46,448 - deteccion - INFO - Oportunidad encontrada (A->B->C->A): USDC -> GUN -> BNB -> USDC
2025-05-14 23:17:46,448 - deteccion - INFO - Pares: GUNUSDC, GUNBNB, BNBUSDC
2025-05-14 23:17:46,448 - deteccion - INFO - Precios: 0.06297, 9.873e-05, 649.31
2025-05-14 23:17:46,448 - deteccion - INFO - Factores: 15.88057805304113, 9.873e-05, 649.31
2025-05-14 23:17:46,449 - deteccion - INFO - Rentabilidad Bruta: 1.804631%
2025-05-14 23:17:46,449 - deteccion - INFO - Oportunidad encontrada (A->C->B->A): USDC -> GALA -> BTC -> USDC
2025-05-14 23:17:46,449 - deteccion - INFO - Pares: GALAUSDC, GALABTC, BTCUSDC
2025-05-14 23:17:46,449 - deteccion - INFO - Precios: 0.02138, 2.1e-07, 102954.0
2025-05-14 23:17:46,450 - deteccion - INFO - Factores: 46.77268475210477, 2.1e-07, 102954.0
2025-05-14 23:17:46,450 - deteccion - INFO - Rentabilidad Bruta: 1.124135%
2025-05-14 23:17:46,450 - deteccion - INFO - Oportunidad encontrada (A->B->C->A): USDC -> BTC -> ONT -> USDC
2025-05-14 23:17:46,450 - deteccion - INFO - Pares: BTCUSDC, ONTBTC, ONTUSDC
2025-05-14 23:17:46,450 - deteccion - INFO - Precios: 102954.0, 1.57e-06, 0.1626
2025-05-14 23:17:46,450 - deteccion - INFO - Factores: 9.71307574256464e-06, 636942.6751592357, 0.1626
2025-05-14 23:17:46,450 - deteccion - INFO - Rentabilidad Bruta: 0.595294%
2025-05-14 23:17:46,450 - deteccion - INFO - Oportunidad encontrada (A->B->C->A): USDC -> BTC -> CFX -> USDC
2025-05-14 23:17:46,450 - deteccion - INFO - Pares: BTCUSDC, CFXBTC, CFXUSDC
2025-05-14 23:17:46,450 - deteccion - INFO - Precios: 102954.0, 9.4e-07, 0.0976
2025-05-14 23:17:46,451 - deteccion - INFO - Factores: 9.71307574256464e-06, 1063829.7872340425, 0.0976
2025-05-14 23:17:46,451 - deteccion - INFO - Rentabilidad Bruta: 0.850659%
2025-05-14 23:17:46,451 - deteccion - INFO - Oportunidad encontrada (A->C->B->A): USDC -> FDUSD -> TST -> USDC
2025-05-14 23:17:46,451 - deteccion - INFO - Pares: FDUSDUSDC, TSTFDUSD, TSTUSDC
2025-05-14 23:17:46,451 - deteccion - INFO - Precios: 0.9985, 0.0623, 0.0627
2025-05-14 23:17:46,451 - deteccion - INFO - Factores: 1.0015022533800702, 16.051364365971107, 0.0627
2025-05-14 23:17:46,451 - deteccion - INFO - Rentabilidad Bruta: 0.793244%
2025-05-14 23:17:46,453 - deteccion - INFO - Oportunidad encontrada (A->C->B->A): USDC -> BNB -> BIO -> USDC
2025-05-14 23:17:46,453 - deteccion - INFO - Pares: BNBUSDC, BIOBNB, BIOUSDC
2025-05-14 23:17:46,453 - deteccion - INFO - Precios: 649.31, 0.00013078, 0.0855
2025-05-14 23:17:46,453 - deteccion - INFO - Factores: 0.0015400964100352682, 7646.429117602081, 0.0855
2025-05-14 23:17:46,453 - deteccion - INFO - Rentabilidad Bruta: 0.686835%
2025-05-14 23:17:46,453 - deteccion - INFO - Oportunidad encontrada (A->B->C->A): USDC -> BIO -> FDUSD -> USDC
2025-05-14 23:17:46,453 - deteccion - INFO - Pares: BIOUSDC, BIOFDUSD, FDUSDUSDC
2025-05-14 23:17:46,453 - deteccion - INFO - Precios: 0.0855, 0.0873, 0.9985
2025-05-14 23:17:46,453 - deteccion - INFO - Factores: 11.695906432748536, 0.0873, 0.9985
2025-05-14 23:17:46,453 - deteccion - INFO - Rentabilidad Bruta: 1.952105%
2025-05-14 23:17:46,454 - deteccion - INFO - Oportunidad encontrada (A->C->B->A): USDC -> FDUSD -> PNUT -> USDC
2025-05-14 23:17:46,454 - deteccion - INFO - Pares: FDUSDUSDC, PNUTFDUSD, PNUTUSDC
2025-05-14 23:17:46,454 - deteccion - INFO - Precios: 0.9985, 0.3865, 0.3881
2025-05-14 23:17:46,454 - deteccion - INFO - Factores: 1.0015022533800702, 2.5873221216041395, 0.3881
2025-05-14 23:17:46,454 - deteccion - INFO - Rentabilidad Bruta: 0.564819%
2025-05-14 23:17:46,455 - deteccion - INFO - Oportunidad encontrada (A->B->C->A): USDC -> BNB -> BMT -> USDC
2025-05-14 23:17:46,455 - deteccion - INFO - Pares: BNBUSDC, BMTBNB, BMTUSDC
2025-05-14 23:17:46,455 - deteccion - INFO - Precios: 649.31, 0.0001525, 0.1
2025-05-14 23:17:46,455 - deteccion - INFO - Factores: 0.0015400964100352682, 6557.377049180328, 0.1
2025-05-14 23:17:46,455 - deteccion - INFO - Rentabilidad Bruta: 0.989929%
2025-05-14 23:17:46,455 - deteccion - INFO - Oportunidad encontrada (A->B->C->A): USDC -> BNB -> HYPER -> USDC
2025-05-14 23:17:46,456 - deteccion - INFO - Pares: BNBUSDC, HYPERBNB, HYPERUSDC
2025-05-14 23:17:46,456 - deteccion - INFO - Precios: 649.31, 0.0002504, 0.1637
2025-05-14 23:17:46,456 - deteccion - INFO - Factores: 0.0015400964100352682, 3993.610223642172, 0.1637
2025-05-14 23:17:46,456 - deteccion - INFO - Rentabilidad Bruta: 0.684418%
2025-05-14 23:17:46,456 - deteccion - INFO - Oportunidad encontrada (A->C->B->A): USDC -> FDUSD -> BMT -> USDC
2025-05-14 23:17:46,456 - deteccion - INFO - Pares: FDUSDUSDC, BMTFDUSD, BMTUSDC
2025-05-14 23:17:46,456 - deteccion - INFO - Precios: 0.9985, 0.0985, 0.1
2025-05-14 23:17:46,456 - deteccion - INFO - Factores: 1.0015022533800702, 10.152284263959391, 0.1
2025-05-14 23:17:46,456 - deteccion - INFO - Rentabilidad Bruta: 1.675356%
2025-05-14 23:17:46,457 - deteccion - INFO - Oportunidad encontrada (A->C->B->A): USDC -> FDUSD -> IDEX -> USDC
2025-05-14 23:17:46,457 - deteccion - INFO - Pares: FDUSDUSDC, IDEXFDUSD, IDEXUSDC
2025-05-14 23:17:46,457 - deteccion - INFO - Precios: 0.9985, 0.02717, 0.02728
2025-05-14 23:17:46,457 - deteccion - INFO - Factores: 1.0015022533800702, 36.8052999631947, 0.02728
2025-05-14 23:17:46,457 - deteccion - INFO - Rentabilidad Bruta: 0.555692%
2025-05-14 23:17:46,457 - deteccion - INFO - Oportunidad encontrada (A->B->C->A): USDC -> HYPER -> FDUSD -> USDC
2025-05-14 23:17:46,457 - deteccion - INFO - Pares: HYPERUSDC, HYPERFDUSD, FDUSDUSDC
2025-05-14 23:17:46,458 - deteccion - INFO - Precios: 0.1637, 0.1715, 0.9985
2025-05-14 23:17:46,458 - deteccion - INFO - Factores: 6.108735491753206, 0.1715, 0.9985
2025-05-14 23:17:46,458 - deteccion - INFO - Rentabilidad Bruta: 4.607666%
2025-05-14 23:17:46,458 - deteccion - INFO - Oportunidad encontrada (A->B->C->A): USDC -> TLM -> FDUSD -> USDC
2025-05-14 23:17:46,458 - deteccion - INFO - Pares: TLMUSDC, TLMFDUSD, FDUSDUSDC
2025-05-14 23:17:46,458 - deteccion - INFO - Precios: 0.00647, 0.00652, 0.9985
2025-05-14 23:17:46,459 - deteccion - INFO - Factores: 154.5595054095827, 0.00652, 0.9985
2025-05-14 23:17:46,459 - deteccion - INFO - Rentabilidad Bruta: 0.621638%
2025-05-14 23:17:46,459 - deteccion - INFO - Oportunidad encontrada (A->C->B->A): USDC -> FDUSD -> AUCTION -> USDC
2025-05-14 23:17:46,459 - deteccion - INFO - Pares: FDUSDUSDC, AUCTIONFDUSD, AUCTIONUSDC
2025-05-14 23:17:46,459 - deteccion - INFO - Precios: 0.9985, 12.78, 12.83
2025-05-14 23:17:46,459 - deteccion - INFO - Factores: 1.0015022533800702, 0.0782472613458529, 12.83
2025-05-14 23:17:46,459 - deteccion - INFO - Rentabilidad Bruta: 0.542049%
2025-05-14 23:17:46,459 - deteccion - INFO - Oportunidad encontrada (A->C->B->A): USDC -> GPS -> FDUSD -> USDC
2025-05-14 23:17:46,459 - deteccion - INFO - Pares: GPSUSDC, GPSFDUSD, FDUSDUSDC
2025-05-14 23:17:46,460 - deteccion - INFO - Precios: 0.0248, 0.0254, 0.9985
2025-05-14 23:17:46,460 - deteccion - INFO - Factores: 40.32258064516129, 0.0254, 0.9985
2025-05-14 23:17:46,460 - deteccion - INFO - Rentabilidad Bruta: 2.265726%
2025-05-14 23:17:46,609 - deteccion - INFO - Oportunidad encontrada (A->B->C->A): DATA -> USDT -> BTC -> DATA
2025-05-14 23:17:46,609 - deteccion - INFO - Pares: DATAUSDT, BTCUSDT, DATABTC
2025-05-14 23:17:46,609 - deteccion - INFO - Precios: 0.01838, 102935.65, 1.7e-07
2025-05-14 23:17:46,609 - deteccion - INFO - Factores: 0.01838, 9.714807260652651e-06, 5882352.941176471
2025-05-14 23:17:46,609 - deteccion - INFO - Rentabilidad Bruta: 5.034210%
2025-05-14 23:17:46,700 - deteccion - INFO - Oportunidad encontrada (A->C->B->A): CYBER -> TRY -> ETH -> CYBER
2025-05-14 23:17:46,700 - deteccion - INFO - Pares: CYBERTRY, ETHTRY, CYBERETH
2025-05-14 23:17:46,700 - deteccion - INFO - Precios: 57.3, 100474.0, 0.000567
2025-05-14 23:17:46,700 - deteccion - INFO - Factores: 57.3, 9.952823616059877e-06, 1763.668430335097
2025-05-14 23:17:46,700 - deteccion - INFO - Rentabilidad Bruta: 0.581445%
2025-05-14 23:17:46,700 - deteccion - INFO - Oportunidad encontrada (A->C->B->A): CYBER -> USDT -> ETH -> CYBER
2025-05-14 23:17:46,701 - deteccion - INFO - Pares: CYBERUSDT, ETHUSDT, CYBERETH
2025-05-14 23:17:46,701 - deteccion - INFO - Precios: 1.478, 2588.07, 0.000567
2025-05-14 23:17:46,701 - deteccion - INFO - Factores: 1.478, 0.0003863883125263227, 1763.668430335097
2025-05-14 23:17:46,701 - deteccion - INFO - Rentabilidad Bruta: 0.719916%
2025-05-14 23:17:46,701 - deteccion - INFO - Oportunidad encontrada (A->C->B->A): CYBER -> BNB -> ETH -> CYBER
2025-05-14 23:17:46,701 - deteccion - INFO - Pares: CYBERBNB, BNBETH, CYBERETH
2025-05-14 23:17:46,701 - deteccion - INFO - Precios: 0.002278, 0.2508, 0.000567
2025-05-14 23:17:46,701 - deteccion - INFO - Factores: 0.002278, 0.2508, 1763.668430335097
2025-05-14 23:17:46,701 - deteccion - INFO - Rentabilidad Bruta: 0.762328%
2025-05-14 23:17:46,711 - deteccion - INFO - Oportunidad encontrada (A->C->B->A): CYBER -> BNB -> BTC -> CYBER
2025-05-14 23:17:46,711 - deteccion - INFO - Pares: CYBERBNB, BNBBTC, CYBERBTC
2025-05-14 23:17:46,711 - deteccion - INFO - Precios: 0.002278, 0.006306, 1.429e-05
2025-05-14 23:17:46,711 - deteccion - INFO - Factores: 0.002278, 0.006306, 69979.00629811056
2025-05-14 23:17:46,711 - deteccion - INFO - Rentabilidad Bruta: 0.525318%
2025-05-14 23:17:46,724 - deteccion - INFO - Oportunidad encontrada (A->C->B->A): OGN -> BTC -> TRY -> OGN
2025-05-14 23:17:46,724 - deteccion - INFO - Pares: OGNBTC, BTCTRY, OGNTRY
2025-05-14 23:17:46,724 - deteccion - INFO - Precios: 6.9e-07, 3995647.0, 2.72
2025-05-14 23:17:46,724 - deteccion - INFO - Factores: 6.9e-07, 3995647.0, 0.3676470588235294
2025-05-14 23:17:46,724 - deteccion - INFO - Rentabilidad Bruta: 1.360163%
2025-05-14 23:17:46,727 - deteccion - INFO - Oportunidad encontrada (A->C->B->A): OGN -> BTC -> USDT -> OGN
2025-05-14 23:17:46,727 - deteccion - INFO - Pares: OGNBTC, BTCUSDT, OGNUSDT
2025-05-14 23:17:46,727 - deteccion - INFO - Precios: 6.9e-07, 102935.65, 0.0703
2025-05-14 23:17:46,728 - deteccion - INFO - Factores: 6.9e-07, 102935.65, 14.22475106685633
2025-05-14 23:17:46,728 - deteccion - INFO - Rentabilidad Bruta: 1.032146%
2025-05-14 23:17:46,781 - deteccion - INFO - Oportunidad encontrada (A->B->C->A): INIT -> TRY -> BNB -> INIT
2025-05-14 23:17:46,781 - deteccion - INFO - Pares: INITTRY, BNBTRY, INITBNB
2025-05-14 23:17:46,782 - deteccion - INFO - Precios: 43.7, 25196.0, 0.00172
2025-05-14 23:17:46,782 - deteccion - INFO - Factores: 43.7, 3.968883949833307e-05, 581.3953488372093
2025-05-14 23:17:46,782 - deteccion - INFO - Rentabilidad Bruta: 0.837342%
2025-05-14 23:17:46,785 - deteccion - INFO - Oportunidad encontrada (A->B->C->A): INIT -> USDT -> BNB -> INIT
2025-05-14 23:17:46,786 - deteccion - INFO - Pares: INITUSDT, BNBUSDT, INITBNB
2025-05-14 23:17:46,786 - deteccion - INFO - Precios: 1.1249, 649.17, 0.00172
2025-05-14 23:17:46,786 - deteccion - INFO - Factores: 1.1249, 0.0015404285472218372, 581.3953488372093
2025-05-14 23:17:46,786 - deteccion - INFO - Rentabilidad Bruta: 0.745818%
2025-05-14 23:17:46,792 - deteccion - INFO - Oportunidad encontrada (A->C->B->A): INIT -> FDUSD -> BNB -> INIT
2025-05-14 23:17:46,792 - deteccion - INFO - Pares: INITFDUSD, BNBFDUSD, INITBNB
2025-05-14 23:17:46,792 - deteccion - INFO - Precios: 1.1272, 650.17, 0.00172
2025-05-14 23:17:46,792 - deteccion - INFO - Factores: 1.1272, 0.0015380592768045281, 581.3953488372093
2025-05-14 23:17:46,792 - deteccion - INFO - Rentabilidad Bruta: 0.796536%
2025-05-14 23:17:46,803 - deteccion - INFO - Oportunidad encontrada (A->B->C->A): SXT -> TRY -> BNB -> SXT
2025-05-14 23:17:46,803 - deteccion - INFO - Pares: SXTTRY, BNBTRY, SXTBNB
2025-05-14 23:17:46,803 - deteccion - INFO - Precios: 5.592, 25196.0, 0.00022026
2025-05-14 23:17:46,803 - deteccion - INFO - Factores: 5.592, 3.968883949833307e-05, 4540.088985744121
2025-05-14 23:17:46,804 - deteccion - INFO - Rentabilidad Bruta: 0.762731%
2025-05-14 23:17:46,807 - deteccion - INFO - Oportunidad encontrada (A->B->C->A): SXT -> USDT -> BNB -> SXT
2025-05-14 23:17:46,807 - deteccion - INFO - Pares: SXTUSDT, BNBUSDT, SXTBNB
2025-05-14 23:17:46,807 - deteccion - INFO - Precios: 0.144, 649.17, 0.00022026
2025-05-14 23:17:46,807 - deteccion - INFO - Factores: 0.144, 0.0015404285472218372, 4540.088985744121
2025-05-14 23:17:46,807 - deteccion - INFO - Rentabilidad Bruta: 0.709031%
2025-05-14 23:17:46,813 - deteccion - INFO - Oportunidad encontrada (A->C->B->A): SXT -> FDUSD -> BNB -> SXT
2025-05-14 23:17:46,813 - deteccion - INFO - Pares: SXTFDUSD, BNBFDUSD, SXTBNB
2025-05-14 23:17:46,813 - deteccion - INFO - Precios: 0.1442, 650.17, 0.00022026
2025-05-14 23:17:46,814 - deteccion - INFO - Factores: 0.1442, 0.0015380592768045281, 4540.088985744121
2025-05-14 23:17:46,814 - deteccion - INFO - Rentabilidad Bruta: 0.693793%
2025-05-14 23:17:46,937 - deteccion - INFO - Oportunidad encontrada (A->B->C->A): BCH -> JPY -> BTC -> BCH
2025-05-14 23:17:46,937 - deteccion - INFO - Pares: BCHJPY, BTCJPY, BCHBTC
2025-05-14 23:17:46,937 - deteccion - INFO - Precios: 59244.0, 15087506.0, 0.003891
2025-05-14 23:17:46,937 - deteccion - INFO - Factores: 59244.0, 6.628000678177029e-08, 257.0033410434336
2025-05-14 23:17:46,938 - deteccion - INFO - Rentabilidad Bruta: 0.917315%
2025-05-14 23:17:46,938 - deteccion - INFO - Oportunidad encontrada (A->B->C->A): BCH -> JPY -> BNB -> BCH
2025-05-14 23:17:46,938 - deteccion - INFO - Pares: BCHJPY, BNBJPY, BCHBNB
2025-05-14 23:17:46,938 - deteccion - INFO - Precios: 59244.0, 95113.0, 0.617
2025-05-14 23:17:46,938 - deteccion - INFO - Factores: 59244.0, 1.0513809889289582e-05, 1.6207455429497568
2025-05-14 23:17:46,938 - deteccion - INFO - Rentabilidad Bruta: 0.953023%
2025-05-14 23:17:46,968 - deteccion - INFO - Oportunidad encontrada (A->C->B->A): BERA -> BNB -> TRY -> BERA
2025-05-14 23:17:46,968 - deteccion - INFO - Pares: BERABNB, BNBTRY, BERATRY
2025-05-14 23:17:46,969 - deteccion - INFO - Precios: 0.005735, 25196.0, 143.51
2025-05-14 23:17:46,969 - deteccion - INFO - Factores: 0.005735, 25196.0, 0.006968155529231413
2025-05-14 23:17:46,969 - deteccion - INFO - Rentabilidad Bruta: 0.689192%
2025-05-14 23:17:46,972 - deteccion - INFO - Oportunidad encontrada (A->C->B->A): BERA -> BNB -> USDT -> BERA
2025-05-14 23:17:46,972 - deteccion - INFO - Pares: BERABNB, BNBUSDT, BERAUSDT
2025-05-14 23:17:46,972 - deteccion - INFO - Precios: 0.005735, 649.17, 3.701
2025-05-14 23:17:46,972 - deteccion - INFO - Factores: 0.005735, 649.17, 0.2701972439881113
2025-05-14 23:17:46,972 - deteccion - INFO - Rentabilidad Bruta: 0.594162%
2025-05-14 23:17:46,976 - deteccion - INFO - Oportunidad encontrada (A->C->B->A): BERA -> BNB -> BTC -> BERA
2025-05-14 23:17:46,976 - deteccion - INFO - Pares: BERABNB, BNBBTC, BERABTC
2025-05-14 23:17:46,976 - deteccion - INFO - Precios: 0.005735, 0.006306, 3.591e-05
2025-05-14 23:17:46,976 - deteccion - INFO - Factores: 0.005735, 0.006306, 27847.3962684489
2025-05-14 23:17:46,976 - deteccion - INFO - Rentabilidad Bruta: 0.709858%
2025-05-14 23:17:46,978 - deteccion - INFO - Oportunidad encontrada (A->B->C->A): BERA -> BNB -> FDUSD -> BERA
2025-05-14 23:17:46,978 - deteccion - INFO - Pares: BERABNB, BNBFDUSD, BERAFDUSD
2025-05-14 23:17:46,978 - deteccion - INFO - Precios: 0.005735, 650.17, 3.702
2025-05-14 23:17:46,978 - deteccion - INFO - Factores: 0.005735, 650.17, 0.2701242571582928
2025-05-14 23:17:46,978 - deteccion - INFO - Rentabilidad Bruta: 0.721906%
2025-05-14 23:17:47,055 - deteccion - INFO - Oportunidad encontrada (A->B->C->A): PEOPLE -> TRY -> BTC -> PEOPLE
2025-05-14 23:17:47,056 - deteccion - INFO - Pares: PEOPLETRY, BTCTRY, PEOPLEBTC
2025-05-14 23:17:47,056 - deteccion - INFO - Precios: 1.422, 3995647.0, 3.5e-07
2025-05-14 23:17:47,056 - deteccion - INFO - Factores: 1.422, 2.50272358894567e-07, 2857142.8571428573
2025-05-14 23:17:47,056 - deteccion - INFO - Rentabilidad Bruta: 1.682084%
2025-05-14 23:17:47,059 - deteccion - INFO - Oportunidad encontrada (A->B->C->A): PEOPLE -> USDT -> BTC -> PEOPLE
2025-05-14 23:17:47,059 - deteccion - INFO - Pares: PEOPLEUSDT, BTCUSDT, PEOPLEBTC
2025-05-14 23:17:47,059 - deteccion - INFO - Precios: 0.03663, 102935.65, 3.5e-07
2025-05-14 23:17:47,059 - deteccion - INFO - Factores: 0.03663, 9.714807260652651e-06, 2857142.8571428573
2025-05-14 23:17:47,059 - deteccion - INFO - Rentabilidad Bruta: 1.672397%
2025-05-14 23:17:47,063 - deteccion - INFO - Oportunidad encontrada (A->C->B->A): PEOPLE -> FDUSD -> BTC -> PEOPLE
2025-05-14 23:17:47,063 - deteccion - INFO - Pares: PEOPLEFDUSD, BTCFDUSD, PEOPLEBTC
2025-05-14 23:17:47,063 - deteccion - INFO - Precios: 0.0367, 103091.25, 3.5e-07
2025-05-14 23:17:47,064 - deteccion - INFO - Factores: 0.0367, 9.700144289646309e-06, 2857142.8571428573
2025-05-14 23:17:47,064 - deteccion - INFO - Rentabilidad Bruta: 1.712942%
2025-05-14 23:17:47,121 - deteccion - INFO - Oportunidad encontrada (A->C->B->A): EUR -> VET -> ETH -> EUR
2025-05-14 23:17:47,122 - deteccion - INFO - Pares: VETEUR, VETETH, ETHEUR
2025-05-14 23:17:47,122 - deteccion - INFO - Precios: 0.02677, 1.165e-05, 2312.67
2025-05-14 23:17:47,122 - deteccion - INFO - Factores: 37.35524841240194, 1.165e-05, 2312.67
2025-05-14 23:17:47,122 - deteccion - INFO - Rentabilidad Bruta: 0.644772%
2025-05-14 23:17:47,124 - deteccion - INFO - Oportunidad encontrada (A->B->C->A): EUR -> VET -> BTC -> EUR
2025-05-14 23:17:47,124 - deteccion - INFO - Pares: VETEUR, VETBTC, BTCEUR
2025-05-14 23:17:47,124 - deteccion - INFO - Precios: 0.02677, 3e-07, 91966.59
2025-05-14 23:17:47,124 - deteccion - INFO - Factores: 37.35524841240194, 3e-07, 91966.59
2025-05-14 23:17:47,124 - deteccion - INFO - Rentabilidad Bruta: 3.063044%
2025-05-14 23:17:47,132 - deteccion - INFO - Oportunidad encontrada (A->C->B->A): EUR -> GALA -> BTC -> EUR
2025-05-14 23:17:47,133 - deteccion - INFO - Pares: GALAEUR, GALABTC, BTCEUR
2025-05-14 23:17:47,133 - deteccion - INFO - Precios: 0.01911, 2.1e-07, 91966.59
2025-05-14 23:17:47,133 - deteccion - INFO - Factores: 52.32862375719519, 2.1e-07, 91966.59
2025-05-14 23:17:47,133 - deteccion - INFO - Rentabilidad Bruta: 1.062187%
2025-05-14 23:17:47,135 - deteccion - INFO - Oportunidad encontrada (A->B->C->A): EUR -> BNB -> BABY -> EUR
2025-05-14 23:17:47,136 - deteccion - INFO - Pares: BNBEUR, BABYBNB, BABYEUR
2025-05-14 23:17:47,136 - deteccion - INFO - Precios: 579.99, 0.00014222, 0.08299
2025-05-14 23:17:47,136 - deteccion - INFO - Factores: 0.00172416765806307, 7031.35986499789, 0.08299
2025-05-14 23:17:47,136 - deteccion - INFO - Rentabilidad Bruta: 0.610796%
2025-05-14 23:17:47,239 - deteccion - INFO - Oportunidad encontrada (A->B->C->A): ENJ -> TRY -> BTC -> ENJ
2025-05-14 23:17:47,240 - deteccion - INFO - Pares: ENJTRY, BTCTRY, ENJBTC
2025-05-14 23:17:47,240 - deteccion - INFO - Precios: 3.638, 3995647.0, 9e-07
2025-05-14 23:17:47,240 - deteccion - INFO - Factores: 3.638, 2.50272358894567e-07, 1111111.1111111112
2025-05-14 23:17:47,240 - deteccion - INFO - Rentabilidad Bruta: 1.165649%
2025-05-14 23:17:47,243 - deteccion - INFO - Oportunidad encontrada (A->B->C->A): ENJ -> USDT -> BTC -> ENJ
2025-05-14 23:17:47,243 - deteccion - INFO - Pares: ENJUSDT, BTCUSDT, ENJBTC
2025-05-14 23:17:47,243 - deteccion - INFO - Precios: 0.0937, 102935.65, 9e-07
2025-05-14 23:17:47,243 - deteccion - INFO - Factores: 0.0937, 9.714807260652651e-06, 1111111.1111111112
2025-05-14 23:17:47,244 - deteccion - INFO - Rentabilidad Bruta: 1.141938%
2025-05-14 23:17:47,347 - deteccion - INFO - Oportunidad encontrada (A->B->C->A): ENS -> TRY -> FDUSD -> ENS
2025-05-14 23:17:47,348 - deteccion - INFO - Pares: ENSTRY, FDUSDTRY, ENSFDUSD
2025-05-14 23:17:47,348 - deteccion - INFO - Precios: 908.9, 38.75, 23.14
2025-05-14 23:17:47,348 - deteccion - INFO - Factores: 908.9, 0.025806451612903226, 0.043215211754537596
2025-05-14 23:17:47,348 - deteccion - INFO - Rentabilidad Bruta: 1.363370%
2025-05-14 23:17:47,351 - deteccion - INFO - Oportunidad encontrada (A->B->C->A): ENS -> USDT -> FDUSD -> ENS
2025-05-14 23:17:47,352 - deteccion - INFO - Pares: ENSUSDT, FDUSDUSDT, ENSFDUSD
2025-05-14 23:17:47,352 - deteccion - INFO - Precios: 23.42, 0.9984, 23.14
2025-05-14 23:17:47,352 - deteccion - INFO - Factores: 23.42, 1.001602564102564, 0.043215211754537596
2025-05-14 23:17:47,352 - deteccion - INFO - Rentabilidad Bruta: 1.372221%
2025-05-14 23:17:47,356 - deteccion - INFO - Oportunidad encontrada (A->B->C->A): ENS -> BTC -> FDUSD -> ENS
2025-05-14 23:17:47,356 - deteccion - INFO - Pares: ENSBTC, BTCFDUSD, ENSFDUSD
2025-05-14 23:17:47,356 - deteccion - INFO - Precios: 0.0002275, 103091.25, 23.14
2025-05-14 23:17:47,356 - deteccion - INFO - Factores: 0.0002275, 103091.25, 0.043215211754537596
2025-05-14 23:17:47,356 - deteccion - INFO - Rentabilidad Bruta: 1.353757%
2025-05-14 23:17:47,365 - deteccion - INFO - Oportunidad encontrada (A->B->C->A): G -> TRY -> USDT -> G
2025-05-14 23:17:47,365 - deteccion - INFO - Pares: GTRY, USDTTRY, GUSDT
2025-05-14 23:17:47,365 - deteccion - INFO - Precios: 0.648, 38.82, 0.01631
2025-05-14 23:17:47,365 - deteccion - INFO - Factores: 0.648, 0.02575991756826378, 61.312078479460446
2025-05-14 23:17:47,365 - deteccion - INFO - Rentabilidad Bruta: 2.344737%
2025-05-14 23:17:47,410 - deteccion - INFO - Oportunidad encontrada (A->C->B->A): STO -> BNB -> TRY -> STO
2025-05-14 23:17:47,410 - deteccion - INFO - Pares: STOBNB, BNBTRY, STOTRY
2025-05-14 23:17:47,410 - deteccion - INFO - Precios: 0.00019071, 25196.0, 4.775
2025-05-14 23:17:47,411 - deteccion - INFO - Factores: 0.00019071, 25196.0, 0.20942408376963348
2025-05-14 23:17:47,411 - deteccion - INFO - Rentabilidad Bruta: 0.630977%
2025-05-14 23:17:47,414 - deteccion - INFO - Oportunidad encontrada (A->C->B->A): STO -> BNB -> USDT -> STO
2025-05-14 23:17:47,414 - deteccion - INFO - Pares: STOBNB, BNBUSDT, STOUSDT
2025-05-14 23:17:47,414 - deteccion - INFO - Precios: 0.00019071, 649.17, 0.123
2025-05-14 23:17:47,414 - deteccion - INFO - Factores: 0.00019071, 649.17, 8.130081300813009
2025-05-14 23:17:47,414 - deteccion - INFO - Rentabilidad Bruta: 0.653017%
2025-05-14 23:17:47,420 - deteccion - INFO - Oportunidad encontrada (A->B->C->A): STO -> BNB -> FDUSD -> STO
2025-05-14 23:17:47,421 - deteccion - INFO - Pares: STOBNB, BNBFDUSD, STOFDUSD
2025-05-14 23:17:47,421 - deteccion - INFO - Precios: 0.00019071, 650.17, 0.123
2025-05-14 23:17:47,421 - deteccion - INFO - Factores: 0.00019071, 650.17, 8.130081300813009
2025-05-14 23:17:47,421 - deteccion - INFO - Rentabilidad Bruta: 0.808066%
2025-05-14 23:17:47,445 - deteccion - INFO - Oportunidad encontrada (A->C->B->A): NKN -> BTC -> USDT -> NKN
2025-05-14 23:17:47,446 - deteccion - INFO - Pares: NKNBTC, BTCUSDT, NKNUSDT
2025-05-14 23:17:47,446 - deteccion - INFO - Precios: 3.9e-07, 102935.65, 0.0398
2025-05-14 23:17:47,446 - deteccion - INFO - Factores: 3.9e-07, 102935.65, 25.125628140703515
2025-05-14 23:17:47,446 - deteccion - INFO - Rentabilidad Bruta: 0.866592%
2025-05-14 23:17:47,455 - deteccion - INFO - Oportunidad encontrada (A->B->C->A): RLC -> ETH -> BTC -> RLC
2025-05-14 23:17:47,455 - deteccion - INFO - Pares: RLCETH, ETHBTC, RLCBTC
2025-05-14 23:17:47,456 - deteccion - INFO - Precios: 0.000511, 0.02514, 1.274e-05
2025-05-14 23:17:47,456 - deteccion - INFO - Factores: 0.000511, 0.02514, 78492.93563579278
2025-05-14 23:17:47,456 - deteccion - INFO - Rentabilidad Bruta: 0.836264%
2025-05-14 23:17:47,462 - deteccion - INFO - Oportunidad encontrada (A->B->C->A): RLC -> USDT -> BTC -> RLC
2025-05-14 23:17:47,462 - deteccion - INFO - Pares: RLCUSDT, BTCUSDT, RLCBTC
2025-05-14 23:17:47,462 - deteccion - INFO - Precios: 1.32, 102935.65, 1.274e-05
2025-05-14 23:17:47,462 - deteccion - INFO - Factores: 1.32, 9.714807260652651e-06, 78492.93563579278
2025-05-14 23:17:47,462 - deteccion - INFO - Rentabilidad Bruta: 0.655774%
2025-05-14 23:17:47,502 - deteccion - INFO - Oportunidad encontrada (A->C->B->A): ZK -> BTC -> TRY -> ZK
2025-05-14 23:17:47,503 - deteccion - INFO - Pares: ZKBTC, BTCTRY, ZKTRY
2025-05-14 23:17:47,503 - deteccion - INFO - Precios: 7.1e-07, 3995647.0, 2.801
2025-05-14 23:17:47,503 - deteccion - INFO - Factores: 7.1e-07, 3995647.0, 0.3570153516601214
2025-05-14 23:17:47,503 - deteccion - INFO - Rentabilidad Bruta: 1.282020%
2025-05-14 23:17:47,506 - deteccion - INFO - Oportunidad encontrada (A->C->B->A): ZK -> BTC -> USDT -> ZK
2025-05-14 23:17:47,506 - deteccion - INFO - Pares: ZKBTC, BTCUSDT, ZKUSDT
2025-05-14 23:17:47,506 - deteccion - INFO - Precios: 7.1e-07, 102935.65, 0.0723
2025-05-14 23:17:47,506 - deteccion - INFO - Factores: 7.1e-07, 102935.65, 13.831258644536652
2025-05-14 23:17:47,506 - deteccion - INFO - Rentabilidad Bruta: 1.084802%
2025-05-14 23:17:47,510 - deteccion - INFO - Oportunidad encontrada (A->B->C->A): ZK -> BTC -> FDUSD -> ZK
2025-05-14 23:17:47,510 - deteccion - INFO - Pares: ZKBTC, BTCFDUSD, ZKFDUSD
2025-05-14 23:17:47,511 - deteccion - INFO - Precios: 7.1e-07, 103091.25, 0.0724
2025-05-14 23:17:47,511 - deteccion - INFO - Factores: 7.1e-07, 103091.25, 13.812154696132595
2025-05-14 23:17:47,511 - deteccion - INFO - Rentabilidad Bruta: 1.097773%
2025-05-14 23:17:47,652 - deteccion - INFO - Oportunidad encontrada (A->B->C->A): SLP -> ETH -> TRY -> SLP
2025-05-14 23:17:47,652 - deteccion - INFO - Pares: SLPETH, ETHTRY, SLPTRY
2025-05-14 23:17:47,653 - deteccion - INFO - Precios: 7.7e-07, 100474.0, 0.07553
2025-05-14 23:17:47,653 - deteccion - INFO - Factores: 7.7e-07, 100474.0, 13.239772275916854
2025-05-14 23:17:47,653 - deteccion - INFO - Rentabilidad Bruta: 2.429472%
2025-05-14 23:17:47,653 - deteccion - INFO - Oportunidad encontrada (A->B->C->A): SLP -> ETH -> USDT -> SLP
2025-05-14 23:17:47,653 - deteccion - INFO - Pares: SLPETH, ETHUSDT, SLPUSDT
2025-05-14 23:17:47,653 - deteccion - INFO - Precios: 7.7e-07, 2588.07, 0.001947
2025-05-14 23:17:47,653 - deteccion - INFO - Factores: 7.7e-07, 2588.07, 513.6106831022086
2025-05-14 23:17:47,653 - deteccion - INFO - Rentabilidad Bruta: 2.353051%
2025-05-14 23:17:47,794 - deteccion - INFO - Oportunidad encontrada (A->C->B->A): MASK -> BNB -> TRY -> MASK
2025-05-14 23:17:47,794 - deteccion - INFO - Pares: MASKBNB, BNBTRY, MASKTRY
2025-05-14 23:17:47,794 - deteccion - INFO - Precios: 0.002166, 25196.0, 53.43
2025-05-14 23:17:47,794 - deteccion - INFO - Factores: 0.002166, 25196.0, 0.018716077110237695
2025-05-14 23:17:47,794 - deteccion - INFO - Rentabilidad Bruta: 2.142122%
2025-05-14 23:17:47,798 - deteccion - INFO - Oportunidad encontrada (A->C->B->A): MASK -> BNB -> USDT -> MASK
2025-05-14 23:17:47,798 - deteccion - INFO - Pares: MASKBNB, BNBUSDT, MASKUSDT
2025-05-14 23:17:47,798 - deteccion - INFO - Precios: 0.002166, 649.17, 1.379
2025-05-14 23:17:47,798 - deteccion - INFO - Factores: 0.002166, 649.17, 0.7251631617113851
2025-05-14 23:17:47,798 - deteccion - INFO - Rentabilidad Bruta: 1.965353%
2025-05-14 23:17:47,819 - deteccion - INFO - Oportunidad encontrada (A->B->C->A): IOTA -> ETH -> TRY -> IOTA
2025-05-14 23:17:47,819 - deteccion - INFO - Pares: IOTAETH, ETHTRY, IOTATRY
2025-05-14 23:17:47,819 - deteccion - INFO - Precios: 9.227e-05, 100474.0, 9.224
2025-05-14 23:17:47,819 - deteccion - INFO - Factores: 9.227e-05, 100474.0, 0.10841283607979184
2025-05-14 23:17:47,819 - deteccion - INFO - Rentabilidad Bruta: 0.506678%
2025-05-14 23:17:47,819 - deteccion - INFO - Oportunidad encontrada (A->B->C->A): IOTA -> ETH -> USDT -> IOTA
2025-05-14 23:17:47,819 - deteccion - INFO - Pares: IOTAETH, ETHUSDT, IOTAUSDT
2025-05-14 23:17:47,820 - deteccion - INFO - Precios: 9.227e-05, 2588.07, 0.2376
2025-05-14 23:17:47,820 - deteccion - INFO - Factores: 9.227e-05, 2588.07, 4.2087542087542085
2025-05-14 23:17:47,820 - deteccion - INFO - Rentabilidad Bruta: 0.505564%
2025-05-14 23:17:47,870 - deteccion - INFO - Oportunidad encontrada (A->C->B->A): ETH -> LINK -> BRL -> ETH
2025-05-14 23:17:47,870 - deteccion - INFO - Pares: LINKETH, LINKBRL, ETHBRL
2025-05-14 23:17:47,870 - deteccion - INFO - Precios: 0.006521, 95.92, 14614.73
2025-05-14 23:17:47,870 - deteccion - INFO - Factores: 153.35071308081584, 95.92, 6.842411731178065e-05
2025-05-14 23:17:47,870 - deteccion - INFO - Rentabilidad Bruta: 0.647774%
2025-05-14 23:17:47,871 - deteccion - INFO - Oportunidad encontrada (A->C->B->A): ETH -> USDT -> VET -> ETH
2025-05-14 23:17:47,871 - deteccion - INFO - Pares: ETHUSDT, VETUSDT, VETETH
2025-05-14 23:17:47,871 - deteccion - INFO - Precios: 2588.07, 0.03, 1.165e-05
2025-05-14 23:17:47,871 - deteccion - INFO - Factores: 2588.07, 33.333333333333336, 1.165e-05
2025-05-14 23:17:47,871 - deteccion - INFO - Rentabilidad Bruta: 0.503385%
2025-05-14 23:17:47,872 - deteccion - INFO - Oportunidad encontrada (A->B->C->A): ETH -> VET -> BTC -> ETH
2025-05-14 23:17:47,872 - deteccion - INFO - Pares: VETETH, VETBTC, ETHBTC
2025-05-14 23:17:47,872 - deteccion - INFO - Precios: 1.165e-05, 3e-07, 0.02514
2025-05-14 23:17:47,872 - deteccion - INFO - Factores: 85836.90987124463, 3e-07, 39.77724741447892
2025-05-14 23:17:47,872 - deteccion - INFO - Rentabilidad Bruta: 2.430680%
2025-05-14 23:17:47,872 - deteccion - INFO - Oportunidad encontrada (A->C->B->A): ETH -> BNB -> VET -> ETH
2025-05-14 23:17:47,872 - deteccion - INFO - Pares: BNBETH, VETBNB, VETETH
2025-05-14 23:17:47,872 - deteccion - INFO - Precios: 0.2508, 4.617e-05, 1.165e-05
2025-05-14 23:17:47,872 - deteccion - INFO - Factores: 3.987240829346092, 21659.08598657137, 1.165e-05
2025-05-14 23:17:47,872 - deteccion - INFO - Rentabilidad Bruta: 0.609391%
2025-05-14 23:17:47,872 - deteccion - INFO - Oportunidad encontrada (A->B->C->A): ETH -> SOL -> ARS -> ETH
2025-05-14 23:17:47,873 - deteccion - INFO - Pares: SOLETH, SOLARS, ETHARS
2025-05-14 23:17:47,873 - deteccion - INFO - Precios: 0.06796, 205561.0, 3003008.0
2025-05-14 23:17:47,873 - deteccion - INFO - Factores: 14.714537963507944, 205561.0, 3.3299944588892204e-07
2025-05-14 23:17:47,873 - deteccion - INFO - Rentabilidad Bruta: 0.723513%
2025-05-14 23:17:47,873 - deteccion - INFO - Oportunidad encontrada (A->B->C->A): ETH -> SOL -> MXN -> ETH
2025-05-14 23:17:47,873 - deteccion - INFO - Pares: SOLETH, SOLMXN, ETHMXN
2025-05-14 23:17:47,873 - deteccion - INFO - Precios: 0.06796, 3469.0, 50309.0
2025-05-14 23:17:47,873 - deteccion - INFO - Factores: 14.714537963507944, 3469.0, 1.9877159156413366e-05
2025-05-14 23:17:47,873 - deteccion - INFO - Rentabilidad Bruta: 1.462427%
2025-05-14 23:17:47,875 - deteccion - INFO - Oportunidad encontrada (A->B->C->A): ETH -> TRY -> DENT -> ETH
2025-05-14 23:17:47,875 - deteccion - INFO - Pares: ETHTRY, DENTTRY, DENTETH
2025-05-14 23:17:47,875 - deteccion - INFO - Precios: 100474.0, 0.03593, 3.6e-07
2025-05-14 23:17:47,875 - deteccion - INFO - Factores: 100474.0, 27.831895352073477, 3.6e-07
2025-05-14 23:17:47,875 - deteccion - INFO - Rentabilidad Bruta: 0.669747%
2025-05-14 23:17:47,875 - deteccion - INFO - Oportunidad encontrada (A->B->C->A): ETH -> TRY -> HOT -> ETH
2025-05-14 23:17:47,875 - deteccion - INFO - Pares: ETHTRY, HOTTRY, HOTETH
2025-05-14 23:17:47,875 - deteccion - INFO - Precios: 100474.0, 0.04857, 4.9e-07
2025-05-14 23:17:47,875 - deteccion - INFO - Factores: 100474.0, 20.588840848260244, 4.9e-07
2025-05-14 23:17:47,876 - deteccion - INFO - Rentabilidad Bruta: 1.363517%
2025-05-14 23:17:47,876 - deteccion - INFO - Oportunidad encontrada (A->C->B->A): ETH -> AXS -> TRY -> ETH
2025-05-14 23:17:47,876 - deteccion - INFO - Pares: AXSETH, AXSTRY, ETHTRY
2025-05-14 23:17:47,876 - deteccion - INFO - Precios: 0.001286, 130.2, 100474.0
2025-05-14 23:17:47,876 - deteccion - INFO - Factores: 777.6049766718506, 130.2, 9.952823616059877e-06
2025-05-14 23:17:47,876 - deteccion - INFO - Rentabilidad Bruta: 0.766535%
2025-05-14 23:17:47,876 - deteccion - INFO - Oportunidad encontrada (A->B->C->A): ETH -> TRY -> XVG -> ETH
2025-05-14 23:17:47,876 - deteccion - INFO - Pares: ETHTRY, XVGTRY, XVGETH
2025-05-14 23:17:47,876 - deteccion - INFO - Precios: 100474.0, 0.2822, 2.83e-06
2025-05-14 23:17:47,876 - deteccion - INFO - Factores: 100474.0, 3.543586109142452, 2.83e-06
2025-05-14 23:17:47,877 - deteccion - INFO - Rentabilidad Bruta: 0.758831%
2025-05-14 23:17:47,877 - deteccion - INFO - Oportunidad encontrada (A->C->B->A): ETH -> UNI -> TRY -> ETH
2025-05-14 23:17:47,877 - deteccion - INFO - Pares: UNIETH, UNITRY, ETHTRY
2025-05-14 23:17:47,877 - deteccion - INFO - Precios: 0.00257, 259.6, 100474.0
2025-05-14 23:17:47,877 - deteccion - INFO - Factores: 389.1050583657588, 259.6, 9.952823616059877e-06
2025-05-14 23:17:47,877 - deteccion - INFO - Rentabilidad Bruta: 0.535137%
2025-05-14 23:17:47,877 - deteccion - INFO - Oportunidad encontrada (A->C->B->A): ETH -> BNB -> ARS -> ETH
2025-05-14 23:17:47,878 - deteccion - INFO - Pares: BNBETH, BNBARS, ETHARS
2025-05-14 23:17:47,878 - deteccion - INFO - Precios: 0.2508, 757033.0, 3003008.0
2025-05-14 23:17:47,878 - deteccion - INFO - Factores: 3.987240829346092, 757033.0, 3.3299944588892204e-07
2025-05-14 23:17:47,878 - deteccion - INFO - Rentabilidad Bruta: 0.514980%
2025-05-14 23:17:47,879 - deteccion - INFO - Oportunidad encontrada (A->C->B->A): ETH -> MXN -> XRP -> ETH
2025-05-14 23:17:47,880 - deteccion - INFO - Pares: ETHMXN, XRPMXN, XRPETH
2025-05-14 23:17:47,880 - deteccion - INFO - Precios: 50309.0, 49.006, 0.0009823
2025-05-14 23:17:47,880 - deteccion - INFO - Factores: 50309.0, 0.02040566461249643, 0.0009823
2025-05-14 23:17:47,880 - deteccion - INFO - Rentabilidad Bruta: 0.841796%
2025-05-14 23:17:47,880 - deteccion - INFO - Oportunidad encontrada (A->B->C->A): ETH -> INJ -> USDT -> ETH
2025-05-14 23:17:47,880 - deteccion - INFO - Pares: INJETH, INJUSDT, ETHUSDT
2025-05-14 23:17:47,880 - deteccion - INFO - Precios: 0.004987, 12.99, 2588.07
2025-05-14 23:17:47,880 - deteccion - INFO - Factores: 200.52135552436334, 12.99, 0.0003863883125263227
2025-05-14 23:17:47,881 - deteccion - INFO - Rentabilidad Bruta: 0.645362%
2025-05-14 23:17:47,881 - deteccion - INFO - Oportunidad encontrada (A->B->C->A): ETH -> INJ -> BTC -> ETH
2025-05-14 23:17:47,881 - deteccion - INFO - Pares: INJETH, INJBTC, ETHBTC
2025-05-14 23:17:47,881 - deteccion - INFO - Precios: 0.004987, 0.0001262, 0.02514
2025-05-14 23:17:47,881 - deteccion - INFO - Factores: 200.52135552436334, 0.0001262, 39.77724741447892
2025-05-14 23:17:47,882 - deteccion - INFO - Rentabilidad Bruta: 0.659487%
2025-05-14 23:17:47,882 - deteccion - INFO - Oportunidad encontrada (A->B->C->A): ETH -> INJ -> BNB -> ETH
2025-05-14 23:17:47,882 - deteccion - INFO - Pares: INJETH, INJBNB, BNBETH
2025-05-14 23:17:47,882 - deteccion - INFO - Precios: 0.004987, 0.02003, 0.2508
2025-05-14 23:17:47,882 - deteccion - INFO - Factores: 200.52135552436334, 0.02003, 0.2508
2025-05-14 23:17:47,882 - deteccion - INFO - Rentabilidad Bruta: 0.732384%
2025-05-14 23:17:47,882 - deteccion - INFO - Oportunidad encontrada (A->B->C->A): ETH -> INJ -> FDUSD -> ETH
2025-05-14 23:17:47,883 - deteccion - INFO - Pares: INJETH, INJFDUSD, ETHFDUSD
2025-05-14 23:17:47,883 - deteccion - INFO - Precios: 0.004987, 13.03, 2592.0
2025-05-14 23:17:47,883 - deteccion - INFO - Factores: 200.52135552436334, 13.03, 0.00038580246913580245
2025-05-14 23:17:47,883 - deteccion - INFO - Rentabilidad Bruta: 0.802209%
2025-05-14 23:17:47,883 - deteccion - INFO - Oportunidad encontrada (A->C->B->A): ETH -> USDT -> DENT -> ETH
2025-05-14 23:17:47,883 - deteccion - INFO - Pares: ETHUSDT, DENTUSDT, DENTETH
2025-05-14 23:17:47,884 - deteccion - INFO - Precios: 2588.07, 0.000923, 3.6e-07
2025-05-14 23:17:47,884 - deteccion - INFO - Factores: 2588.07, 1083.4236186348862, 3.6e-07
2025-05-14 23:17:47,884 - deteccion - INFO - Rentabilidad Bruta: 0.943142%
2025-05-14 23:17:47,885 - deteccion - INFO - Oportunidad encontrada (A->B->C->A): ETH -> USDT -> HOT -> ETH
2025-05-14 23:17:47,885 - deteccion - INFO - Pares: ETHUSDT, HOTUSDT, HOTETH
2025-05-14 23:17:47,886 - deteccion - INFO - Precios: 2588.07, 0.001253, 4.9e-07
2025-05-14 23:17:47,886 - deteccion - INFO - Factores: 2588.07, 798.0845969672786, 4.9e-07
2025-05-14 23:17:47,886 - deteccion - INFO - Rentabilidad Bruta: 1.209441%
2025-05-14 23:17:47,886 - deteccion - INFO - Oportunidad encontrada (A->B->C->A): ETH -> USDT -> XVG -> ETH
2025-05-14 23:17:47,886 - deteccion - INFO - Pares: ETHUSDT, XVGUSDT, XVGETH
2025-05-14 23:17:47,886 - deteccion - INFO - Precios: 2588.07, 0.007273, 2.83e-06
2025-05-14 23:17:47,886 - deteccion - INFO - Factores: 2588.07, 137.49484394335212, 2.83e-06
2025-05-14 23:17:47,886 - deteccion - INFO - Rentabilidad Bruta: 0.704497%
2025-05-14 23:17:47,886 - deteccion - INFO - Oportunidad encontrada (A->C->B->A): ETH -> ZAR -> USDT -> ETH
2025-05-14 23:17:47,887 - deteccion - INFO - Pares: ETHZAR, USDTZAR, ETHUSDT
2025-05-14 23:17:47,887 - deteccion - INFO - Precios: 48208.0, 18.46, 2588.07
2025-05-14 23:17:47,887 - deteccion - INFO - Factores: 48208.0, 0.05417118093174431, 0.0003863883125263227
2025-05-14 23:17:47,887 - deteccion - INFO - Rentabilidad Bruta: 0.904701%
2025-05-14 23:17:47,889 - deteccion - INFO - Oportunidad encontrada (A->B->C->A): ETH -> EOS -> FDUSD -> ETH
2025-05-14 23:17:47,889 - deteccion - INFO - Pares: EOSETH, EOSFDUSD, ETHFDUSD
2025-05-14 23:17:47,889 - deteccion - INFO - Precios: 0.0003015, 0.7859, 2592.0
2025-05-14 23:17:47,889 - deteccion - INFO - Factores: 3316.749585406302, 0.7859, 0.00038580246913580245
2025-05-14 23:17:47,890 - deteccion - INFO - Rentabilidad Bruta: 0.564564%
2025-05-14 23:17:47,890 - deteccion - INFO - Oportunidad encontrada (A->B->C->A): ETH -> JPY -> IOTX -> ETH
2025-05-14 23:17:47,890 - deteccion - INFO - Pares: ETHJPY, IOTXJPY, IOTXETH
2025-05-14 23:17:47,890 - deteccion - INFO - Precios: 379365.0, 2.906, 7.74e-06
2025-05-14 23:17:47,890 - deteccion - INFO - Factores: 379365.0, 0.3441156228492773, 7.74e-06
2025-05-14 23:17:47,890 - deteccion - INFO - Rentabilidad Bruta: 1.042158%
2025-05-14 23:17:47,891 - deteccion - INFO - Oportunidad encontrada (A->C->B->A): ETH -> BTC -> POWR -> ETH
2025-05-14 23:17:47,891 - deteccion - INFO - Pares: ETHBTC, POWRBTC, POWRETH
2025-05-14 23:17:47,891 - deteccion - INFO - Precios: 0.02514, 1.89e-06, 7.56e-05
2025-05-14 23:17:47,891 - deteccion - INFO - Factores: 0.02514, 529100.5291005292, 7.56e-05
2025-05-14 23:17:47,891 - deteccion - INFO - Rentabilidad Bruta: 0.560000%
2025-05-14 23:17:47,892 - deteccion - INFO - Oportunidad encontrada (A->C->B->A): ETH -> GALA -> BTC -> ETH
2025-05-14 23:17:47,892 - deteccion - INFO - Pares: GALAETH, GALABTC, ETHBTC
2025-05-14 23:17:47,892 - deteccion - INFO - Precios: 8.25e-06, 2.1e-07, 0.02514
2025-05-14 23:17:47,892 - deteccion - INFO - Factores: 121212.1212121212, 2.1e-07, 39.77724741447892
2025-05-14 23:17:47,893 - deteccion - INFO - Rentabilidad Bruta: 1.251175%
2025-05-14 23:17:47,893 - deteccion - INFO - Oportunidad encontrada (A->B->C->A): ETH -> BTC -> IOTX -> ETH
2025-05-14 23:17:47,893 - deteccion - INFO - Pares: ETHBTC, IOTXBTC, IOTXETH
2025-05-14 23:17:47,893 - deteccion - INFO - Precios: 0.02514, 1.9e-07, 7.74e-06
2025-05-14 23:17:47,893 - deteccion - INFO - Factores: 0.02514, 5263157.894736842, 7.74e-06
2025-05-14 23:17:47,893 - deteccion - INFO - Rentabilidad Bruta: 2.412421%
2025-05-14 23:17:47,893 - deteccion - INFO - Oportunidad encontrada (A->C->B->A): ETH -> ZAR -> BTC -> ETH
2025-05-14 23:17:47,893 - deteccion - INFO - Pares: ETHZAR, BTCZAR, ETHBTC
2025-05-14 23:17:47,894 - deteccion - INFO - Precios: 48208.0, 1900687.0, 0.02514
2025-05-14 23:17:47,894 - deteccion - INFO - Factores: 48208.0, 5.26125553549848e-07, 39.77724741447892
2025-05-14 23:17:47,894 - deteccion - INFO - Rentabilidad Bruta: 0.888865%
2025-05-14 23:17:48,016 - deteccion - INFO - Oportunidad encontrada (A->C->B->A): ATA -> BTC -> USDT -> ATA
2025-05-14 23:17:48,016 - deteccion - INFO - Pares: ATABTC, BTCUSDT, ATAUSDT
2025-05-14 23:17:48,016 - deteccion - INFO - Precios: 6.6e-07, 102935.65, 0.0675
2025-05-14 23:17:48,016 - deteccion - INFO - Factores: 6.6e-07, 102935.65, 14.814814814814813
2025-05-14 23:17:48,016 - deteccion - INFO - Rentabilidad Bruta: 0.648191%
2025-05-14 23:17:48,027 - deteccion - INFO - Oportunidad encontrada (A->B->C->A): WAXP -> USDT -> BTC -> WAXP
2025-05-14 23:17:48,027 - deteccion - INFO - Pares: WAXPUSDT, BTCUSDT, WAXPBTC
2025-05-14 23:17:48,027 - deteccion - INFO - Precios: 0.02603, 102935.65, 2.5e-07
2025-05-14 23:17:48,028 - deteccion - INFO - Factores: 0.02603, 9.714807260652651e-06, 4000000.0
2025-05-14 23:17:48,028 - deteccion - INFO - Rentabilidad Bruta: 1.150573%
2025-05-14 23:17:48,050 - deteccion - INFO - Oportunidad encontrada (A->C->B->A): BRL -> PNUT -> USDT -> BRL
2025-05-14 23:17:48,050 - deteccion - INFO - Pares: PNUTBRL, PNUTUSDT, USDTBRL
2025-05-14 23:17:48,050 - deteccion - INFO - Precios: 2.18, 0.388, 5.655
2025-05-14 23:17:48,050 - deteccion - INFO - Factores: 0.4587155963302752, 0.388, 5.655
2025-05-14 23:17:48,050 - deteccion - INFO - Rentabilidad Bruta: 0.648624%
2025-05-14 23:17:48,051 - deteccion - INFO - Oportunidad encontrada (A->B->C->A): BRL -> USDT -> SUI -> BRL
2025-05-14 23:17:48,051 - deteccion - INFO - Pares: USDTBRL, SUIUSDT, SUIBRL
2025-05-14 23:17:48,051 - deteccion - INFO - Precios: 5.655, 3.878, 22.04
2025-05-14 23:17:48,051 - deteccion - INFO - Factores: 0.17683465959328026, 0.25786487880350695, 22.04
2025-05-14 23:17:48,051 - deteccion - INFO - Rentabilidad Bruta: 0.501184%
2025-05-14 23:17:48,051 - deteccion - INFO - Oportunidad encontrada (A->B->C->A): BRL -> USDT -> LINK -> BRL
2025-05-14 23:17:48,051 - deteccion - INFO - Pares: USDTBRL, LINKUSDT, LINKBRL
2025-05-14 23:17:48,051 - deteccion - INFO - Precios: 5.655, 16.87, 95.92
2025-05-14 23:17:48,052 - deteccion - INFO - Factores: 0.17683465959328026, 0.05927682276229994, 95.92
2025-05-14 23:17:48,052 - deteccion - INFO - Rentabilidad Bruta: 0.545231%
2025-05-14 23:17:48,053 - deteccion - INFO - Oportunidad encontrada (A->C->B->A): BRL -> BTC -> ENA -> BRL
2025-05-14 23:17:48,053 - deteccion - INFO - Pares: BTCBRL, ENABTC, ENABRL
2025-05-14 23:17:48,053 - deteccion - INFO - Precios: 582119.0, 3.9e-06, 2.286
2025-05-14 23:17:48,053 - deteccion - INFO - Factores: 1.7178618117601383e-06, 256410.2564102564, 2.286
2025-05-14 23:17:48,053 - deteccion - INFO - Rentabilidad Bruta: 0.693131%
2025-05-14 23:17:48,056 - deteccion - INFO - Oportunidad encontrada (A->C->B->A): BRL -> GALA -> BTC -> BRL
2025-05-14 23:17:48,056 - deteccion - INFO - Pares: GALABRL, GALABTC, BTCBRL
2025-05-14 23:17:48,056 - deteccion - INFO - Precios: 0.1204, 2.1e-07, 582119.0
2025-05-14 23:17:48,056 - deteccion - INFO - Factores: 8.305647840531561, 2.1e-07, 582119.0
2025-05-14 23:17:48,056 - deteccion - INFO - Rentabilidad Bruta: 1.532384%
2025-05-14 23:17:48,057 - deteccion - INFO - Oportunidad encontrada (A->C->B->A): BRL -> PNUT -> BTC -> BRL
2025-05-14 23:17:48,057 - deteccion - INFO - Pares: PNUTBRL, PNUTBTC, BTCBRL
2025-05-14 23:17:48,057 - deteccion - INFO - Precios: 2.18, 3.77e-06, 582119.0
2025-05-14 23:17:48,057 - deteccion - INFO - Factores: 0.4587155963302752, 3.77e-06, 582119.0
2025-05-14 23:17:48,057 - deteccion - INFO - Rentabilidad Bruta: 0.669203%
2025-05-14 23:17:48,057 - deteccion - INFO - Oportunidad encontrada (A->B->C->A): BRL -> BTC -> LINK -> BRL
2025-05-14 23:17:48,057 - deteccion - INFO - Pares: BTCBRL, LINKBTC, LINKBRL
2025-05-14 23:17:48,057 - deteccion - INFO - Precios: 582119.0, 0.0001638, 95.92
2025-05-14 23:17:48,057 - deteccion - INFO - Factores: 1.7178618117601383e-06, 6105.006105006105, 95.92
2025-05-14 23:17:48,057 - deteccion - INFO - Rentabilidad Bruta: 0.596645%
2025-05-14 23:17:48,059 - deteccion - INFO - Oportunidad encontrada (A->B->C->A): BRL -> BNB -> LINK -> BRL
2025-05-14 23:17:48,059 - deteccion - INFO - Pares: BNBBRL, LINKBNB, LINKBRL
2025-05-14 23:17:48,059 - deteccion - INFO - Precios: 3669.0, 0.02599, 95.92
2025-05-14 23:17:48,059 - deteccion - INFO - Factores: 0.0002725538293813028, 38.47633705271258, 95.92
2025-05-14 23:17:48,059 - deteccion - INFO - Rentabilidad Bruta: 0.590086%
2025-05-14 23:17:48,102 - deteccion - INFO - Oportunidad encontrada (A->C->B->A): VET -> BTC -> TRY -> VET
2025-05-14 23:17:48,103 - deteccion - INFO - Pares: VETBTC, BTCTRY, VETTRY
2025-05-14 23:17:48,103 - deteccion - INFO - Precios: 3e-07, 3995647.0, 1.1679
2025-05-14 23:17:48,103 - deteccion - INFO - Factores: 3e-07, 3995647.0, 0.8562376915831835
2025-05-14 23:17:48,103 - deteccion - INFO - Rentabilidad Bruta: 2.636707%
2025-05-14 23:17:48,106 - deteccion - INFO - Oportunidad encontrada (A->C->B->A): VET -> BTC -> USDT -> VET
2025-05-14 23:17:48,106 - deteccion - INFO - Pares: VETBTC, BTCUSDT, VETUSDT
2025-05-14 23:17:48,106 - deteccion - INFO - Precios: 3e-07, 102935.65, 0.03
2025-05-14 23:17:48,107 - deteccion - INFO - Factores: 3e-07, 102935.65, 33.333333333333336
2025-05-14 23:17:48,107 - deteccion - INFO - Rentabilidad Bruta: 2.935650%
2025-05-14 23:17:48,110 - deteccion - INFO - Oportunidad encontrada (A->B->C->A): VET -> BTC -> BNB -> VET
2025-05-14 23:17:48,110 - deteccion - INFO - Pares: VETBTC, BNBBTC, VETBNB
2025-05-14 23:17:48,110 - deteccion - INFO - Precios: 3e-07, 0.006306, 4.617e-05
2025-05-14 23:17:48,110 - deteccion - INFO - Factores: 3e-07, 158.5791309863622, 21659.08598657137
2025-05-14 23:17:48,111 - deteccion - INFO - Rentabilidad Bruta: 3.040371%
2025-05-14 23:17:48,118 - deteccion - INFO - Oportunidad encontrada (A->C->B->A): SOL -> MXN -> USDT -> SOL
2025-05-14 23:17:48,118 - deteccion - INFO - Pares: SOLMXN, USDTMXN, SOLUSDT
2025-05-14 23:17:48,118 - deteccion - INFO - Precios: 3469.0, 19.43, 175.82
2025-05-14 23:17:48,118 - deteccion - INFO - Factores: 3469.0, 0.0514668039114771, 0.005687635081333182
2025-05-14 23:17:48,118 - deteccion - INFO - Rentabilidad Bruta: 1.546094%
2025-05-14 23:17:48,122 - deteccion - INFO - Oportunidad encontrada (A->C->B->A): SOL -> MXN -> BTC -> SOL
2025-05-14 23:17:48,122 - deteccion - INFO - Pares: SOLMXN, BTCMXN, SOLBTC
2025-05-14 23:17:48,123 - deteccion - INFO - Precios: 3469.0, 1995659.0, 0.0017082
2025-05-14 23:17:48,123 - deteccion - INFO - Factores: 3469.0, 5.010876106589352e-07, 585.4115443156539
2025-05-14 23:17:48,123 - deteccion - INFO - Rentabilidad Bruta: 1.760504%
2025-05-14 23:17:48,133 - deteccion - INFO - Oportunidad encontrada (A->B->C->A): CTK -> BTC -> BNB -> CTK
2025-05-14 23:17:48,133 - deteccion - INFO - Pares: CTKBTC, BNBBTC, CTKBNB
2025-05-14 23:17:48,133 - deteccion - INFO - Precios: 3.77e-06, 0.006306, 0.000594
2025-05-14 23:17:48,134 - deteccion - INFO - Factores: 3.77e-06, 158.5791309863622, 1683.5016835016834
2025-05-14 23:17:48,134 - deteccion - INFO - Rentabilidad Bruta: 0.647024%
2025-05-14 23:17:48,173 - deteccion - INFO - Oportunidad encontrada (A->C->B->A): PIVX -> BTC -> USDT -> PIVX
2025-05-14 23:17:48,173 - deteccion - INFO - Pares: PIVXBTC, BTCUSDT, PIVXUSDT
2025-05-14 23:17:48,173 - deteccion - INFO - Precios: 1.67e-06, 102935.65, 0.1709
2025-05-14 23:17:48,173 - deteccion - INFO - Factores: 1.67e-06, 102935.65, 5.851375073142188
2025-05-14 23:17:48,173 - deteccion - INFO - Rentabilidad Bruta: 0.586621%
2025-05-14 23:17:48,230 - deteccion - INFO - Oportunidad encontrada (A->B->C->A): RON -> EGLD -> BTC -> RON
2025-05-14 23:17:48,230 - deteccion - INFO - Pares: EGLDRON, EGLDBTC, BTCRON
2025-05-14 23:17:48,230 - deteccion - INFO - Precios: 90.2, 0.000193, 470722.0
2025-05-14 23:17:48,230 - deteccion - INFO - Factores: 0.011086474501108647, 0.000193, 470722.0
2025-05-14 23:17:48,231 - deteccion - INFO - Rentabilidad Bruta: 0.719896%
2025-05-14 23:17:48,257 - deteccion - INFO - Oportunidad encontrada (A->B->C->A): TRY -> ACH -> BTC -> TRY
2025-05-14 23:17:48,257 - deteccion - INFO - Pares: ACHTRY, ACHBTC, BTCTRY
2025-05-14 23:17:48,257 - deteccion - INFO - Precios: 1.0689, 2.7e-07, 3995647.0
2025-05-14 23:17:48,257 - deteccion - INFO - Factores: 0.9355412105903266, 2.7e-07, 3995647.0
2025-05-14 23:17:48,257 - deteccion - INFO - Rentabilidad Bruta: 0.928496%
2025-05-14 23:17:48,258 - deteccion - INFO - Oportunidad encontrada (A->C->B->A): TRY -> BTC -> NFP -> TRY
2025-05-14 23:17:48,258 - deteccion - INFO - Pares: BTCTRY, NFPBTC, NFPTRY
2025-05-14 23:17:48,258 - deteccion - INFO - Precios: 3995647.0, 9.7e-07, 3.9
2025-05-14 23:17:48,258 - deteccion - INFO - Factores: 2.50272358894567e-07, 1030927.8350515463, 3.9
2025-05-14 23:17:48,258 - deteccion - INFO - Rentabilidad Bruta: 0.624969%
2025-05-14 23:17:48,259 - deteccion - INFO - Oportunidad encontrada (A->C->B->A): TRY -> BTC -> COTI -> TRY
2025-05-14 23:17:48,259 - deteccion - INFO - Pares: BTCTRY, COTIBTC, COTITRY
2025-05-14 23:17:48,259 - deteccion - INFO - Precios: 3995647.0, 7.7e-07, 3.1
2025-05-14 23:17:48,259 - deteccion - INFO - Factores: 2.50272358894567e-07, 1298701.2987012987, 3.1
2025-05-14 23:17:48,259 - deteccion - INFO - Rentabilidad Bruta: 0.759002%
2025-05-14 23:17:48,261 - deteccion - INFO - Oportunidad encontrada (A->B->C->A): TRY -> AEVO -> FDUSD -> TRY
2025-05-14 23:17:48,261 - deteccion - INFO - Pares: AEVOTRY, AEVOFDUSD, FDUSDTRY
2025-05-14 23:17:48,261 - deteccion - INFO - Precios: 5.5, 0.1431, 38.75
2025-05-14 23:17:48,261 - deteccion - INFO - Factores: 0.18181818181818182, 0.1431, 38.75
2025-05-14 23:17:48,261 - deteccion - INFO - Rentabilidad Bruta: 0.820455%
2025-05-14 23:17:48,262 - deteccion - INFO - Oportunidad encontrada (A->B->C->A): TRY -> ACA -> BTC -> TRY
2025-05-14 23:17:48,262 - deteccion - INFO - Pares: ACATRY, ACABTC, BTCTRY
2025-05-14 23:17:48,262 - deteccion - INFO - Precios: 1.465, 3.7e-07, 3995647.0
2025-05-14 23:17:48,262 - deteccion - INFO - Factores: 0.68259385665529, 3.7e-07, 3995647.0
2025-05-14 23:17:48,262 - deteccion - INFO - Rentabilidad Bruta: 0.913952%
2025-05-14 23:17:48,263 - deteccion - INFO - Oportunidad encontrada (A->B->C->A): TRY -> USDT -> TWT -> TRY
2025-05-14 23:17:48,264 - deteccion - INFO - Pares: USDTTRY, TWTUSDT, TWTTRY
2025-05-14 23:17:48,264 - deteccion - INFO - Precios: 38.82, 0.8617, 33.86
2025-05-14 23:17:48,264 - deteccion - INFO - Factores: 0.02575991756826378, 1.160496692584426, 33.86
2025-05-14 23:17:48,264 - deteccion - INFO - Rentabilidad Bruta: 1.222097%
2025-05-14 23:17:48,264 - deteccion - INFO - Oportunidad encontrada (A->B->C->A): TRY -> USDT -> PHA -> TRY
2025-05-14 23:17:48,265 - deteccion - INFO - Pares: USDTTRY, PHAUSDT, PHATRY
2025-05-14 23:17:48,265 - deteccion - INFO - Precios: 38.82, 0.1433, 5.61
2025-05-14 23:17:48,265 - deteccion - INFO - Factores: 0.02575991756826378, 6.978367062107466, 5.61
2025-05-14 23:17:48,265 - deteccion - INFO - Rentabilidad Bruta: 0.846572%
2025-05-14 23:17:48,265 - deteccion - INFO - Oportunidad encontrada (A->C->B->A): TRY -> 1MBABYDOGE -> USDT -> TRY
2025-05-14 23:17:48,265 - deteccion - INFO - Pares: 1MBABYDOGETRY, 1MBABYDOGEUSDT, USDTTRY
2025-05-14 23:17:48,265 - deteccion - INFO - Precios: 0.07119, 0.0018432, 38.82
2025-05-14 23:17:48,266 - deteccion - INFO - Factores: 14.046916701783958, 0.0018432, 38.82
2025-05-14 23:17:48,266 - deteccion - INFO - Rentabilidad Bruta: 0.509937%
2025-05-14 23:17:48,266 - deteccion - INFO - Oportunidad encontrada (A->B->C->A): TRY -> USDT -> AXS -> TRY
2025-05-14 23:17:48,266 - deteccion - INFO - Pares: USDTTRY, AXSUSDT, AXSTRY
2025-05-14 23:17:48,266 - deteccion - INFO - Precios: 38.82, 3.325, 130.2
2025-05-14 23:17:48,266 - deteccion - INFO - Factores: 0.02575991756826378, 0.3007518796992481, 130.2
2025-05-14 23:17:48,266 - deteccion - INFO - Rentabilidad Bruta: 0.870414%
2025-05-14 23:17:48,267 - deteccion - INFO - Oportunidad encontrada (A->B->C->A): TRY -> XAI -> FDUSD -> TRY
2025-05-14 23:17:48,267 - deteccion - INFO - Pares: XAITRY, XAIFDUSD, FDUSDTRY
2025-05-14 23:17:48,267 - deteccion - INFO - Precios: 3.43, 0.0926, 38.75
2025-05-14 23:17:48,267 - deteccion - INFO - Factores: 0.29154518950437314, 0.0926, 38.75
2025-05-14 23:17:48,268 - deteccion - INFO - Rentabilidad Bruta: 4.613703%
2025-05-14 23:17:48,268 - deteccion - INFO - Oportunidad encontrada (A->C->B->A): TRY -> BNB -> PARTI -> TRY
2025-05-14 23:17:48,268 - deteccion - INFO - Pares: BNBTRY, PARTIBNB, PARTITRY
2025-05-14 23:17:48,268 - deteccion - INFO - Precios: 25196.0, 0.00050288, 12.76
2025-05-14 23:17:48,268 - deteccion - INFO - Factores: 3.968883949833307e-05, 1988.545975182946, 12.76
2025-05-14 23:17:48,268 - deteccion - INFO - Rentabilidad Bruta: 0.705853%
2025-05-14 23:17:48,269 - deteccion - INFO - Oportunidad encontrada (A->B->C->A): TRY -> ENA -> BNB -> TRY
2025-05-14 23:17:48,269 - deteccion - INFO - Pares: ENATRY, ENABNB, BNBTRY
2025-05-14 23:17:48,269 - deteccion - INFO - Precios: 15.621, 0.0006235, 25196.0
2025-05-14 23:17:48,269 - deteccion - INFO - Factores: 0.06401638819537801, 0.0006235, 25196.0
2025-05-14 23:17:48,269 - deteccion - INFO - Rentabilidad Bruta: 0.567864%
2025-05-14 23:17:48,270 - deteccion - INFO - Oportunidad encontrada (A->C->B->A): TRY -> BTC -> EGLD -> TRY
2025-05-14 23:17:48,270 - deteccion - INFO - Pares: BTCTRY, EGLDBTC, EGLDTRY
2025-05-14 23:17:48,270 - deteccion - INFO - Precios: 3995647.0, 0.000193, 775.1
2025-05-14 23:17:48,270 - deteccion - INFO - Factores: 2.50272358894567e-07, 5181.347150259067, 775.1
2025-05-14 23:17:48,270 - deteccion - INFO - Rentabilidad Bruta: 0.510935%
2025-05-14 23:17:48,271 - deteccion - INFO - Oportunidad encontrada (A->C->B->A): TRY -> BNB -> KERNEL -> TRY
2025-05-14 23:17:48,271 - deteccion - INFO - Pares: BNBTRY, KERNELBNB, KERNELTRY
2025-05-14 23:17:48,271 - deteccion - INFO - Precios: 25196.0, 0.000258, 6.54
2025-05-14 23:17:48,271 - deteccion - INFO - Factores: 3.968883949833307e-05, 3875.9689922480625, 6.54
2025-05-14 23:17:48,271 - deteccion - INFO - Rentabilidad Bruta: 0.606593%
2025-05-14 23:17:48,271 - deteccion - INFO - Oportunidad encontrada (A->B->C->A): TRY -> RARE -> BTC -> TRY
2025-05-14 23:17:48,271 - deteccion - INFO - Pares: RARETRY, RAREBTC, BTCTRY
2025-05-14 23:17:48,271 - deteccion - INFO - Precios: 2.822, 7.1e-07, 3995647.0
2025-05-14 23:17:48,271 - deteccion - INFO - Factores: 0.3543586109142452, 7.1e-07, 3995647.0
2025-05-14 23:17:48,272 - deteccion - INFO - Rentabilidad Bruta: 0.528326%
2025-05-14 23:17:48,272 - deteccion - INFO - Oportunidad encontrada (A->C->B->A): TRY -> BTC -> ANKR -> TRY
2025-05-14 23:17:48,272 - deteccion - INFO - Pares: BTCTRY, ANKRBTC, ANKRTRY
2025-05-14 23:17:48,272 - deteccion - INFO - Precios: 3995647.0, 1.9e-07, 0.7905
2025-05-14 23:17:48,272 - deteccion - INFO - Factores: 2.50272358894567e-07, 5263157.894736842, 0.7905
2025-05-14 23:17:48,273 - deteccion - INFO - Rentabilidad Bruta: 4.126474%
2025-05-14 23:17:48,273 - deteccion - INFO - Oportunidad encontrada (A->B->C->A): TRY -> ARKM -> BNB -> TRY
2025-05-14 23:17:48,273 - deteccion - INFO - Pares: ARKMTRY, ARKMBNB, BNBTRY
2025-05-14 23:17:48,273 - deteccion - INFO - Precios: 28.42, 0.001174, 25196.0
2025-05-14 23:17:48,273 - deteccion - INFO - Factores: 0.03518648838845883, 0.001174, 25196.0
2025-05-14 23:17:48,273 - deteccion - INFO - Rentabilidad Bruta: 4.081999%
2025-05-14 23:17:48,274 - deteccion - INFO - Oportunidad encontrada (A->B->C->A): TRY -> PORTAL -> BTC -> TRY
2025-05-14 23:17:48,274 - deteccion - INFO - Pares: PORTALTRY, PORTALBTC, BTCTRY
2025-05-14 23:17:48,274 - deteccion - INFO - Precios: 2.369, 6e-07, 3995647.0
2025-05-14 23:17:48,275 - deteccion - INFO - Factores: 0.4221190375685943, 6e-07, 3995647.0
2025-05-14 23:17:48,275 - deteccion - INFO - Rentabilidad Bruta: 1.198320%
2025-05-14 23:17:48,275 - deteccion - INFO - Oportunidad encontrada (A->B->C->A): TRY -> SKL -> BTC -> TRY
2025-05-14 23:17:48,275 - deteccion - INFO - Pares: SKLTRY, SKLBTC, BTCTRY
2025-05-14 23:17:48,275 - deteccion - INFO - Precios: 1.012, 2.6e-07, 3995647.0
2025-05-14 23:17:48,275 - deteccion - INFO - Factores: 0.9881422924901185, 2.6e-07, 3995647.0
2025-05-14 23:17:48,275 - deteccion - INFO - Rentabilidad Bruta: 2.654962%
2025-05-14 23:17:48,276 - deteccion - INFO - Oportunidad encontrada (A->B->C->A): TRY -> GUN -> BNB -> TRY
2025-05-14 23:17:48,276 - deteccion - INFO - Pares: GUNTRY, GUNBNB, BNBTRY
2025-05-14 23:17:48,276 - deteccion - INFO - Precios: 2.446, 9.873e-05, 25196.0
2025-05-14 23:17:48,276 - deteccion - INFO - Factores: 0.4088307440719542, 9.873e-05, 25196.0
2025-05-14 23:17:48,276 - deteccion - INFO - Rentabilidad Bruta: 1.700780%
2025-05-14 23:17:48,277 - deteccion - INFO - Oportunidad encontrada (A->B->C->A): TRY -> BTC -> AXS -> TRY
2025-05-14 23:17:48,277 - deteccion - INFO - Pares: BTCTRY, AXSBTC, AXSTRY
2025-05-14 23:17:48,277 - deteccion - INFO - Precios: 3995647.0, 3.23e-05, 130.2
2025-05-14 23:17:48,277 - deteccion - INFO - Factores: 2.50272358894567e-07, 30959.752321981425, 130.2
2025-05-14 23:17:48,277 - deteccion - INFO - Rentabilidad Bruta: 0.883781%
2025-05-14 23:17:48,277 - deteccion - INFO - Oportunidad encontrada (A->C->B->A): TRY -> GALA -> BTC -> TRY
2025-05-14 23:17:48,277 - deteccion - INFO - Pares: GALATRY, GALABTC, BTCTRY
2025-05-14 23:17:48,277 - deteccion - INFO - Precios: 0.8296, 2.1e-07, 3995647.0
2025-05-14 23:17:48,277 - deteccion - INFO - Factores: 1.2054001928640308, 2.1e-07, 3995647.0
2025-05-14 23:17:48,277 - deteccion - INFO - Rentabilidad Bruta: 1.143427%
2025-05-14 23:17:48,278 - deteccion - INFO - Oportunidad encontrada (A->B->C->A): TRY -> BTC -> TRU -> TRY
2025-05-14 23:17:48,278 - deteccion - INFO - Pares: BTCTRY, TRUBTC, TRUTRY
2025-05-14 23:17:48,278 - deteccion - INFO - Precios: 3995647.0, 4.5e-07, 1.821
2025-05-14 23:17:48,278 - deteccion - INFO - Factores: 2.50272358894567e-07, 2222222.2222222225, 1.821
2025-05-14 23:17:48,278 - deteccion - INFO - Rentabilidad Bruta: 1.276881%
2025-05-14 23:17:48,278 - deteccion - INFO - Oportunidad encontrada (A->B->C->A): TRY -> BTC -> COMP -> TRY
2025-05-14 23:17:48,278 - deteccion - INFO - Pares: BTCTRY, COMPBTC, COMPTRY
2025-05-14 23:17:48,278 - deteccion - INFO - Precios: 3995647.0, 0.000441, 1780.0
2025-05-14 23:17:48,278 - deteccion - INFO - Factores: 2.50272358894567e-07, 2267.573696145125, 1780.0
2025-05-14 23:17:48,278 - deteccion - INFO - Rentabilidad Bruta: 1.016961%
2025-05-14 23:17:48,278 - deteccion - INFO - Oportunidad encontrada (A->C->B->A): TRY -> SNX -> BTC -> TRY
2025-05-14 23:17:48,279 - deteccion - INFO - Pares: SNXTRY, SNXBTC, BTCTRY
2025-05-14 23:17:48,279 - deteccion - INFO - Precios: 34.23, 8.62e-06, 3995647.0
2025-05-14 23:17:48,279 - deteccion - INFO - Factores: 0.0292141396435875, 8.62e-06, 3995647.0
2025-05-14 23:17:48,279 - deteccion - INFO - Rentabilidad Bruta: 0.620734%
2025-05-14 23:17:48,279 - deteccion - INFO - Oportunidad encontrada (A->B->C->A): TRY -> BTC -> UNI -> TRY
2025-05-14 23:17:48,279 - deteccion - INFO - Pares: BTCTRY, UNIBTC, UNITRY
2025-05-14 23:17:48,279 - deteccion - INFO - Precios: 3995647.0, 6.46e-05, 259.6
2025-05-14 23:17:48,280 - deteccion - INFO - Factores: 2.50272358894567e-07, 15479.876160990712, 259.6
2025-05-14 23:17:48,280 - deteccion - INFO - Rentabilidad Bruta: 0.573846%
2025-05-14 23:17:48,280 - deteccion - INFO - Oportunidad encontrada (A->C->B->A): TRY -> BNB -> AXS -> TRY
2025-05-14 23:17:48,280 - deteccion - INFO - Pares: BNBTRY, AXSBNB, AXSTRY
2025-05-14 23:17:48,280 - deteccion - INFO - Precios: 25196.0, 0.00513, 130.2
2025-05-14 23:17:48,280 - deteccion - INFO - Factores: 3.968883949833307e-05, 194.9317738791423, 130.2
2025-05-14 23:17:48,281 - deteccion - INFO - Rentabilidad Bruta: 0.730739%
2025-05-14 23:17:48,281 - deteccion - INFO - Oportunidad encontrada (A->C->B->A): TRY -> FDUSD -> TST -> TRY
2025-05-14 23:17:48,281 - deteccion - INFO - Pares: FDUSDTRY, TSTFDUSD, TSTTRY
2025-05-14 23:17:48,281 - deteccion - INFO - Precios: 38.75, 0.0623, 2.433
2025-05-14 23:17:48,281 - deteccion - INFO - Factores: 0.025806451612903226, 16.051364365971107, 2.433
2025-05-14 23:17:48,281 - deteccion - INFO - Rentabilidad Bruta: 0.781857%
2025-05-14 23:17:48,283 - deteccion - INFO - Oportunidad encontrada (A->C->B->A): TRY -> BNB -> BIO -> TRY
2025-05-14 23:17:48,284 - deteccion - INFO - Pares: BNBTRY, BIOBNB, BIOTRY
2025-05-14 23:17:48,284 - deteccion - INFO - Precios: 25196.0, 0.00013078, 3.318
2025-05-14 23:17:48,284 - deteccion - INFO - Factores: 3.968883949833307e-05, 7646.429117602081, 3.318
2025-05-14 23:17:48,284 - deteccion - INFO - Rentabilidad Bruta: 0.693967%
2025-05-14 23:17:48,284 - deteccion - INFO - Oportunidad encontrada (A->B->C->A): TRY -> BIO -> FDUSD -> TRY
2025-05-14 23:17:48,284 - deteccion - INFO - Pares: BIOTRY, BIOFDUSD, FDUSDTRY
2025-05-14 23:17:48,284 - deteccion - INFO - Precios: 3.318, 0.0873, 38.75
2025-05-14 23:17:48,284 - deteccion - INFO - Factores: 0.3013863773357444, 0.0873, 38.75
2025-05-14 23:17:48,285 - deteccion - INFO - Rentabilidad Bruta: 1.955244%
2025-05-14 23:17:48,285 - deteccion - INFO - Oportunidad encontrada (A->C->B->A): TRY -> FDUSD -> PNUT -> TRY
2025-05-14 23:17:48,285 - deteccion - INFO - Pares: FDUSDTRY, PNUTFDUSD, PNUTTRY
2025-05-14 23:17:48,285 - deteccion - INFO - Precios: 38.75, 0.3865, 15.07
2025-05-14 23:17:48,285 - deteccion - INFO - Factores: 0.025806451612903226, 2.5873221216041395, 15.07
2025-05-14 23:17:48,285 - deteccion - INFO - Rentabilidad Bruta: 0.621792%
2025-05-14 23:17:48,285 - deteccion - INFO - Oportunidad encontrada (A->B->C->A): TRY -> AI -> FDUSD -> TRY
2025-05-14 23:17:48,286 - deteccion - INFO - Pares: AITRY, AIFDUSD, FDUSDTRY
2025-05-14 23:17:48,286 - deteccion - INFO - Precios: 7.69, 0.1995, 38.75
2025-05-14 23:17:48,286 - deteccion - INFO - Factores: 0.13003901170351104, 0.1995, 38.75
2025-05-14 23:17:48,286 - deteccion - INFO - Rentabilidad Bruta: 0.528283%
2025-05-14 23:17:48,286 - deteccion - INFO - Oportunidad encontrada (A->B->C->A): TRY -> BNB -> BMT -> TRY
2025-05-14 23:17:48,286 - deteccion - INFO - Pares: BNBTRY, BMTBNB, BMTTRY
2025-05-14 23:17:48,286 - deteccion - INFO - Precios: 25196.0, 0.0001525, 3.876
2025-05-14 23:17:48,286 - deteccion - INFO - Factores: 3.968883949833307e-05, 6557.377049180328, 3.876
2025-05-14 23:17:48,286 - deteccion - INFO - Rentabilidad Bruta: 0.874716%
2025-05-14 23:17:48,286 - deteccion - INFO - Oportunidad encontrada (A->B->C->A): TRY -> BNB -> HYPER -> TRY
2025-05-14 23:17:48,286 - deteccion - INFO - Pares: BNBTRY, HYPERBNB, HYPERTRY
2025-05-14 23:17:48,286 - deteccion - INFO - Precios: 25196.0, 0.0002504, 6.35
2025-05-14 23:17:48,286 - deteccion - INFO - Factores: 3.968883949833307e-05, 3993.610223642172, 6.35
2025-05-14 23:17:48,287 - deteccion - INFO - Rentabilidad Bruta: 0.648615%
2025-05-14 23:17:48,287 - deteccion - INFO - Oportunidad encontrada (A->C->B->A): TRY -> FDUSD -> BMT -> TRY
2025-05-14 23:17:48,287 - deteccion - INFO - Pares: FDUSDTRY, BMTFDUSD, BMTTRY
2025-05-14 23:17:48,287 - deteccion - INFO - Precios: 38.75, 0.0985, 3.876
2025-05-14 23:17:48,287 - deteccion - INFO - Factores: 0.025806451612903226, 10.152284263959391, 3.876
2025-05-14 23:17:48,287 - deteccion - INFO - Rentabilidad Bruta: 1.549042%
2025-05-14 23:17:48,288 - deteccion - INFO - Oportunidad encontrada (A->B->C->A): TRY -> HYPER -> FDUSD -> TRY
2025-05-14 23:17:48,288 - deteccion - INFO - Pares: HYPERTRY, HYPERFDUSD, FDUSDTRY
2025-05-14 23:17:48,288 - deteccion - INFO - Precios: 6.35, 0.1715, 38.75
2025-05-14 23:17:48,288 - deteccion - INFO - Factores: 0.15748031496062992, 0.1715, 38.75
2025-05-14 23:17:48,288 - deteccion - INFO - Rentabilidad Bruta: 4.655512%
2025-05-14 23:17:48,289 - deteccion - INFO - Oportunidad encontrada (A->B->C->A): TRY -> TLM -> FDUSD -> TRY
2025-05-14 23:17:48,289 - deteccion - INFO - Pares: TLMTRY, TLMFDUSD, FDUSDTRY
2025-05-14 23:17:48,289 - deteccion - INFO - Precios: 0.251, 0.00652, 38.75
2025-05-14 23:17:48,289 - deteccion - INFO - Factores: 3.9840637450199203, 0.00652, 38.75
2025-05-14 23:17:48,289 - deteccion - INFO - Rentabilidad Bruta: 0.657371%
2025-05-14 23:17:48,289 - deteccion - INFO - Oportunidad encontrada (A->C->B->A): TRY -> GPS -> FDUSD -> TRY
2025-05-14 23:17:48,289 - deteccion - INFO - Pares: GPSTRY, GPSFDUSD, FDUSDTRY
2025-05-14 23:17:48,289 - deteccion - INFO - Precios: 0.96, 0.0254, 38.75
2025-05-14 23:17:48,290 - deteccion - INFO - Factores: 1.0416666666666667, 0.0254, 38.75
2025-05-14 23:17:48,290 - deteccion - INFO - Rentabilidad Bruta: 2.526042%
2025-05-14 23:17:48,328 - deteccion - INFO - Oportunidad encontrada (A->C->B->A): TUSD -> DOGE -> USDT -> TUSD
2025-05-14 23:17:48,328 - deteccion - INFO - Pares: DOGETUSD, DOGEUSDT, TUSDUSDT
2025-05-14 23:17:48,328 - deteccion - INFO - Precios: 0.22979, 0.23382, 0.9982
2025-05-14 23:17:48,328 - deteccion - INFO - Factores: 4.351799469080465, 0.23382, 1.0018032458425166
2025-05-14 23:17:48,328 - deteccion - INFO - Rentabilidad Bruta: 1.937262%
2025-05-14 23:17:48,328 - deteccion - INFO - Oportunidad encontrada (A->B->C->A): TUSD -> USDT -> T -> TUSD
2025-05-14 23:17:48,328 - deteccion - INFO - Pares: TUSDUSDT, TUSDT, TUSDT
2025-05-14 23:17:48,328 - deteccion - INFO - Precios: 0.9982, 0.01827, 0.01827
2025-05-14 23:17:48,328 - deteccion - INFO - Factores: 0.9982, 54.73453749315818, 54.73453749315818
2025-05-14 23:17:48,329 - deteccion - INFO - Rentabilidad Bruta: 298947.702932%
2025-05-14 23:17:48,331 - deteccion - INFO - Oportunidad encontrada (A->B->C->A): TUSD -> DOGE -> BTC -> TUSD
2025-05-14 23:17:48,331 - deteccion - INFO - Pares: DOGETUSD, DOGEBTC, BTCTUSD
2025-05-14 23:17:48,332 - deteccion - INFO - Precios: 0.22979, 2.27e-06, 103086.42
2025-05-14 23:17:48,332 - deteccion - INFO - Factores: 4.351799469080465, 2.27e-06, 103086.42
2025-05-14 23:17:48,332 - deteccion - INFO - Rentabilidad Bruta: 1.834794%
2025-05-14 23:17:48,347 - deteccion - INFO - Oportunidad encontrada (A->B->C->A): ICX -> USDT -> BTC -> ICX
2025-05-14 23:17:48,347 - deteccion - INFO - Pares: ICXUSDT, BTCUSDT, ICXBTC
2025-05-14 23:17:48,347 - deteccion - INFO - Precios: 0.1089, 102935.65, 1.05e-06
2025-05-14 23:17:48,348 - deteccion - INFO - Factores: 0.1089, 9.714807260652651e-06, 952380.9523809524
2025-05-14 23:17:48,348 - deteccion - INFO - Rentabilidad Bruta: 0.756430%
2025-05-14 23:17:48,356 - deteccion - INFO - Oportunidad encontrada (A->C->B->A): ACH -> BTC -> USDT -> ACH
2025-05-14 23:17:48,357 - deteccion - INFO - Pares: ACHBTC, BTCUSDT, ACHUSDT
2025-05-14 23:17:48,357 - deteccion - INFO - Precios: 2.7e-07, 102935.65, 0.02755
2025-05-14 23:17:48,357 - deteccion - INFO - Factores: 2.7e-07, 102935.65, 36.29764065335753
2025-05-14 23:17:48,357 - deteccion - INFO - Rentabilidad Bruta: 0.880673%
2025-05-14 23:17:48,425 - deteccion - INFO - Oportunidad encontrada (A->B->C->A): NFP -> USDT -> BTC -> NFP
2025-05-14 23:17:48,425 - deteccion - INFO - Pares: NFPUSDT, BTCUSDT, NFPBTC
2025-05-14 23:17:48,425 - deteccion - INFO - Precios: 0.1004, 102935.65, 9.7e-07
2025-05-14 23:17:48,425 - deteccion - INFO - Factores: 0.1004, 9.714807260652651e-06, 1030927.8350515463
2025-05-14 23:17:48,426 - deteccion - INFO - Rentabilidad Bruta: 0.553263%
2025-05-14 23:17:48,440 - deteccion - INFO - Oportunidad encontrada (A->B->C->A): XRP -> TRX -> BTC -> XRP
2025-05-14 23:17:48,440 - deteccion - INFO - Pares: TRXXRP, TRXBTC, XRPBTC
2025-05-14 23:17:48,440 - deteccion - INFO - Precios: 0.1076, 2.67e-06, 2.467e-05
2025-05-14 23:17:48,440 - deteccion - INFO - Factores: 9.293680297397769, 2.67e-06, 40535.062829347386
2025-05-14 23:17:48,441 - deteccion - INFO - Rentabilidad Bruta: 0.584217%
2025-05-14 23:17:48,442 - deteccion - INFO - Oportunidad encontrada (A->B->C->A): XRP -> USDT -> MXN -> XRP
2025-05-14 23:17:48,442 - deteccion - INFO - Pares: XRPUSDT, USDTMXN, XRPMXN
2025-05-14 23:17:48,442 - deteccion - INFO - Precios: 2.5399, 19.43, 49.006
2025-05-14 23:17:48,442 - deteccion - INFO - Factores: 2.5399, 19.43, 0.02040566461249643
2025-05-14 23:17:48,443 - deteccion - INFO - Rentabilidad Bruta: 0.702479%
2025-05-14 23:17:48,451 - deteccion - INFO - Oportunidad encontrada (A->C->B->A): OXT -> BTC -> USDT -> OXT
2025-05-14 23:17:48,451 - deteccion - INFO - Pares: OXTBTC, BTCUSDT, OXTUSDT
2025-05-14 23:17:48,451 - deteccion - INFO - Precios: 6.9e-07, 102935.65, 0.0703
2025-05-14 23:17:48,451 - deteccion - INFO - Factores: 6.9e-07, 102935.65, 14.22475106685633
2025-05-14 23:17:48,452 - deteccion - INFO - Rentabilidad Bruta: 1.032146%
2025-05-14 23:17:48,475 - deteccion - INFO - Oportunidad encontrada (A->B->C->A): COTI -> USDT -> BTC -> COTI
2025-05-14 23:17:48,475 - deteccion - INFO - Pares: COTIUSDT, BTCUSDT, COTIBTC
2025-05-14 23:17:48,475 - deteccion - INFO - Precios: 0.0797, 102935.65, 7.7e-07
2025-05-14 23:17:48,475 - deteccion - INFO - Factores: 0.0797, 9.714807260652651e-06, 1298701.2987012987
2025-05-14 23:17:48,475 - deteccion - INFO - Rentabilidad Bruta: 0.554563%
2025-05-14 23:17:48,569 - deteccion - INFO - Oportunidad encontrada (A->C->B->A): AEVO -> FDUSD -> USDT -> AEVO
2025-05-14 23:17:48,570 - deteccion - INFO - Pares: AEVOFDUSD, FDUSDUSDT, AEVOUSDT
2025-05-14 23:17:48,570 - deteccion - INFO - Precios: 0.1431, 0.9984, 0.142
2025-05-14 23:17:48,570 - deteccion - INFO - Factores: 0.1431, 0.9984, 7.042253521126761
2025-05-14 23:17:48,570 - deteccion - INFO - Rentabilidad Bruta: 0.613408%
2025-05-14 23:17:48,574 - deteccion - INFO - Oportunidad encontrada (A->C->B->A): AEVO -> FDUSD -> BTC -> AEVO
2025-05-14 23:17:48,574 - deteccion - INFO - Pares: AEVOFDUSD, BTCFDUSD, AEVOBTC
2025-05-14 23:17:48,574 - deteccion - INFO - Precios: 0.1431, 103091.25, 1.38e-06
2025-05-14 23:17:48,574 - deteccion - INFO - Factores: 0.1431, 9.700144289646309e-06, 724637.6811594203
2025-05-14 23:17:48,574 - deteccion - INFO - Rentabilidad Bruta: 0.586279%
2025-05-14 23:17:48,584 - deteccion - INFO - Oportunidad encontrada (A->C->B->A): ACA -> BTC -> USDT -> ACA
2025-05-14 23:17:48,585 - deteccion - INFO - Pares: ACABTC, BTCUSDT, ACAUSDT
2025-05-14 23:17:48,585 - deteccion - INFO - Precios: 3.7e-07, 102935.65, 0.0377
2025-05-14 23:17:48,585 - deteccion - INFO - Factores: 3.7e-07, 102935.65, 26.525198938992045
2025-05-14 23:17:48,585 - deteccion - INFO - Rentabilidad Bruta: 1.024378%
2025-05-14 23:17:48,634 - deteccion - INFO - Oportunidad encontrada (A->B->C->A): USDT -> XAI -> FDUSD -> USDT
2025-05-14 23:17:48,635 - deteccion - INFO - Pares: XAIUSDT, XAIFDUSD, FDUSDUSDT
2025-05-14 23:17:48,635 - deteccion - INFO - Precios: 0.0884, 0.0926, 0.9984
2025-05-14 23:17:48,635 - deteccion - INFO - Factores: 11.312217194570135, 0.0926, 0.9984
2025-05-14 23:17:48,635 - deteccion - INFO - Rentabilidad Bruta: 4.583529%
2025-05-14 23:17:48,635 - deteccion - INFO - Oportunidad encontrada (A->C->B->A): USDT -> BNB -> PARTI -> USDT
2025-05-14 23:17:48,635 - deteccion - INFO - Pares: BNBUSDT, PARTIBNB, PARTIUSDT
2025-05-14 23:17:48,635 - deteccion - INFO - Precios: 649.17, 0.00050288, 0.329
2025-05-14 23:17:48,636 - deteccion - INFO - Factores: 0.0015404285472218372, 1988.545975182946, 0.329
2025-05-14 23:17:48,636 - deteccion - INFO - Rentabilidad Bruta: 0.779707%
2025-05-14 23:17:48,636 - deteccion - INFO - Oportunidad encontrada (A->B->C->A): USDT -> HFT -> BTC -> USDT
2025-05-14 23:17:48,636 - deteccion - INFO - Pares: HFTUSDT, HFTBTC, BTCUSDT
2025-05-14 23:17:48,636 - deteccion - INFO - Precios: 0.0844, 8.3e-07, 102935.65
2025-05-14 23:17:48,636 - deteccion - INFO - Factores: 11.848341232227488, 8.3e-07, 102935.65
2025-05-14 23:17:48,636 - deteccion - INFO - Rentabilidad Bruta: 1.228187%
2025-05-14 23:17:48,637 - deteccion - INFO - Oportunidad encontrada (A->B->C->A): USDT -> ENA -> BNB -> USDT
2025-05-14 23:17:48,637 - deteccion - INFO - Pares: ENAUSDT, ENABNB, BNBUSDT
2025-05-14 23:17:48,637 - deteccion - INFO - Precios: 0.4025, 0.0006235, 649.17
2025-05-14 23:17:48,637 - deteccion - INFO - Factores: 2.484472049689441, 0.0006235, 649.17
2025-05-14 23:17:48,637 - deteccion - INFO - Rentabilidad Bruta: 0.560868%
2025-05-14 23:17:48,637 - deteccion - INFO - Oportunidad encontrada (A->B->C->A): USDT -> EGLD -> BNB -> USDT
2025-05-14 23:17:48,638 - deteccion - INFO - Pares: EGLDUSDT, EGLDBNB, BNBUSDT
2025-05-14 23:17:48,638 - deteccion - INFO - Precios: 19.88, 0.03081, 649.17
2025-05-14 23:17:48,638 - deteccion - INFO - Factores: 0.05030181086519115, 0.03081, 649.17
2025-05-14 23:17:48,638 - deteccion - INFO - Rentabilidad Bruta: 0.608288%
2025-05-14 23:17:48,638 - deteccion - INFO - Oportunidad encontrada (A->C->B->A): USDT -> BNB -> KERNEL -> USDT
2025-05-14 23:17:48,638 - deteccion - INFO - Pares: BNBUSDT, KERNELBNB, KERNELUSDT
2025-05-14 23:17:48,638 - deteccion - INFO - Precios: 649.17, 0.000258, 0.1692
2025-05-14 23:17:48,638 - deteccion - INFO - Factores: 0.0015404285472218372, 3875.9689922480625, 0.1692
2025-05-14 23:17:48,638 - deteccion - INFO - Rentabilidad Bruta: 1.023454%
2025-05-14 23:17:48,639 - deteccion - INFO - Oportunidad encontrada (A->C->B->A): USDT -> BTC -> ANKR -> USDT
2025-05-14 23:17:48,639 - deteccion - INFO - Pares: BTCUSDT, ANKRBTC, ANKRUSDT
2025-05-14 23:17:48,639 - deteccion - INFO - Precios: 102935.65, 1.9e-07, 0.02043
2025-05-14 23:17:48,640 - deteccion - INFO - Factores: 9.714807260652651e-06, 5263157.894736842, 0.02043
2025-05-14 23:17:48,640 - deteccion - INFO - Rentabilidad Bruta: 4.459743%
2025-05-14 23:17:48,640 - deteccion - INFO - Oportunidad encontrada (A->B->C->A): USDT -> ARKM -> BNB -> USDT
2025-05-14 23:17:48,640 - deteccion - INFO - Pares: ARKMUSDT, ARKMBNB, BNBUSDT
2025-05-14 23:17:48,640 - deteccion - INFO - Precios: 0.732, 0.001174, 649.17
2025-05-14 23:17:48,640 - deteccion - INFO - Factores: 1.366120218579235, 0.001174, 649.17
2025-05-14 23:17:48,640 - deteccion - INFO - Rentabilidad Bruta: 4.115516%
2025-05-14 23:17:48,641 - deteccion - INFO - Oportunidad encontrada (A->B->C->A): USDT -> PORTAL -> BTC -> USDT
2025-05-14 23:17:48,641 - deteccion - INFO - Pares: PORTALUSDT, PORTALBTC, BTCUSDT
2025-05-14 23:17:48,641 - deteccion - INFO - Precios: 0.061, 6e-07, 102935.65
2025-05-14 23:17:48,641 - deteccion - INFO - Factores: 16.39344262295082, 6e-07, 102935.65
2025-05-14 23:17:48,641 - deteccion - INFO - Rentabilidad Bruta: 1.248180%
2025-05-14 23:17:48,642 - deteccion - INFO - Oportunidad encontrada (A->B->C->A): USDT -> SKL -> BTC -> USDT
2025-05-14 23:17:48,642 - deteccion - INFO - Pares: SKLUSDT, SKLBTC, BTCUSDT
2025-05-14 23:17:48,642 - deteccion - INFO - Precios: 0.02612, 2.6e-07, 102935.65
2025-05-14 23:17:48,642 - deteccion - INFO - Factores: 38.28483920367535, 2.6e-07, 102935.65
2025-05-14 23:17:48,642 - deteccion - INFO - Rentabilidad Bruta: 2.462745%
2025-05-14 23:17:48,643 - deteccion - INFO - Oportunidad encontrada (A->B->C->A): USDT -> GUN -> BNB -> USDT
2025-05-14 23:17:48,643 - deteccion - INFO - Pares: GUNUSDT, GUNBNB, BNBUSDT
2025-05-14 23:17:48,643 - deteccion - INFO - Precios: 0.06303, 9.873e-05, 649.17
2025-05-14 23:17:48,643 - deteccion - INFO - Factores: 15.865460891638902, 9.873e-05, 649.17
2025-05-14 23:17:48,643 - deteccion - INFO - Rentabilidad Bruta: 1.685791%
2025-05-14 23:17:48,643 - deteccion - INFO - Oportunidad encontrada (A->B->C->A): USDT -> PHA -> BTC -> USDT
2025-05-14 23:17:48,643 - deteccion - INFO - Pares: PHAUSDT, PHABTC, BTCUSDT
2025-05-14 23:17:48,643 - deteccion - INFO - Precios: 0.1433, 1.4e-06, 102935.65
2025-05-14 23:17:48,644 - deteccion - INFO - Factores: 6.978367062107466, 1.4e-06, 102935.65
2025-05-14 23:17:48,644 - deteccion - INFO - Rentabilidad Bruta: 0.565185%
2025-05-14 23:17:48,644 - deteccion - INFO - Oportunidad encontrada (A->C->B->A): USDT -> GALA -> BTC -> USDT
2025-05-14 23:17:48,644 - deteccion - INFO - Pares: GALAUSDT, GALABTC, BTCUSDT
2025-05-14 23:17:48,644 - deteccion - INFO - Precios: 0.02138, 2.1e-07, 102935.65
2025-05-14 23:17:48,644 - deteccion - INFO - Factores: 46.77268475210477, 2.1e-07, 102935.65
2025-05-14 23:17:48,644 - deteccion - INFO - Rentabilidad Bruta: 1.106111%
2025-05-14 23:17:48,644 - deteccion - INFO - Oportunidad encontrada (A->C->B->A): USDT -> FIDA -> BTC -> USDT
2025-05-14 23:17:48,645 - deteccion - INFO - Pares: FIDAUSDT, FIDABTC, BTCUSDT
2025-05-14 23:17:48,645 - deteccion - INFO - Precios: 0.0993, 9.7e-07, 102935.65
2025-05-14 23:17:48,645 - deteccion - INFO - Factores: 10.070493454179255, 9.7e-07, 102935.65
2025-05-14 23:17:48,645 - deteccion - INFO - Rentabilidad Bruta: 0.551441%
2025-05-14 23:17:48,645 - deteccion - INFO - Oportunidad encontrada (A->B->C->A): USDT -> BTC -> TRU -> USDT
2025-05-14 23:17:48,645 - deteccion - INFO - Pares: BTCUSDT, TRUBTC, TRUUSDT
2025-05-14 23:17:48,645 - deteccion - INFO - Precios: 102935.65, 4.5e-07, 0.0468
2025-05-14 23:17:48,645 - deteccion - INFO - Factores: 9.714807260652651e-06, 2222222.2222222225, 0.0468
2025-05-14 23:17:48,645 - deteccion - INFO - Rentabilidad Bruta: 1.033996%
2025-05-14 23:17:48,645 - deteccion - INFO - Oportunidad encontrada (A->B->C->A): USDT -> BTC -> STPT -> USDT
2025-05-14 23:17:48,646 - deteccion - INFO - Pares: BTCUSDT, STPTBTC, STPTUSDT
2025-05-14 23:17:48,646 - deteccion - INFO - Precios: 102935.65, 7.1e-07, 0.07368
2025-05-14 23:17:48,646 - deteccion - INFO - Factores: 9.714807260652651e-06, 1408450.7042253523, 0.07368
2025-05-14 23:17:48,646 - deteccion - INFO - Rentabilidad Bruta: 0.815070%
2025-05-14 23:17:48,646 - deteccion - INFO - Oportunidad encontrada (A->B->C->A): USDT -> BTC -> ONT -> USDT
2025-05-14 23:17:48,647 - deteccion - INFO - Pares: BTCUSDT, ONTBTC, ONTUSDT
2025-05-14 23:17:48,647 - deteccion - INFO - Precios: 102935.65, 1.57e-06, 0.1625
2025-05-14 23:17:48,647 - deteccion - INFO - Factores: 9.714807260652651e-06, 636942.6751592357, 0.1625
2025-05-14 23:17:48,647 - deteccion - INFO - Rentabilidad Bruta: 0.551349%
2025-05-14 23:17:48,647 - deteccion - INFO - Oportunidad encontrada (A->B->C->A): USDT -> BTC -> CFX -> USDT
2025-05-14 23:17:48,647 - deteccion - INFO - Pares: BTCUSDT, CFXBTC, CFXUSDT
2025-05-14 23:17:48,648 - deteccion - INFO - Precios: 102935.65, 9.4e-07, 0.0975
2025-05-14 23:17:48,648 - deteccion - INFO - Factores: 9.714807260652651e-06, 1063829.7872340425, 0.0975
2025-05-14 23:17:48,648 - deteccion - INFO - Rentabilidad Bruta: 0.765288%
2025-05-14 23:17:48,648 - deteccion - INFO - Oportunidad encontrada (A->C->B->A): USDT -> FLM -> BTC -> USDT
2025-05-14 23:17:48,648 - deteccion - INFO - Pares: FLMUSDT, FLMBTC, BTCUSDT
2025-05-14 23:17:48,648 - deteccion - INFO - Precios: 0.0343, 3.4e-07, 102935.65
2025-05-14 23:17:48,648 - deteccion - INFO - Factores: 29.15451895043732, 3.4e-07, 102935.65
2025-05-14 23:17:48,649 - deteccion - INFO - Rentabilidad Bruta: 2.035338%
2025-05-14 23:17:48,649 - deteccion - INFO - Oportunidad encontrada (A->C->B->A): USDT -> STRAX -> BTC -> USDT
2025-05-14 23:17:48,649 - deteccion - INFO - Pares: STRAXUSDT, STRAXBTC, BTCUSDT
2025-05-14 23:17:48,649 - deteccion - INFO - Precios: 0.05621, 5.5e-07, 102935.65
2025-05-14 23:17:48,649 - deteccion - INFO - Factores: 17.790428749332857, 5.5e-07, 102935.65
2025-05-14 23:17:48,649 - deteccion - INFO - Rentabilidad Bruta: 0.719814%
2025-05-14 23:17:48,649 - deteccion - INFO - Oportunidad encontrada (A->B->C->A): USDT -> BTC -> IOTX -> USDT
2025-05-14 23:17:48,649 - deteccion - INFO - Pares: BTCUSDT, IOTXBTC, IOTXUSDT
2025-05-14 23:17:48,649 - deteccion - INFO - Precios: 102935.65, 1.9e-07, 0.01997
2025-05-14 23:17:48,649 - deteccion - INFO - Factores: 9.714807260652651e-06, 5263157.894736842, 0.01997
2025-05-14 23:17:48,649 - deteccion - INFO - Rentabilidad Bruta: 2.107737%
2025-05-14 23:17:48,649 - deteccion - INFO - Oportunidad encontrada (A->B->C->A): USDT -> BTC -> COMP -> USDT
2025-05-14 23:17:48,650 - deteccion - INFO - Pares: BTCUSDT, COMPBTC, COMPUSDT
2025-05-14 23:17:48,650 - deteccion - INFO - Precios: 102935.65, 0.000441, 45.75
2025-05-14 23:17:48,650 - deteccion - INFO - Factores: 9.714807260652651e-06, 2267.573696145125, 45.75
2025-05-14 23:17:48,650 - deteccion - INFO - Rentabilidad Bruta: 0.782864%
2025-05-14 23:17:48,650 - deteccion - INFO - Oportunidad encontrada (A->B->C->A): USDT -> BTC -> JST -> USDT
2025-05-14 23:17:48,650 - deteccion - INFO - Pares: BTCUSDT, JSTBTC, JSTUSDT
2025-05-14 23:17:48,650 - deteccion - INFO - Precios: 102935.65, 3.6e-07, 0.03736
2025-05-14 23:17:48,650 - deteccion - INFO - Factores: 9.714807260652651e-06, 2777777.777777778, 0.03736
2025-05-14 23:17:48,650 - deteccion - INFO - Rentabilidad Bruta: 0.818111%
2025-05-14 23:17:48,651 - deteccion - INFO - Oportunidad encontrada (A->B->C->A): USDT -> BTC -> LOKA -> USDT
2025-05-14 23:17:48,651 - deteccion - INFO - Pares: BTCUSDT, LOKABTC, LOKAUSDT
2025-05-14 23:17:48,651 - deteccion - INFO - Precios: 102935.65, 9.3e-07, 0.097
2025-05-14 23:17:48,651 - deteccion - INFO - Factores: 9.714807260652651e-06, 1075268.817204301, 0.097
2025-05-14 23:17:48,651 - deteccion - INFO - Rentabilidad Bruta: 1.326484%
2025-05-14 23:17:48,651 - deteccion - INFO - Oportunidad encontrada (A->B->C->A): USDT -> BTC -> FIO -> USDT
2025-05-14 23:17:48,651 - deteccion - INFO - Pares: BTCUSDT, FIOBTC, FIOUSDT
2025-05-14 23:17:48,651 - deteccion - INFO - Precios: 102935.65, 1.9e-07, 0.01968
2025-05-14 23:17:48,651 - deteccion - INFO - Factores: 9.714807260652651e-06, 5263157.894736842, 0.01968
2025-05-14 23:17:48,651 - deteccion - INFO - Rentabilidad Bruta: 0.624951%
2025-05-14 23:17:48,652 - deteccion - INFO - Oportunidad encontrada (A->C->B->A): USDT -> RIF -> BTC -> USDT
2025-05-14 23:17:48,652 - deteccion - INFO - Pares: RIFUSDT, RIFBTC, BTCUSDT
2025-05-14 23:17:48,652 - deteccion - INFO - Precios: 0.0639, 6.3e-07, 102935.65
2025-05-14 23:17:48,652 - deteccion - INFO - Factores: 15.64945226917058, 6.3e-07, 102935.65
2025-05-14 23:17:48,652 - deteccion - INFO - Rentabilidad Bruta: 1.485852%
2025-05-14 23:17:48,652 - deteccion - INFO - Oportunidad encontrada (A->C->B->A): USDT -> FDUSD -> TST -> USDT
2025-05-14 23:17:48,652 - deteccion - INFO - Pares: FDUSDUSDT, TSTFDUSD, TSTUSDT
2025-05-14 23:17:48,652 - deteccion - INFO - Precios: 0.9984, 0.0623, 0.0626
2025-05-14 23:17:48,652 - deteccion - INFO - Factores: 1.001602564102564, 16.051364365971107, 0.0626
2025-05-14 23:17:48,652 - deteccion - INFO - Rentabilidad Bruta: 0.642569%
2025-05-14 23:17:48,654 - deteccion - INFO - Oportunidad encontrada (A->C->B->A): USDT -> BNB -> BIO -> USDT
2025-05-14 23:17:48,654 - deteccion - INFO - Pares: BNBUSDT, BIOBNB, BIOUSDT
2025-05-14 23:17:48,654 - deteccion - INFO - Precios: 649.17, 0.00013078, 0.0855
2025-05-14 23:17:48,654 - deteccion - INFO - Factores: 0.0015404285472218372, 7646.429117602081, 0.0855
2025-05-14 23:17:48,654 - deteccion - INFO - Rentabilidad Bruta: 0.708549%
2025-05-14 23:17:48,654 - deteccion - INFO - Oportunidad encontrada (A->B->C->A): USDT -> BIO -> FDUSD -> USDT
2025-05-14 23:17:48,654 - deteccion - INFO - Pares: BIOUSDT, BIOFDUSD, FDUSDUSDT
2025-05-14 23:17:48,655 - deteccion - INFO - Precios: 0.0855, 0.0873, 0.9984
2025-05-14 23:17:48,655 - deteccion - INFO - Factores: 11.695906432748536, 0.0873, 0.9984
2025-05-14 23:17:48,655 - deteccion - INFO - Rentabilidad Bruta: 1.941895%
2025-05-14 23:17:48,655 - deteccion - INFO - Oportunidad encontrada (A->C->B->A): USDT -> FDUSD -> PNUT -> USDT
2025-05-14 23:17:48,655 - deteccion - INFO - Pares: FDUSDUSDT, PNUTFDUSD, PNUTUSDT
2025-05-14 23:17:48,655 - deteccion - INFO - Precios: 0.9984, 0.3865, 0.388
2025-05-14 23:17:48,655 - deteccion - INFO - Factores: 1.001602564102564, 2.5873221216041395, 0.388
2025-05-14 23:17:48,655 - deteccion - INFO - Rentabilidad Bruta: 0.548977%
2025-05-14 23:17:48,655 - deteccion - INFO - Oportunidad encontrada (A->B->C->A): USDT -> AI -> FDUSD -> USDT
2025-05-14 23:17:48,655 - deteccion - INFO - Pares: AIUSDT, AIFDUSD, FDUSDUSDT
2025-05-14 23:17:48,655 - deteccion - INFO - Precios: 0.1979, 0.1995, 0.9984
2025-05-14 23:17:48,656 - deteccion - INFO - Factores: 5.053057099545225, 0.1995, 0.9984
2025-05-14 23:17:48,656 - deteccion - INFO - Rentabilidad Bruta: 0.647196%
2025-05-14 23:17:48,656 - deteccion - INFO - Oportunidad encontrada (A->B->C->A): USDT -> BNB -> BMT -> USDT
2025-05-14 23:17:48,656 - deteccion - INFO - Pares: BNBUSDT, BMTBNB, BMTUSDT
2025-05-14 23:17:48,656 - deteccion - INFO - Precios: 649.17, 0.0001525, 0.0999
2025-05-14 23:17:48,656 - deteccion - INFO - Factores: 0.0015404285472218372, 6557.377049180328, 0.0999
2025-05-14 23:17:48,656 - deteccion - INFO - Rentabilidad Bruta: 0.910696%
2025-05-14 23:17:48,656 - deteccion - INFO - Oportunidad encontrada (A->B->C->A): USDT -> BNB -> HYPER -> USDT
2025-05-14 23:17:48,656 - deteccion - INFO - Pares: BNBUSDT, HYPERBNB, HYPERUSDT
2025-05-14 23:17:48,656 - deteccion - INFO - Precios: 649.17, 0.0002504, 0.1637
2025-05-14 23:17:48,656 - deteccion - INFO - Factores: 0.0015404285472218372, 3993.610223642172, 0.1637
2025-05-14 23:17:48,656 - deteccion - INFO - Rentabilidad Bruta: 0.706131%
2025-05-14 23:17:48,657 - deteccion - INFO - Oportunidad encontrada (A->C->B->A): USDT -> FDUSD -> BMT -> USDT
2025-05-14 23:17:48,657 - deteccion - INFO - Pares: FDUSDUSDT, BMTFDUSD, BMTUSDT
2025-05-14 23:17:48,657 - deteccion - INFO - Precios: 0.9984, 0.0985, 0.0999
2025-05-14 23:17:48,657 - deteccion - INFO - Factores: 1.001602564102564, 10.152284263959391, 0.0999
2025-05-14 23:17:48,657 - deteccion - INFO - Rentabilidad Bruta: 1.583854%
2025-05-14 23:17:48,657 - deteccion - INFO - Oportunidad encontrada (A->B->C->A): USDT -> HYPER -> FDUSD -> USDT
2025-05-14 23:17:48,657 - deteccion - INFO - Pares: HYPERUSDT, HYPERFDUSD, FDUSDUSDT
2025-05-14 23:17:48,657 - deteccion - INFO - Precios: 0.1637, 0.1715, 0.9984
2025-05-14 23:17:48,658 - deteccion - INFO - Factores: 6.108735491753206, 0.1715, 0.9984
2025-05-14 23:17:48,658 - deteccion - INFO - Rentabilidad Bruta: 4.597190%
2025-05-14 23:17:48,660 - deteccion - INFO - Oportunidad encontrada (A->B->C->A): USDT -> TLM -> FDUSD -> USDT
2025-05-14 23:17:48,660 - deteccion - INFO - Pares: TLMUSDT, TLMFDUSD, FDUSDUSDT
2025-05-14 23:17:48,660 - deteccion - INFO - Precios: 0.00647, 0.00652, 0.9984
2025-05-14 23:17:48,660 - deteccion - INFO - Factores: 154.5595054095827, 0.00652, 0.9984
2025-05-14 23:17:48,660 - deteccion - INFO - Rentabilidad Bruta: 0.611561%
2025-05-14 23:17:48,661 - deteccion - INFO - Oportunidad encontrada (A->C->B->A): USDT -> FDUSD -> AUCTION -> USDT
2025-05-14 23:17:48,661 - deteccion - INFO - Pares: FDUSDUSDT, AUCTIONFDUSD, AUCTIONUSDT
2025-05-14 23:17:48,661 - deteccion - INFO - Precios: 0.9984, 12.78, 12.83
2025-05-14 23:17:48,661 - deteccion - INFO - Factores: 1.001602564102564, 0.0782472613458529, 12.83
2025-05-14 23:17:48,661 - deteccion - INFO - Rentabilidad Bruta: 0.552120%
2025-05-14 23:17:48,661 - deteccion - INFO - Oportunidad encontrada (A->C->B->A): USDT -> GPS -> FDUSD -> USDT
2025-05-14 23:17:48,661 - deteccion - INFO - Pares: GPSUSDT, GPSFDUSD, FDUSDUSDT
2025-05-14 23:17:48,661 - deteccion - INFO - Precios: 0.0248, 0.0254, 0.9984
2025-05-14 23:17:48,661 - deteccion - INFO - Factores: 40.32258064516129, 0.0254, 0.9984
2025-05-14 23:17:48,662 - deteccion - INFO - Rentabilidad Bruta: 2.255484%
2025-05-14 23:17:48,695 - deteccion - INFO - Oportunidad encontrada (A->C->B->A): PARTI -> FDUSD -> BNB -> PARTI
2025-05-14 23:17:48,696 - deteccion - INFO - Pares: PARTIFDUSD, BNBFDUSD, PARTIBNB
2025-05-14 23:17:48,696 - deteccion - INFO - Precios: 0.3293, 650.17, 0.00050288
2025-05-14 23:17:48,696 - deteccion - INFO - Factores: 0.3293, 0.0015380592768045281, 1988.545975182946
2025-05-14 23:17:48,696 - deteccion - INFO - Rentabilidad Bruta: 0.716457%
2025-05-14 23:17:48,733 - deteccion - INFO - Oportunidad encontrada (A->C->B->A): ENA -> BNB -> BTC -> ENA
2025-05-14 23:17:48,733 - deteccion - INFO - Pares: ENABNB, BNBBTC, ENABTC
2025-05-14 23:17:48,734 - deteccion - INFO - Precios: 0.0006235, 0.006306, 3.9e-06
2025-05-14 23:17:48,734 - deteccion - INFO - Factores: 0.0006235, 0.006306, 256410.2564102564
2025-05-14 23:17:48,734 - deteccion - INFO - Rentabilidad Bruta: 0.815154%
2025-05-14 23:17:48,760 - deteccion - INFO - Oportunidad encontrada (A->C->B->A): EGLD -> BNB -> BTC -> EGLD
2025-05-14 23:17:48,760 - deteccion - INFO - Pares: EGLDBNB, BNBBTC, EGLDBTC
2025-05-14 23:17:48,761 - deteccion - INFO - Precios: 0.03081, 0.006306, 0.000193
2025-05-14 23:17:48,761 - deteccion - INFO - Factores: 0.03081, 0.006306, 5181.347150259067
2025-05-14 23:17:48,761 - deteccion - INFO - Rentabilidad Bruta: 0.667285%
2025-05-14 23:17:48,776 - deteccion - INFO - Oportunidad encontrada (A->C->B->A): KERNEL -> FDUSD -> BNB -> KERNEL
2025-05-14 23:17:48,777 - deteccion - INFO - Pares: KERNELFDUSD, BNBFDUSD, KERNELBNB
2025-05-14 23:17:48,777 - deteccion - INFO - Precios: 0.1689, 650.17, 0.000258
2025-05-14 23:17:48,777 - deteccion - INFO - Factores: 0.1689, 0.0015380592768045281, 3875.9689922480625
2025-05-14 23:17:48,777 - deteccion - INFO - Rentabilidad Bruta: 0.689229%
2025-05-14 23:17:48,852 - deteccion - INFO - Oportunidad encontrada (A->C->B->A): ARKM -> BNB -> BTC -> ARKM
2025-05-14 23:17:48,852 - deteccion - INFO - Pares: ARKMBNB, BNBBTC, ARKMBTC
2025-05-14 23:17:48,852 - deteccion - INFO - Precios: 0.001174, 0.006306, 7.12e-06
2025-05-14 23:17:48,853 - deteccion - INFO - Factores: 0.001174, 0.006306, 140449.4382022472
2025-05-14 23:17:48,853 - deteccion - INFO - Rentabilidad Bruta: 3.978146%
2025-05-14 23:17:48,854 - deteccion - INFO - Oportunidad encontrada (A->B->C->A): ARKM -> BNB -> FDUSD -> ARKM
2025-05-14 23:17:48,854 - deteccion - INFO - Pares: ARKMBNB, BNBFDUSD, ARKMFDUSD
2025-05-14 23:17:48,854 - deteccion - INFO - Precios: 0.001174, 650.17, 0.735
2025-05-14 23:17:48,854 - deteccion - INFO - Factores: 0.001174, 650.17, 1.3605442176870748
2025-05-14 23:17:48,855 - deteccion - INFO - Rentabilidad Bruta: 3.850283%
2025-05-14 23:17:48,869 - deteccion - INFO - Oportunidad encontrada (A->B->C->A): JPY -> BTC -> IOTX -> JPY
2025-05-14 23:17:48,869 - deteccion - INFO - Pares: BTCJPY, IOTXBTC, IOTXJPY
2025-05-14 23:17:48,869 - deteccion - INFO - Precios: 15087506.0, 1.9e-07, 2.906
2025-05-14 23:17:48,869 - deteccion - INFO - Factores: 6.628000678177029e-08, 5263157.894736842, 2.906
2025-05-14 23:17:48,869 - deteccion - INFO - Rentabilidad Bruta: 1.373526%
2025-05-14 23:17:48,894 - deteccion - INFO - Oportunidad encontrada (A->B->C->A): PORTAL -> BTC -> BNB -> PORTAL
2025-05-14 23:17:48,895 - deteccion - INFO - Pares: PORTALBTC, BNBBTC, PORTALBNB
2025-05-14 23:17:48,895 - deteccion - INFO - Precios: 6e-07, 0.006306, 9.39e-05
2025-05-14 23:17:48,895 - deteccion - INFO - Factores: 6e-07, 158.5791309863622, 10649.627263045793
2025-05-14 23:17:48,895 - deteccion - INFO - Rentabilidad Bruta: 1.328518%
2025-05-14 23:17:48,895 - deteccion - INFO - Oportunidad encontrada (A->B->C->A): PORTAL -> BTC -> FDUSD -> PORTAL
2025-05-14 23:17:48,895 - deteccion - INFO - Pares: PORTALBTC, BTCFDUSD, PORTALFDUSD
2025-05-14 23:17:48,895 - deteccion - INFO - Precios: 6e-07, 103091.25, 0.0611
2025-05-14 23:17:48,895 - deteccion - INFO - Factores: 6e-07, 103091.25, 16.366612111292962
2025-05-14 23:17:48,895 - deteccion - INFO - Rentabilidad Bruta: 1.235270%
2025-05-14 23:17:48,943 - deteccion - INFO - Oportunidad encontrada (A->B->C->A): GUN -> BNB -> FDUSD -> GUN
2025-05-14 23:17:48,944 - deteccion - INFO - Pares: GUNBNB, BNBFDUSD, GUNFDUSD
2025-05-14 23:17:48,944 - deteccion - INFO - Precios: 9.873e-05, 650.17, 0.06315
2025-05-14 23:17:48,944 - deteccion - INFO - Factores: 9.873e-05, 650.17, 15.835312747426762
2025-05-14 23:17:48,944 - deteccion - INFO - Rentabilidad Bruta: 1.648906%
2025-05-14 23:17:48,963 - deteccion - INFO - Oportunidad encontrada (A->C->B->A): BTC -> FDUSD -> GALA -> BTC
2025-05-14 23:17:48,963 - deteccion - INFO - Pares: BTCFDUSD, GALAFDUSD, GALABTC
2025-05-14 23:17:48,963 - deteccion - INFO - Precios: 103091.25, 0.0214, 2.1e-07
2025-05-14 23:17:48,963 - deteccion - INFO - Factores: 103091.25, 46.728971962616825, 2.1e-07
2025-05-14 23:17:48,964 - deteccion - INFO - Rentabilidad Bruta: 1.164311%
2025-05-14 23:17:48,965 - deteccion - INFO - Oportunidad encontrada (A->C->B->A): BTC -> FDUSD -> PNUT -> BTC
2025-05-14 23:17:48,965 - deteccion - INFO - Pares: BTCFDUSD, PNUTFDUSD, PNUTBTC
2025-05-14 23:17:48,965 - deteccion - INFO - Precios: 103091.25, 0.3865, 3.77e-06
2025-05-14 23:17:48,966 - deteccion - INFO - Factores: 103091.25, 2.5873221216041395, 3.77e-06
2025-05-14 23:17:48,966 - deteccion - INFO - Rentabilidad Bruta: 0.557312%
2025-05-14 23:17:48,966 - deteccion - INFO - Oportunidad encontrada (A->C->B->A): BTC -> BANANA -> BNB -> BTC
2025-05-14 23:17:48,966 - deteccion - INFO - Pares: BANANABTC, BANANABNB, BNBBTC
2025-05-14 23:17:48,966 - deteccion - INFO - Precios: 0.0002247, 0.03592, 0.006306
2025-05-14 23:17:48,966 - deteccion - INFO - Factores: 4450.3782821539835, 0.03592, 0.006306
2025-05-14 23:17:48,966 - deteccion - INFO - Rentabilidad Bruta: 0.806195%
2025-05-14 23:17:48,968 - deteccion - INFO - Oportunidad encontrada (A->C->B->A): BTC -> FDUSD -> AUCTION -> BTC
2025-05-14 23:17:48,968 - deteccion - INFO - Pares: BTCFDUSD, AUCTIONFDUSD, AUCTIONBTC
2025-05-14 23:17:48,968 - deteccion - INFO - Precios: 103091.25, 12.78, 0.0001247
2025-05-14 23:17:48,968 - deteccion - INFO - Factores: 103091.25, 0.0782472613458529, 0.0001247
2025-05-14 23:17:48,968 - deteccion - INFO - Rentabilidad Bruta: 0.590602%
2025-05-14 23:17:49,033 - deteccion - INFO - Oportunidad encontrada (A->C->B->A): BIO -> FDUSD -> BNB -> BIO
2025-05-14 23:17:49,033 - deteccion - INFO - Pares: BIOFDUSD, BNBFDUSD, BIOBNB
2025-05-14 23:17:49,033 - deteccion - INFO - Precios: 0.0873, 650.17, 0.00013078
2025-05-14 23:17:49,034 - deteccion - INFO - Factores: 0.0873, 0.0015380592768045281, 7646.429117602081
2025-05-14 23:17:49,034 - deteccion - INFO - Rentabilidad Bruta: 2.670573%
2025-05-14 23:17:49,040 - deteccion - INFO - Oportunidad encontrada (A->C->B->A): AI -> FDUSD -> BNB -> AI
2025-05-14 23:17:49,040 - deteccion - INFO - Pares: AIFDUSD, BNBFDUSD, AIBNB
2025-05-14 23:17:49,041 - deteccion - INFO - Precios: 0.1995, 650.17, 0.0003051
2025-05-14 23:17:49,041 - deteccion - INFO - Factores: 0.1995, 0.0015380592768045281, 3277.613897082924
2025-05-14 23:17:49,041 - deteccion - INFO - Rentabilidad Bruta: 0.571231%
2025-05-14 23:17:49,043 - deteccion - INFO - Oportunidad encontrada (A->C->B->A): BNB -> FDUSD -> BMT -> BNB
2025-05-14 23:17:49,043 - deteccion - INFO - Pares: BNBFDUSD, BMTFDUSD, BMTBNB
2025-05-14 23:17:49,044 - deteccion - INFO - Precios: 650.17, 0.0985, 0.0001525
2025-05-14 23:17:49,044 - deteccion - INFO - Factores: 650.17, 10.152284263959391, 0.0001525
2025-05-14 23:17:49,044 - deteccion - INFO - Rentabilidad Bruta: 0.660838%
2025-05-14 23:17:49,044 - deteccion - INFO - Oportunidad encontrada (A->B->C->A): BNB -> HYPER -> FDUSD -> BNB
2025-05-14 23:17:49,044 - deteccion - INFO - Pares: HYPERBNB, HYPERFDUSD, BNBFDUSD
2025-05-14 23:17:49,044 - deteccion - INFO - Precios: 0.0002504, 0.1715, 650.17
2025-05-14 23:17:49,045 - deteccion - INFO - Factores: 3993.610223642172, 0.1715, 0.0015380592768045281
2025-05-14 23:17:49,045 - deteccion - INFO - Rentabilidad Bruta: 5.342319%
2025-05-14 23:17:49,045 - deteccion - INFO - Oportunidad encontrada (A->C->B->A): BNB -> GPS -> FDUSD -> BNB
2025-05-14 23:17:49,046 - deteccion - INFO - Pares: GPSBNB, GPSFDUSD, BNBFDUSD
2025-05-14 23:17:49,046 - deteccion - INFO - Precios: 3.81e-05, 0.0254, 650.17
2025-05-14 23:17:49,046 - deteccion - INFO - Factores: 26246.71916010499, 0.0254, 0.0015380592768045281
2025-05-14 23:17:49,046 - deteccion - INFO - Rentabilidad Bruta: 2.537285%
2025-05-14 23:17:49,077 - deteccion - INFO - Detección de oportunidades finalizada. Oportunidades encontradas: 287
2025-05-14 23:17:49,078 - deteccion - INFO - Found 287 opportunities to send to webhook.
2025-05-14 23:17:49,078 - deteccion - INFO - Enviando 287 oportunidades a webhook: http://localhost:5678/webhook/arbitraje-oportunidad
2025-05-14 23:17:49,091 - deteccion - ERROR - Error sending opportunity to webhook: 404 Client Error: Not Found for url: http://localhost:5678/webhook/arbitraje-oportunidad
2025-05-14 23:17:49,103 - deteccion - ERROR - Error sending opportunity to webhook: 404 Client Error: Not Found for url: http://localhost:5678/webhook/arbitraje-oportunidad
2025-05-14 23:17:49,113 - deteccion - ERROR - Error sending opportunity to webhook: 404 Client Error: Not Found for url: http://localhost:5678/webhook/arbitraje-oportunidad
2025-05-14 23:17:49,125 - deteccion - ERROR - Error sending opportunity to webhook: 404 Client Error: Not Found for url: http://localhost:5678/webhook/arbitraje-oportunidad
2025-05-14 23:17:49,136 - deteccion - ERROR - Error sending opportunity to webhook: 404 Client Error: Not Found for url: http://localhost:5678/webhook/arbitraje-oportunidad
2025-05-14 23:17:49,145 - deteccion - ERROR - Error sending opportunity to webhook: 404 Client Error: Not Found for url: http://localhost:5678/webhook/arbitraje-oportunidad
2025-05-14 23:17:49,158 - deteccion - ERROR - Error sending opportunity to webhook: 404 Client Error: Not Found for url: http://localhost:5678/webhook/arbitraje-oportunidad
2025-05-14 23:17:49,168 - deteccion - ERROR - Error sending opportunity to webhook: 404 Client Error: Not Found for url: http://localhost:5678/webhook/arbitraje-oportunidad
2025-05-14 23:17:49,177 - deteccion - ERROR - Error sending opportunity to webhook: 404 Client Error: Not Found for url: http://localhost:5678/webhook/arbitraje-oportunidad
2025-05-14 23:17:49,189 - deteccion - ERROR - Error sending opportunity to webhook: 404 Client Error: Not Found for url: http://localhost:5678/webhook/arbitraje-oportunidad
2025-05-14 23:17:49,198 - deteccion - ERROR - Error sending opportunity to webhook: 404 Client Error: Not Found for url: http://localhost:5678/webhook/arbitraje-oportunidad
2025-05-14 23:17:49,208 - deteccion - ERROR - Error sending opportunity to webhook: 404 Client Error: Not Found for url: http://localhost:5678/webhook/arbitraje-oportunidad
2025-05-14 23:17:49,219 - deteccion - ERROR - Error sending opportunity to webhook: 404 Client Error: Not Found for url: http://localhost:5678/webhook/arbitraje-oportunidad
2025-05-14 23:17:49,229 - deteccion - ERROR - Error sending opportunity to webhook: 404 Client Error: Not Found for url: http://localhost:5678/webhook/arbitraje-oportunidad
2025-05-14 23:17:49,239 - deteccion - ERROR - Error sending opportunity to webhook: 404 Client Error: Not Found for url: http://localhost:5678/webhook/arbitraje-oportunidad
2025-05-14 23:17:49,248 - deteccion - ERROR - Error sending opportunity to webhook: 404 Client Error: Not Found for url: http://localhost:5678/webhook/arbitraje-oportunidad
2025-05-14 23:17:49,257 - deteccion - ERROR - Error sending opportunity to webhook: 404 Client Error: Not Found for url: http://localhost:5678/webhook/arbitraje-oportunidad
2025-05-14 23:17:49,269 - deteccion - ERROR - Error sending opportunity to webhook: 404 Client Error: Not Found for url: http://localhost:5678/webhook/arbitraje-oportunidad
2025-05-14 23:17:49,278 - deteccion - ERROR - Error sending opportunity to webhook: 404 Client Error: Not Found for url: http://localhost:5678/webhook/arbitraje-oportunidad
2025-05-14 23:17:49,289 - deteccion - ERROR - Error sending opportunity to webhook: 404 Client Error: Not Found for url: http://localhost:5678/webhook/arbitraje-oportunidad
2025-05-14 23:17:49,298 - deteccion - ERROR - Error sending opportunity to webhook: 404 Client Error: Not Found for url: http://localhost:5678/webhook/arbitraje-oportunidad
2025-05-14 23:17:49,308 - deteccion - ERROR - Error sending opportunity to webhook: 404 Client Error: Not Found for url: http://localhost:5678/webhook/arbitraje-oportunidad
2025-05-14 23:17:49,317 - deteccion - ERROR - Error sending opportunity to webhook: 404 Client Error: Not Found for url: http://localhost:5678/webhook/arbitraje-oportunidad
2025-05-14 23:17:49,328 - deteccion - ERROR - Error sending opportunity to webhook: 404 Client Error: Not Found for url: http://localhost:5678/webhook/arbitraje-oportunidad
2025-05-14 23:17:49,338 - deteccion - ERROR - Error sending opportunity to webhook: 404 Client Error: Not Found for url: http://localhost:5678/webhook/arbitraje-oportunidad
2025-05-14 23:17:49,346 - deteccion - ERROR - Error sending opportunity to webhook: 404 Client Error: Not Found for url: http://localhost:5678/webhook/arbitraje-oportunidad
2025-05-14 23:17:49,356 - deteccion - ERROR - Error sending opportunity to webhook: 404 Client Error: Not Found for url: http://localhost:5678/webhook/arbitraje-oportunidad
2025-05-14 23:17:49,367 - deteccion - ERROR - Error sending opportunity to webhook: 404 Client Error: Not Found for url: http://localhost:5678/webhook/arbitraje-oportunidad
2025-05-14 23:17:49,376 - deteccion - ERROR - Error sending opportunity to webhook: 404 Client Error: Not Found for url: http://localhost:5678/webhook/arbitraje-oportunidad
2025-05-14 23:17:49,385 - deteccion - ERROR - Error sending opportunity to webhook: 404 Client Error: Not Found for url: http://localhost:5678/webhook/arbitraje-oportunidad
2025-05-14 23:17:49,395 - deteccion - ERROR - Error sending opportunity to webhook: 404 Client Error: Not Found for url: http://localhost:5678/webhook/arbitraje-oportunidad
2025-05-14 23:17:49,405 - deteccion - ERROR - Error sending opportunity to webhook: 404 Client Error: Not Found for url: http://localhost:5678/webhook/arbitraje-oportunidad
2025-05-14 23:17:49,413 - deteccion - ERROR - Error sending opportunity to webhook: 404 Client Error: Not Found for url: http://localhost:5678/webhook/arbitraje-oportunidad
2025-05-14 23:17:49,425 - deteccion - ERROR - Error sending opportunity to webhook: 404 Client Error: Not Found for url: http://localhost:5678/webhook/arbitraje-oportunidad
2025-05-14 23:17:49,433 - deteccion - ERROR - Error sending opportunity to webhook: 404 Client Error: Not Found for url: http://localhost:5678/webhook/arbitraje-oportunidad
2025-05-14 23:17:49,442 - deteccion - ERROR - Error sending opportunity to webhook: 404 Client Error: Not Found for url: http://localhost:5678/webhook/arbitraje-oportunidad
2025-05-14 23:17:49,452 - deteccion - ERROR - Error sending opportunity to webhook: 404 Client Error: Not Found for url: http://localhost:5678/webhook/arbitraje-oportunidad
2025-05-14 23:17:49,463 - deteccion - ERROR - Error sending opportunity to webhook: 404 Client Error: Not Found for url: http://localhost:5678/webhook/arbitraje-oportunidad
2025-05-14 23:17:49,473 - deteccion - ERROR - Error sending opportunity to webhook: 404 Client Error: Not Found for url: http://localhost:5678/webhook/arbitraje-oportunidad
2025-05-14 23:17:49,481 - deteccion - ERROR - Error sending opportunity to webhook: 404 Client Error: Not Found for url: http://localhost:5678/webhook/arbitraje-oportunidad
2025-05-14 23:17:49,493 - deteccion - ERROR - Error sending opportunity to webhook: 404 Client Error: Not Found for url: http://localhost:5678/webhook/arbitraje-oportunidad
2025-05-14 23:17:49,503 - deteccion - ERROR - Error sending opportunity to webhook: 404 Client Error: Not Found for url: http://localhost:5678/webhook/arbitraje-oportunidad
2025-05-14 23:17:49,513 - deteccion - ERROR - Error sending opportunity to webhook: 404 Client Error: Not Found for url: http://localhost:5678/webhook/arbitraje-oportunidad
2025-05-14 23:17:49,525 - deteccion - ERROR - Error sending opportunity to webhook: 404 Client Error: Not Found for url: http://localhost:5678/webhook/arbitraje-oportunidad
2025-05-14 23:17:49,535 - deteccion - ERROR - Error sending opportunity to webhook: 404 Client Error: Not Found for url: http://localhost:5678/webhook/arbitraje-oportunidad
2025-05-14 23:17:49,544 - deteccion - ERROR - Error sending opportunity to webhook: 404 Client Error: Not Found for url: http://localhost:5678/webhook/arbitraje-oportunidad
2025-05-14 23:17:49,553 - deteccion - ERROR - Error sending opportunity to webhook: 404 Client Error: Not Found for url: http://localhost:5678/webhook/arbitraje-oportunidad
2025-05-14 23:17:49,563 - deteccion - ERROR - Error sending opportunity to webhook: 404 Client Error: Not Found for url: http://localhost:5678/webhook/arbitraje-oportunidad
2025-05-14 23:17:49,574 - deteccion - ERROR - Error sending opportunity to webhook: 404 Client Error: Not Found for url: http://localhost:5678/webhook/arbitraje-oportunidad
2025-05-14 23:17:49,584 - deteccion - ERROR - Error sending opportunity to webhook: 404 Client Error: Not Found for url: http://localhost:5678/webhook/arbitraje-oportunidad
2025-05-14 23:17:49,595 - deteccion - ERROR - Error sending opportunity to webhook: 404 Client Error: Not Found for url: http://localhost:5678/webhook/arbitraje-oportunidad
2025-05-14 23:17:49,608 - deteccion - ERROR - Error sending opportunity to webhook: 404 Client Error: Not Found for url: http://localhost:5678/webhook/arbitraje-oportunidad
2025-05-14 23:17:49,617 - deteccion - ERROR - Error sending opportunity to webhook: 404 Client Error: Not Found for url: http://localhost:5678/webhook/arbitraje-oportunidad
2025-05-14 23:17:49,627 - deteccion - ERROR - Error sending opportunity to webhook: 404 Client Error: Not Found for url: http://localhost:5678/webhook/arbitraje-oportunidad
2025-05-14 23:17:49,637 - deteccion - ERROR - Error sending opportunity to webhook: 404 Client Error: Not Found for url: http://localhost:5678/webhook/arbitraje-oportunidad
2025-05-14 23:17:49,645 - deteccion - ERROR - Error sending opportunity to webhook: 404 Client Error: Not Found for url: http://localhost:5678/webhook/arbitraje-oportunidad
2025-05-14 23:17:49,656 - deteccion - ERROR - Error sending opportunity to webhook: 404 Client Error: Not Found for url: http://localhost:5678/webhook/arbitraje-oportunidad
2025-05-14 23:17:49,667 - deteccion - ERROR - Error sending opportunity to webhook: 404 Client Error: Not Found for url: http://localhost:5678/webhook/arbitraje-oportunidad
2025-05-14 23:17:49,676 - deteccion - ERROR - Error sending opportunity to webhook: 404 Client Error: Not Found for url: http://localhost:5678/webhook/arbitraje-oportunidad
2025-05-14 23:17:49,685 - deteccion - ERROR - Error sending opportunity to webhook: 404 Client Error: Not Found for url: http://localhost:5678/webhook/arbitraje-oportunidad
2025-05-14 23:17:49,693 - deteccion - ERROR - Error sending opportunity to webhook: 404 Client Error: Not Found for url: http://localhost:5678/webhook/arbitraje-oportunidad
2025-05-14 23:17:49,703 - deteccion - ERROR - Error sending opportunity to webhook: 404 Client Error: Not Found for url: http://localhost:5678/webhook/arbitraje-oportunidad
2025-05-14 23:17:49,710 - deteccion - ERROR - Error sending opportunity to webhook: 404 Client Error: Not Found for url: http://localhost:5678/webhook/arbitraje-oportunidad
2025-05-14 23:17:49,721 - deteccion - ERROR - Error sending opportunity to webhook: 404 Client Error: Not Found for url: http://localhost:5678/webhook/arbitraje-oportunidad
2025-05-14 23:17:49,730 - deteccion - ERROR - Error sending opportunity to webhook: 404 Client Error: Not Found for url: http://localhost:5678/webhook/arbitraje-oportunidad
2025-05-14 23:17:49,740 - deteccion - ERROR - Error sending opportunity to webhook: 404 Client Error: Not Found for url: http://localhost:5678/webhook/arbitraje-oportunidad
2025-05-14 23:17:49,748 - deteccion - ERROR - Error sending opportunity to webhook: 404 Client Error: Not Found for url: http://localhost:5678/webhook/arbitraje-oportunidad
2025-05-14 23:17:49,758 - deteccion - ERROR - Error sending opportunity to webhook: 404 Client Error: Not Found for url: http://localhost:5678/webhook/arbitraje-oportunidad
2025-05-14 23:17:49,768 - deteccion - ERROR - Error sending opportunity to webhook: 404 Client Error: Not Found for url: http://localhost:5678/webhook/arbitraje-oportunidad
2025-05-14 23:17:49,776 - deteccion - ERROR - Error sending opportunity to webhook: 404 Client Error: Not Found for url: http://localhost:5678/webhook/arbitraje-oportunidad
2025-05-14 23:17:49,787 - deteccion - ERROR - Error sending opportunity to webhook: 404 Client Error: Not Found for url: http://localhost:5678/webhook/arbitraje-oportunidad
2025-05-14 23:17:49,795 - deteccion - ERROR - Error sending opportunity to webhook: 404 Client Error: Not Found for url: http://localhost:5678/webhook/arbitraje-oportunidad
2025-05-14 23:17:49,805 - deteccion - ERROR - Error sending opportunity to webhook: 404 Client Error: Not Found for url: http://localhost:5678/webhook/arbitraje-oportunidad
2025-05-14 23:17:49,813 - deteccion - ERROR - Error sending opportunity to webhook: 404 Client Error: Not Found for url: http://localhost:5678/webhook/arbitraje-oportunidad
2025-05-14 23:17:49,823 - deteccion - ERROR - Error sending opportunity to webhook: 404 Client Error: Not Found for url: http://localhost:5678/webhook/arbitraje-oportunidad
2025-05-14 23:17:49,831 - deteccion - ERROR - Error sending opportunity to webhook: 404 Client Error: Not Found for url: http://localhost:5678/webhook/arbitraje-oportunidad
2025-05-14 23:17:49,841 - deteccion - ERROR - Error sending opportunity to webhook: 404 Client Error: Not Found for url: http://localhost:5678/webhook/arbitraje-oportunidad
2025-05-14 23:17:49,852 - deteccion - ERROR - Error sending opportunity to webhook: 404 Client Error: Not Found for url: http://localhost:5678/webhook/arbitraje-oportunidad
2025-05-14 23:17:49,860 - deteccion - ERROR - Error sending opportunity to webhook: 404 Client Error: Not Found for url: http://localhost:5678/webhook/arbitraje-oportunidad
2025-05-14 23:17:49,871 - deteccion - ERROR - Error sending opportunity to webhook: 404 Client Error: Not Found for url: http://localhost:5678/webhook/arbitraje-oportunidad
2025-05-14 23:17:49,878 - deteccion - ERROR - Error sending opportunity to webhook: 404 Client Error: Not Found for url: http://localhost:5678/webhook/arbitraje-oportunidad
2025-05-14 23:17:49,888 - deteccion - ERROR - Error sending opportunity to webhook: 404 Client Error: Not Found for url: http://localhost:5678/webhook/arbitraje-oportunidad
2025-05-14 23:17:49,897 - deteccion - ERROR - Error sending opportunity to webhook: 404 Client Error: Not Found for url: http://localhost:5678/webhook/arbitraje-oportunidad
2025-05-14 23:17:49,907 - deteccion - ERROR - Error sending opportunity to webhook: 404 Client Error: Not Found for url: http://localhost:5678/webhook/arbitraje-oportunidad
2025-05-14 23:17:49,916 - deteccion - ERROR - Error sending opportunity to webhook: 404 Client Error: Not Found for url: http://localhost:5678/webhook/arbitraje-oportunidad
2025-05-14 23:17:49,925 - deteccion - ERROR - Error sending opportunity to webhook: 404 Client Error: Not Found for url: http://localhost:5678/webhook/arbitraje-oportunidad
2025-05-14 23:17:49,936 - deteccion - ERROR - Error sending opportunity to webhook: 404 Client Error: Not Found for url: http://localhost:5678/webhook/arbitraje-oportunidad
2025-05-14 23:17:49,946 - deteccion - ERROR - Error sending opportunity to webhook: 404 Client Error: Not Found for url: http://localhost:5678/webhook/arbitraje-oportunidad
2025-05-14 23:17:49,956 - deteccion - ERROR - Error sending opportunity to webhook: 404 Client Error: Not Found for url: http://localhost:5678/webhook/arbitraje-oportunidad
2025-05-14 23:17:49,967 - deteccion - ERROR - Error sending opportunity to webhook: 404 Client Error: Not Found for url: http://localhost:5678/webhook/arbitraje-oportunidad
2025-05-14 23:17:49,977 - deteccion - ERROR - Error sending opportunity to webhook: 404 Client Error: Not Found for url: http://localhost:5678/webhook/arbitraje-oportunidad
2025-05-14 23:17:49,988 - deteccion - ERROR - Error sending opportunity to webhook: 404 Client Error: Not Found for url: http://localhost:5678/webhook/arbitraje-oportunidad
2025-05-14 23:17:50,008 - deteccion - ERROR - Error sending opportunity to webhook: 404 Client Error: Not Found for url: http://localhost:5678/webhook/arbitraje-oportunidad
2025-05-14 23:17:50,025 - deteccion - ERROR - Error sending opportunity to webhook: 404 Client Error: Not Found for url: http://localhost:5678/webhook/arbitraje-oportunidad
2025-05-14 23:17:50,041 - deteccion - ERROR - Error sending opportunity to webhook: 404 Client Error: Not Found for url: http://localhost:5678/webhook/arbitraje-oportunidad
2025-05-14 23:17:50,061 - deteccion - ERROR - Error sending opportunity to webhook: 404 Client Error: Not Found for url: http://localhost:5678/webhook/arbitraje-oportunidad
2025-05-14 23:17:50,080 - deteccion - ERROR - Error sending opportunity to webhook: 404 Client Error: Not Found for url: http://localhost:5678/webhook/arbitraje-oportunidad
2025-05-14 23:17:50,099 - deteccion - ERROR - Error sending opportunity to webhook: 404 Client Error: Not Found for url: http://localhost:5678/webhook/arbitraje-oportunidad
2025-05-14 23:17:50,116 - deteccion - ERROR - Error sending opportunity to webhook: 404 Client Error: Not Found for url: http://localhost:5678/webhook/arbitraje-oportunidad
2025-05-14 23:17:50,131 - deteccion - ERROR - Error sending opportunity to webhook: 404 Client Error: Not Found for url: http://localhost:5678/webhook/arbitraje-oportunidad
2025-05-14 23:17:50,146 - deteccion - ERROR - Error sending opportunity to webhook: 404 Client Error: Not Found for url: http://localhost:5678/webhook/arbitraje-oportunidad
2025-05-14 23:17:50,161 - deteccion - ERROR - Error sending opportunity to webhook: 404 Client Error: Not Found for url: http://localhost:5678/webhook/arbitraje-oportunidad
2025-05-14 23:17:50,176 - deteccion - ERROR - Error sending opportunity to webhook: 404 Client Error: Not Found for url: http://localhost:5678/webhook/arbitraje-oportunidad
2025-05-14 23:17:50,193 - deteccion - ERROR - Error sending opportunity to webhook: 404 Client Error: Not Found for url: http://localhost:5678/webhook/arbitraje-oportunidad
2025-05-14 23:17:50,209 - deteccion - ERROR - Error sending opportunity to webhook: 404 Client Error: Not Found for url: http://localhost:5678/webhook/arbitraje-oportunidad
2025-05-14 23:17:50,236 - deteccion - ERROR - Error sending opportunity to webhook: 404 Client Error: Not Found for url: http://localhost:5678/webhook/arbitraje-oportunidad
2025-05-14 23:17:50,248 - deteccion - ERROR - Error sending opportunity to webhook: 404 Client Error: Not Found for url: http://localhost:5678/webhook/arbitraje-oportunidad
2025-05-14 23:17:50,261 - deteccion - ERROR - Error sending opportunity to webhook: 404 Client Error: Not Found for url: http://localhost:5678/webhook/arbitraje-oportunidad
2025-05-14 23:17:50,272 - deteccion - ERROR - Error sending opportunity to webhook: 404 Client Error: Not Found for url: http://localhost:5678/webhook/arbitraje-oportunidad
2025-05-14 23:17:50,281 - deteccion - ERROR - Error sending opportunity to webhook: 404 Client Error: Not Found for url: http://localhost:5678/webhook/arbitraje-oportunidad
2025-05-14 23:17:50,292 - deteccion - ERROR - Error sending opportunity to webhook: 404 Client Error: Not Found for url: http://localhost:5678/webhook/arbitraje-oportunidad
2025-05-14 23:17:50,303 - deteccion - ERROR - Error sending opportunity to webhook: 404 Client Error: Not Found for url: http://localhost:5678/webhook/arbitraje-oportunidad
2025-05-14 23:17:50,312 - deteccion - ERROR - Error sending opportunity to webhook: 404 Client Error: Not Found for url: http://localhost:5678/webhook/arbitraje-oportunidad
2025-05-14 23:17:50,323 - deteccion - ERROR - Error sending opportunity to webhook: 404 Client Error: Not Found for url: http://localhost:5678/webhook/arbitraje-oportunidad
2025-05-14 23:17:50,334 - deteccion - ERROR - Error sending opportunity to webhook: 404 Client Error: Not Found for url: http://localhost:5678/webhook/arbitraje-oportunidad
2025-05-14 23:17:50,344 - deteccion - ERROR - Error sending opportunity to webhook: 404 Client Error: Not Found for url: http://localhost:5678/webhook/arbitraje-oportunidad
2025-05-14 23:17:50,354 - deteccion - ERROR - Error sending opportunity to webhook: 404 Client Error: Not Found for url: http://localhost:5678/webhook/arbitraje-oportunidad
2025-05-14 23:17:50,362 - deteccion - ERROR - Error sending opportunity to webhook: 404 Client Error: Not Found for url: http://localhost:5678/webhook/arbitraje-oportunidad
2025-05-14 23:17:50,372 - deteccion - ERROR - Error sending opportunity to webhook: 404 Client Error: Not Found for url: http://localhost:5678/webhook/arbitraje-oportunidad
2025-05-14 23:17:50,382 - deteccion - ERROR - Error sending opportunity to webhook: 404 Client Error: Not Found for url: http://localhost:5678/webhook/arbitraje-oportunidad
2025-05-14 23:17:50,391 - deteccion - ERROR - Error sending opportunity to webhook: 404 Client Error: Not Found for url: http://localhost:5678/webhook/arbitraje-oportunidad
2025-05-14 23:17:50,400 - deteccion - ERROR - Error sending opportunity to webhook: 404 Client Error: Not Found for url: http://localhost:5678/webhook/arbitraje-oportunidad
2025-05-14 23:17:50,409 - deteccion - ERROR - Error sending opportunity to webhook: 404 Client Error: Not Found for url: http://localhost:5678/webhook/arbitraje-oportunidad
2025-05-14 23:17:50,418 - deteccion - ERROR - Error sending opportunity to webhook: 404 Client Error: Not Found for url: http://localhost:5678/webhook/arbitraje-oportunidad
2025-05-14 23:17:50,427 - deteccion - ERROR - Error sending opportunity to webhook: 404 Client Error: Not Found for url: http://localhost:5678/webhook/arbitraje-oportunidad
2025-05-14 23:17:50,437 - deteccion - ERROR - Error sending opportunity to webhook: 404 Client Error: Not Found for url: http://localhost:5678/webhook/arbitraje-oportunidad
2025-05-14 23:17:50,444 - deteccion - ERROR - Error sending opportunity to webhook: 404 Client Error: Not Found for url: http://localhost:5678/webhook/arbitraje-oportunidad
2025-05-14 23:17:50,454 - deteccion - ERROR - Error sending opportunity to webhook: 404 Client Error: Not Found for url: http://localhost:5678/webhook/arbitraje-oportunidad
2025-05-14 23:17:50,465 - deteccion - ERROR - Error sending opportunity to webhook: 404 Client Error: Not Found for url: http://localhost:5678/webhook/arbitraje-oportunidad
2025-05-14 23:17:50,479 - deteccion - ERROR - Error sending opportunity to webhook: 404 Client Error: Not Found for url: http://localhost:5678/webhook/arbitraje-oportunidad
2025-05-14 23:17:50,489 - deteccion - ERROR - Error sending opportunity to webhook: 404 Client Error: Not Found for url: http://localhost:5678/webhook/arbitraje-oportunidad
2025-05-14 23:17:50,496 - deteccion - ERROR - Error sending opportunity to webhook: 404 Client Error: Not Found for url: http://localhost:5678/webhook/arbitraje-oportunidad
2025-05-14 23:17:50,506 - deteccion - ERROR - Error sending opportunity to webhook: 404 Client Error: Not Found for url: http://localhost:5678/webhook/arbitraje-oportunidad
2025-05-14 23:17:50,515 - deteccion - ERROR - Error sending opportunity to webhook: 404 Client Error: Not Found for url: http://localhost:5678/webhook/arbitraje-oportunidad
2025-05-14 23:17:50,525 - deteccion - ERROR - Error sending opportunity to webhook: 404 Client Error: Not Found for url: http://localhost:5678/webhook/arbitraje-oportunidad
2025-05-14 23:17:50,534 - deteccion - ERROR - Error sending opportunity to webhook: 404 Client Error: Not Found for url: http://localhost:5678/webhook/arbitraje-oportunidad
2025-05-14 23:17:50,543 - deteccion - ERROR - Error sending opportunity to webhook: 404 Client Error: Not Found for url: http://localhost:5678/webhook/arbitraje-oportunidad
2025-05-14 23:17:50,552 - deteccion - ERROR - Error sending opportunity to webhook: 404 Client Error: Not Found for url: http://localhost:5678/webhook/arbitraje-oportunidad
2025-05-14 23:17:50,561 - deteccion - ERROR - Error sending opportunity to webhook: 404 Client Error: Not Found for url: http://localhost:5678/webhook/arbitraje-oportunidad
2025-05-14 23:17:50,572 - deteccion - ERROR - Error sending opportunity to webhook: 404 Client Error: Not Found for url: http://localhost:5678/webhook/arbitraje-oportunidad
2025-05-14 23:17:50,581 - deteccion - ERROR - Error sending opportunity to webhook: 404 Client Error: Not Found for url: http://localhost:5678/webhook/arbitraje-oportunidad
2025-05-14 23:17:50,593 - deteccion - ERROR - Error sending opportunity to webhook: 404 Client Error: Not Found for url: http://localhost:5678/webhook/arbitraje-oportunidad
2025-05-14 23:17:50,604 - deteccion - ERROR - Error sending opportunity to webhook: 404 Client Error: Not Found for url: http://localhost:5678/webhook/arbitraje-oportunidad
2025-05-14 23:17:50,612 - deteccion - ERROR - Error sending opportunity to webhook: 404 Client Error: Not Found for url: http://localhost:5678/webhook/arbitraje-oportunidad
2025-05-14 23:17:50,621 - deteccion - ERROR - Error sending opportunity to webhook: 404 Client Error: Not Found for url: http://localhost:5678/webhook/arbitraje-oportunidad
2025-05-14 23:17:50,630 - deteccion - ERROR - Error sending opportunity to webhook: 404 Client Error: Not Found for url: http://localhost:5678/webhook/arbitraje-oportunidad
2025-05-14 23:17:50,639 - deteccion - ERROR - Error sending opportunity to webhook: 404 Client Error: Not Found for url: http://localhost:5678/webhook/arbitraje-oportunidad
2025-05-14 23:17:50,647 - deteccion - ERROR - Error sending opportunity to webhook: 404 Client Error: Not Found for url: http://localhost:5678/webhook/arbitraje-oportunidad
2025-05-14 23:17:50,656 - deteccion - ERROR - Error sending opportunity to webhook: 404 Client Error: Not Found for url: http://localhost:5678/webhook/arbitraje-oportunidad
2025-05-14 23:17:50,665 - deteccion - ERROR - Error sending opportunity to webhook: 404 Client Error: Not Found for url: http://localhost:5678/webhook/arbitraje-oportunidad
2025-05-14 23:17:50,674 - deteccion - ERROR - Error sending opportunity to webhook: 404 Client Error: Not Found for url: http://localhost:5678/webhook/arbitraje-oportunidad
2025-05-14 23:17:50,683 - deteccion - ERROR - Error sending opportunity to webhook: 404 Client Error: Not Found for url: http://localhost:5678/webhook/arbitraje-oportunidad
2025-05-14 23:17:50,693 - deteccion - ERROR - Error sending opportunity to webhook: 404 Client Error: Not Found for url: http://localhost:5678/webhook/arbitraje-oportunidad
2025-05-14 23:17:50,702 - deteccion - ERROR - Error sending opportunity to webhook: 404 Client Error: Not Found for url: http://localhost:5678/webhook/arbitraje-oportunidad
2025-05-14 23:17:50,710 - deteccion - ERROR - Error sending opportunity to webhook: 404 Client Error: Not Found for url: http://localhost:5678/webhook/arbitraje-oportunidad
2025-05-14 23:17:50,720 - deteccion - ERROR - Error sending opportunity to webhook: 404 Client Error: Not Found for url: http://localhost:5678/webhook/arbitraje-oportunidad
2025-05-14 23:17:50,728 - deteccion - ERROR - Error sending opportunity to webhook: 404 Client Error: Not Found for url: http://localhost:5678/webhook/arbitraje-oportunidad
2025-05-14 23:17:50,738 - deteccion - ERROR - Error sending opportunity to webhook: 404 Client Error: Not Found for url: http://localhost:5678/webhook/arbitraje-oportunidad
2025-05-14 23:17:50,746 - deteccion - ERROR - Error sending opportunity to webhook: 404 Client Error: Not Found for url: http://localhost:5678/webhook/arbitraje-oportunidad
2025-05-14 23:17:50,756 - deteccion - ERROR - Error sending opportunity to webhook: 404 Client Error: Not Found for url: http://localhost:5678/webhook/arbitraje-oportunidad
2025-05-14 23:17:50,765 - deteccion - ERROR - Error sending opportunity to webhook: 404 Client Error: Not Found for url: http://localhost:5678/webhook/arbitraje-oportunidad
2025-05-14 23:17:50,775 - deteccion - ERROR - Error sending opportunity to webhook: 404 Client Error: Not Found for url: http://localhost:5678/webhook/arbitraje-oportunidad
2025-05-14 23:17:50,786 - deteccion - ERROR - Error sending opportunity to webhook: 404 Client Error: Not Found for url: http://localhost:5678/webhook/arbitraje-oportunidad
2025-05-14 23:17:50,795 - deteccion - ERROR - Error sending opportunity to webhook: 404 Client Error: Not Found for url: http://localhost:5678/webhook/arbitraje-oportunidad
2025-05-14 23:17:50,805 - deteccion - ERROR - Error sending opportunity to webhook: 404 Client Error: Not Found for url: http://localhost:5678/webhook/arbitraje-oportunidad
2025-05-14 23:17:50,813 - deteccion - ERROR - Error sending opportunity to webhook: 404 Client Error: Not Found for url: http://localhost:5678/webhook/arbitraje-oportunidad
2025-05-14 23:17:50,822 - deteccion - ERROR - Error sending opportunity to webhook: 404 Client Error: Not Found for url: http://localhost:5678/webhook/arbitraje-oportunidad
2025-05-14 23:17:50,830 - deteccion - ERROR - Error sending opportunity to webhook: 404 Client Error: Not Found for url: http://localhost:5678/webhook/arbitraje-oportunidad
2025-05-14 23:17:50,840 - deteccion - ERROR - Error sending opportunity to webhook: 404 Client Error: Not Found for url: http://localhost:5678/webhook/arbitraje-oportunidad
2025-05-14 23:17:50,848 - deteccion - ERROR - Error sending opportunity to webhook: 404 Client Error: Not Found for url: http://localhost:5678/webhook/arbitraje-oportunidad
2025-05-14 23:17:50,858 - deteccion - ERROR - Error sending opportunity to webhook: 404 Client Error: Not Found for url: http://localhost:5678/webhook/arbitraje-oportunidad
2025-05-14 23:17:50,868 - deteccion - ERROR - Error sending opportunity to webhook: 404 Client Error: Not Found for url: http://localhost:5678/webhook/arbitraje-oportunidad
2025-05-14 23:17:50,877 - deteccion - ERROR - Error sending opportunity to webhook: 404 Client Error: Not Found for url: http://localhost:5678/webhook/arbitraje-oportunidad
2025-05-14 23:17:50,888 - deteccion - ERROR - Error sending opportunity to webhook: 404 Client Error: Not Found for url: http://localhost:5678/webhook/arbitraje-oportunidad
2025-05-14 23:17:50,898 - deteccion - ERROR - Error sending opportunity to webhook: 404 Client Error: Not Found for url: http://localhost:5678/webhook/arbitraje-oportunidad
2025-05-14 23:17:50,909 - deteccion - ERROR - Error sending opportunity to webhook: 404 Client Error: Not Found for url: http://localhost:5678/webhook/arbitraje-oportunidad
2025-05-14 23:17:50,920 - deteccion - ERROR - Error sending opportunity to webhook: 404 Client Error: Not Found for url: http://localhost:5678/webhook/arbitraje-oportunidad
2025-05-14 23:17:50,929 - deteccion - ERROR - Error sending opportunity to webhook: 404 Client Error: Not Found for url: http://localhost:5678/webhook/arbitraje-oportunidad
2025-05-14 23:17:50,938 - deteccion - ERROR - Error sending opportunity to webhook: 404 Client Error: Not Found for url: http://localhost:5678/webhook/arbitraje-oportunidad
2025-05-14 23:17:50,947 - deteccion - ERROR - Error sending opportunity to webhook: 404 Client Error: Not Found for url: http://localhost:5678/webhook/arbitraje-oportunidad
2025-05-14 23:17:50,957 - deteccion - ERROR - Error sending opportunity to webhook: 404 Client Error: Not Found for url: http://localhost:5678/webhook/arbitraje-oportunidad
2025-05-14 23:17:50,966 - deteccion - ERROR - Error sending opportunity to webhook: 404 Client Error: Not Found for url: http://localhost:5678/webhook/arbitraje-oportunidad
2025-05-14 23:17:50,977 - deteccion - ERROR - Error sending opportunity to webhook: 404 Client Error: Not Found for url: http://localhost:5678/webhook/arbitraje-oportunidad
2025-05-14 23:17:50,987 - deteccion - ERROR - Error sending opportunity to webhook: 404 Client Error: Not Found for url: http://localhost:5678/webhook/arbitraje-oportunidad
2025-05-14 23:17:50,996 - deteccion - ERROR - Error sending opportunity to webhook: 404 Client Error: Not Found for url: http://localhost:5678/webhook/arbitraje-oportunidad
2025-05-14 23:17:51,007 - deteccion - ERROR - Error sending opportunity to webhook: 404 Client Error: Not Found for url: http://localhost:5678/webhook/arbitraje-oportunidad
2025-05-14 23:17:51,017 - deteccion - ERROR - Error sending opportunity to webhook: 404 Client Error: Not Found for url: http://localhost:5678/webhook/arbitraje-oportunidad
2025-05-14 23:17:51,027 - deteccion - ERROR - Error sending opportunity to webhook: 404 Client Error: Not Found for url: http://localhost:5678/webhook/arbitraje-oportunidad
2025-05-14 23:17:51,038 - deteccion - ERROR - Error sending opportunity to webhook: 404 Client Error: Not Found for url: http://localhost:5678/webhook/arbitraje-oportunidad
2025-05-14 23:17:51,046 - deteccion - ERROR - Error sending opportunity to webhook: 404 Client Error: Not Found for url: http://localhost:5678/webhook/arbitraje-oportunidad
2025-05-14 23:17:51,056 - deteccion - ERROR - Error sending opportunity to webhook: 404 Client Error: Not Found for url: http://localhost:5678/webhook/arbitraje-oportunidad
2025-05-14 23:17:51,065 - deteccion - ERROR - Error sending opportunity to webhook: 404 Client Error: Not Found for url: http://localhost:5678/webhook/arbitraje-oportunidad
2025-05-14 23:17:51,074 - deteccion - ERROR - Error sending opportunity to webhook: 404 Client Error: Not Found for url: http://localhost:5678/webhook/arbitraje-oportunidad
2025-05-14 23:17:51,084 - deteccion - ERROR - Error sending opportunity to webhook: 404 Client Error: Not Found for url: http://localhost:5678/webhook/arbitraje-oportunidad
2025-05-14 23:17:51,093 - deteccion - ERROR - Error sending opportunity to webhook: 404 Client Error: Not Found for url: http://localhost:5678/webhook/arbitraje-oportunidad
2025-05-14 23:17:51,102 - deteccion - ERROR - Error sending opportunity to webhook: 404 Client Error: Not Found for url: http://localhost:5678/webhook/arbitraje-oportunidad
2025-05-14 23:17:51,112 - deteccion - ERROR - Error sending opportunity to webhook: 404 Client Error: Not Found for url: http://localhost:5678/webhook/arbitraje-oportunidad
2025-05-14 23:17:51,122 - deteccion - ERROR - Error sending opportunity to webhook: 404 Client Error: Not Found for url: http://localhost:5678/webhook/arbitraje-oportunidad
2025-05-14 23:17:51,131 - deteccion - ERROR - Error sending opportunity to webhook: 404 Client Error: Not Found for url: http://localhost:5678/webhook/arbitraje-oportunidad
2025-05-14 23:17:51,141 - deteccion - ERROR - Error sending opportunity to webhook: 404 Client Error: Not Found for url: http://localhost:5678/webhook/arbitraje-oportunidad
2025-05-14 23:17:51,149 - deteccion - ERROR - Error sending opportunity to webhook: 404 Client Error: Not Found for url: http://localhost:5678/webhook/arbitraje-oportunidad
2025-05-14 23:17:51,158 - deteccion - ERROR - Error sending opportunity to webhook: 404 Client Error: Not Found for url: http://localhost:5678/webhook/arbitraje-oportunidad
2025-05-14 23:17:51,166 - deteccion - ERROR - Error sending opportunity to webhook: 404 Client Error: Not Found for url: http://localhost:5678/webhook/arbitraje-oportunidad
2025-05-14 23:17:51,175 - deteccion - ERROR - Error sending opportunity to webhook: 404 Client Error: Not Found for url: http://localhost:5678/webhook/arbitraje-oportunidad
2025-05-14 23:17:51,185 - deteccion - ERROR - Error sending opportunity to webhook: 404 Client Error: Not Found for url: http://localhost:5678/webhook/arbitraje-oportunidad
2025-05-14 23:17:51,193 - deteccion - ERROR - Error sending opportunity to webhook: 404 Client Error: Not Found for url: http://localhost:5678/webhook/arbitraje-oportunidad
2025-05-14 23:17:51,202 - deteccion - ERROR - Error sending opportunity to webhook: 404 Client Error: Not Found for url: http://localhost:5678/webhook/arbitraje-oportunidad
2025-05-14 23:17:51,210 - deteccion - ERROR - Error sending opportunity to webhook: 404 Client Error: Not Found for url: http://localhost:5678/webhook/arbitraje-oportunidad
2025-05-14 23:17:51,219 - deteccion - ERROR - Error sending opportunity to webhook: 404 Client Error: Not Found for url: http://localhost:5678/webhook/arbitraje-oportunidad
2025-05-14 23:17:51,227 - deteccion - ERROR - Error sending opportunity to webhook: 404 Client Error: Not Found for url: http://localhost:5678/webhook/arbitraje-oportunidad
2025-05-14 23:17:51,238 - deteccion - ERROR - Error sending opportunity to webhook: 404 Client Error: Not Found for url: http://localhost:5678/webhook/arbitraje-oportunidad
2025-05-14 23:17:51,247 - deteccion - ERROR - Error sending opportunity to webhook: 404 Client Error: Not Found for url: http://localhost:5678/webhook/arbitraje-oportunidad
2025-05-14 23:17:51,257 - deteccion - ERROR - Error sending opportunity to webhook: 404 Client Error: Not Found for url: http://localhost:5678/webhook/arbitraje-oportunidad
2025-05-14 23:17:51,268 - deteccion - ERROR - Error sending opportunity to webhook: 404 Client Error: Not Found for url: http://localhost:5678/webhook/arbitraje-oportunidad
2025-05-14 23:17:51,277 - deteccion - ERROR - Error sending opportunity to webhook: 404 Client Error: Not Found for url: http://localhost:5678/webhook/arbitraje-oportunidad
2025-05-14 23:17:51,287 - deteccion - ERROR - Error sending opportunity to webhook: 404 Client Error: Not Found for url: http://localhost:5678/webhook/arbitraje-oportunidad
2025-05-14 23:17:51,297 - deteccion - ERROR - Error sending opportunity to webhook: 404 Client Error: Not Found for url: http://localhost:5678/webhook/arbitraje-oportunidad
2025-05-14 23:17:51,307 - deteccion - ERROR - Error sending opportunity to webhook: 404 Client Error: Not Found for url: http://localhost:5678/webhook/arbitraje-oportunidad
2025-05-14 23:17:51,316 - deteccion - ERROR - Error sending opportunity to webhook: 404 Client Error: Not Found for url: http://localhost:5678/webhook/arbitraje-oportunidad
2025-05-14 23:17:51,327 - deteccion - ERROR - Error sending opportunity to webhook: 404 Client Error: Not Found for url: http://localhost:5678/webhook/arbitraje-oportunidad
2025-05-14 23:17:51,338 - deteccion - ERROR - Error sending opportunity to webhook: 404 Client Error: Not Found for url: http://localhost:5678/webhook/arbitraje-oportunidad
2025-05-14 23:17:51,349 - deteccion - ERROR - Error sending opportunity to webhook: 404 Client Error: Not Found for url: http://localhost:5678/webhook/arbitraje-oportunidad
2025-05-14 23:17:51,361 - deteccion - ERROR - Error sending opportunity to webhook: 404 Client Error: Not Found for url: http://localhost:5678/webhook/arbitraje-oportunidad
2025-05-14 23:17:51,373 - deteccion - ERROR - Error sending opportunity to webhook: 404 Client Error: Not Found for url: http://localhost:5678/webhook/arbitraje-oportunidad
2025-05-14 23:17:51,386 - deteccion - ERROR - Error sending opportunity to webhook: 404 Client Error: Not Found for url: http://localhost:5678/webhook/arbitraje-oportunidad
2025-05-14 23:17:51,399 - deteccion - ERROR - Error sending opportunity to webhook: 404 Client Error: Not Found for url: http://localhost:5678/webhook/arbitraje-oportunidad
2025-05-14 23:17:51,409 - deteccion - ERROR - Error sending opportunity to webhook: 404 Client Error: Not Found for url: http://localhost:5678/webhook/arbitraje-oportunidad
2025-05-14 23:17:51,420 - deteccion - ERROR - Error sending opportunity to webhook: 404 Client Error: Not Found for url: http://localhost:5678/webhook/arbitraje-oportunidad
2025-05-14 23:17:51,431 - deteccion - ERROR - Error sending opportunity to webhook: 404 Client Error: Not Found for url: http://localhost:5678/webhook/arbitraje-oportunidad
2025-05-14 23:17:51,442 - deteccion - ERROR - Error sending opportunity to webhook: 404 Client Error: Not Found for url: http://localhost:5678/webhook/arbitraje-oportunidad
2025-05-14 23:17:51,452 - deteccion - ERROR - Error sending opportunity to webhook: 404 Client Error: Not Found for url: http://localhost:5678/webhook/arbitraje-oportunidad
2025-05-14 23:17:51,462 - deteccion - ERROR - Error sending opportunity to webhook: 404 Client Error: Not Found for url: http://localhost:5678/webhook/arbitraje-oportunidad
2025-05-14 23:17:51,473 - deteccion - ERROR - Error sending opportunity to webhook: 404 Client Error: Not Found for url: http://localhost:5678/webhook/arbitraje-oportunidad
2025-05-14 23:17:51,484 - deteccion - ERROR - Error sending opportunity to webhook: 404 Client Error: Not Found for url: http://localhost:5678/webhook/arbitraje-oportunidad
2025-05-14 23:17:51,494 - deteccion - ERROR - Error sending opportunity to webhook: 404 Client Error: Not Found for url: http://localhost:5678/webhook/arbitraje-oportunidad
2025-05-14 23:17:51,503 - deteccion - ERROR - Error sending opportunity to webhook: 404 Client Error: Not Found for url: http://localhost:5678/webhook/arbitraje-oportunidad
2025-05-14 23:17:51,513 - deteccion - ERROR - Error sending opportunity to webhook: 404 Client Error: Not Found for url: http://localhost:5678/webhook/arbitraje-oportunidad
2025-05-14 23:17:51,523 - deteccion - ERROR - Error sending opportunity to webhook: 404 Client Error: Not Found for url: http://localhost:5678/webhook/arbitraje-oportunidad
2025-05-14 23:17:51,534 - deteccion - ERROR - Error sending opportunity to webhook: 404 Client Error: Not Found for url: http://localhost:5678/webhook/arbitraje-oportunidad
2025-05-14 23:17:51,548 - deteccion - ERROR - Error sending opportunity to webhook: 404 Client Error: Not Found for url: http://localhost:5678/webhook/arbitraje-oportunidad
2025-05-14 23:17:51,561 - deteccion - ERROR - Error sending opportunity to webhook: 404 Client Error: Not Found for url: http://localhost:5678/webhook/arbitraje-oportunidad
2025-05-14 23:17:51,574 - deteccion - ERROR - Error sending opportunity to webhook: 404 Client Error: Not Found for url: http://localhost:5678/webhook/arbitraje-oportunidad
2025-05-14 23:17:51,586 - deteccion - ERROR - Error sending opportunity to webhook: 404 Client Error: Not Found for url: http://localhost:5678/webhook/arbitraje-oportunidad
2025-05-14 23:17:51,595 - deteccion - ERROR - Error sending opportunity to webhook: 404 Client Error: Not Found for url: http://localhost:5678/webhook/arbitraje-oportunidad
2025-05-14 23:17:51,605 - deteccion - ERROR - Error sending opportunity to webhook: 404 Client Error: Not Found for url: http://localhost:5678/webhook/arbitraje-oportunidad
2025-05-14 23:17:51,614 - deteccion - ERROR - Error sending opportunity to webhook: 404 Client Error: Not Found for url: http://localhost:5678/webhook/arbitraje-oportunidad
2025-05-14 23:17:51,624 - deteccion - ERROR - Error sending opportunity to webhook: 404 Client Error: Not Found for url: http://localhost:5678/webhook/arbitraje-oportunidad
2025-05-14 23:17:51,635 - deteccion - ERROR - Error sending opportunity to webhook: 404 Client Error: Not Found for url: http://localhost:5678/webhook/arbitraje-oportunidad
2025-05-14 23:17:51,645 - deteccion - ERROR - Error sending opportunity to webhook: 404 Client Error: Not Found for url: http://localhost:5678/webhook/arbitraje-oportunidad
2025-05-14 23:17:51,654 - deteccion - ERROR - Error sending opportunity to webhook: 404 Client Error: Not Found for url: http://localhost:5678/webhook/arbitraje-oportunidad
2025-05-14 23:17:51,663 - deteccion - ERROR - Error sending opportunity to webhook: 404 Client Error: Not Found for url: http://localhost:5678/webhook/arbitraje-oportunidad
2025-05-14 23:17:51,673 - deteccion - ERROR - Error sending opportunity to webhook: 404 Client Error: Not Found for url: http://localhost:5678/webhook/arbitraje-oportunidad
2025-05-14 23:17:51,682 - deteccion - ERROR - Error sending opportunity to webhook: 404 Client Error: Not Found for url: http://localhost:5678/webhook/arbitraje-oportunidad
2025-05-14 23:17:51,691 - deteccion - ERROR - Error sending opportunity to webhook: 404 Client Error: Not Found for url: http://localhost:5678/webhook/arbitraje-oportunidad
2025-05-14 23:17:51,701 - deteccion - ERROR - Error sending opportunity to webhook: 404 Client Error: Not Found for url: http://localhost:5678/webhook/arbitraje-oportunidad
2025-05-14 23:17:51,710 - deteccion - ERROR - Error sending opportunity to webhook: 404 Client Error: Not Found for url: http://localhost:5678/webhook/arbitraje-oportunidad
2025-05-14 23:17:51,720 - deteccion - ERROR - Error sending opportunity to webhook: 404 Client Error: Not Found for url: http://localhost:5678/webhook/arbitraje-oportunidad
2025-05-14 23:17:51,728 - deteccion - ERROR - Error sending opportunity to webhook: 404 Client Error: Not Found for url: http://localhost:5678/webhook/arbitraje-oportunidad
2025-05-14 23:17:51,737 - deteccion - ERROR - Error sending opportunity to webhook: 404 Client Error: Not Found for url: http://localhost:5678/webhook/arbitraje-oportunidad
2025-05-14 23:17:51,745 - deteccion - ERROR - Error sending opportunity to webhook: 404 Client Error: Not Found for url: http://localhost:5678/webhook/arbitraje-oportunidad
2025-05-14 23:17:51,755 - deteccion - ERROR - Error sending opportunity to webhook: 404 Client Error: Not Found for url: http://localhost:5678/webhook/arbitraje-oportunidad
2025-05-14 23:17:51,764 - deteccion - ERROR - Error sending opportunity to webhook: 404 Client Error: Not Found for url: http://localhost:5678/webhook/arbitraje-oportunidad
2025-05-14 23:17:51,773 - deteccion - ERROR - Error sending opportunity to webhook: 404 Client Error: Not Found for url: http://localhost:5678/webhook/arbitraje-oportunidad
2025-05-14 23:17:51,782 - deteccion - ERROR - Error sending opportunity to webhook: 404 Client Error: Not Found for url: http://localhost:5678/webhook/arbitraje-oportunidad
2025-05-14 23:17:51,791 - deteccion - ERROR - Error sending opportunity to webhook: 404 Client Error: Not Found for url: http://localhost:5678/webhook/arbitraje-oportunidad
2025-05-14 23:17:51,800 - deteccion - ERROR - Error sending opportunity to webhook: 404 Client Error: Not Found for url: http://localhost:5678/webhook/arbitraje-oportunidad
2025-05-14 23:17:51,809 - deteccion - ERROR - Error sending opportunity to webhook: 404 Client Error: Not Found for url: http://localhost:5678/webhook/arbitraje-oportunidad
2025-05-14 23:17:51,818 - deteccion - ERROR - Error sending opportunity to webhook: 404 Client Error: Not Found for url: http://localhost:5678/webhook/arbitraje-oportunidad
2025-05-14 23:17:51,827 - deteccion - ERROR - Error sending opportunity to webhook: 404 Client Error: Not Found for url: http://localhost:5678/webhook/arbitraje-oportunidad
2025-05-14 23:17:51,836 - deteccion - ERROR - Error sending opportunity to webhook: 404 Client Error: Not Found for url: http://localhost:5678/webhook/arbitraje-oportunidad
2025-05-14 23:17:51,844 - deteccion - ERROR - Error sending opportunity to webhook: 404 Client Error: Not Found for url: http://localhost:5678/webhook/arbitraje-oportunidad
2025-05-14 23:17:51,853 - deteccion - ERROR - Error sending opportunity to webhook: 404 Client Error: Not Found for url: http://localhost:5678/webhook/arbitraje-oportunidad
2025-05-14 23:17:51,861 - deteccion - ERROR - Error sending opportunity to webhook: 404 Client Error: Not Found for url: http://localhost:5678/webhook/arbitraje-oportunidad
2025-05-14 23:17:51,870 - deteccion - ERROR - Error sending opportunity to webhook: 404 Client Error: Not Found for url: http://localhost:5678/webhook/arbitraje-oportunidad
2025-05-14 23:17:51,878 - deteccion - ERROR - Error sending opportunity to webhook: 404 Client Error: Not Found for url: http://localhost:5678/webhook/arbitraje-oportunidad
2025-05-14 23:17:51,890 - deteccion - ERROR - Error sending opportunity to webhook: 404 Client Error: Not Found for url: http://localhost:5678/webhook/arbitraje-oportunidad
2025-05-14 23:17:51,899 - deteccion - ERROR - Error sending opportunity to webhook: 404 Client Error: Not Found for url: http://localhost:5678/webhook/arbitraje-oportunidad
2025-05-14 23:17:51,909 - deteccion - ERROR - Error sending opportunity to webhook: 404 Client Error: Not Found for url: http://localhost:5678/webhook/arbitraje-oportunidad
2025-05-14 23:17:51,919 - deteccion - ERROR - Error sending opportunity to webhook: 404 Client Error: Not Found for url: http://localhost:5678/webhook/arbitraje-oportunidad
2025-05-14 23:17:51,928 - deteccion - ERROR - Error sending opportunity to webhook: 404 Client Error: Not Found for url: http://localhost:5678/webhook/arbitraje-oportunidad
2025-05-14 23:17:51,938 - deteccion - ERROR - Error sending opportunity to webhook: 404 Client Error: Not Found for url: http://localhost:5678/webhook/arbitraje-oportunidad
2025-05-14 23:17:51,947 - deteccion - ERROR - Error sending opportunity to webhook: 404 Client Error: Not Found for url: http://localhost:5678/webhook/arbitraje-oportunidad
2025-05-14 23:17:51,957 - deteccion - ERROR - Error sending opportunity to webhook: 404 Client Error: Not Found for url: http://localhost:5678/webhook/arbitraje-oportunidad
2025-05-14 23:17:51,966 - deteccion - ERROR - Error sending opportunity to webhook: 404 Client Error: Not Found for url: http://localhost:5678/webhook/arbitraje-oportunidad
2025-05-14 23:17:51,978 - deteccion - ERROR - Error sending opportunity to webhook: 404 Client Error: Not Found for url: http://localhost:5678/webhook/arbitraje-oportunidad
2025-05-14 23:17:51,988 - deteccion - ERROR - Error sending opportunity to webhook: 404 Client Error: Not Found for url: http://localhost:5678/webhook/arbitraje-oportunidad
2025-05-14 23:17:51,996 - deteccion - ERROR - Error sending opportunity to webhook: 404 Client Error: Not Found for url: http://localhost:5678/webhook/arbitraje-oportunidad
2025-05-14 23:17:52,000 - deteccion - INFO - Script de detección de oportunidades finalizado.
2025-05-14 23:18:21,241 - deteccion - INFO - Iniciando script de detección de oportunidades...
2025-05-14 23:18:21,241 - deteccion - INFO - Iniciando detección de oportunidades triangulares para webhook...
2025-05-14 23:18:21,241 - deteccion - INFO - Fetching market data (symbols and tickers)...
2025-05-14 23:18:40,615 - deteccion - ERROR - No se pudieron obtener los símbolos de trading.
2025-05-14 23:18:40,615 - deteccion - ERROR - Failed to fetch market data for webhook execution.
2025-05-14 23:18:40,615 - deteccion - INFO - Script de detección de oportunidades finalizado.
2025-05-14 23:53:25,588 - deteccion - INFO - Iniciando script de detección de oportunidades...
2025-05-14 23:53:25,588 - deteccion - INFO - Iniciando detección de oportunidades triangulares para webhook...
2025-05-14 23:53:25,589 - deteccion - INFO - Fetching market data (symbols and tickers), prioritizing Mobula...
2025-05-14 23:53:56,496 - deteccion - INFO - Obtenidos 400 símbolos desde Mobula.
2025-05-14 23:53:58,750 - deteccion - INFO - Obtenidos 3101 tickers desde Binance.
2025-05-14 23:53:58,750 - deteccion - INFO - Market data fetch complete. Symbols: 400, Tickers: 3101.
2025-05-14 23:53:58,750 - deteccion - INFO - Finding triangular opportunities...
2025-05-14 23:53:58,750 - deteccion - INFO - Identified 10 unique coins.
2025-05-14 23:53:58,751 - deteccion - INFO - Detección de oportunidades finalizada. Oportunidades encontradas: 0
2025-05-14 23:53:58,751 - deteccion - INFO - No opportunities found to send to webhook.
2025-05-14 23:53:58,751 - deteccion - INFO - Script de detección de oportunidades finalizado.
